seed,file_stem,hardware_source,dev_bonafide_path,dev_digital1_path,dev_digital2_path,test_digital3_path,p_bonafide,p_digital1,p_digital2,p_digital3,margin_bonafide,margin_digital1,margin_digital2,margin_digital3,fixed_bonafide_attack,fixed_digital1_attack,fixed_digital2_attack,fixed_digital3_attack,fpr10_bonafide_attack,fpr10_digital1_attack,fpr10_digital2_attack,fpr10_digital3_attack,delta_p_d3_minus_d1,delta_p_d3_minus_d2,delta_p_d3_minus_mean_d1_d2,delta_margin_d3_minus_d1,delta_margin_d3_minus_d2,delta_margin_d3_minus_mean_d1_d2,d3_below_both_dev_attacks,d3_above_matched_bonafide,dev_attacks_fixed_detected_then_d3_missed,dev_attacks_fpr10_detected_then_d3_missed
8,arabic-024_03,huawei,train/bonafide/huawei/arabic-024_03.jpg,train/attack/digital_1/huawei/arabic-024_03.jpg,train/attack/digital_2/huawei/arabic-024_03.jpg,test/attack/digital_3/huawei/arabic-024_03.jpg,0.00038771510580924945,0.97086006798186675,0.99984510117490144,0.00070091381199924459,-7.8548519611358643,3.5060728788375854,8.7725834846496582,-7.2624244689941406,0,1,1,0,0,1,1,0,-0.97015915416986753,-0.99914418736290223,-0.98465167076638493,-10.768497347831726,-16.035007953643799,-13.401752650737762,1,1,1,1
8,arabic-024_03,iphone15pro,train/bonafide/iphone15pro/arabic-024_03.jpg,train/attack/digital_1/iphone15pro/arabic-024_03.jpg,train/attack/digital_2/iphone15pro/arabic-024_03.jpg,test/attack/digital_3/iphone15pro/arabic-024_03.jpg,0.00033887475065308637,0.62099365477248525,0.99517611900016167,0.00040027639993706353,-7.9895410537719727,0.49376791715621948,5.329340934753418,-7.8229548931121826,0,1,1,0,0,1,1,0,-0.62059337837254813,-0.99477584260022456,-0.8076846104863864,-8.3167228102684021,-13.152295827865601,-10.734509319067001,1,1,1,1
8,arabic-024_03,scan,train/bonafide/scan/arabic-024_03.jpg,train/attack/digital_1/scan/arabic-024_03.jpg,train/attack/digital_2/scan/arabic-024_03.jpg,test/attack/digital_3/scan/arabic-024_03.jpg,0.0007027605177173233,0.99999558480381057,0.99997930539603119,0.0007802544750794496,-7.259791374206543,12.330453872680664,10.785616874694824,-7.1551098823547363,0,1,1,0,0,1,1,0,-0.99921533032873111,-0.99919905092095174,-0.99920719062484142,-19.4855637550354,-17.940726757049561,-18.71314525604248,1,1,1,1
8,arabic-120_03,huawei,train/bonafide/huawei/arabic-120_03.jpg,train/attack/digital_1/huawei/arabic-120_03.jpg,train/attack/digital_2/huawei/arabic-120_03.jpg,test/attack/digital_3/huawei/arabic-120_03.jpg,0.00018016786679070571,0.99995808324290991,0.99977082817429741,0.00029726003906792601,-8.6214413642883301,10.079782962799072,8.3808093070983887,-8.1206059455871582,0,1,1,0,0,1,1,0,-0.99966082320384198,-0.99947356813522947,-0.99956719566953567,-18.20038890838623,-16.501415252685547,-17.350902080535889,1,1,1,1
8,arabic-120_03,iphone15pro,train/bonafide/iphone15pro/arabic-120_03.jpg,train/attack/digital_1/iphone15pro/arabic-120_03.jpg,train/attack/digital_2/iphone15pro/arabic-120_03.jpg,test/attack/digital_3/iphone15pro/arabic-120_03.jpg,0.00013296355659021228,0.99996831582660717,0.99739461498789339,0.00017256843270060484,-8.9253025054931641,10.35966157913208,5.947566032409668,-8.6645441055297852,0,1,1,0,0,1,1,0,-0.99979574739390653,-0.99722204655519275,-0.99850889697454959,-19.024205684661865,-14.612110137939453,-16.818157911300659,1,1,1,1
8,arabic-120_03,scan,train/bonafide/scan/arabic-120_03.jpg,train/attack/digital_1/scan/arabic-120_03.jpg,train/attack/digital_2/scan/arabic-120_03.jpg,test/attack/digital_3/scan/arabic-120_03.jpg,0.00015599165468768407,0.9999983626083212,0.99981192751591685,0.0002032515166784877,-8.7655520439147949,13.322404384613037,8.5784950256347656,-8.5008630752563477,0,1,1,0,0,1,1,0,-0.99979511109164276,-0.99960867599923842,-0.99970189354544059,-21.823267459869385,-17.079358100891113,-19.451312780380249,1,1,1,1
8,arabic-NF-1048,huawei,train/bonafide/huawei/arabic-NF-1048.jpg,train/attack/digital_1/huawei/arabic-NF-1048.jpg,train/attack/digital_2/huawei/arabic-NF-1048.jpg,test/attack/digital_3/huawei/arabic-NF-1048.jpg,0.00017002254009103554,0.9999884723487823,0.9999590290690995,0.00021896202248617772,-8.6794095039367676,11.370750427246094,10.102606773376465,-8.4263932704925537,0,1,1,0,0,1,1,0,-0.99976951032629613,-0.99974006704661333,-0.99975478868645473,-19.797143697738647,-18.529000043869019,-19.163071870803833,1,1,1,1
8,arabic-NF-1048,iphone15pro,train/bonafide/iphone15pro/arabic-NF-1048.jpg,train/attack/digital_1/iphone15pro/arabic-NF-1048.jpg,train/attack/digital_2/iphone15pro/arabic-NF-1048.jpg,test/attack/digital_3/iphone15pro/arabic-NF-1048.jpg,8.2346882387186187e-05,0.99999709440487028,0.99802170721324612,0.00014038383712504759,-9.4044876098632812,12.7488694190979,6.2235407829284668,-8.8709897994995117,0,1,1,0,0,1,1,0,-0.99985671056774528,-0.99788132337612112,-0.9988690169719332,-21.619859218597412,-15.094530582427979,-18.357194900512695,1,1,1,1
8,arabic-NF-1048,scan,train/bonafide/scan/arabic-NF-1048.jpg,train/attack/digital_1/scan/arabic-NF-1048.jpg,train/attack/digital_2/scan/arabic-NF-1048.jpg,test/attack/digital_3/scan/arabic-NF-1048.jpg,0.000209947686256955,0.99999983156784089,0.99987103648248232,0.00028324756319270312,-8.4684422016143799,15.596732616424561,8.9558520317077637,-8.1689059734344482,0,1,1,0,0,1,1,0,-0.99971658400464813,-0.99958778891928957,-0.99965218646196885,-23.765638589859009,-17.124758005142212,-20.44519829750061,1,1,1,1
8,arabic-NF-1098,huawei,train/bonafide/huawei/arabic-NF-1098.jpg,train/attack/digital_1/huawei/arabic-NF-1098.jpg,train/attack/digital_2/huawei/arabic-NF-1098.jpg,test/attack/digital_3/huawei/arabic-NF-1098.jpg,0.000659070119118522,0.99999923576896832,0.9999999953159866,0.00077251614204960472,-7.3240213394165039,14.084394931793213,19.179110527038574,-7.1650848388671875,0,1,1,0,0,1,1,0,-0.99922671962691867,-0.99922747917393695,-0.99922709940042787,-21.2494797706604,-26.344195365905762,-23.796837568283081,1,1,1,1
8,arabic-NF-1098,iphone15pro,train/bonafide/iphone15pro/arabic-NF-1098.jpg,train/attack/digital_1/iphone15pro/arabic-NF-1098.jpg,train/attack/digital_2/iphone15pro/arabic-NF-1098.jpg,test/attack/digital_3/iphone15pro/arabic-NF-1098.jpg,6.413946775493841e-05,0.99995753096343942,0.99999998067808427,9.045290757154539e-05,-9.6543865203857422,10.06669282913208,17.762025833129883,-9.3105907440185547,0,1,1,0,0,1,1,0,-0.99986707805586783,-0.99990952777051267,-0.9998883029131902,-19.377283573150635,-27.072616577148438,-23.224950075149536,1,1,1,1
8,arabic-NF-1098,scan,train/bonafide/scan/arabic-NF-1098.jpg,train/attack/digital_1/scan/arabic-NF-1098.jpg,train/attack/digital_2/scan/arabic-NF-1098.jpg,test/attack/digital_3/scan/arabic-NF-1098.jpg,0.00011817072199211382,0.99999946717927124,0.99999997763484749,0.00016932629210308765,-9.0432620048522949,14.445080280303955,17.615761756896973,-8.6835136413574219,0,1,1,0,0,1,1,0,-0.99983014088716815,-0.9998306513427444,-0.99983039611495628,-23.128593921661377,-26.299275398254395,-24.713934659957886,1,1,1,1
8,arabic-NM-1090,huawei,train/bonafide/huawei/arabic-NM-1090.jpg,train/attack/digital_1/huawei/arabic-NM-1090.jpg,train/attack/digital_2/huawei/arabic-NM-1090.jpg,test/attack/digital_3/huawei/arabic-NM-1090.jpg,0.00041005473564614955,0.99998127580751883,0.99986794228064457,0.00047828940254702942,-7.7988097667694092,10.885675430297852,8.9321393966674805,-7.6448161602020264,0,1,1,0,0,1,1,0,-0.99950298640497182,-0.99938965287809756,-0.99944631964153463,-18.530491590499878,-16.576955556869507,-17.553723573684692,1,1,1,1
8,arabic-NM-1090,iphone15pro,train/bonafide/iphone15pro/arabic-NM-1090.jpg,train/attack/digital_1/iphone15pro/arabic-NM-1090.jpg,train/attack/digital_2/iphone15pro/arabic-NM-1090.jpg,test/attack/digital_3/iphone15pro/arabic-NM-1090.jpg,8.7267424548802638e-05,0.99960122696464737,0.95999502479344001,0.00011160970749937196,-9.3464460372924805,7.8267192840576172,3.1779242753982544,-9.1003909111022949,0,1,1,0,0,1,1,0,-0.99948961725714802,-0.95988341508594066,-0.97968651617154434,-16.927110195159912,-12.278315186500549,-14.602712690830231,1,1,1,1
8,arabic-NM-1090,scan,train/bonafide/scan/arabic-NM-1090.jpg,train/attack/digital_1/scan/arabic-NM-1090.jpg,train/attack/digital_2/scan/arabic-NM-1090.jpg,test/attack/digital_3/scan/arabic-NM-1090.jpg,0.00043207847183265267,0.99998990652296949,0.99955455947068805,0.00041232006658557184,-7.7464711666107178,11.503611087799072,7.7160012722015381,-7.7932982444763184,0,1,1,0,0,1,1,0,-0.99957758645638395,-0.99914223940410252,-0.99935991293024329,-19.296909332275391,-15.509299516677856,-17.403104424476624,1,0,1,1
8,chinese-001_03,huawei,train/bonafide/huawei/chinese-001_03.jpg,train/attack/digital_1/huawei/chinese-001_03.jpg,train/attack/digital_2/huawei/chinese-001_03.jpg,test/attack/digital_3/huawei/chinese-001_03.jpg,2.3569688568760469e-06,0.99158619896984335,0.99999936940224732,3.1210643514902259e-06,-12.958131790161133,4.769432544708252,14.276597023010254,-12.677333354949951,0,1,1,0,0,1,1,0,-0.99158307790549183,-0.9999962483378958,-0.99578966312169381,-17.446765899658203,-26.953930377960205,-22.200348138809204,1,1,1,1
8,chinese-001_03,iphone15pro,train/bonafide/iphone15pro/chinese-001_03.jpg,train/attack/digital_1/iphone15pro/chinese-001_03.jpg,train/attack/digital_2/iphone15pro/chinese-001_03.jpg,test/attack/digital_3/iphone15pro/chinese-001_03.jpg,4.4068961702066946e-05,0.99993882989582106,0.99999945707304916,5.3865544616297623e-05,-10.02971076965332,9.7017908096313477,14.426290512084961,-9.8289656639099121,0,1,1,0,0,1,1,0,-0.99988496435120477,-0.99994559152843288,-0.99991527793981883,-19.53075647354126,-24.255256175994873,-21.893006324768066,1,1,1,1
8,chinese-001_03,scan,train/bonafide/scan/chinese-001_03.jpg,train/attack/digital_1/scan/chinese-001_03.jpg,train/attack/digital_2/scan/chinese-001_03.jpg,test/attack/digital_3/scan/chinese-001_03.jpg,1.6573633533390827e-05,0.99984732427824952,0.9999952302685744,2.2612766159713942e-05,-11.007680892944336,8.7870416641235352,12.253215789794922,-10.696973323822021,0,1,1,0,0,1,1,0,-0.99982471151208985,-0.99997261750241473,-0.99989866450725229,-19.484014987945557,-22.950189113616943,-21.21710205078125,1,1,1,1
8,chinese-113_03,huawei,train/bonafide/huawei/chinese-113_03.jpg,train/attack/digital_1/huawei/chinese-113_03.jpg,train/attack/digital_2/huawei/chinese-113_03.jpg,test/attack/digital_3/huawei/chinese-113_03.jpg,0.0022142869567352498,0.99999693703348713,0.99995590320857752,0.004009104024979203,-6.1106081008911133,12.696123600006104,10.029079437255859,-5.5151703357696533,0,1,1,0,0,1,1,0,-0.99598783300850791,-0.9959467991835983,-0.99596731609605316,-18.211293935775757,-15.544249773025513,-16.877771854400635,1,1,1,1
8,chinese-113_03,iphone15pro,train/bonafide/iphone15pro/chinese-113_03.jpg,train/attack/digital_1/iphone15pro/chinese-113_03.jpg,train/attack/digital_2/iphone15pro/chinese-113_03.jpg,test/attack/digital_3/iphone15pro/chinese-113_03.jpg,0.00053507740173312898,0.99999970180998765,0.99999986882439729,0.0005631011692827304,-7.5325639247894287,15.025534629821777,15.846728801727295,-7.4814879894256592,0,1,1,0,0,1,1,0,-0.99943660064070494,-0.99943676765511458,-0.99943668414790976,-22.507022619247437,-23.328216791152954,-22.917619705200195,1,1,1,1
8,chinese-113_03,scan,train/bonafide/scan/chinese-113_03.jpg,train/attack/digital_1/scan/chinese-113_03.jpg,train/attack/digital_2/scan/chinese-113_03.jpg,test/attack/digital_3/scan/chinese-113_03.jpg,0.0015229188970898666,0.99999873830784503,0.99999214197411868,0.0016109048455034251,-6.4856023788452148,13.58305549621582,11.75396728515625,-6.429347038269043,0,1,1,0,0,1,1,0,-0.99838783346234161,-0.99838123712861526,-0.99838453529547844,-20.012402534484863,-18.183314323425293,-19.097858428955078,1,1,1,1
8,chinese-142_03,huawei,train/bonafide/huawei/chinese-142_03.jpg,train/attack/digital_1/huawei/chinese-142_03.jpg,train/attack/digital_2/huawei/chinese-142_03.jpg,test/attack/digital_3/huawei/chinese-142_03.jpg,2.1376495731008015e-05,0.99999495809716288,0.99999996225497034,3.3627179108124594e-05,-10.753197193145752,12.1977219581604,17.092411994934082,-10.300142288208008,0,1,1,0,0,1,1,0,-0.99996133091805472,-0.99996633507586219,-0.99996383299695846,-22.497864246368408,-27.39255428314209,-24.945209264755249,1,1,1,1
8,chinese-142_03,iphone15pro,train/bonafide/iphone15pro/chinese-142_03.jpg,train/attack/digital_1/iphone15pro/chinese-142_03.jpg,train/attack/digital_2/iphone15pro/chinese-142_03.jpg,test/attack/digital_3/iphone15pro/chinese-142_03.jpg,1.7014766916528266e-05,0.99998821869376064,0.99999997990093159,1.8338240826456101e-05,-10.981411933898926,11.348984718322754,17.722592353820801,-10.906503677368164,0,1,1,0,0,1,1,0,-0.99996988045293422,-0.99998164166010517,-0.99997576105651975,-22.255488395690918,-28.629096031188965,-25.442292213439941,1,1,1,1
8,chinese-142_03,scan,train/bonafide/scan/chinese-142_03.jpg,train/attack/digital_1/scan/chinese-142_03.jpg,train/attack/digital_2/scan/chinese-142_03.jpg,test/attack/digital_3/scan/chinese-142_03.jpg,9.8365509958824467e-06,0.99998738325139425,0.99999726845209969,1.0117295235243179e-05,-11.529395580291748,11.280472755432129,12.810639381408691,-11.501254081726074,0,1,1,0,0,1,1,0,-0.99997726595615899,-0.99998715115686443,-0.99998220855651165,-22.781726837158203,-24.311893463134766,-23.546810150146484,1,1,1,1
8,chinese-NF-1050,huawei,train/bonafide/huawei/chinese-NF-1050.jpg,train/attack/digital_1/huawei/chinese-NF-1050.jpg,train/attack/digital_2/huawei/chinese-NF-1050.jpg,test/attack/digital_3/huawei/chinese-NF-1050.jpg,4.8323085065469821e-07,0.99997223449173256,0.99977255135185805,4.9423339726987104e-07,-14.542770862579346,10.491688251495361,8.3883585929870605,-14.520257472991943,0,1,1,0,0,1,1,0,-0.99997174025833524,-0.99977205711846073,-0.99987189868839799,-25.011945724487305,-22.908616065979004,-23.960280895233154,1,1,1,1
8,chinese-NF-1050,iphone15pro,train/bonafide/iphone15pro/chinese-NF-1050.jpg,train/attack/digital_1/iphone15pro/chinese-NF-1050.jpg,train/attack/digital_2/iphone15pro/chinese-NF-1050.jpg,test/attack/digital_3/iphone15pro/chinese-NF-1050.jpg,5.8926179809946976e-07,0.99996980161628557,0.99999901681125347,7.2613924326296971e-07,-14.344394683837891,10.407691955566406,13.83246374130249,-14.135523319244385,0,1,1,0,0,1,1,0,-0.99996907547704228,-0.99999829067201018,-0.99998368307452623,-24.543215274810791,-27.967987060546875,-26.255601167678833,1,1,1,1
8,chinese-NF-1050,scan,train/bonafide/scan/chinese-NF-1050.jpg,train/attack/digital_1/scan/chinese-NF-1050.jpg,train/attack/digital_2/scan/chinese-NF-1050.jpg,test/attack/digital_3/scan/chinese-NF-1050.jpg,3.4230031604475916e-05,0.99999977110972105,0.99999878843412837,3.5409428930087025e-05,-10.282372951507568,15.290022850036621,13.623595714569092,-10.248497009277344,0,1,1,0,0,1,1,0,-0.99996436168079095,-0.99996337900519827,-0.99996387034299461,-25.538519859313965,-23.872092723846436,-24.7053062915802,1,1,1,1
8,chinese-NF-1085,huawei,train/bonafide/huawei/chinese-NF-1085.jpg,train/attack/digital_1/huawei/chinese-NF-1085.jpg,train/attack/digital_2/huawei/chinese-NF-1085.jpg,test/attack/digital_3/huawei/chinese-NF-1085.jpg,0.029896852791231533,0.99999841665977096,0.99999972356998135,0.02419002258697469,-3.4796491861343384,13.355972290039062,15.10130786895752,-3.6973276138305664,0,1,1,0,1,1,1,1,-0.97580839407279629,-0.97580970098300668,-0.97580904752790154,-17.053299903869629,-18.798635482788086,-17.925967693328857,1,0,1,0
8,chinese-NF-1085,iphone15pro,train/bonafide/iphone15pro/chinese-NF-1085.jpg,train/attack/digital_1/iphone15pro/chinese-NF-1085.jpg,train/attack/digital_2/iphone15pro/chinese-NF-1085.jpg,test/attack/digital_3/iphone15pro/chinese-NF-1085.jpg,7.5470925798910452e-06,0.9998562366855015,0.99999965459279616,6.5665146529653448e-06,-11.79434061050415,8.847198486328125,14.878541469573975,-11.933520793914795,0,1,1,0,0,1,1,0,-0.99984967017084858,-0.99999308807814324,-0.99992137912449586,-20.78071928024292,-26.81206226348877,-23.796390771865845,1,0,1,1
8,chinese-NF-1085,scan,train/bonafide/scan/chinese-NF-1085.jpg,train/attack/digital_1/scan/chinese-NF-1085.jpg,train/attack/digital_2/scan/chinese-NF-1085.jpg,test/attack/digital_3/scan/chinese-NF-1085.jpg,0.0003822767034685412,0.99998224286589943,0.99999994312192741,0.00061640160190825082,-7.8689835071563721,10.938705444335938,16.682355880737305,-7.3909952640533447,0,1,1,0,0,1,1,0,-0.99936584126399119,-0.99938354152001918,-0.99937469139200519,-18.329700708389282,-24.073351144790649,-21.201525926589966,1,1,1,1
8,chinese-NM-1092,huawei,train/bonafide/huawei/chinese-NM-1092.jpg,train/attack/digital_1/huawei/chinese-NM-1092.jpg,train/attack/digital_2/huawei/chinese-NM-1092.jpg,test/attack/digital_3/huawei/chinese-NM-1092.jpg,8.9265171073766098e-06,0.99999916559951163,0.99999638508608146,9.4016185731729305e-06,-11.62647533416748,13.996551513671875,12.530438899993896,-11.574619293212891,0,1,1,0,0,1,1,0,-0.99998976398093842,-0.99998698346750825,-0.99998837372422333,-25.571170806884766,-24.105058193206787,-24.838114500045776,1,1,1,1
8,chinese-NM-1092,iphone15pro,train/bonafide/iphone15pro/chinese-NM-1092.jpg,train/attack/digital_1/iphone15pro/chinese-NM-1092.jpg,train/attack/digital_2/iphone15pro/chinese-NM-1092.jpg,test/attack/digital_3/iphone15pro/chinese-NM-1092.jpg,1.7286299280073095e-05,0.99999987295381632,0.999993449672132,1.5722576721209217e-05,-10.965579032897949,15.878715038299561,11.935988903045654,-11.060397148132324,0,1,1,0,0,1,1,0,-0.99998415037709509,-0.99997772709541077,-0.99998093873625293,-26.939112186431885,-22.996386051177979,-24.967749118804932,1,0,1,1
8,chinese-NM-1092,scan,train/bonafide/scan/chinese-NM-1092.jpg,train/attack/digital_1/scan/chinese-NM-1092.jpg,train/attack/digital_2/scan/chinese-NM-1092.jpg,test/attack/digital_3/scan/chinese-NM-1092.jpg,1.2519992248499545e-05,0.99999817359308762,0.99994668108889406,1.3217011690315415e-05,-11.288171291351318,13.213158130645752,9.8391661643981934,-11.233992576599121,0,1,1,0,0,1,1,0,-0.9999849565813973,-0.99993346407720374,-0.99995921032930057,-24.447150707244873,-21.073158740997314,-22.760154724121094,1,1,1,1
8,french-019_03,huawei,train/bonafide/huawei/french-019_03.jpg,train/attack/digital_1/huawei/french-019_03.jpg,train/attack/digital_2/huawei/french-019_03.jpg,test/attack/digital_3/huawei/french-019_03.jpg,0.0033510858576182743,0.99999391072829424,0.99999894929680933,0.0043335991018355891,-5.6951141357421875,12.008975982666016,13.766049861907959,-5.4370138645172119,0,1,1,0,0,1,1,0,-0.99566031162645863,-0.99566535019497371,-0.99566283091071617,-17.445989847183228,-19.203063726425171,-18.324526786804199,1,1,1,1
8,french-019_03,iphone15pro,train/bonafide/iphone15pro/french-019_03.jpg,train/attack/digital_1/iphone15pro/french-019_03.jpg,train/attack/digital_2/iphone15pro/french-019_03.jpg,test/attack/digital_3/iphone15pro/french-019_03.jpg,0.00032304049370484949,0.99997695532759079,0.99993233968582163,0.00027628068921680744,-8.037409782409668,10.67805290222168,9.6009430885314941,-8.1938169002532959,0,1,1,0,0,1,1,0,-0.99970067463837398,-0.99965605899660481,-0.99967836681748945,-18.871869802474976,-17.79475998878479,-18.333314895629883,1,0,1,1
8,french-019_03,scan,train/bonafide/scan/french-019_03.jpg,train/attack/digital_1/scan/french-019_03.jpg,train/attack/digital_2/scan/french-019_03.jpg,test/attack/digital_3/scan/french-019_03.jpg,0.015016824987873942,0.99997806649524423,0.99997373578622373,0.010620812114243514,-4.1834533214569092,10.727473258972168,10.547276973724365,-4.5342621803283691,0,1,1,0,1,1,1,1,-0.98935725438100075,-0.98935292367198024,-0.9893550890264905,-15.261735439300537,-15.081539154052734,-15.171637296676636,1,0,1,0
8,french-114_03,huawei,train/bonafide/huawei/french-114_03.jpg,train/attack/digital_1/huawei/french-114_03.jpg,train/attack/digital_2/huawei/french-114_03.jpg,test/attack/digital_3/huawei/french-114_03.jpg,0.00029271537357018898,0.99985056068637779,0.99999894270945788,0.00046723650625646052,-8.1360170841217041,8.8084707260131836,13.759799957275391,-7.6682076454162598,0,1,1,0,0,1,1,0,-0.99938332418012132,-0.99953170620320142,-0.99945751519166137,-16.476678371429443,-21.42800760269165,-18.952342987060547,1,1,1,1
8,french-114_03,iphone15pro,train/bonafide/iphone15pro/french-114_03.jpg,train/attack/digital_1/iphone15pro/french-114_03.jpg,train/attack/digital_2/iphone15pro/french-114_03.jpg,test/attack/digital_3/iphone15pro/french-114_03.jpg,0.0010488031858295371,0.99991060391808595,0.99999225807331682,0.0014404465609682985,-6.8590562343597412,9.3223443031311035,11.768852233886719,-6.54136061668396,0,1,1,0,0,1,1,0,-0.99847015735711764,-0.99855181151234851,-0.99851098443473307,-15.863704919815063,-18.310212850570679,-17.086958885192871,1,1,1,1
8,french-114_03,scan,train/bonafide/scan/french-114_03.jpg,train/attack/digital_1/scan/french-114_03.jpg,train/attack/digital_2/scan/french-114_03.jpg,test/attack/digital_3/scan/french-114_03.jpg,0.058000189587666298,0.9999975764482617,0.99999894915701715,0.094410851681749119,-2.7875587940216064,12.93027400970459,13.76591682434082,-2.2609297037124634,0,1,1,0,1,1,1,1,-0.90558672476651259,-0.90558809747526803,-0.90558741112089025,-15.191203713417053,-16.026846528053284,-15.609025120735168,1,1,1,0
8,french-124_03,huawei,train/bonafide/huawei/french-124_03.jpg,train/attack/digital_1/huawei/french-124_03.jpg,train/attack/digital_2/huawei/french-124_03.jpg,test/attack/digital_3/huawei/french-124_03.jpg,0.00027508746163967899,0.99986376479048189,0.99980397927335807,0.00033315924665837122,-8.1981463432312012,8.9009914398193359,8.5370941162109375,-8.0065567493438721,0,1,1,0,0,1,1,0,-0.99953060554382356,-0.99947082002669974,-0.99950071278526165,-16.907548189163208,-16.54365086555481,-16.725599527359009,1,1,1,1
8,french-124_03,iphone15pro,train/bonafide/iphone15pro/french-124_03.jpg,train/attack/digital_1/iphone15pro/french-124_03.jpg,train/attack/digital_2/iphone15pro/french-124_03.jpg,test/attack/digital_3/iphone15pro/french-124_03.jpg,0.00061728639940003408,0.99991965436210806,0.99999613418652633,0.00056711836058840985,-7.3895599842071533,9.4290924072265625,12.463334560394287,-7.4743752479553223,0,1,1,0,0,1,1,0,-0.99935253600151963,-0.99942901582593791,-0.99939077591372882,-16.903467655181885,-19.937709808349609,-18.420588731765747,1,0,1,1
8,french-124_03,scan,train/bonafide/scan/french-124_03.jpg,train/attack/digital_1/scan/french-124_03.jpg,train/attack/digital_2/scan/french-124_03.jpg,test/attack/digital_3/scan/french-124_03.jpg,0.0087722856442210527,0.99976689737439162,0.99998865505942891,0.010971334207827706,-4.7273468971252441,8.3637986183166504,11.386727333068848,-4.5014374256134033,0,1,1,0,0,1,1,1,-0.98879556316656392,-0.98901732085160121,-0.98890644200908251,-12.865236043930054,-15.888164758682251,-14.376700401306152,1,1,1,0
8,french-128_03,huawei,train/bonafide/huawei/french-128_03.jpg,train/attack/digital_1/huawei/french-128_03.jpg,train/attack/digital_2/huawei/french-128_03.jpg,test/attack/digital_3/huawei/french-128_03.jpg,0.0008694599683649819,0.99996060748315463,0.99999606893460802,0.0017771213662697799,-7.0467684268951416,10.141895294189453,12.446596145629883,-6.3309817314147949,0,1,1,0,0,1,1,0,-0.9981834861168849,-0.99821894756833829,-0.99820121684261165,-16.472877025604248,-18.777577877044678,-17.625227451324463,1,1,1,1
8,french-128_03,iphone15pro,train/bonafide/iphone15pro/french-128_03.jpg,train/attack/digital_1/iphone15pro/french-128_03.jpg,train/attack/digital_2/iphone15pro/french-128_03.jpg,test/attack/digital_3/iphone15pro/french-128_03.jpg,0.00036176762024318112,0.99964548297052913,0.99952614330818323,0.00045937739331566516,-7.9241466522216797,7.9443995952606201,7.6541316509246826,-7.6851789951324463,0,1,1,0,0,1,1,0,-0.99918610557721343,-0.99906676591486754,-0.99912643574604054,-15.629578590393066,-15.339310646057129,-15.484444618225098,1,1,1,1
8,french-128_03,scan,train/bonafide/scan/french-128_03.jpg,train/attack/digital_1/scan/french-128_03.jpg,train/attack/digital_2/scan/french-128_03.jpg,test/attack/digital_3/scan/french-128_03.jpg,0.015187984290267976,0.99956084835196612,0.99996369086495185,0.028740349254392668,-4.1719461679458618,7.7302265167236328,10.223404884338379,-3.520291805267334,0,1,1,0,1,1,1,1,-0.97082049909757351,-0.97122334161055923,-0.97102192035406631,-11.250518321990967,-13.743696689605713,-12.49710750579834,1,1,1,0
8,french-NF-1047,huawei,train/bonafide/huawei/french-NF-1047.jpg,train/attack/digital_1/huawei/french-NF-1047.jpg,train/attack/digital_2/huawei/french-NF-1047.jpg,test/attack/digital_3/huawei/french-NF-1047.jpg,0.014512722170063632,0.99999986614212022,0.99999983814606908,0.031807691289830423,-4.2181105613708496,15.826487064361572,15.636571407318115,-3.4157226085662842,0,1,1,0,1,1,1,1,-0.96819217485228981,-0.96819214685623867,-0.96819216085426429,-19.242209672927856,-19.052294015884399,-19.147251844406128,1,1,1,0
8,french-NF-1047,iphone15pro,train/bonafide/iphone15pro/french-NF-1047.jpg,train/attack/digital_1/iphone15pro/french-NF-1047.jpg,train/attack/digital_2/iphone15pro/french-NF-1047.jpg,test/attack/digital_3/iphone15pro/french-NF-1047.jpg,0.0015184542483280611,0.99999975630074378,0.99999861929332112,0.0017063079929800825,-6.4885427951812744,15.227330684661865,13.492913722991943,-6.3717155456542969,0,1,1,0,0,1,1,0,-0.99829344830776368,-0.99829231130034102,-0.99829287980405235,-21.599046230316162,-19.86462926864624,-20.731837749481201,1,1,1,1
8,french-NF-1047,scan,train/bonafide/scan/french-NF-1047.jpg,train/attack/digital_1/scan/french-NF-1047.jpg,train/attack/digital_2/scan/french-NF-1047.jpg,test/attack/digital_3/scan/french-NF-1047.jpg,0.0012731337391009342,0.99999977347153757,0.99999889482271609,0.0022841317618883224,-6.6649999618530273,15.300395011901855,13.715503692626953,-6.0794825553894043,0,1,1,0,0,1,1,0,-0.99771564170964921,-0.99771476306082774,-0.99771520238523848,-21.37987756729126,-19.794986248016357,-20.587431907653809,1,1,1,1
8,french-NF-1082,huawei,train/bonafide/huawei/french-NF-1082.jpg,train/attack/digital_1/huawei/french-NF-1082.jpg,train/attack/digital_2/huawei/french-NF-1082.jpg,test/attack/digital_3/huawei/french-NF-1082.jpg,0.016189808968240151,0.99999281401603324,0.99985457530218136,0.014593998589225372,-4.1070510149002075,11.843370914459229,8.8357067108154297,-4.2124433517456055,0,1,1,0,1,1,1,1,-0.98539881542680785,-0.98526057671295597,-0.98532969606988186,-16.055814266204834,-13.048150062561035,-14.551982164382935,1,0,1,0
8,french-NF-1082,iphone15pro,train/bonafide/iphone15pro/french-NF-1082.jpg,train/attack/digital_1/iphone15pro/french-NF-1082.jpg,train/attack/digital_2/iphone15pro/french-NF-1082.jpg,test/attack/digital_3/iphone15pro/french-NF-1082.jpg,0.0059173583688945592,0.9999444359353723,0.99995474222671443,0.0051034789234695715,-5.1239302158355713,9.7979183197021484,10.003090858459473,-5.2727162837982178,0,1,1,0,0,1,1,0,-0.99484095701190278,-0.99485126330324491,-0.99484611015757385,-15.070634603500366,-15.27580714225769,-15.173220872879028,1,0,1,1
8,french-NF-1082,scan,train/bonafide/scan/french-NF-1082.jpg,train/attack/digital_1/scan/french-NF-1082.jpg,train/attack/digital_2/scan/french-NF-1082.jpg,test/attack/digital_3/scan/french-NF-1082.jpg,0.0085580676551275676,0.99999605129386471,0.99999126554904805,0.0074992812000499488,-4.7522859573364258,12.442118644714355,11.648226737976074,-4.885420560836792,0,1,1,0,0,1,1,0,-0.99249677009381476,-0.9924919843489981,-0.99249437722140643,-17.327539205551147,-16.533647298812866,-16.930593252182007,1,0,1,1
8,indian-014_03,huawei,train/bonafide/huawei/indian-014_03.jpg,train/attack/digital_1/huawei/indian-014_03.jpg,train/attack/digital_2/huawei/indian-014_03.jpg,test/attack/digital_3/huawei/indian-014_03.jpg,0.44831628074761692,0.99999725190471545,0.99999999955445595,0.60068033564233869,-0.20747594255954027,12.804599761962891,21.53172492980957,0.40830064564943314,0,1,1,1,1,1,1,1,-0.39931691626237675,-0.39931966391211726,-0.39931829008724695,-12.396299116313457,-21.123424284160137,-16.759861700236797,1,1,0,0
8,indian-014_03,iphone15pro,train/bonafide/iphone15pro/indian-014_03.jpg,train/attack/digital_1/iphone15pro/indian-014_03.jpg,train/attack/digital_2/iphone15pro/indian-014_03.jpg,test/attack/digital_3/iphone15pro/indian-014_03.jpg,0.00089894607620917783,0.99967272731374091,0.9999999969880955,0.0015135349156412325,-7.0133881568908691,8.0243895053863525,19.620693206787109,-6.4917926788330078,0,1,1,0,0,1,1,0,-0.99815919239809969,-0.99848646207245428,-0.99832282723527699,-14.51618218421936,-26.112485885620117,-20.314334034919739,1,1,1,1
8,indian-014_03,scan,train/bonafide/scan/indian-014_03.jpg,train/attack/digital_1/scan/indian-014_03.jpg,train/attack/digital_2/scan/indian-014_03.jpg,test/attack/digital_3/scan/indian-014_03.jpg,0.0088515772274826085,0.99999130007822934,0.99999999716692689,0.0071904665792635611,-4.7182686328887939,11.652187824249268,19.681903839111328,-4.9277827739715576,0,1,1,0,0,1,1,0,-0.99280083349896575,-0.9928095305876633,-0.99280518204331447,-16.579970598220825,-24.609686613082886,-20.594828605651855,1,0,1,1
8,indian-021_03,huawei,train/bonafide/huawei/indian-021_03.jpg,train/attack/digital_1/huawei/indian-021_03.jpg,train/attack/digital_2/huawei/indian-021_03.jpg,test/attack/digital_3/huawei/indian-021_03.jpg,0.0011574259795035149,0.99985145359048133,0.99999744426751358,0.0011528424803928816,-6.7603986263275146,8.8144645690917969,12.877169132232666,-6.7643711566925049,0,1,1,0,0,1,1,0,-0.9986986111100884,-0.99884460178712065,-0.99877160644860452,-15.578835725784302,-19.641540288925171,-17.610188007354736,1,0,1,1
8,indian-021_03,iphone15pro,train/bonafide/iphone15pro/indian-021_03.jpg,train/attack/digital_1/iphone15pro/indian-021_03.jpg,train/attack/digital_2/iphone15pro/indian-021_03.jpg,test/attack/digital_3/iphone15pro/indian-021_03.jpg,0.0044399850443951235,0.99957338505061921,0.99994181935982296,0.0048440475414200032,-5.4126543998718262,7.7592020034790039,9.7518997192382812,-5.3251488208770752,0,1,1,0,0,1,1,0,-0.99472933750919923,-0.99509777181840298,-0.99491355466380105,-13.084350824356079,-15.077048540115356,-14.080699682235718,1,1,1,1
8,indian-021_03,scan,train/bonafide/scan/indian-021_03.jpg,train/attack/digital_1/scan/indian-021_03.jpg,train/attack/digital_2/scan/indian-021_03.jpg,test/attack/digital_3/scan/indian-021_03.jpg,0.0060685824301427698,0.9997500172283158,0.99998066812472675,0.0060520812014075364,-5.0985431671142578,8.2938685417175293,10.85373592376709,-5.1012825965881348,0,1,1,0,0,1,1,0,-0.99369793602690826,-0.9939285869233192,-0.99381326147511373,-13.395151138305664,-15.955018520355225,-14.675084829330444,1,0,1,1
8,indian-NF-1061,huawei,train/bonafide/huawei/indian-NF-1061.jpg,train/attack/digital_1/huawei/indian-NF-1061.jpg,train/attack/digital_2/huawei/indian-NF-1061.jpg,test/attack/digital_3/huawei/indian-NF-1061.jpg,0.060387703766620386,0.99999998976510474,0.99999698471866039,0.068206872665381876,-2.7446818351745605,18.397462844848633,12.711814403533936,-2.6145654916763306,0,1,1,0,1,1,1,1,-0.9317931170997229,-0.93179011205327855,-0.93179161457650073,-21.012028336524963,-15.326379895210266,-18.169204115867615,1,1,1,0
8,indian-NF-1061,iphone15pro,train/bonafide/iphone15pro/indian-NF-1061.jpg,train/attack/digital_1/iphone15pro/indian-NF-1061.jpg,train/attack/digital_2/iphone15pro/indian-NF-1061.jpg,test/attack/digital_3/iphone15pro/indian-NF-1061.jpg,0.00040856480272874116,0.99999372178957413,0.99999999998369038,0.00048342666878923825,-7.8024513721466064,11.978419303894043,24.839264869689941,-7.6341273784637451,0,1,1,0,0,1,1,0,-0.99951029512078493,-0.99951657331490118,-0.99951343421784311,-19.612546682357788,-32.473392248153687,-26.042969465255737,1,1,1,1
8,indian-NF-1061,scan,train/bonafide/scan/indian-NF-1061.jpg,train/attack/digital_1/scan/indian-NF-1061.jpg,train/attack/digital_2/scan/indian-NF-1061.jpg,test/attack/digital_3/scan/indian-NF-1061.jpg,0.0023824604644385058,0.99998408068099442,0.99999963599191066,0.0028347521089461297,-6.037236213684082,11.047961235046387,14.826089382171631,-5.862962007522583,0,1,1,0,0,1,1,0,-0.9971493285720483,-0.99716488388296454,-0.99715710622750642,-16.91092324256897,-20.689051389694214,-18.799987316131592,1,1,1,1
8,persian-144_03,huawei,train/bonafide/huawei/persian-144_03.jpg,train/attack/digital_1/huawei/persian-144_03.jpg,train/attack/digital_2/huawei/persian-144_03.jpg,test/attack/digital_3/huawei/persian-144_03.jpg,6.0744305294280599e-05,0.99992788859290926,0.99999512938976542,9.0052882291227163e-05,-9.7087764739990234,9.5372262001037598,12.23228645324707,-9.3150234222412109,0,1,1,0,0,1,1,0,-0.99983783571061802,-0.99990507650747418,-0.99987145610904615,-18.852249622344971,-21.547309875488281,-20.199779748916626,1,1,1,1
8,persian-144_03,iphone15pro,train/bonafide/iphone15pro/persian-144_03.jpg,train/attack/digital_1/iphone15pro/persian-144_03.jpg,train/attack/digital_2/iphone15pro/persian-144_03.jpg,test/attack/digital_3/iphone15pro/persian-144_03.jpg,3.9477771430093262e-05,0.99997469608335854,0.99998326977243557,4.7783519807125457e-05,-10.13973331451416,10.584526062011719,10.998276710510254,-9.9487819671630859,0,1,1,0,0,1,1,0,-0.99992691256355137,-0.9999354862526284,-0.99993119940808994,-20.533308029174805,-20.94705867767334,-20.740183353424072,1,1,1,1
8,persian-144_03,scan,train/bonafide/scan/persian-144_03.jpg,train/attack/digital_1/scan/persian-144_03.jpg,train/attack/digital_2/scan/persian-144_03.jpg,test/attack/digital_3/scan/persian-144_03.jpg,0.00017060472945754559,0.9999598230193959,0.99996718472160306,0.0001871192336441703,-8.6759905815124512,10.122176170349121,10.324583530426025,-8.5835773944854736,0,1,1,0,0,1,1,0,-0.99977270378575178,-0.99978006548795895,-0.99977638463685536,-18.705753564834595,-18.908160924911499,-18.806957244873047,1,1,1,1
8,persian-NF-1018,huawei,train/bonafide/huawei/persian-NF-1018.jpg,train/attack/digital_1/huawei/persian-NF-1018.jpg,train/attack/digital_2/huawei/persian-NF-1018.jpg,test/attack/digital_3/huawei/persian-NF-1018.jpg,5.7975755571810613e-06,0.99999624087690064,0.99990867088311519,7.9346062366064175e-06,-12.058064937591553,12.491321086883545,9.3009495735168457,-11.744268894195557,0,1,1,0,0,1,1,0,-0.99998830627066404,-0.99990073627687859,-0.99994452127377131,-24.235589981079102,-21.045218467712402,-22.640404224395752,1,1,1,1
8,persian-NF-1018,iphone15pro,train/bonafide/iphone15pro/persian-NF-1018.jpg,train/attack/digital_1/iphone15pro/persian-NF-1018.jpg,train/attack/digital_2/iphone15pro/persian-NF-1018.jpg,test/attack/digital_3/iphone15pro/persian-NF-1018.jpg,4.0402885426401606e-06,0.999999900865019,0.99989913818193077,4.4589772233336878e-06,-12.419190406799316,16.12678337097168,9.2016582489013672,-12.320586681365967,0,1,1,0,0,1,1,0,-0.99999544188779566,-0.99989467920470743,-0.99994506054625154,-28.447370052337646,-21.522244930267334,-24.98480749130249,1,1,1,1
8,persian-NF-1018,scan,train/bonafide/scan/persian-NF-1018.jpg,train/attack/digital_1/scan/persian-NF-1018.jpg,train/attack/digital_2/scan/persian-NF-1018.jpg,test/attack/digital_3/scan/persian-NF-1018.jpg,1.5872703955039466e-05,0.99999993404337084,0.99998566802564481,1.6238612945089517e-05,-11.050893783569336,16.534268379211426,11.153003215789795,-11.028102397918701,0,1,1,0,0,1,1,0,-0.99998369543042576,-0.99996942941269973,-0.99997656242156274,-27.562370777130127,-22.181105613708496,-24.871738195419312,1,1,1,1
8,persian-NF-1097,huawei,train/bonafide/huawei/persian-NF-1097.jpg,train/attack/digital_1/huawei/persian-NF-1097.jpg,train/attack/digital_2/huawei/persian-NF-1097.jpg,test/attack/digital_3/huawei/persian-NF-1097.jpg,0.0023164377357629078,0.99993665003441068,0.99994587132731272,0.0020002291975611025,-6.0654056072235107,9.6667728424072266,9.8240923881530762,-6.2124912738800049,0,1,1,0,0,1,1,0,-0.99793642083684952,-0.99794564212975156,-0.9979410314833006,-15.879264116287231,-16.036583662033081,-15.957923889160156,1,0,1,1
8,persian-NF-1097,iphone15pro,train/bonafide/iphone15pro/persian-NF-1097.jpg,train/attack/digital_1/iphone15pro/persian-NF-1097.jpg,train/attack/digital_2/iphone15pro/persian-NF-1097.jpg,test/attack/digital_3/iphone15pro/persian-NF-1097.jpg,0.00011507708980566728,0.99997659414292184,0.99567166277059482,0.00012148824001615827,-9.0697932243347168,10.662500858306885,5.4382340908050537,-9.0155715942382812,0,1,1,0,0,1,1,0,-0.99985510590290572,-0.9955501745305787,-0.99770264021674226,-19.678072452545166,-14.453805685043335,-17.06593906879425,1,1,1,1
8,persian-NF-1097,scan,train/bonafide/scan/persian-NF-1097.jpg,train/attack/digital_1/scan/persian-NF-1097.jpg,train/attack/digital_2/scan/persian-NF-1097.jpg,test/attack/digital_3/scan/persian-NF-1097.jpg,0.00030229666586191001,0.99992978926284792,0.99855518023808565,0.00030729055212835253,-8.1037993431091309,9.563939094543457,6.5383248329162598,-8.087409496307373,0,1,1,0,0,1,1,0,-0.99962249871071962,-0.99824788968595735,-0.99893519419833854,-17.65134859085083,-14.625734329223633,-16.138541460037231,1,1,1,1
8,persian-NM-1035,huawei,train/bonafide/huawei/persian-NM-1035.jpg,train/attack/digital_1/huawei/persian-NM-1035.jpg,train/attack/digital_2/huawei/persian-NM-1035.jpg,test/attack/digital_3/huawei/persian-NM-1035.jpg,3.439783581080934e-05,0.99992671231867436,0.98132113048374836,5.3781137094229075e-05,-10.277482509613037,9.5210447311401367,3.9615068435668945,-9.8305339813232422,0,1,1,0,0,1,1,0,-0.99987293118158016,-0.98126734934665416,-0.99057014026411716,-19.351578712463379,-13.792040824890137,-16.571809768676758,1,1,1,1
8,persian-NM-1035,iphone15pro,train/bonafide/iphone15pro/persian-NM-1035.jpg,train/attack/digital_1/iphone15pro/persian-NM-1035.jpg,train/attack/digital_2/iphone15pro/persian-NM-1035.jpg,test/attack/digital_3/iphone15pro/persian-NM-1035.jpg,3.3777159283754228e-05,0.99999951017574007,0.99859089274196511,3.7247912473826164e-05,-10.295691967010498,14.529218673706055,6.5633888244628906,-10.197877407073975,0,1,1,0,0,1,1,0,-0.99996226226326623,-0.99855364482949127,-0.9992579535463787,-24.727096080780029,-16.761266231536865,-20.744181156158447,1,1,1,1
8,persian-NM-1035,scan,train/bonafide/scan/persian-NM-1035.jpg,train/attack/digital_1/scan/persian-NM-1035.jpg,train/attack/digital_2/scan/persian-NM-1035.jpg,test/attack/digital_3/scan/persian-NM-1035.jpg,0.00092927028506955948,0.99999944253317763,0.99955533933780916,0.0010691803441288132,-6.9801812171936035,14.399862289428711,7.7177543640136719,-6.8397932052612305,0,1,1,0,0,1,1,0,-0.99893026218904879,-0.99848615899368032,-0.99870821059136461,-21.239655494689941,-14.557547569274902,-17.898601531982422,1,1,1,1
8,portugal-013_03,huawei,train/bonafide/huawei/portugal-013_03.jpg,train/attack/digital_1/huawei/portugal-013_03.jpg,train/attack/digital_2/huawei/portugal-013_03.jpg,test/attack/digital_3/huawei/portugal-013_03.jpg,0.0025075746713633003,0.99988174462272128,0.99999235948367704,0.0074989351688719225,-5.9859285354614258,9.0425457954406738,11.782037734985352,-4.8854670524597168,0,1,1,0,0,1,1,0,-0.99238280945384938,-0.99249342431480514,-0.99243811688432726,-13.928012847900391,-16.667504787445068,-15.297758817672729,1,1,1,1
8,portugal-013_03,iphone15pro,train/bonafide/iphone15pro/portugal-013_03.jpg,train/attack/digital_1/iphone15pro/portugal-013_03.jpg,train/attack/digital_2/iphone15pro/portugal-013_03.jpg,test/attack/digital_3/iphone15pro/portugal-013_03.jpg,0.00063617438542201612,0.99999204329776958,0.99999960513533903,0.00051630500568005885,-7.3594014644622803,11.741487979888916,14.744722366333008,-7.5682964324951172,0,1,1,0,0,1,1,0,-0.99947573829208958,-0.99948330012965902,-0.9994795192108743,-19.309784412384033,-22.313018798828125,-20.811401605606079,1,0,1,1
8,portugal-013_03,scan,train/bonafide/scan/portugal-013_03.jpg,train/attack/digital_1/scan/portugal-013_03.jpg,train/attack/digital_2/scan/portugal-013_03.jpg,test/attack/digital_3/scan/portugal-013_03.jpg,0.015119531986032653,0.9999945370415444,0.99999747817898732,0.015783607340169176,-4.1765328645706177,12.117514610290527,12.89052677154541,-4.1328738927841187,0,1,1,0,1,1,1,1,-0.98421092970137525,-0.98421387083881817,-0.98421240027009671,-16.250388503074646,-17.023400664329529,-16.636894583702087,1,1,1,0
8,portugal-017_03,huawei,train/bonafide/huawei/portugal-017_03.jpg,train/attack/digital_1/huawei/portugal-017_03.jpg,train/attack/digital_2/huawei/portugal-017_03.jpg,test/attack/digital_3/huawei/portugal-017_03.jpg,0.0012558202241311728,0.99994481389907619,0.9999822473359713,0.0023798336967488279,-6.6787097454071045,9.8047442436218262,10.938957214355469,-6.0383419990539551,0,1,1,0,0,1,1,0,-0.99756498020232731,-0.99760241363922242,-0.99758369692077487,-15.843086242675781,-16.977299213409424,-16.410192728042603,1,1,1,1
8,portugal-017_03,iphone15pro,train/bonafide/iphone15pro/portugal-017_03.jpg,train/attack/digital_1/iphone15pro/portugal-017_03.jpg,train/attack/digital_2/iphone15pro/portugal-017_03.jpg,test/attack/digital_3/iphone15pro/portugal-017_03.jpg,0.0016380902211439556,0.99998731924718365,0.99999315983328063,0.0022849056024778444,-6.4125847816467285,11.275412559509277,11.892691612243652,-6.0791430473327637,0,1,1,0,0,1,1,0,-0.9977024136447058,-0.99770825423080278,-0.99770533393775429,-17.354555606842041,-17.971834659576416,-17.663195133209229,1,1,1,1
8,portugal-017_03,scan,train/bonafide/scan/portugal-017_03.jpg,train/attack/digital_1/scan/portugal-017_03.jpg,train/attack/digital_2/scan/portugal-017_03.jpg,test/attack/digital_3/scan/portugal-017_03.jpg,0.0081571185349703004,0.99999451521827321,0.99998774298169157,0.013067434347889725,-4.8006737232208252,12.113527774810791,11.309399604797363,-4.3244785070419312,0,1,1,0,0,1,1,1,-0.9869270808703835,-0.98692030863380187,-0.98692369475209263,-16.438006281852722,-15.633878111839294,-16.035942196846008,1,1,1,0
8,portugal-029_03,huawei,train/bonafide/huawei/portugal-029_03.jpg,train/attack/digital_1/huawei/portugal-029_03.jpg,train/attack/digital_2/huawei/portugal-029_03.jpg,test/attack/digital_3/huawei/portugal-029_03.jpg,3.3063923784589539e-05,0.99995808636070815,0.99993712411240732,5.5376806609871709e-05,-10.317034721374512,10.079857349395752,9.6742849349975586,-9.8012943267822266,0,1,1,0,0,1,1,0,-0.99990270955409832,-0.99988174730579749,-0.99989222842994785,-19.881151676177979,-19.475579261779785,-19.678365468978882,1,1,1,1
8,portugal-029_03,iphone15pro,train/bonafide/iphone15pro/portugal-029_03.jpg,train/attack/digital_1/iphone15pro/portugal-029_03.jpg,train/attack/digital_2/iphone15pro/portugal-029_03.jpg,test/attack/digital_3/iphone15pro/portugal-029_03.jpg,0.00059049497138249235,0.99999525499494146,0.99985253076326175,0.00064479571612399364,-7.4339587688446045,12.258413314819336,8.8217434883117676,-7.3459320068359375,0,1,1,0,0,1,1,0,-0.99935045927881749,-0.99920773504713778,-0.99927909716297769,-19.604345321655273,-16.167675495147705,-17.886010408401489,1,1,1,1
8,portugal-029_03,scan,train/bonafide/scan/portugal-029_03.jpg,train/attack/digital_1/scan/portugal-029_03.jpg,train/attack/digital_2/scan/portugal-029_03.jpg,test/attack/digital_3/scan/portugal-029_03.jpg,0.00022502267622796757,0.99999960571746649,0.99998959777286234,0.0003887285135819449,-8.3990843296051025,14.746197700500488,11.473480224609375,-7.8522405624389648,0,1,1,0,0,1,1,0,-0.99961087720388453,-0.99960086925928038,-0.99960587323158245,-22.598438262939453,-19.32572078704834,-20.962079524993896,1,1,1,1
8,portugal-119_03,huawei,train/bonafide/huawei/portugal-119_03.jpg,train/attack/digital_1/huawei/portugal-119_03.jpg,train/attack/digital_2/huawei/portugal-119_03.jpg,test/attack/digital_3/huawei/portugal-119_03.jpg,0.0001089019464255397,0.9988127226215564,0.99978700464370962,0.0002168315921266327,-9.1249537467956543,6.7349045276641846,8.4540271759033203,-8.4361727237701416,0,1,1,0,0,1,1,0,-0.99859589102942981,-0.99957017305158302,-0.99908303204050641,-15.171077251434326,-16.890199899673462,-16.030638575553894,1,1,1,1
8,portugal-119_03,iphone15pro,train/bonafide/iphone15pro/portugal-119_03.jpg,train/attack/digital_1/iphone15pro/portugal-119_03.jpg,train/attack/digital_2/iphone15pro/portugal-119_03.jpg,test/attack/digital_3/iphone15pro/portugal-119_03.jpg,0.00022792092224885994,0.99995524032831595,0.99995106534923817,0.00042535914835632429,-8.3862838745117188,10.014158248901367,9.9249758720397949,-7.7621512413024902,0,1,1,0,0,1,1,0,-0.99952988117995967,-0.99952570620088188,-0.99952779369042077,-17.776309490203857,-17.687127113342285,-17.731718301773071,1,1,1,1
8,portugal-119_03,scan,train/bonafide/scan/portugal-119_03.jpg,train/attack/digital_1/scan/portugal-119_03.jpg,train/attack/digital_2/scan/portugal-119_03.jpg,test/attack/digital_3/scan/portugal-119_03.jpg,0.0025925022853693154,0.99999119491189492,0.99998907647649571,0.0028704377095869846,-5.95253586769104,11.640172004699707,11.424581050872803,-5.8504161834716797,0,1,1,0,0,1,1,0,-0.99712075720230797,-0.99711863876690876,-0.99711969798460842,-17.490588188171387,-17.274997234344482,-17.382792711257935,1,1,1,1
8,portugal-NF-1060,huawei,train/bonafide/huawei/portugal-NF-1060.jpg,train/attack/digital_1/huawei/portugal-NF-1060.jpg,train/attack/digital_2/huawei/portugal-NF-1060.jpg,test/attack/digital_3/huawei/portugal-NF-1060.jpg,0.00065124882878711944,0.99966682129857554,0.99998959119863096,0.0015417334016757124,-7.3359673023223877,8.0064983367919922,11.472848415374756,-6.4733049869537354,0,1,1,0,0,1,1,0,-0.9981250878968998,-0.99844785779695522,-0.99828647284692751,-14.479803323745728,-17.946153402328491,-16.212978363037109,1,1,1,1
8,portugal-NF-1060,iphone15pro,train/bonafide/iphone15pro/portugal-NF-1060.jpg,train/attack/digital_1/iphone15pro/portugal-NF-1060.jpg,train/attack/digital_2/iphone15pro/portugal-NF-1060.jpg,test/attack/digital_3/iphone15pro/portugal-NF-1060.jpg,0.00065543267117161021,0.99999540869770509,0.99999700516776047,0.0006782959938613207,-7.329559326171875,12.291342258453369,12.718619346618652,-7.29524827003479,0,1,1,0,0,1,1,0,-0.99931711270384382,-0.9993187091738992,-0.99931791093887157,-19.586590528488159,-20.013867616653442,-19.800229072570801,1,1,1,1
8,portugal-NF-1060,scan,train/bonafide/scan/portugal-NF-1060.jpg,train/attack/digital_1/scan/portugal-NF-1060.jpg,train/attack/digital_2/scan/portugal-NF-1060.jpg,test/attack/digital_3/scan/portugal-NF-1060.jpg,0.0031743149744520747,0.99999885923706955,0.99999654302048591,0.0045314066782571744,-5.7494840621948242,13.683812141418457,12.575111865997314,-5.3921811580657959,0,1,1,0,0,1,1,0,-0.99546745255881242,-0.99546513634222877,-0.99546629445052059,-19.075993299484253,-17.96729302406311,-18.521643161773682,1,1,1,1
8,portugal-NF-1066,huawei,train/bonafide/huawei/portugal-NF-1066.jpg,train/attack/digital_1/huawei/portugal-NF-1066.jpg,train/attack/digital_2/huawei/portugal-NF-1066.jpg,test/attack/digital_3/huawei/portugal-NF-1066.jpg,4.6521489122825227e-05,0.99939849423164229,0.99999601789796644,7.3431475865743114e-05,-9.9755496978759766,7.4154727458953857,12.433696746826172,-9.5190844535827637,0,1,1,0,0,1,1,0,-0.99932506275577659,-0.99992258642210075,-0.99962382458893861,-16.934557199478149,-21.952781200408936,-19.443669199943542,1,1,1,1
8,portugal-NF-1066,iphone15pro,train/bonafide/iphone15pro/portugal-NF-1066.jpg,train/attack/digital_1/iphone15pro/portugal-NF-1066.jpg,train/attack/digital_2/iphone15pro/portugal-NF-1066.jpg,test/attack/digital_3/iphone15pro/portugal-NF-1066.jpg,1.9213282509143697e-05,0.99983431318287497,0.99999245620671318,2.1785838767541363e-05,-10.859889507293701,8.7052454948425293,11.794777870178223,-10.734228610992432,0,1,1,0,0,1,1,0,-0.99981252734410742,-0.99997067036794562,-0.99989159885602652,-19.439474105834961,-22.529006481170654,-20.984240293502808,1,1,1,1
8,portugal-NF-1066,scan,train/bonafide/scan/portugal-NF-1066.jpg,train/attack/digital_1/scan/portugal-NF-1066.jpg,train/attack/digital_2/scan/portugal-NF-1066.jpg,test/attack/digital_3/scan/portugal-NF-1066.jpg,9.902191299813132e-05,0.99992944299887521,0.99999821202669159,8.3700079119686322e-05,-9.2200703620910645,9.5590190887451172,13.234426021575928,-9.3881869316101074,0,1,1,0,0,1,1,0,-0.99984574291975548,-0.99991451194757186,-0.99988012743366361,-18.947206020355225,-22.622612953186035,-20.78490948677063,1,0,1,1
8,portugal-NF-1109,huawei,train/bonafide/huawei/portugal-NF-1109.jpg,train/attack/digital_1/huawei/portugal-NF-1109.jpg,train/attack/digital_2/huawei/portugal-NF-1109.jpg,test/attack/digital_3/huawei/portugal-NF-1109.jpg,0.010558815161604725,0.9998825646042766,0.99999583674142944,0.011675691794988561,-4.5401792526245117,9.0495047569274902,12.389208316802979,-4.4385018348693848,0,1,1,0,1,1,1,1,-0.98820687280928809,-0.98832014494644094,-0.98826350887786452,-13.488006591796875,-16.827710151672363,-15.157858371734619,1,1,1,0
8,portugal-NF-1109,iphone15pro,train/bonafide/iphone15pro/portugal-NF-1109.jpg,train/attack/digital_1/iphone15pro/portugal-NF-1109.jpg,train/attack/digital_2/iphone15pro/portugal-NF-1109.jpg,test/attack/digital_3/iphone15pro/portugal-NF-1109.jpg,0.00043372346692917009,0.99999887083095373,0.99998090441885823,0.00049387937080804813,-7.7426695823669434,13.694027423858643,10.866034507751465,-7.6127252578735352,0,1,1,0,0,1,1,0,-0.99950499146014571,-0.9994870250480502,-0.99949600825409801,-21.306752681732178,-18.478759765625,-19.892756223678589,1,1,1,1
8,portugal-NF-1109,scan,train/bonafide/scan/portugal-NF-1109.jpg,train/attack/digital_1/scan/portugal-NF-1109.jpg,train/attack/digital_2/scan/portugal-NF-1109.jpg,test/attack/digital_3/scan/portugal-NF-1109.jpg,0.00036362447922329294,0.99999366048126792,0.99997597312267261,0.00039538687472189844,-7.919025182723999,11.968701362609863,10.636313438415527,-7.8352503776550293,0,1,1,0,0,1,1,0,-0.99959827360654607,-0.99958058624795076,-0.99958942992724842,-19.803951740264893,-18.471563816070557,-19.137757778167725,1,1,1,1
8,russian-062_03,huawei,train/bonafide/huawei/russian-062_03.jpg,train/attack/digital_1/huawei/russian-062_03.jpg,train/attack/digital_2/huawei/russian-062_03.jpg,test/attack/digital_3/huawei/russian-062_03.jpg,0.0001365235164222303,0.99084870662562918,0.99824014821452722,0.00017588773386585679,-8.8988771438598633,4.684666633605957,6.3407642841339111,-8.6454887390136719,0,1,1,0,0,1,1,0,-0.99067281889176328,-0.99806426048066132,-0.9943685396862123,-13.330155372619629,-14.986253023147583,-14.158204197883606,1,1,1,1
8,russian-062_03,iphone15pro,train/bonafide/iphone15pro/russian-062_03.jpg,train/attack/digital_1/iphone15pro/russian-062_03.jpg,train/attack/digital_2/iphone15pro/russian-062_03.jpg,test/attack/digital_3/iphone15pro/russian-062_03.jpg,0.0003090487374025292,0.99988435225792405,0.99778455439969715,0.00028433165241399839,-8.0817024707794189,9.0648460388183594,6.1100838184356689,-8.1650848388671875,0,1,1,0,0,1,1,0,-0.99960002060551001,-0.99750022274728312,-0.99855012167639656,-17.229930877685547,-14.275168657302856,-15.752549767494202,1,0,1,1
8,russian-062_03,scan,train/bonafide/scan/russian-062_03.jpg,train/attack/digital_1/scan/russian-062_03.jpg,train/attack/digital_2/scan/russian-062_03.jpg,test/attack/digital_3/scan/russian-062_03.jpg,0.0049712825996460703,0.9997024949981691,0.99964469961250391,0.0055688565788966108,-5.2990937232971191,8.1197819709777832,7.9421916007995605,-5.184981107711792,0,1,1,0,0,1,1,0,-0.99413363841927249,-0.9940758430336073,-0.99410474072643995,-13.304763078689575,-13.127172708511353,-13.215967893600464,1,1,1,1
8,russian-132_03,huawei,train/bonafide/huawei/russian-132_03.jpg,train/attack/digital_1/huawei/russian-132_03.jpg,train/attack/digital_2/huawei/russian-132_03.jpg,test/attack/digital_3/huawei/russian-132_03.jpg,6.4998242256049248e-06,0.9223401464048876,0.99344200885529788,6.948681398697705e-06,-11.943728923797607,2.4745756387710571,5.020491361618042,-11.876951694488525,0,1,1,0,0,1,1,0,-0.92233319772348887,-0.99343506017389915,-0.95788412894869401,-14.351527333259583,-16.897443056106567,-15.624485194683075,1,1,1,1
8,russian-132_03,iphone15pro,train/bonafide/iphone15pro/russian-132_03.jpg,train/attack/digital_1/iphone15pro/russian-132_03.jpg,train/attack/digital_2/iphone15pro/russian-132_03.jpg,test/attack/digital_3/iphone15pro/russian-132_03.jpg,2.3557751440383335e-05,0.98779534287196957,0.99625367812224208,2.3506450346858707e-05,-10.656032085418701,4.393657922744751,5.5832273960113525,-10.658212184906006,0,1,1,0,0,1,1,0,-0.9877718364216227,-0.9962301716718952,-0.99200100404675895,-15.051870107650757,-16.241439580917358,-15.646654844284058,1,0,1,1
8,russian-132_03,scan,train/bonafide/scan/russian-132_03.jpg,train/attack/digital_1/scan/russian-132_03.jpg,train/attack/digital_2/scan/russian-132_03.jpg,test/attack/digital_3/scan/russian-132_03.jpg,5.6931372841835901e-06,0.99067600867847161,0.76170589427564572,6.4677510902814373e-06,-12.07624340057373,4.6657967567443848,1.1620548665523529,-11.948675632476807,0,1,1,0,0,1,1,0,-0.99066954092738135,-0.76169942652455547,-0.87618448372596847,-16.614472389221191,-13.11073049902916,-14.862601444125175,1,1,1,1
8,russian-NF-1089,huawei,train/bonafide/huawei/russian-NF-1089.jpg,train/attack/digital_1/huawei/russian-NF-1089.jpg,train/attack/digital_2/huawei/russian-NF-1089.jpg,test/attack/digital_3/huawei/russian-NF-1089.jpg,0.88617947564434174,0.99999973533133113,0.99999993767697004,0.86379057236062895,2.0522966384887695,15.144786834716797,16.590934753417969,1.8471367359161377,1,1,1,1,1,1,1,1,-0.13620916297070218,-0.13620936531634109,-0.13620926414352164,-13.297650098800659,-14.743798017501831,-14.020724058151245,1,0,0,0
8,russian-NF-1089,iphone15pro,train/bonafide/iphone15pro/russian-NF-1089.jpg,train/attack/digital_1/iphone15pro/russian-NF-1089.jpg,train/attack/digital_2/iphone15pro/russian-NF-1089.jpg,test/attack/digital_3/iphone15pro/russian-NF-1089.jpg,0.0001459462583511825,0.99999997275838315,0.99999987348942576,0.00014859655990455013,-8.8321261405944824,17.418519973754883,15.88293981552124,-8.8141269683837891,0,1,1,0,0,1,1,0,-0.99985137619847864,-0.99985127692952125,-0.999851326564,-26.232646942138672,-24.697066783905029,-25.464856863021851,1,1,1,1
8,russian-NF-1089,scan,train/bonafide/scan/russian-NF-1089.jpg,train/attack/digital_1/scan/russian-NF-1089.jpg,train/attack/digital_2/scan/russian-NF-1089.jpg,test/attack/digital_3/scan/russian-NF-1089.jpg,0.014071364886462134,0.99999997282084452,0.99999971433920176,0.014365516284509456,-4.2494421005249023,17.420815467834473,15.068460464477539,-4.2284549474716187,0,1,1,0,1,1,1,1,-0.98563445653633508,-0.98563419805469232,-0.9856343272955137,-21.649270415306091,-19.296915411949158,-20.473092913627625,1,1,1,0
8,russian-NF-1099,huawei,train/bonafide/huawei/russian-NF-1099.jpg,train/attack/digital_1/huawei/russian-NF-1099.jpg,train/attack/digital_2/huawei/russian-NF-1099.jpg,test/attack/digital_3/huawei/russian-NF-1099.jpg,0.001570263909212622,0.99995885816733365,0.99967285232763681,0.0020600974526050774,-6.4549400806427002,10.098443984985352,8.0247716903686523,-6.1829397678375244,0,1,1,0,0,1,1,0,-0.99789876071472861,-0.99761275487503176,-0.99775575779488013,-16.281383752822876,-14.207711458206177,-15.244547605514526,1,1,1,1
8,russian-NF-1099,iphone15pro,train/bonafide/iphone15pro/russian-NF-1099.jpg,train/attack/digital_1/iphone15pro/russian-NF-1099.jpg,train/attack/digital_2/iphone15pro/russian-NF-1099.jpg,test/attack/digital_3/iphone15pro/russian-NF-1099.jpg,0.00028931115660720024,0.99999986511277927,0.99908236329825983,0.00029877820529538522,-8.1477184295654297,15.818826675415039,6.9927909374237061,-8.1155102252960205,0,1,1,0,0,1,1,0,-0.99970108690748394,-0.9987835850929645,-0.99924233600022416,-23.93433690071106,-15.108301162719727,-19.521319031715393,1,1,1,1
8,russian-NF-1099,scan,train/bonafide/scan/russian-NF-1099.jpg,train/attack/digital_1/scan/russian-NF-1099.jpg,train/attack/digital_2/scan/russian-NF-1099.jpg,test/attack/digital_3/scan/russian-NF-1099.jpg,0.0011778479491313003,0.99999997265692608,0.99923983933277327,0.0013003696358054469,-6.7428877353668213,17.414802551269531,7.1812202930450439,-6.6438055038452148,0,1,1,0,0,1,1,0,-0.9986996030211206,-0.99793946969696778,-0.99831953635904414,-24.058608055114746,-13.825025796890259,-18.941816926002502,1,1,1,1
8,turkiye-032_03,huawei,train/bonafide/huawei/turkiye-032_03.jpg,train/attack/digital_1/huawei/turkiye-032_03.jpg,train/attack/digital_2/huawei/turkiye-032_03.jpg,test/attack/digital_3/huawei/turkiye-032_03.jpg,3.0704420244795956e-05,0.99999068336475705,0.99969349680670683,4.1408643731831878e-05,-10.391073226928711,11.583699703216553,8.0899758338928223,-10.091979503631592,0,1,1,0,0,1,1,0,-0.99994927472102524,-0.99965208816297502,-0.99980068144200007,-21.675679206848145,-18.181955337524414,-19.928817272186279,1,1,1,1
8,turkiye-032_03,iphone15pro,train/bonafide/iphone15pro/turkiye-032_03.jpg,train/attack/digital_1/iphone15pro/turkiye-032_03.jpg,train/attack/digital_2/iphone15pro/turkiye-032_03.jpg,test/attack/digital_3/iphone15pro/turkiye-032_03.jpg,3.1768662413061799e-05,0.99996359591818984,0.99663844905521781,4.123952415420271e-05,-10.356998443603516,10.2207932472229,5.6919856071472168,-10.096072196960449,0,1,1,0,0,1,1,0,-0.99992235639403559,-0.99659720953106357,-0.99825978296254958,-20.31686544418335,-15.788057804107666,-18.052461624145508,1,1,1,1
8,turkiye-032_03,scan,train/bonafide/scan/turkiye-032_03.jpg,train/attack/digital_1/scan/turkiye-032_03.jpg,train/attack/digital_2/scan/turkiye-032_03.jpg,test/attack/digital_3/scan/turkiye-032_03.jpg,5.4547801840253081e-05,0.99999546139357487,0.99986091241527675,6.9801509521394252e-05,-9.8163785934448242,12.302886009216309,8.8802676200866699,-9.5697851181030273,0,1,1,0,0,1,1,0,-0.99992565988405346,-0.99979111090575534,-0.99985838539490446,-21.872671127319336,-18.450052738189697,-20.161361932754517,1,1,1,1
8,turkiye-101_03,huawei,train/bonafide/huawei/turkiye-101_03.jpg,train/attack/digital_1/huawei/turkiye-101_03.jpg,train/attack/digital_2/huawei/turkiye-101_03.jpg,test/attack/digital_3/huawei/turkiye-101_03.jpg,0.00090555481155873041,0.99994379437508674,0.99994143200354912,0.0014120162142751795,-7.0060567855834961,9.7864375114440918,9.7452635765075684,-6.5613236427307129,0,1,1,0,0,1,1,0,-0.99853177816081151,-0.9985294157892739,-0.99853059697504265,-16.347761154174805,-16.306587219238281,-16.327174186706543,1,1,1,1
8,turkiye-101_03,iphone15pro,train/bonafide/iphone15pro/turkiye-101_03.jpg,train/attack/digital_1/iphone15pro/turkiye-101_03.jpg,train/attack/digital_2/iphone15pro/turkiye-101_03.jpg,test/attack/digital_3/iphone15pro/turkiye-101_03.jpg,4.8861580630280277e-05,0.99999577089962799,0.99999439262402445,8.792522846983319e-05,-9.9264702796936035,12.373517036437988,12.091422080993652,-9.3389358520507812,0,1,1,0,0,1,1,0,-0.9999078456711582,-0.99990646739555467,-0.99990715653335638,-21.71245288848877,-21.430357933044434,-21.571405410766602,1,1,1,1
8,turkiye-101_03,scan,train/bonafide/scan/turkiye-101_03.jpg,train/attack/digital_1/scan/turkiye-101_03.jpg,train/attack/digital_2/scan/turkiye-101_03.jpg,test/attack/digital_3/scan/turkiye-101_03.jpg,5.9444205619705597e-05,0.99997146109709956,0.99987805359569293,0.0001092839881713014,-9.7304129600524902,10.464213848114014,9.0118069648742676,-9.1214513778686523,0,1,1,0,0,1,1,0,-0.99986217710892822,-0.99976876960752159,-0.99981547335822496,-19.585665225982666,-18.13325834274292,-18.859461784362793,1,1,1,1
8,turkiye-104_03,huawei,train/bonafide/huawei/turkiye-104_03.jpg,train/attack/digital_1/huawei/turkiye-104_03.jpg,train/attack/digital_2/huawei/turkiye-104_03.jpg,test/attack/digital_3/huawei/turkiye-104_03.jpg,5.8945985269691164e-05,0.99851234135147149,0.99997481545489264,8.7866682473904581e-05,-9.7388300895690918,6.5090630054473877,10.589254856109619,-9.339601993560791,0,1,1,0,0,1,1,0,-0.99842447466899753,-0.99988694877241868,-0.99915571172070816,-15.848664999008179,-19.92885684967041,-17.888760924339294,1,1,1,1
8,turkiye-104_03,iphone15pro,train/bonafide/iphone15pro/turkiye-104_03.jpg,train/attack/digital_1/iphone15pro/turkiye-104_03.jpg,train/attack/digital_2/iphone15pro/turkiye-104_03.jpg,test/attack/digital_3/iphone15pro/turkiye-104_03.jpg,0.00011240573614635673,0.99997965009451473,0.99821051506753045,0.00012267826708200319,-9.0932831764221191,10.802413940429688,6.3240363597869873,-9.0058226585388184,0,1,1,0,0,1,1,0,-0.99985697182743272,-0.99808783680044844,-0.99897240431394052,-19.808236598968506,-15.329859018325806,-17.569047808647156,1,1,1,1
8,turkiye-104_03,scan,train/bonafide/scan/turkiye-104_03.jpg,train/attack/digital_1/scan/turkiye-104_03.jpg,train/attack/digital_2/scan/turkiye-104_03.jpg,test/attack/digital_3/scan/turkiye-104_03.jpg,0.00023485272941324939,0.99988279450192463,0.99537621105594154,0.00023676316378009557,-8.3563170433044434,9.0514645576477051,5.3719062805175781,-8.3482134342193604,0,1,1,0,0,1,1,0,-0.99964603133814456,-0.99513944789216147,-0.99739273961515296,-17.399677991867065,-13.720119714736938,-15.559898853302002,1,1,1,1
8,turkiye-115_03,huawei,train/bonafide/huawei/turkiye-115_03.jpg,train/attack/digital_1/huawei/turkiye-115_03.jpg,train/attack/digital_2/huawei/turkiye-115_03.jpg,test/attack/digital_3/huawei/turkiye-115_03.jpg,0.56706361239240799,0.99999066937378889,0.99999952639172496,0.56118756874901021,0.26988068222999573,11.582199096679688,14.56288480758667,0.24598313868045807,1,1,1,1,1,1,1,1,-0.43880310062477867,-0.43881195764271475,-0.43880752913374677,-11.336215957999229,-14.316901668906212,-12.826558813452721,1,0,0,0
8,turkiye-115_03,iphone15pro,train/bonafide/iphone15pro/turkiye-115_03.jpg,train/attack/digital_1/iphone15pro/turkiye-115_03.jpg,train/attack/digital_2/iphone15pro/turkiye-115_03.jpg,test/attack/digital_3/iphone15pro/turkiye-115_03.jpg,4.1884730763535629e-05,0.99999942406445985,0.99999038499915049,6.1304124521870552e-05,-10.080547332763672,14.367269515991211,11.552176475524902,-9.6996021270751953,0,1,1,0,0,1,1,0,-0.99993811993993797,-0.99992908087462862,-0.9999336004072833,-24.066871643066406,-21.251778602600098,-22.659325122833252,1,1,1,1
8,turkiye-115_03,scan,train/bonafide/scan/turkiye-115_03.jpg,train/attack/digital_1/scan/turkiye-115_03.jpg,train/attack/digital_2/scan/turkiye-115_03.jpg,test/attack/digital_3/scan/turkiye-115_03.jpg,8.2174542135234603e-05,0.99999662764045194,0.99998298661226048,0.00016126854057934043,-9.4065828323364258,12.599894523620605,10.98149299621582,-8.7322783470153809,0,1,1,0,0,1,1,0,-0.99983535909987264,-0.99982171807168119,-0.99982853858577692,-21.332172870635986,-19.713771343231201,-20.522972106933594,1,1,1,1
8,turkiye-NF-1002,huawei,train/bonafide/huawei/turkiye-NF-1002.jpg,train/attack/digital_1/huawei/turkiye-NF-1002.jpg,train/attack/digital_2/huawei/turkiye-NF-1002.jpg,test/attack/digital_3/huawei/turkiye-NF-1002.jpg,0.0012402382821780716,0.99999841762813235,0.99999914484153229,0.0020761977395382155,-6.6912107467651367,13.356584072113037,13.971978187561035,-6.1751387119293213,0,1,1,0,0,1,1,0,-0.99792221988859409,-0.99792294710199403,-0.99792258349529406,-19.531722784042358,-20.147116899490356,-19.839419841766357,1,1,1,1
8,turkiye-NF-1002,iphone15pro,train/bonafide/iphone15pro/turkiye-NF-1002.jpg,train/attack/digital_1/iphone15pro/turkiye-NF-1002.jpg,train/attack/digital_2/iphone15pro/turkiye-NF-1002.jpg,test/attack/digital_3/iphone15pro/turkiye-NF-1002.jpg,0.00060919332656527824,0.9999999908204581,0.9999999810090735,0.0008690385910363024,-7.4027655124664307,18.506288528442383,17.779304504394531,-7.0472536087036133,0,1,1,0,0,1,1,0,-0.99913095222942183,-0.99913094241803724,-0.99913094732372953,-25.553542137145996,-24.826558113098145,-25.19005012512207,1,1,1,1
8,turkiye-NF-1002,scan,train/bonafide/scan/turkiye-NF-1002.jpg,train/attack/digital_1/scan/turkiye-NF-1002.jpg,train/attack/digital_2/scan/turkiye-NF-1002.jpg,test/attack/digital_3/scan/turkiye-NF-1002.jpg,0.0016778078838532006,0.99999997597540091,0.99999995643820261,0.002112468789420046,-6.3885879516601562,17.544187545776367,16.949085235595703,-6.1577832698822021,0,1,1,0,0,1,1,0,-0.99788750718598085,-0.99788748764878255,-0.9978874974173817,-23.701970815658569,-23.106868505477905,-23.404419660568237,1,1,1,1
8,turkiye-NM-1055,huawei,train/bonafide/huawei/turkiye-NM-1055.jpg,train/attack/digital_1/huawei/turkiye-NM-1055.jpg,train/attack/digital_2/huawei/turkiye-NM-1055.jpg,test/attack/digital_3/huawei/turkiye-NM-1055.jpg,0.0018262928422153846,0.9999177856798761,0.99998496366277589,0.0027878706958991634,-6.3036391735076904,9.4060988426208496,11.105025768280029,-5.8796854019165039,0,1,1,0,0,1,1,0,-0.99712991498397696,-0.99719709296687675,-0.99716350397542686,-15.285784244537354,-16.984711170196533,-16.135247707366943,1,1,1,1
8,turkiye-NM-1055,iphone15pro,train/bonafide/iphone15pro/turkiye-NM-1055.jpg,train/attack/digital_1/iphone15pro/turkiye-NM-1055.jpg,train/attack/digital_2/iphone15pro/turkiye-NM-1055.jpg,test/attack/digital_3/iphone15pro/turkiye-NM-1055.jpg,0.00058467568718243411,0.99999307887740307,0.99996891713598224,0.00076084480319562893,-7.4438683986663818,11.88092565536499,10.378822803497314,-7.1803200244903564,0,1,1,0,0,1,1,0,-0.99923223407420747,-0.99920807233278663,-0.99922015320349711,-19.061245679855347,-17.559142827987671,-18.310194253921509,1,1,1,1
8,turkiye-NM-1055,scan,train/bonafide/scan/turkiye-NM-1055.jpg,train/attack/digital_1/scan/turkiye-NM-1055.jpg,train/attack/digital_2/scan/turkiye-NM-1055.jpg,test/attack/digital_3/scan/turkiye-NM-1055.jpg,0.0046394386021078628,0.99999954872819874,0.99999737440567671,0.0064915778154202445,-5.3685116767883301,14.61119556427002,12.850200653076172,-5.0307369232177734,0,1,1,0,0,1,1,0,-0.99350797091277854,-0.99350579659025651,-0.99350688375151752,-19.641932487487793,-17.880937576293945,-18.761435031890869,1,1,1,1
8,ukraine-025_03,huawei,train/bonafide/huawei/ukraine-025_03.jpg,train/attack/digital_1/huawei/ukraine-025_03.jpg,train/attack/digital_2/huawei/ukraine-025_03.jpg,test/attack/digital_3/huawei/ukraine-025_03.jpg,0.0016257803391231127,0.99998479086086434,0.9996858776144788,0.0013265227954182869,-6.420140266418457,11.09359884262085,8.0654137134552002,-6.6238667964935303,0,1,1,0,0,1,1,0,-0.998658268065446,-0.99835935481906046,-0.99850881144225323,-17.71746563911438,-14.68928050994873,-16.203373074531555,1,0,1,1
8,ukraine-025_03,iphone15pro,train/bonafide/iphone15pro/ukraine-025_03.jpg,train/attack/digital_1/iphone15pro/ukraine-025_03.jpg,train/attack/digital_2/iphone15pro/ukraine-025_03.jpg,test/attack/digital_3/iphone15pro/ukraine-025_03.jpg,0.00023219272729636402,0.99999854912212316,0.99993888735578185,0.00018826051181543494,-8.3677105903625488,13.443340301513672,9.702730655670166,-8.5774955749511719,0,1,1,0,0,1,1,0,-0.99981028861030774,-0.99975062684396643,-0.99978045772713708,-22.020835876464844,-18.280226230621338,-20.150531053543091,1,0,1,1
8,ukraine-025_03,scan,train/bonafide/scan/ukraine-025_03.jpg,train/attack/digital_1/scan/ukraine-025_03.jpg,train/attack/digital_2/scan/ukraine-025_03.jpg,test/attack/digital_3/scan/ukraine-025_03.jpg,0.0021986873173671945,0.99985370164801834,0.99993432736619181,0.0025128645150825123,-6.1176936626434326,8.8297162055969238,9.6307625770568848,-5.9838159084320068,0,1,1,0,0,1,1,0,-0.99734083713293586,-0.99742146285110933,-0.99738114999202265,-14.813532114028931,-15.614578485488892,-15.214055299758911,1,1,1,1
8,ukraine-NF-1068,huawei,train/bonafide/huawei/ukraine-NF-1068.jpg,train/attack/digital_1/huawei/ukraine-NF-1068.jpg,train/attack/digital_2/huawei/ukraine-NF-1068.jpg,test/attack/digital_3/huawei/ukraine-NF-1068.jpg,0.0018615239392890241,0.99996299974807989,0.99994807071771574,0.0027396394272144434,-6.284496545791626,10.204548835754395,9.8655757904052734,-5.8971855640411377,0,1,1,0,0,1,1,0,-0.99722336032086545,-0.9972084312905013,-0.99721589580568337,-16.101734399795532,-15.762761354446411,-15.932247877120972,1,1,1,1
8,ukraine-NF-1068,iphone15pro,train/bonafide/iphone15pro/ukraine-NF-1068.jpg,train/attack/digital_1/iphone15pro/ukraine-NF-1068.jpg,train/attack/digital_2/iphone15pro/ukraine-NF-1068.jpg,test/attack/digital_3/iphone15pro/ukraine-NF-1068.jpg,0.0011389503695359183,0.9999929188120279,0.99986524059479687,0.0012366036803516938,-6.7765085697174072,11.858061790466309,8.9118847846984863,-6.6941492557525635,0,1,1,0,0,1,1,0,-0.99875631513167618,-0.99862863691444514,-0.99869247602306066,-18.552211046218872,-15.60603404045105,-17.079122543334961,1,1,1,1
8,ukraine-NF-1068,scan,train/bonafide/scan/ukraine-NF-1068.jpg,train/attack/digital_1/scan/ukraine-NF-1068.jpg,train/attack/digital_2/scan/ukraine-NF-1068.jpg,test/attack/digital_3/scan/ukraine-NF-1068.jpg,0.01588870584761394,0.99998947583347808,0.99997869704150621,0.01512577818944582,-4.1261304616928101,11.461825847625732,10.756643295288086,-4.176113486289978,0,1,1,0,1,1,1,1,-0.98486369764403225,-0.98485291885206039,-0.98485830824804632,-15.63793933391571,-14.932756781578064,-15.285348057746887,1,0,1,0
8,ukraine-NF-1073,huawei,train/bonafide/huawei/ukraine-NF-1073.jpg,train/attack/digital_1/huawei/ukraine-NF-1073.jpg,train/attack/digital_2/huawei/ukraine-NF-1073.jpg,test/attack/digital_3/huawei/ukraine-NF-1073.jpg,1.72075644097004e-05,0.99984836395388599,0.99988455757763861,2.4695583344840047e-05,-10.970144271850586,8.7938756942749023,9.0666232109069824,-10.608861446380615,0,1,1,0,0,1,1,0,-0.99982366837054115,-0.99985986199429377,-0.99984176518241752,-19.402737140655518,-19.675484657287598,-19.539110898971558,1,1,1,1
8,ukraine-NF-1073,iphone15pro,train/bonafide/iphone15pro/ukraine-NF-1073.jpg,train/attack/digital_1/iphone15pro/ukraine-NF-1073.jpg,train/attack/digital_2/iphone15pro/ukraine-NF-1073.jpg,test/attack/digital_3/iphone15pro/ukraine-NF-1073.jpg,0.00023748629974861655,0.99999943819949066,0.9999888072196661,0.00025781836297858891,-8.345163106918335,14.392118453979492,11.400230407714844,-8.2629973888397217,0,1,1,0,0,1,1,0,-0.99974161983651211,-0.99973098885668754,-0.99973630434659977,-22.655115842819214,-19.663227796554565,-21.15917181968689,1,1,1,1
8,ukraine-NF-1073,scan,train/bonafide/scan/ukraine-NF-1073.jpg,train/attack/digital_1/scan/ukraine-NF-1073.jpg,train/attack/digital_2/scan/ukraine-NF-1073.jpg,test/attack/digital_3/scan/ukraine-NF-1073.jpg,0.0012584430994270793,0.99845034275081634,0.99946654225089659,0.001271063678932417,-6.6766207218170166,6.4681706428527832,7.5355970859527588,-6.6666293144226074,0,1,1,0,0,1,1,0,-0.99717927907188397,-0.99819547857196422,-0.99768737882192404,-13.134799957275391,-14.202226400375366,-13.668513178825378,1,1,1,1
8,ukraine-NF-1106,huawei,train/bonafide/huawei/ukraine-NF-1106.jpg,train/attack/digital_1/huawei/ukraine-NF-1106.jpg,train/attack/digital_2/huawei/ukraine-NF-1106.jpg,test/attack/digital_3/huawei/ukraine-NF-1106.jpg,0.00025055174586586365,0.99996337785641909,0.9999987100440082,0.00031601973325625358,-8.2915945053100586,10.214820861816406,13.560901165008545,-8.0593898296356201,0,1,1,0,0,1,1,0,-0.99964735812316285,-0.99968269031075196,-0.99966502421695747,-18.274210691452026,-21.620290994644165,-19.947250843048096,1,1,1,1
8,ukraine-NF-1106,iphone15pro,train/bonafide/iphone15pro/ukraine-NF-1106.jpg,train/attack/digital_1/iphone15pro/ukraine-NF-1106.jpg,train/attack/digital_2/iphone15pro/ukraine-NF-1106.jpg,test/attack/digital_3/iphone15pro/ukraine-NF-1106.jpg,6.4856529439734042e-05,0.99998930893640015,0.99990451194809293,7.9077467072303904e-05,-9.6432681083679199,11.446091651916504,9.2564139366149902,-9.4450035095214844,0,1,1,0,0,1,1,0,-0.99991023146932789,-0.99982543448102068,-0.99986783297517423,-20.891095161437988,-18.701417446136475,-19.796256303787231,1,1,1,1
8,ukraine-NF-1106,scan,train/bonafide/scan/ukraine-NF-1106.jpg,train/attack/digital_1/scan/ukraine-NF-1106.jpg,train/attack/digital_2/scan/ukraine-NF-1106.jpg,test/attack/digital_3/scan/ukraine-NF-1106.jpg,0.0012948187050331021,0.9998971155669466,0.99999112627225328,0.0016360935310950075,-6.6480889320373535,9.1818013191223145,11.632406711578369,-6.4138064384460449,0,1,1,0,0,1,1,0,-0.99826102203585154,-0.99835503274115822,-0.99830802738850488,-15.595607757568359,-18.046213150024414,-16.820910453796387,1,1,1,1
8,usa-034_03,huawei,train/bonafide/huawei/usa-034_03.jpg,train/attack/digital_1/huawei/usa-034_03.jpg,train/attack/digital_2/huawei/usa-034_03.jpg,test/attack/digital_3/huawei/usa-034_03.jpg,7.0570396393746425e-06,0.9998880648961801,0.99999997921617401,5.9062301597915973e-06,-11.861477851867676,9.0974793434143066,17.689090728759766,-12.039496898651123,0,1,1,0,0,1,1,0,-0.99988215866602026,-0.99999407298601417,-0.99993811582601722,-21.13697624206543,-29.728587627410889,-25.432781934738159,1,0,1,1
8,usa-034_03,iphone15pro,train/bonafide/iphone15pro/usa-034_03.jpg,train/attack/digital_1/iphone15pro/usa-034_03.jpg,train/attack/digital_2/iphone15pro/usa-034_03.jpg,test/attack/digital_3/iphone15pro/usa-034_03.jpg,1.3181854002618639e-05,0.99999088993009566,0.99999999219125957,1.5086292989838438e-05,-11.236656188964844,11.606121063232422,18.668022155761719,-11.101708889007568,0,1,1,0,0,1,1,0,-0.99997580363710581,-0.99998490589826972,-0.99998035476768776,-22.70782995223999,-29.769731044769287,-26.238780498504639,1,1,1,1
8,usa-034_03,scan,train/bonafide/scan/usa-034_03.jpg,train/attack/digital_1/scan/usa-034_03.jpg,train/attack/digital_2/scan/usa-034_03.jpg,test/attack/digital_3/scan/usa-034_03.jpg,0.00015782690913106591,0.99999651888466212,0.9999998252605099,0.00017079231380513771,-8.7538537979125977,12.568154335021973,15.559969425201416,-8.674891471862793,0,1,1,0,0,1,1,0,-0.999825726570857,-0.99982903294670478,-0.99982737975878089,-21.243045806884766,-24.234860897064209,-22.738953351974487,1,1,1,1
8,usa-067_03,huawei,train/bonafide/huawei/usa-067_03.jpg,train/attack/digital_1/huawei/usa-067_03.jpg,train/attack/digital_2/huawei/usa-067_03.jpg,test/attack/digital_3/huawei/usa-067_03.jpg,0.00012304161987782935,0.99791151053927729,0.999985337067822,0.00015080757840006182,-9.0028648376464844,6.1692235469818115,11.130173206329346,-8.7993550300598145,0,1,1,0,0,1,1,0,-0.99776070296087727,-0.99983452948942197,-0.99879761622514962,-14.968578577041626,-19.92952823638916,-17.449053406715393,1,1,1,1
8,usa-067_03,iphone15pro,train/bonafide/iphone15pro/usa-067_03.jpg,train/attack/digital_1/iphone15pro/usa-067_03.jpg,train/attack/digital_2/iphone15pro/usa-067_03.jpg,test/attack/digital_3/iphone15pro/usa-067_03.jpg,2.1508225133177395e-05,0.99969187585941821,0.99996083096649502,2.9768912515277543e-05,-10.747053623199463,8.0846996307373047,10.147584915161133,-10.422016143798828,0,1,1,0,0,1,1,0,-0.99966210694690294,-0.99993106205397975,-0.99979658450044129,-18.506715774536133,-20.569601058959961,-19.538158416748047,1,1,1,1
8,usa-067_03,scan,train/bonafide/scan/usa-067_03.jpg,train/attack/digital_1/scan/usa-067_03.jpg,train/attack/digital_2/scan/usa-067_03.jpg,test/attack/digital_3/scan/usa-067_03.jpg,0.00013088076274395341,0.99999319424137678,0.99999842811967998,0.00014023659961850924,-8.9410929679870605,11.897734642028809,13.363236427307129,-8.8720393180847168,0,1,1,0,0,1,1,0,-0.9998529576417583,-0.9998581915200615,-0.9998555745809099,-20.769773960113525,-22.235275745391846,-21.502524852752686,1,1,1,1
8,usa-NF-1036,huawei,train/bonafide/huawei/usa-NF-1036.jpg,train/attack/digital_1/huawei/usa-NF-1036.jpg,train/attack/digital_2/huawei/usa-NF-1036.jpg,test/attack/digital_3/huawei/usa-NF-1036.jpg,0.055393966044003533,0.99999176827828462,0.99999998622808683,0.071274170299056694,-2.8362972736358643,11.707507133483887,18.100634574890137,-2.567279577255249,0,1,1,0,1,1,1,1,-0.92871759797922793,-0.92872581592903014,-0.92872170695412903,-14.274786710739136,-20.667914152145386,-17.471350431442261,1,1,1,0
8,usa-NF-1036,iphone15pro,train/bonafide/iphone15pro/usa-NF-1036.jpg,train/attack/digital_1/iphone15pro/usa-NF-1036.jpg,train/attack/digital_2/iphone15pro/usa-NF-1036.jpg,test/attack/digital_3/iphone15pro/usa-NF-1036.jpg,9.8295485397910254e-05,0.99999980810067624,0.99999994356956112,8.244152085671959e-05,-9.2274341583251953,15.466294765472412,16.69025707244873,-9.4033389091491699,0,1,1,0,0,1,1,0,-0.99991736657981956,-0.99991750204870444,-0.99991743431426205,-24.869633674621582,-26.0935959815979,-25.481614828109741,1,0,1,1
8,usa-NF-1036,scan,train/bonafide/scan/usa-NF-1036.jpg,train/attack/digital_1/scan/usa-NF-1036.jpg,train/attack/digital_2/scan/usa-NF-1036.jpg,test/attack/digital_3/scan/usa-NF-1036.jpg,0.0014420819132176582,0.99999480743588198,0.99999994282755,0.0011405686356580568,-6.5402243137359619,12.168277740478516,16.677193641662598,-6.7750871181488037,0,1,1,0,0,1,1,0,-0.99885423880022395,-0.99885937419189197,-0.9988568064960579,-18.943364858627319,-23.452280759811401,-21.19782280921936,1,0,1,1
8,usa-NF-1065,huawei,train/bonafide/huawei/usa-NF-1065.jpg,train/attack/digital_1/huawei/usa-NF-1065.jpg,train/attack/digital_2/huawei/usa-NF-1065.jpg,test/attack/digital_3/huawei/usa-NF-1065.jpg,0.00037759895875922998,0.99999082633919933,0.99999999761094593,0.00044986733786776107,-7.8813002109527588,11.599164962768555,19.852368354797363,-7.7061078548431396,0,1,1,0,0,1,1,0,-0.99954095900133155,-0.99955013027307815,-0.99954554463720491,-19.305272817611694,-27.558476209640503,-23.431874513626099,1,1,1,1
8,usa-NF-1065,iphone15pro,train/bonafide/iphone15pro/usa-NF-1065.jpg,train/attack/digital_1/iphone15pro/usa-NF-1065.jpg,train/attack/digital_2/iphone15pro/usa-NF-1065.jpg,test/attack/digital_3/iphone15pro/usa-NF-1065.jpg,4.1907664160070945e-05,0.99999997906177263,0.99999999513248006,3.1841213147148574e-05,-10.079999923706055,17.681689262390137,19.140681266784668,-10.354717254638672,0,1,1,0,0,1,1,0,-0.99996813784862548,-0.99996815391933291,-0.9999681458839792,-28.036406517028809,-29.49539852142334,-28.765902519226074,1,0,1,1
8,usa-NF-1065,scan,train/bonafide/scan/usa-NF-1065.jpg,train/attack/digital_1/scan/usa-NF-1065.jpg,train/attack/digital_2/scan/usa-NF-1065.jpg,test/attack/digital_3/scan/usa-NF-1065.jpg,0.0011144889183760834,0.9999998869187513,0.99999995866323432,0.0010645087594050942,-6.7982442378997803,15.995159149169922,17.001513481140137,-6.8441767692565918,0,1,1,0,0,1,1,0,-0.99893537815934619,-0.99893544990382921,-0.9989354140315877,-22.839335918426514,-23.845690250396729,-23.342513084411621,1,0,1,1
8,usa-NF-1076,huawei,train/bonafide/huawei/usa-NF-1076.jpg,train/attack/digital_1/huawei/usa-NF-1076.jpg,train/attack/digital_2/huawei/usa-NF-1076.jpg,test/attack/digital_3/huawei/usa-NF-1076.jpg,1.0092206505819658e-05,0.9991486467967019,0.99999985276749259,1.6364762339976717e-05,-11.503736972808838,7.0678317546844482,15.731252670288086,-11.020363807678223,0,1,1,0,0,1,1,0,-0.99913228203436188,-0.99998348800515258,-0.99955788501975718,-18.088195562362671,-26.751616477966309,-22.41990602016449,1,1,1,1
8,usa-NF-1076,iphone15pro,train/bonafide/iphone15pro/usa-NF-1076.jpg,train/attack/digital_1/iphone15pro/usa-NF-1076.jpg,train/attack/digital_2/iphone15pro/usa-NF-1076.jpg,test/attack/digital_3/iphone15pro/usa-NF-1076.jpg,3.4538365210838332e-07,0.99999529353230732,0.99999683171600873,3.7095482621008636e-07,-14.878609657287598,12.266568183898926,12.662317276000977,-14.807185173034668,0,1,1,0,0,1,1,0,-0.99999492257748113,-0.99999646076118254,-0.99999569166933178,-27.073753356933594,-27.469502449035645,-27.271627902984619,1,1,1,1
8,usa-NF-1076,scan,train/bonafide/scan/usa-NF-1076.jpg,train/attack/digital_1/scan/usa-NF-1076.jpg,train/attack/digital_2/scan/usa-NF-1076.jpg,test/attack/digital_3/scan/usa-NF-1076.jpg,1.8593592669830784e-05,0.99999951750432803,0.9999960787483132,1.9333875678052947e-05,-10.892674922943115,14.544293403625488,12.449095726013184,-10.85363245010376,0,1,1,0,0,1,1,0,-0.99998018362864993,-0.9999767448726351,-0.99997846425064252,-25.397925853729248,-23.302728176116943,-24.350327014923096,1,1,1,1
8,usa-NM-1038,huawei,train/bonafide/huawei/usa-NM-1038.jpg,train/attack/digital_1/huawei/usa-NM-1038.jpg,train/attack/digital_2/huawei/usa-NM-1038.jpg,test/attack/digital_3/huawei/usa-NM-1038.jpg,1.5212047534754139e-05,0.99381722909121994,0.999999818486211,1.5299361629641729e-05,-11.09340763092041,5.0797867774963379,15.521934032440186,-11.087684154510498,0,1,1,0,0,1,1,0,-0.99380192972959025,-0.99998451912458131,-0.99689322442708572,-16.167470932006836,-26.609618186950684,-21.38854455947876,1,1,1,1
8,usa-NM-1038,iphone15pro,train/bonafide/iphone15pro/usa-NM-1038.jpg,train/attack/digital_1/iphone15pro/usa-NM-1038.jpg,train/attack/digital_2/iphone15pro/usa-NM-1038.jpg,test/attack/digital_3/iphone15pro/usa-NM-1038.jpg,6.7655592442426945e-06,0.99999798213718394,0.99999990320667398,5.0470671999627347e-06,-11.903658866882324,13.11346960067749,16.150687694549561,-12.196698188781738,0,1,1,0,0,1,1,0,-0.99999293506998399,-0.99999485613947403,-0.99999389560472896,-25.310167789459229,-28.347385883331299,-26.828776836395264,1,0,1,1
8,usa-NM-1038,scan,train/bonafide/scan/usa-NM-1038.jpg,train/attack/digital_1/scan/usa-NM-1038.jpg,train/attack/digital_2/scan/usa-NM-1038.jpg,test/attack/digital_3/scan/usa-NM-1038.jpg,0.00027889187295841885,0.99999366252139632,0.99999998409928192,0.00020964418317686388,-8.1844074726104736,11.96902322769165,17.956901550292969,-8.4698891639709473,0,1,1,0,0,1,1,0,-0.9997840183382195,-0.99979033991610511,-0.99978717912716231,-20.438912391662598,-26.426790714263916,-23.432851552963257,1,0,1,1
9,arabic-024_03,huawei,train/bonafide/huawei/arabic-024_03.jpg,train/attack/digital_1/huawei/arabic-024_03.jpg,train/attack/digital_2/huawei/arabic-024_03.jpg,test/attack/digital_3/huawei/arabic-024_03.jpg,0.0017542908009297949,0.97835460091954052,0.99873784226123397,0.0020354179206853373,-6.3439347743988037,3.8110792636871338,6.6736695766448975,-6.195016622543335,0,1,1,0,0,1,1,0,-0.97631918299885523,-0.99670242434054868,-0.98651080366970201,-10.006095886230469,-12.868686199188232,-11.437391042709351,1,1,1,1
9,arabic-024_03,iphone15pro,train/bonafide/iphone15pro/arabic-024_03.jpg,train/attack/digital_1/iphone15pro/arabic-024_03.jpg,train/attack/digital_2/iphone15pro/arabic-024_03.jpg,test/attack/digital_3/iphone15pro/arabic-024_03.jpg,0.011735331004839953,0.14144158540803792,0.98750575043658129,0.013436270352938946,-4.4333465099334717,-1.8033679127693176,4.3699138164520264,-4.2962701320648193,0,0,1,0,0,1,1,0,-0.12800531505509896,-0.97406948008364236,-0.55103739756937065,-2.4929022192955017,-8.6661839485168457,-5.5795430839061737,1,1,0,1
9,arabic-024_03,scan,train/bonafide/scan/arabic-024_03.jpg,train/attack/digital_1/scan/arabic-024_03.jpg,train/attack/digital_2/scan/arabic-024_03.jpg,test/attack/digital_3/scan/arabic-024_03.jpg,0.0021662665247886657,0.99986360842352295,0.99974850761591272,0.0022068993817301779,-6.1325814723968506,8.8998441696166992,8.2878463268280029,-6.113957405090332,0,1,1,0,0,1,1,0,-0.99765670904179282,-0.99754160823418259,-0.99759915863798776,-15.013801574707031,-14.401803731918335,-14.707802653312683,1,1,1,1
9,arabic-120_03,huawei,train/bonafide/huawei/arabic-120_03.jpg,train/attack/digital_1/huawei/arabic-120_03.jpg,train/attack/digital_2/huawei/arabic-120_03.jpg,test/attack/digital_3/huawei/arabic-120_03.jpg,0.0015483124737473188,0.99978110660079678,0.99952554432685126,0.001889518423703286,-6.4690401554107666,8.4267067909240723,7.6528677940368652,-6.2695419788360596,0,1,1,0,0,1,1,0,-0.99789158817709345,-0.99763602590314793,-0.99776380704012069,-14.696248769760132,-13.922409772872925,-14.309329271316528,1,1,1,1
9,arabic-120_03,iphone15pro,train/bonafide/iphone15pro/arabic-120_03.jpg,train/attack/digital_1/iphone15pro/arabic-120_03.jpg,train/attack/digital_2/iphone15pro/arabic-120_03.jpg,test/attack/digital_3/iphone15pro/arabic-120_03.jpg,0.00071503564392983213,0.99951932365222795,0.99222029749172536,0.0007626117937193736,-7.2424628734588623,7.6398355960845947,4.8484270572662354,-7.1779985427856445,0,1,1,0,0,1,1,0,-0.99875671185850856,-0.99145768569800596,-0.99510719877825726,-14.817834138870239,-12.02642560005188,-13.42212986946106,1,1,1,1
9,arabic-120_03,scan,train/bonafide/scan/arabic-120_03.jpg,train/attack/digital_1/scan/arabic-120_03.jpg,train/attack/digital_2/scan/arabic-120_03.jpg,test/attack/digital_3/scan/arabic-120_03.jpg,0.0010734407782377144,0.99999616667480606,0.99960292810076246,0.0011938696966037757,-6.8358120918273926,12.471774101257324,7.830996036529541,-6.729360818862915,0,1,1,0,0,1,1,0,-0.99880229697820233,-0.99840905840415872,-0.99860567769118058,-19.201134920120239,-14.560356855392456,-16.880745887756348,1,1,1,1
9,arabic-NF-1048,huawei,train/bonafide/huawei/arabic-NF-1048.jpg,train/attack/digital_1/huawei/arabic-NF-1048.jpg,train/attack/digital_2/huawei/arabic-NF-1048.jpg,test/attack/digital_3/huawei/arabic-NF-1048.jpg,0.0085809206646479484,0.99998168660207554,0.999922782463048,0.010037328164116201,-4.749596118927002,10.907859325408936,9.4688067436218262,-4.5913562774658203,0,1,1,0,0,1,1,0,-0.98994435843795936,-0.98988545429893182,-0.98991490636844559,-15.499215602874756,-14.060163021087646,-14.779689311981201,1,1,1,1
9,arabic-NF-1048,iphone15pro,train/bonafide/iphone15pro/arabic-NF-1048.jpg,train/attack/digital_1/iphone15pro/arabic-NF-1048.jpg,train/attack/digital_2/iphone15pro/arabic-NF-1048.jpg,test/attack/digital_3/iphone15pro/arabic-NF-1048.jpg,0.0014386852965056741,0.99990614390421051,0.99479501886764243,0.0016698326900165808,-6.5425858497619629,9.2736539840698242,5.2529206275939941,-6.3933606147766113,0,1,1,0,0,1,1,0,-0.99823631121419398,-0.99312518617762591,-0.99568074869590995,-15.667014598846436,-11.646281242370605,-13.656647920608521,1,1,1,1
9,arabic-NF-1048,scan,train/bonafide/scan/arabic-NF-1048.jpg,train/attack/digital_1/scan/arabic-NF-1048.jpg,train/attack/digital_2/scan/arabic-NF-1048.jpg,test/attack/digital_3/scan/arabic-NF-1048.jpg,0.0093787158107174091,0.99999983418238081,0.99990278484924622,0.010842350871244395,-4.6598894596099854,15.612377166748047,9.2384867668151855,-4.5133938789367676,0,1,1,0,0,1,1,0,-0.9891574833111364,-0.98906043397800181,-0.98910895864456905,-20.125771045684814,-13.751880645751953,-16.938825845718384,1,1,1,1
9,arabic-NF-1098,huawei,train/bonafide/huawei/arabic-NF-1098.jpg,train/attack/digital_1/huawei/arabic-NF-1098.jpg,train/attack/digital_2/huawei/arabic-NF-1098.jpg,test/attack/digital_3/huawei/arabic-NF-1098.jpg,0.0024366984841878644,0.9999890248200114,0.99999990673749695,0.0027280574178277996,-6.0146715641021729,11.419863224029541,16.18784761428833,-5.9014337062835693,0,1,1,0,0,1,1,0,-0.99726096740218362,-0.99727184931966917,-0.99726640836092639,-17.32129693031311,-22.089281320571899,-19.705289125442505,1,1,1,1
9,arabic-NF-1098,iphone15pro,train/bonafide/iphone15pro/arabic-NF-1098.jpg,train/attack/digital_1/iphone15pro/arabic-NF-1098.jpg,train/attack/digital_2/iphone15pro/arabic-NF-1098.jpg,test/attack/digital_3/iphone15pro/arabic-NF-1098.jpg,0.00029987454128180496,0.99988758199033934,0.9999990368176257,0.00035382587121577535,-8.1118464469909668,9.0931739807128906,13.85302209854126,-7.9463517665863037,0,1,1,0,0,1,1,0,-0.99953375611912354,-0.9996452109464099,-0.99958948353276666,-17.039525747299194,-21.799373865127563,-19.419449806213379,1,1,1,1
9,arabic-NF-1098,scan,train/bonafide/scan/arabic-NF-1098.jpg,train/attack/digital_1/scan/arabic-NF-1098.jpg,train/attack/digital_2/scan/arabic-NF-1098.jpg,test/attack/digital_3/scan/arabic-NF-1098.jpg,0.00026411506149616698,0.99999983921330193,0.99999991909733554,0.00029749032390203131,-8.2388615608215332,15.643187046051025,16.330018997192383,-8.1198313236236572,0,1,1,0,0,1,1,0,-0.99970234888939991,-0.99970242877343352,-0.99970238883141671,-23.763018369674683,-24.44985032081604,-24.106434345245361,1,1,1,1
9,arabic-NM-1090,huawei,train/bonafide/huawei/arabic-NM-1090.jpg,train/attack/digital_1/huawei/arabic-NM-1090.jpg,train/attack/digital_2/huawei/arabic-NM-1090.jpg,test/attack/digital_3/huawei/arabic-NM-1090.jpg,0.001920434846277054,0.99857710384291054,0.99871670157257142,0.0018707427970165536,-6.2532813549041748,6.5536370277404785,6.6570374965667725,-6.2795472145080566,0,1,1,0,0,1,1,0,-0.99670636104589394,-0.99684595877555482,-0.99677615991072432,-12.833184242248535,-12.936584711074829,-12.884884476661682,1,0,1,1
9,arabic-NM-1090,iphone15pro,train/bonafide/iphone15pro/arabic-NM-1090.jpg,train/attack/digital_1/iphone15pro/arabic-NM-1090.jpg,train/attack/digital_2/iphone15pro/arabic-NM-1090.jpg,test/attack/digital_3/iphone15pro/arabic-NM-1090.jpg,0.0010281234642210389,0.98710391782761053,0.87139682393127493,0.0011433297527669343,-6.8789913654327393,4.3378517627716064,1.9133659601211548,-6.7726664543151855,0,1,1,0,0,1,1,0,-0.98596058807484355,-0.87025349417850795,-0.92810704112667575,-11.110518217086792,-8.6860324144363403,-9.8982753157615662,1,1,1,1
9,arabic-NM-1090,scan,train/bonafide/scan/arabic-NM-1090.jpg,train/attack/digital_1/scan/arabic-NM-1090.jpg,train/attack/digital_2/scan/arabic-NM-1090.jpg,test/attack/digital_3/scan/arabic-NM-1090.jpg,0.0006352451253261454,0.9999831416529732,0.99884694280764008,0.00062685341649796461,-7.3608641624450684,10.990647792816162,6.7641847133636475,-7.3741707801818848,0,1,1,0,0,1,1,0,-0.99935628823647527,-0.99822008939114215,-0.99878818881380871,-18.364818572998047,-14.138355493545532,-16.25158703327179,1,0,1,1
9,chinese-001_03,huawei,train/bonafide/huawei/chinese-001_03.jpg,train/attack/digital_1/huawei/chinese-001_03.jpg,train/attack/digital_2/huawei/chinese-001_03.jpg,test/attack/digital_3/huawei/chinese-001_03.jpg,6.7495211751295579e-05,0.66609033122811145,0.99971215130357893,7.5239849251463426e-05,-9.603386402130127,0.69055479019880295,8.1527876853942871,-9.4947543144226074,0,1,1,0,0,1,1,0,-0.66601509137885995,-0.99963691145432743,-0.83282600141659369,-10.18530910462141,-17.647541999816895,-13.916425552219152,1,1,1,1
9,chinese-001_03,iphone15pro,train/bonafide/iphone15pro/chinese-001_03.jpg,train/attack/digital_1/iphone15pro/chinese-001_03.jpg,train/attack/digital_2/iphone15pro/chinese-001_03.jpg,test/attack/digital_3/iphone15pro/chinese-001_03.jpg,0.00014145855506113569,0.93521854964333617,0.99960255128787723,0.00016022458667860347,-8.8633623123168945,2.6697609424591064,7.8300471305847168,-8.7387738227844238,0,1,1,0,0,1,1,0,-0.93505832505665754,-0.99944232670119859,-0.96725032587892812,-11.40853476524353,-16.568820953369141,-13.988677859306335,1,1,1,1
9,chinese-001_03,scan,train/bonafide/scan/chinese-001_03.jpg,train/attack/digital_1/scan/chinese-001_03.jpg,train/attack/digital_2/scan/chinese-001_03.jpg,test/attack/digital_3/scan/chinese-001_03.jpg,0.00014653101446213636,0.97607286588984721,0.99945519559510498,0.00015460532786528336,-8.8281269073486328,3.7085241079330444,7.5145387649536133,-8.7744803428649902,0,1,1,0,0,1,1,0,-0.97591826056198194,-0.99930059026723972,-0.98760942541461083,-12.483004450798035,-16.289019107818604,-14.386011779308319,1,1,1,1
9,chinese-113_03,huawei,train/bonafide/huawei/chinese-113_03.jpg,train/attack/digital_1/huawei/chinese-113_03.jpg,train/attack/digital_2/huawei/chinese-113_03.jpg,test/attack/digital_3/huawei/chinese-113_03.jpg,0.011463512336362308,0.99980315160562083,0.99923946581567469,0.014271267706369923,-4.4570564031600952,8.5328798294067383,7.1807286739349365,-4.2351329326629639,0,1,1,0,0,1,1,0,-0.98553188389925095,-0.9849681981093048,-0.98525004100427793,-12.768012762069702,-11.4158616065979,-12.091937184333801,1,1,1,1
9,chinese-113_03,iphone15pro,train/bonafide/iphone15pro/chinese-113_03.jpg,train/attack/digital_1/iphone15pro/chinese-113_03.jpg,train/attack/digital_2/iphone15pro/chinese-113_03.jpg,test/attack/digital_3/iphone15pro/chinese-113_03.jpg,0.00088294025908268556,0.99995912361013994,0.99996784778075753,0.00092049909770059455,-7.031369686126709,10.104917049407959,10.344996929168701,-6.9896736145019531,0,1,1,0,0,1,1,0,-0.9990386245124393,-0.99904734868305689,-0.99904298659774804,-17.094590663909912,-17.334670543670654,-17.214630603790283,1,1,1,1
9,chinese-113_03,scan,train/bonafide/scan/chinese-113_03.jpg,train/attack/digital_1/scan/chinese-113_03.jpg,train/attack/digital_2/scan/chinese-113_03.jpg,test/attack/digital_3/scan/chinese-113_03.jpg,0.0024928759597705645,0.99994909679725874,0.9997186841686091,0.002580691815709401,-5.9918222427368164,9.8855338096618652,8.1757512092590332,-5.9571137428283691,0,1,1,0,0,1,1,0,-0.99736840498154933,-0.99713799235289968,-0.99725319866722451,-15.842647552490234,-14.132864952087402,-14.987756252288818,1,1,1,1
9,chinese-142_03,huawei,train/bonafide/huawei/chinese-142_03.jpg,train/attack/digital_1/huawei/chinese-142_03.jpg,train/attack/digital_2/huawei/chinese-142_03.jpg,test/attack/digital_3/huawei/chinese-142_03.jpg,0.00020007030920936766,0.99939930904918983,0.99993563038746991,0.00027493112657884887,-8.5166416168212891,7.4168291091918945,9.6508045196533203,-8.1987149715423584,0,1,1,0,0,1,1,0,-0.999124377922611,-0.99966069926089107,-0.99939253859175103,-15.615544080734253,-17.849519491195679,-16.732531785964966,1,1,1,1
9,chinese-142_03,iphone15pro,train/bonafide/iphone15pro/chinese-142_03.jpg,train/attack/digital_1/iphone15pro/chinese-142_03.jpg,train/attack/digital_2/iphone15pro/chinese-142_03.jpg,test/attack/digital_3/iphone15pro/chinese-142_03.jpg,9.589781461394697e-05,0.9901229615535162,0.99988689652121443,0.00010608593481158873,-9.252131462097168,4.6076164245605469,9.0870943069458008,-9.1511549949645996,0,1,1,0,0,1,1,0,-0.99001687561870466,-0.99978081058640289,-0.99489884310255372,-13.758771419525146,-18.2382493019104,-15.998510360717773,1,1,1,1
9,chinese-142_03,scan,train/bonafide/scan/chinese-142_03.jpg,train/attack/digital_1/scan/chinese-142_03.jpg,train/attack/digital_2/scan/chinese-142_03.jpg,test/attack/digital_3/scan/chinese-142_03.jpg,7.6487643462441494e-05,0.99931755630366348,0.99951510134638766,7.6134017669849213e-05,-9.4783048629760742,7.2891478538513184,7.6310856342315674,-9.4829392433166504,0,1,1,0,0,1,1,0,-0.99924142228599366,-0.99943896732871784,-0.9993401948073557,-16.772087097167969,-17.114024877548218,-16.943055987358093,1,0,1,1
9,chinese-NF-1050,huawei,train/bonafide/huawei/chinese-NF-1050.jpg,train/attack/digital_1/huawei/chinese-NF-1050.jpg,train/attack/digital_2/huawei/chinese-NF-1050.jpg,test/attack/digital_3/huawei/chinese-NF-1050.jpg,3.3279540229438635e-05,0.9996675071666542,0.98691801074624264,3.9415194542733642e-05,-10.310534477233887,8.0085597038269043,4.3233505487442017,-10.141319751739502,0,1,1,0,0,1,1,0,-0.99962809197211144,-0.98687859555169988,-0.99325334376190566,-18.149879455566406,-14.464670300483704,-16.307274878025055,1,1,1,1
9,chinese-NF-1050,iphone15pro,train/bonafide/iphone15pro/chinese-NF-1050.jpg,train/attack/digital_1/iphone15pro/chinese-NF-1050.jpg,train/attack/digital_2/iphone15pro/chinese-NF-1050.jpg,test/attack/digital_3/iphone15pro/chinese-NF-1050.jpg,3.5704533556160329e-05,0.9996863485621077,0.99883382982942259,3.7653194319472751e-05,-10.24019718170166,8.0669145584106445,6.7528634071350098,-10.187055110931396,0,1,1,0,0,1,1,0,-0.99964869536778822,-0.99879617663510312,-0.99922243600144567,-18.253969669342041,-16.939918518066406,-17.596944093704224,1,1,1,1
9,chinese-NF-1050,scan,train/bonafide/scan/chinese-NF-1050.jpg,train/attack/digital_1/scan/chinese-NF-1050.jpg,train/attack/digital_2/scan/chinese-NF-1050.jpg,test/attack/digital_3/scan/chinese-NF-1050.jpg,0.00025496193305497654,0.99999786793882772,0.99989102175220856,0.00026498549975779756,-8.2741413116455078,13.058419227600098,9.1242532730102539,-8.2355704307556152,0,1,1,0,0,1,1,0,-0.99973288243906988,-0.99962603625245072,-0.9996794593457603,-21.293989658355713,-17.359823703765869,-19.326906681060791,1,1,1,1
9,chinese-NF-1085,huawei,train/bonafide/huawei/chinese-NF-1085.jpg,train/attack/digital_1/huawei/chinese-NF-1085.jpg,train/attack/digital_2/huawei/chinese-NF-1085.jpg,test/attack/digital_3/huawei/chinese-NF-1085.jpg,0.26678619871571013,0.9994000948904409,0.99992654698842187,0.28429607072098195,-1.0109897553920746,7.4181389808654785,9.5187911987304688,-0.92325037717819214,0,1,1,0,1,1,1,1,-0.71510402416945895,-0.71563047626743992,-0.71536725021844949,-8.3413893580436707,-10.442041575908661,-9.3917154669761658,1,1,1,0
9,chinese-NF-1085,iphone15pro,train/bonafide/iphone15pro/chinese-NF-1085.jpg,train/attack/digital_1/iphone15pro/chinese-NF-1085.jpg,train/attack/digital_2/iphone15pro/chinese-NF-1085.jpg,test/attack/digital_3/iphone15pro/chinese-NF-1085.jpg,6.6322632531017669e-05,0.97531411240544941,0.99986418238264818,6.4087132527665557e-05,-9.620913028717041,3.6765278577804565,8.9040617942810059,-9.6552028656005859,0,1,1,0,0,1,1,0,-0.97525002527292171,-0.99980009525012048,-0.98752506026152109,-13.331730723381042,-18.559264659881592,-15.945497691631317,1,0,1,1
9,chinese-NF-1085,scan,train/bonafide/scan/chinese-NF-1085.jpg,train/attack/digital_1/scan/chinese-NF-1085.jpg,train/attack/digital_2/scan/chinese-NF-1085.jpg,test/attack/digital_3/scan/chinese-NF-1085.jpg,0.0023092527835837534,0.99889544238024919,0.99998387235892117,0.0029768385484482767,-6.0685193538665771,6.8072052001953125,11.03495979309082,-5.8139121532440186,0,1,1,0,0,1,1,0,-0.99591860383180086,-0.99700703381047284,-0.99646281882113685,-12.621117353439331,-16.848871946334839,-14.734994649887085,1,1,1,1
9,chinese-NM-1092,huawei,train/bonafide/huawei/chinese-NM-1092.jpg,train/attack/digital_1/huawei/chinese-NM-1092.jpg,train/attack/digital_2/huawei/chinese-NM-1092.jpg,test/attack/digital_3/huawei/chinese-NM-1092.jpg,6.966598532272523e-05,0.99952273234846412,0.99987669252324562,7.0729693745856938e-05,-9.5717287063598633,7.6469557285308838,9.0007061958312988,-9.5565743446350098,0,1,1,0,0,1,1,0,-0.99945200265471823,-0.99980596282949974,-0.99962898274210898,-17.203530073165894,-18.557280540466309,-17.880405306816101,1,1,1,1
9,chinese-NM-1092,iphone15pro,train/bonafide/iphone15pro/chinese-NM-1092.jpg,train/attack/digital_1/iphone15pro/chinese-NM-1092.jpg,train/attack/digital_2/iphone15pro/chinese-NM-1092.jpg,test/attack/digital_3/iphone15pro/chinese-NM-1092.jpg,6.7032897949453025e-05,0.99903594116312722,0.99110265034345779,5.8563975279231494e-05,-9.610260009765625,6.9433937072753906,4.7130646705627441,-9.7453322410583496,0,1,1,0,0,1,1,0,-0.99897737718784796,-0.99104408636817853,-0.99501073177801325,-16.68872594833374,-14.458396911621094,-15.573561429977417,1,0,1,1
9,chinese-NM-1092,scan,train/bonafide/scan/chinese-NM-1092.jpg,train/attack/digital_1/scan/chinese-NM-1092.jpg,train/attack/digital_2/scan/chinese-NM-1092.jpg,test/attack/digital_3/scan/chinese-NM-1092.jpg,4.2941996332877706e-05,0.99990850482536509,0.99908322890754486,4.031972413544529e-05,-10.055617332458496,9.2991328239440918,6.9937355518341064,-10.118629455566406,0,1,1,0,0,1,1,0,-0.99986818510122966,-0.99904290918340943,-0.99945554714231954,-19.417762279510498,-17.112365007400513,-18.265063643455505,1,0,1,1
9,french-019_03,huawei,train/bonafide/huawei/french-019_03.jpg,train/attack/digital_1/huawei/french-019_03.jpg,train/attack/digital_2/huawei/french-019_03.jpg,test/attack/digital_3/huawei/french-019_03.jpg,0.046003961949066058,0.99991886700150656,0.99997154882896899,0.050692513086785657,-3.03193199634552,9.419339656829834,10.467292785644531,-2.9299545288085938,0,1,1,0,1,1,1,1,-0.94922635391472088,-0.94927903574218331,-0.94925269482845209,-12.349294185638428,-13.397247314453125,-12.873270750045776,1,1,1,0
9,french-019_03,iphone15pro,train/bonafide/iphone15pro/french-019_03.jpg,train/attack/digital_1/iphone15pro/french-019_03.jpg,train/attack/digital_2/iphone15pro/french-019_03.jpg,test/attack/digital_3/iphone15pro/french-019_03.jpg,0.0043196912956731028,0.99902701977472541,0.99745798714375244,0.0044391283264229265,-5.4402422904968262,6.9341733455657959,5.9722537994384766,-5.4128482341766357,0,1,1,0,0,1,1,0,-0.99458789144830251,-0.99301885881732954,-0.99380337513281602,-12.347021579742432,-11.385102033615112,-11.866061806678772,1,1,1,1
9,french-019_03,scan,train/bonafide/scan/french-019_03.jpg,train/attack/digital_1/scan/french-019_03.jpg,train/attack/digital_2/scan/french-019_03.jpg,test/attack/digital_3/scan/french-019_03.jpg,0.0052703281797436465,0.99987438873422851,0.99953831514698244,0.0047010309587544588,-5.2403783798217773,8.9821929931640625,7.6801662445068359,-5.3552613258361816,0,1,1,0,0,1,1,0,-0.99517335777547411,-0.99483728418822803,-0.99500532098185113,-14.337454319000244,-13.035427570343018,-13.686440944671631,1,0,1,1
9,french-114_03,huawei,train/bonafide/huawei/french-114_03.jpg,train/attack/digital_1/huawei/french-114_03.jpg,train/attack/digital_2/huawei/french-114_03.jpg,test/attack/digital_3/huawei/french-114_03.jpg,0.0040836632427587449,0.98511657485599402,0.99964920124800782,0.0044054699989329541,-5.496668815612793,4.1925117969512939,7.9549469947814941,-5.4204931259155273,0,1,1,0,0,1,1,0,-0.98071110485706103,-0.99524373124907484,-0.98797741805306794,-9.6130049228668213,-13.375440120697021,-11.494222521781921,1,1,1,1
9,french-114_03,iphone15pro,train/bonafide/iphone15pro/french-114_03.jpg,train/attack/digital_1/iphone15pro/french-114_03.jpg,train/attack/digital_2/iphone15pro/french-114_03.jpg,test/attack/digital_3/iphone15pro/french-114_03.jpg,0.0046428055640085827,0.96517385827029234,0.99587818029067621,0.0048266149676272447,-5.3677828311920166,3.3219399452209473,5.4873301982879639,-5.3287715911865234,0,1,1,0,0,1,1,0,-0.96034724330266508,-0.99105156532304894,-0.97569940431285707,-8.6507115364074707,-10.816101789474487,-9.733406662940979,1,1,1,1
9,french-114_03,scan,train/bonafide/scan/french-114_03.jpg,train/attack/digital_1/scan/french-114_03.jpg,train/attack/digital_2/scan/french-114_03.jpg,test/attack/digital_3/scan/french-114_03.jpg,0.0037980921016655157,0.99951628097495415,0.99986753839459364,0.0042986592743825503,-5.5694510936737061,7.6335225105285645,8.9290852546691895,-5.4451441764831543,0,1,1,0,0,1,1,0,-0.9952176217005716,-0.99556887912021108,-0.99539325041039128,-13.078666687011719,-14.374229431152344,-13.726448059082031,1,1,1,1
9,french-124_03,huawei,train/bonafide/huawei/french-124_03.jpg,train/attack/digital_1/huawei/french-124_03.jpg,train/attack/digital_2/huawei/french-124_03.jpg,test/attack/digital_3/huawei/french-124_03.jpg,0.0041846138112815873,0.99750518046196424,0.99914424207293551,0.0045499468192548471,-5.4721474647521973,5.9910409450531006,7.0626668930053711,-5.3880794048309326,0,1,1,0,0,1,1,0,-0.99295523364270943,-0.9945942952536807,-0.99377476444819501,-11.379120349884033,-12.450746297836304,-11.914933323860168,1,1,1,1
9,french-124_03,iphone15pro,train/bonafide/iphone15pro/french-124_03.jpg,train/attack/digital_1/iphone15pro/french-124_03.jpg,train/attack/digital_2/iphone15pro/french-124_03.jpg,test/attack/digital_3/iphone15pro/french-124_03.jpg,0.004697682167379506,0.98191588411141584,0.99949344579638177,0.004336999363202647,-5.3559772968292236,3.9944716691970825,7.5873725414276123,-5.4362261295318604,0,1,1,0,0,1,1,0,-0.97757888474821319,-0.99515644643317913,-0.98636766559069622,-9.4306977987289429,-13.023598670959473,-11.227148234844208,1,0,1,1
9,french-124_03,scan,train/bonafide/scan/french-124_03.jpg,train/attack/digital_1/scan/french-124_03.jpg,train/attack/digital_2/scan/french-124_03.jpg,test/attack/digital_3/scan/french-124_03.jpg,0.0048331011352224446,0.99825317112717515,0.99979204177395831,0.0047667397843141647,-5.3274221420288086,6.3482048511505127,8.4779653549194336,-5.3413145542144775,0,1,1,0,0,1,1,0,-0.99348643134286097,-0.99502530198964412,-0.99425586666625254,-11.68951940536499,-13.819279909133911,-12.754399657249451,1,0,1,1
9,french-128_03,huawei,train/bonafide/huawei/french-128_03.jpg,train/attack/digital_1/huawei/french-128_03.jpg,train/attack/digital_2/huawei/french-128_03.jpg,test/attack/digital_3/huawei/french-128_03.jpg,0.0050679312564966298,0.99755467960772515,0.99984387613203063,0.0066112607461882864,-5.2797417640686035,6.0111308097839355,8.764704704284668,-5.0123476982116699,0,1,1,0,0,1,1,0,-0.99094341886153681,-0.99323261538584229,-0.99208801712368955,-11.023478507995605,-13.777052402496338,-12.400265455245972,1,1,1,1
9,french-128_03,iphone15pro,train/bonafide/iphone15pro/french-128_03.jpg,train/attack/digital_1/iphone15pro/french-128_03.jpg,train/attack/digital_2/iphone15pro/french-128_03.jpg,test/attack/digital_3/iphone15pro/french-128_03.jpg,0.0093753007599236167,0.95030687834608529,0.9185896419868288,0.0089711307224715261,-4.66025710105896,2.950918436050415,2.4233369827270508,-4.7047319412231445,0,1,1,0,0,1,1,0,-0.94133574762361372,-0.90961851126435722,-0.92547712944398541,-7.6556503772735596,-7.1280689239501953,-7.3918596506118774,1,0,1,1
9,french-128_03,scan,train/bonafide/scan/french-128_03.jpg,train/attack/digital_1/scan/french-128_03.jpg,train/attack/digital_2/scan/french-128_03.jpg,test/attack/digital_3/scan/french-128_03.jpg,0.0076255353984525601,0.99678596314967149,0.99955487198456383,0.0084123053374693911,-4.8685979843139648,5.7370083332061768,7.7167034149169922,-4.7696118354797363,0,1,1,0,0,1,1,0,-0.9883736578122021,-0.99114256664709444,-0.98975811222964827,-10.506620168685913,-12.486315250396729,-11.496467709541321,1,1,1,1
9,french-NF-1047,huawei,train/bonafide/huawei/french-NF-1047.jpg,train/attack/digital_1/huawei/french-NF-1047.jpg,train/attack/digital_2/huawei/french-NF-1047.jpg,test/attack/digital_3/huawei/french-NF-1047.jpg,0.011236793977030028,0.99999641855818699,0.99999666966996092,0.016266710004885096,-4.4772613048553467,12.539741516113281,12.612435817718506,-4.1022341251373291,0,1,1,0,0,1,1,0,-0.98372970855330188,-0.98372995966507581,-0.98372983410918879,-16.64197564125061,-16.714669942855835,-16.678322792053223,1,1,1,1
9,french-NF-1047,iphone15pro,train/bonafide/iphone15pro/french-NF-1047.jpg,train/attack/digital_1/iphone15pro/french-NF-1047.jpg,train/attack/digital_2/iphone15pro/french-NF-1047.jpg,test/attack/digital_3/iphone15pro/french-NF-1047.jpg,0.0010263614082350119,0.9999856457160522,0.99982765791588146,0.0011734762203325347,-6.8807084560394287,11.151447772979736,8.6658568382263184,-6.7466106414794922,0,1,1,0,0,1,1,0,-0.99881216949571971,-0.99865418169554898,-0.99873317559563435,-17.898058414459229,-15.412467479705811,-16.65526294708252,1,1,1,1
9,french-NF-1047,scan,train/bonafide/scan/french-NF-1047.jpg,train/attack/digital_1/scan/french-NF-1047.jpg,train/attack/digital_2/scan/french-NF-1047.jpg,test/attack/digital_3/scan/french-NF-1047.jpg,0.00071507278247641632,0.99999926370306735,0.99998807319181693,0.0009484678968332106,-7.2424108982086182,14.121631622314453,11.336709976196289,-6.9597136974334717,0,1,1,0,0,1,1,0,-0.99905079580623413,-0.9990396052949837,-0.99904520055060897,-21.081345319747925,-18.296423673629761,-19.688884496688843,1,1,1,1
9,french-NF-1082,huawei,train/bonafide/huawei/french-NF-1082.jpg,train/attack/digital_1/huawei/french-NF-1082.jpg,train/attack/digital_2/huawei/french-NF-1082.jpg,test/attack/digital_3/huawei/french-NF-1082.jpg,0.15807460642223167,0.99991616560273655,0.99798721734086415,0.12949823431380889,-1.6726242899894714,9.3865833282470703,6.2062222957611084,-1.9054025411605835,0,1,1,0,1,1,1,1,-0.87041793128892764,-0.86848898302705524,-0.86945345715799149,-11.291985869407654,-8.1116248369216919,-9.7018053531646729,1,0,1,0
9,french-NF-1082,iphone15pro,train/bonafide/iphone15pro/french-NF-1082.jpg,train/attack/digital_1/iphone15pro/french-NF-1082.jpg,train/attack/digital_2/iphone15pro/french-NF-1082.jpg,test/attack/digital_3/iphone15pro/french-NF-1082.jpg,0.0064244491834534413,0.99887986012181762,0.99130967508316437,0.005708672633542247,-5.0411992073059082,6.7931809425354004,4.7368166446685791,-5.1600437164306641,0,1,1,0,0,1,1,0,-0.99317118748827538,-0.98560100244962212,-0.9893860949689488,-11.953224658966064,-9.8968603610992432,-10.925042510032654,1,0,1,1
9,french-NF-1082,scan,train/bonafide/scan/french-NF-1082.jpg,train/attack/digital_1/scan/french-NF-1082.jpg,train/attack/digital_2/scan/french-NF-1082.jpg,test/attack/digital_3/scan/french-NF-1082.jpg,0.011409851114318919,0.99997410198662495,0.9998649375102544,0.010646750755794259,-4.4618027210235596,10.561318397521973,8.9096379280090332,-4.5317966938018799,0,1,1,0,0,1,1,0,-0.98932735123083071,-0.98921818675446016,-0.98927276899264538,-15.093115091323853,-13.441434621810913,-14.267274856567383,1,0,1,1
9,indian-014_03,huawei,train/bonafide/huawei/indian-014_03.jpg,train/attack/digital_1/huawei/indian-014_03.jpg,train/attack/digital_2/huawei/indian-014_03.jpg,test/attack/digital_3/huawei/indian-014_03.jpg,0.58228989473743009,0.99987820652811932,0.99999977855608768,0.65670580882865981,0.33218076080083847,9.0130620002746582,15.32309627532959,0.64864835888147354,1,1,1,1,1,1,1,1,-0.34317239769945951,-0.34329396972742787,-0.34323318371344369,-8.3644136413931847,-14.674447916448116,-11.51943077892065,1,1,0,0
9,indian-014_03,iphone15pro,train/bonafide/iphone15pro/indian-014_03.jpg,train/attack/digital_1/iphone15pro/indian-014_03.jpg,train/attack/digital_2/iphone15pro/indian-014_03.jpg,test/attack/digital_3/iphone15pro/indian-014_03.jpg,0.0013872223515189338,0.98291985843464869,0.99999013656926072,0.0019411871923383059,-6.5790636539459229,4.0526111125946045,11.526666641235352,-6.2425124645233154,0,1,1,0,0,1,1,0,-0.98097867124231042,-0.99804894937692246,-0.98951381030961638,-10.29512357711792,-17.769179105758667,-14.032151341438293,1,1,1,1
9,indian-014_03,scan,train/bonafide/scan/indian-014_03.jpg,train/attack/digital_1/scan/indian-014_03.jpg,train/attack/digital_2/scan/indian-014_03.jpg,test/attack/digital_3/scan/indian-014_03.jpg,0.0062297813608748337,0.99974637760141616,0.99999962034564538,0.0057866100791848004,-5.07216477394104,8.2794103622436523,14.784004211425781,-5.1464052200317383,0,1,1,0,0,1,1,0,-0.99395976752223136,-0.99421301026646058,-0.99408638889434597,-13.425815582275391,-19.93040943145752,-16.678112506866455,1,0,1,1
9,indian-021_03,huawei,train/bonafide/huawei/indian-021_03.jpg,train/attack/digital_1/huawei/indian-021_03.jpg,train/attack/digital_2/huawei/indian-021_03.jpg,test/attack/digital_3/huawei/indian-021_03.jpg,0.0022549010741492849,0.99198507796047053,0.9996618341229887,0.0021173238184300754,-6.0923917293548584,4.8184030055999756,7.991635799407959,-6.1554827690124512,0,1,1,0,0,1,1,0,-0.98986775414204042,-0.9975445103045586,-0.99370613222329951,-10.973885774612427,-14.14711856842041,-12.560502171516418,1,0,1,1
9,indian-021_03,iphone15pro,train/bonafide/iphone15pro/indian-021_03.jpg,train/attack/digital_1/iphone15pro/indian-021_03.jpg,train/attack/digital_2/iphone15pro/indian-021_03.jpg,test/attack/digital_3/iphone15pro/indian-021_03.jpg,0.012941335021779653,0.9368327647906648,0.99048784613235885,0.012999015832969871,-4.3343030214309692,2.6967190504074097,4.6456272602081299,-4.3297973871231079,0,1,1,0,0,1,1,0,-0.92383374895769488,-0.97748883029938893,-0.95066128962854191,-7.0265164375305176,-8.9754246473312378,-8.0009705424308777,1,1,1,1
9,indian-021_03,scan,train/bonafide/scan/indian-021_03.jpg,train/attack/digital_1/scan/indian-021_03.jpg,train/attack/digital_2/scan/indian-021_03.jpg,test/attack/digital_3/scan/indian-021_03.jpg,0.003565885756210938,0.98944852778880876,0.99868560502503656,0.0033510906353241164,-5.6327705383300781,4.5408823490142822,6.6330635547637939,-5.6951127052307129,0,1,1,0,0,1,1,0,-0.98609743715348463,-0.99533451438971243,-0.99071597577159853,-10.235995054244995,-12.328176259994507,-11.282085657119751,1,0,1,1
9,indian-NF-1061,huawei,train/bonafide/huawei/indian-NF-1061.jpg,train/attack/digital_1/huawei/indian-NF-1061.jpg,train/attack/digital_2/huawei/indian-NF-1061.jpg,test/attack/digital_3/huawei/indian-NF-1061.jpg,0.42324128166861003,0.99999886307257924,0.99997808126810039,0.43473599220206127,-0.30948159098625183,13.687180042266846,10.728147029876709,-0.26255396008491516,0,1,1,0,1,1,1,1,-0.56526287087051796,-0.56524208906603912,-0.56525247996827854,-13.949734002351761,-10.990700989961624,-12.470217496156693,1,1,1,0
9,indian-NF-1061,iphone15pro,train/bonafide/iphone15pro/indian-NF-1061.jpg,train/attack/digital_1/iphone15pro/indian-NF-1061.jpg,train/attack/digital_2/iphone15pro/indian-NF-1061.jpg,test/attack/digital_3/iphone15pro/indian-NF-1061.jpg,0.0013617364451327823,0.99554276135256492,0.99999985552424997,0.0013971715179265803,-6.5976319313049316,5.4087586402893066,15.7501540184021,-6.5719072818756104,0,1,1,0,0,1,1,0,-0.9941455898346383,-0.99860268400632335,-0.99637413692048082,-11.980665922164917,-22.32206130027771,-17.151363611221313,1,1,1,1
9,indian-NF-1061,scan,train/bonafide/scan/indian-NF-1061.jpg,train/attack/digital_1/scan/indian-NF-1061.jpg,train/attack/digital_2/scan/indian-NF-1061.jpg,test/attack/digital_3/scan/indian-NF-1061.jpg,0.010374746693015606,0.999844473584663,0.99998481009595641,0.010902602549734679,-4.5579516887664795,8.7685394287109375,11.094864368438721,-4.50779128074646,0,1,1,0,0,1,1,0,-0.98894187103492837,-0.98908220754622178,-0.98901203929057513,-13.276330709457397,-15.602655649185181,-14.439493179321289,1,1,1,1
9,persian-144_03,huawei,train/bonafide/huawei/persian-144_03.jpg,train/attack/digital_1/huawei/persian-144_03.jpg,train/attack/digital_2/huawei/persian-144_03.jpg,test/attack/digital_3/huawei/persian-144_03.jpg,0.001975349154577337,0.9994648281093671,0.99991350522084932,0.002231438295311063,-6.2250328063964844,7.5323872566223145,9.3553400039672852,-6.1028749942779541,0,1,1,0,0,1,1,0,-0.99723338981405607,-0.99768206692553829,-0.99745772836979718,-13.635262250900269,-15.458214998245239,-14.546738624572754,1,1,1,1
9,persian-144_03,iphone15pro,train/bonafide/iphone15pro/persian-144_03.jpg,train/attack/digital_1/iphone15pro/persian-144_03.jpg,train/attack/digital_2/iphone15pro/persian-144_03.jpg,test/attack/digital_3/iphone15pro/persian-144_03.jpg,0.00054239753538341893,0.99855691076838493,0.99949936274973572,0.00060363372464826426,-7.5189688205718994,6.539525032043457,7.5991280078887939,-7.4119391441345215,0,1,1,0,0,1,1,0,-0.99795327704373671,-0.9988957290250875,-0.9984245030344121,-13.951464176177979,-15.011067152023315,-14.481265664100647,1,1,1,1
9,persian-144_03,scan,train/bonafide/scan/persian-144_03.jpg,train/attack/digital_1/scan/persian-144_03.jpg,train/attack/digital_2/scan/persian-144_03.jpg,test/attack/digital_3/scan/persian-144_03.jpg,0.00030273014901195303,0.99971972823889876,0.99932724112054139,0.0003112889398754192,-8.1023659706115723,8.1794705390930176,7.3034505844116211,-8.0744776725769043,0,1,1,0,0,1,1,0,-0.99940843929902334,-0.99901595218066597,-0.99921219573984466,-16.253948211669922,-15.377928256988525,-15.815938234329224,1,1,1,1
9,persian-NF-1018,huawei,train/bonafide/huawei/persian-NF-1018.jpg,train/attack/digital_1/huawei/persian-NF-1018.jpg,train/attack/digital_2/huawei/persian-NF-1018.jpg,test/attack/digital_3/huawei/persian-NF-1018.jpg,0.002188927858984393,0.9999777762831551,0.99980510613328477,0.0023396972221313163,-6.1221520900726318,10.714328289031982,8.5428605079650879,-6.0553913116455078,0,1,1,0,0,1,1,0,-0.99763807906102375,-0.99746540891115343,-0.99755174398608859,-16.76971960067749,-14.598251819610596,-15.683985710144043,1,1,1,1
9,persian-NF-1018,iphone15pro,train/bonafide/iphone15pro/persian-NF-1018.jpg,train/attack/digital_1/iphone15pro/persian-NF-1018.jpg,train/attack/digital_2/iphone15pro/persian-NF-1018.jpg,test/attack/digital_3/iphone15pro/persian-NF-1018.jpg,0.00073266862845679757,0.99998953311603223,0.99631920625458203,0.00078928043932870162,-7.2180840969085693,11.467283725738525,5.6009392738342285,-7.143599271774292,0,1,1,0,0,1,1,0,-0.99920025267670354,-0.99552992581525335,-0.99736508924597844,-18.610882997512817,-12.744538545608521,-15.677710771560669,1,1,1,1
9,persian-NF-1018,scan,train/bonafide/scan/persian-NF-1018.jpg,train/attack/digital_1/scan/persian-NF-1018.jpg,train/attack/digital_2/scan/persian-NF-1018.jpg,test/attack/digital_3/scan/persian-NF-1018.jpg,0.00045857116996960849,0.99999887204284543,0.99986218434793228,0.00045929420076384442,-7.6869363784790039,13.695101261138916,8.8894557952880859,-7.6853601932525635,0,1,1,0,0,1,1,0,-0.99953957784208158,-0.99940289014716843,-0.99947123399462501,-21.380461454391479,-16.574815988540649,-18.977638721466064,1,1,1,1
9,persian-NF-1097,huawei,train/bonafide/huawei/persian-NF-1097.jpg,train/attack/digital_1/huawei/persian-NF-1097.jpg,train/attack/digital_2/huawei/persian-NF-1097.jpg,test/attack/digital_3/huawei/persian-NF-1097.jpg,0.034104332762193705,0.99981375061992717,0.99950553111233942,0.031072308096596755,-3.343631386756897,8.5882377624511719,7.6115317344665527,-3.4398729801177979,0,1,1,0,1,1,1,1,-0.96874144252333039,-0.96843322301574264,-0.96858733276953657,-12.02811074256897,-11.051404714584351,-11.53975772857666,1,0,1,0
9,persian-NF-1097,iphone15pro,train/bonafide/iphone15pro/persian-NF-1097.jpg,train/attack/digital_1/iphone15pro/persian-NF-1097.jpg,train/attack/digital_2/iphone15pro/persian-NF-1097.jpg,test/attack/digital_3/iphone15pro/persian-NF-1097.jpg,0.00148502038656463,0.99955566242350746,0.92955867447122476,0.0015302765551424952,-6.5108406543731689,7.7184815406799316,2.5799298286437988,-6.4807753562927246,0,1,1,0,0,1,1,0,-0.99802538586836498,-0.92802839791608227,-0.96302689189222368,-14.199256896972656,-9.0607051849365234,-11.62998104095459,1,1,1,1
9,persian-NF-1097,scan,train/bonafide/scan/persian-NF-1097.jpg,train/attack/digital_1/scan/persian-NF-1097.jpg,train/attack/digital_2/scan/persian-NF-1097.jpg,test/attack/digital_3/scan/persian-NF-1097.jpg,0.0010668986596010053,0.99996179073321079,0.99778381432179286,0.0010643008863165616,-6.8419318199157715,10.172394275665283,6.1097490787506104,-6.8443722724914551,0,1,1,0,0,1,1,0,-0.99889748984689419,-0.99671951343547627,-0.99780850164118517,-17.016766548156738,-12.954121351242065,-14.985443949699402,1,0,1,1
9,persian-NM-1035,huawei,train/bonafide/huawei/persian-NM-1035.jpg,train/attack/digital_1/huawei/persian-NM-1035.jpg,train/attack/digital_2/huawei/persian-NM-1035.jpg,test/attack/digital_3/huawei/persian-NM-1035.jpg,0.0010332847909063831,0.99856459124613695,0.98260936526855325,0.0011324934642834557,-6.8739786148071289,6.5448691844940186,4.0342798233032227,-6.7822003364562988,0,1,1,0,0,1,1,0,-0.99743209778185349,-0.98147687180426979,-0.98945448479306164,-13.327069520950317,-10.816480159759521,-12.071774840354919,1,1,1,1
9,persian-NM-1035,iphone15pro,train/bonafide/iphone15pro/persian-NM-1035.jpg,train/attack/digital_1/iphone15pro/persian-NM-1035.jpg,train/attack/digital_2/iphone15pro/persian-NM-1035.jpg,test/attack/digital_3/iphone15pro/persian-NM-1035.jpg,0.00025002794167725413,0.99993116778166369,0.95189589278629849,0.00026362071160651482,-8.2936878204345703,9.5837697982788086,2.9850881099700928,-8.2407355308532715,0,1,1,0,0,1,1,0,-0.99966754707005723,-0.95163227207469203,-0.97564990957237463,-17.82450532913208,-11.225823640823364,-14.525164484977722,1,1,1,1
9,persian-NM-1035,scan,train/bonafide/scan/persian-NM-1035.jpg,train/attack/digital_1/scan/persian-NM-1035.jpg,train/attack/digital_2/scan/persian-NM-1035.jpg,test/attack/digital_3/scan/persian-NM-1035.jpg,0.020045485947977861,0.99999444514112557,0.9981805683203937,0.021140175156247023,-3.8895021677017212,12.100831985473633,6.3074100017547607,-3.8352131843566895,0,1,1,0,0,1,1,0,-0.97885426998487857,-0.9770403931641467,-0.97794733157451263,-15.936045169830322,-10.14262318611145,-13.039334177970886,1,1,1,1
9,portugal-013_03,huawei,train/bonafide/huawei/portugal-013_03.jpg,train/attack/digital_1/huawei/portugal-013_03.jpg,train/attack/digital_2/huawei/portugal-013_03.jpg,test/attack/digital_3/huawei/portugal-013_03.jpg,0.021754350244175231,0.99766139052631519,0.99987120288094711,0.027978720454557616,-3.8059470653533936,6.0558574199676514,8.9571433067321777,-3.5479334592819214,0,1,1,0,0,1,1,0,-0.96968267007175757,-0.97189248242638948,-0.97078757624907352,-9.6037908792495728,-12.505076766014099,-11.054433822631836,1,1,1,1
9,portugal-013_03,iphone15pro,train/bonafide/iphone15pro/portugal-013_03.jpg,train/attack/digital_1/iphone15pro/portugal-013_03.jpg,train/attack/digital_2/iphone15pro/portugal-013_03.jpg,test/attack/digital_3/iphone15pro/portugal-013_03.jpg,0.0010091404848049756,0.99950795227747646,0.99994979823893082,0.0010603706099892682,-6.8976466655731201,7.6164426803588867,9.8994102478027344,-6.8480758666992188,0,1,1,0,0,1,1,0,-0.99844758166748715,-0.99888942762894151,-0.99866850464821433,-14.464518547058105,-16.747486114501953,-15.606002330780029,1,1,1,1
9,portugal-013_03,scan,train/bonafide/scan/portugal-013_03.jpg,train/attack/digital_1/scan/portugal-013_03.jpg,train/attack/digital_2/scan/portugal-013_03.jpg,test/attack/digital_3/scan/portugal-013_03.jpg,0.02869552317889364,0.99993405016294978,0.99994561140056659,0.026636445533344356,-3.5218988656997681,9.6265501976013184,9.8193016052246094,-3.5984772443771362,0,1,1,0,1,1,1,0,-0.97329760462960546,-0.97330916586722227,-0.97330338524841387,-13.225027441978455,-13.417778849601746,-13.3214031457901,1,0,1,1
9,portugal-017_03,huawei,train/bonafide/huawei/portugal-017_03.jpg,train/attack/digital_1/huawei/portugal-017_03.jpg,train/attack/digital_2/huawei/portugal-017_03.jpg,test/attack/digital_3/huawei/portugal-017_03.jpg,0.022671653323044143,0.99892250151724005,0.99966908058934234,0.031914345975589967,-3.7637072801589966,6.8320350646972656,8.0133047103881836,-3.4122649431228638,0,1,1,0,0,1,1,1,-0.96700815554165009,-0.96775473461375239,-0.96738144507770119,-10.244300007820129,-11.425569653511047,-10.834934830665588,1,1,1,0
9,portugal-017_03,iphone15pro,train/bonafide/iphone15pro/portugal-017_03.jpg,train/attack/digital_1/iphone15pro/portugal-017_03.jpg,train/attack/digital_2/iphone15pro/portugal-017_03.jpg,test/attack/digital_3/iphone15pro/portugal-017_03.jpg,0.0034710714959311595,0.99953493014572681,0.99971636397471408,0.0045689571540684214,-5.6598148345947266,7.6728577613830566,8.1675350666046143,-5.3838908672332764,0,1,1,0,0,1,1,0,-0.99496597299165834,-0.99514740682064562,-0.99505668990615204,-13.056748628616333,-13.551425933837891,-13.304087281227112,1,1,1,1
9,portugal-017_03,scan,train/bonafide/scan/portugal-017_03.jpg,train/attack/digital_1/scan/portugal-017_03.jpg,train/attack/digital_2/scan/portugal-017_03.jpg,test/attack/digital_3/scan/portugal-017_03.jpg,0.0056477780134621333,0.99993316219907402,0.99983989934438966,0.0061936783969903314,-5.1708292961120605,9.6131749153137207,8.7395477294921875,-5.0780131816864014,0,1,1,0,0,1,1,0,-0.99373948380208366,-0.99364622094739929,-0.99369285237474148,-14.691188097000122,-13.817560911178589,-14.254374504089355,1,1,1,1
9,portugal-029_03,huawei,train/bonafide/huawei/portugal-029_03.jpg,train/attack/digital_1/huawei/portugal-029_03.jpg,train/attack/digital_2/huawei/portugal-029_03.jpg,test/attack/digital_3/huawei/portugal-029_03.jpg,0.00026060259629864704,0.99943288001779074,0.99951937805901558,0.00029778111007030785,-8.2522532939910889,7.474372386932373,7.639948844909668,-8.1188540458679199,0,1,1,0,0,1,1,0,-0.99913509890772045,-0.9992215969489453,-0.99917834792833282,-15.593226432800293,-15.758802890777588,-15.67601466178894,1,1,1,1
9,portugal-029_03,iphone15pro,train/bonafide/iphone15pro/portugal-029_03.jpg,train/attack/digital_1/iphone15pro/portugal-029_03.jpg,train/attack/digital_2/iphone15pro/portugal-029_03.jpg,test/attack/digital_3/iphone15pro/portugal-029_03.jpg,0.0021977528156931175,0.9999050231281984,0.99919713047533254,0.0024019959640451511,-6.1181197166442871,9.261782169342041,7.1265151500701904,-6.029050350189209,0,1,1,0,0,1,1,0,-0.99750302716415329,-0.99679513451128743,-0.99714908083772036,-15.29083251953125,-13.155565500259399,-14.223199009895325,1,1,1,1
9,portugal-029_03,scan,train/bonafide/scan/portugal-029_03.jpg,train/attack/digital_1/scan/portugal-029_03.jpg,train/attack/digital_2/scan/portugal-029_03.jpg,test/attack/digital_3/scan/portugal-029_03.jpg,0.00063110224221219033,0.99997566008786454,0.99991192199977097,0.00087748664226672789,-7.3674113750457764,10.623368740081787,9.3371996879577637,-7.0375709533691406,0,1,1,0,0,1,1,0,-0.99909817344559781,-0.99903443535750425,-0.99906630440155109,-17.660939693450928,-16.374770641326904,-17.017855167388916,1,1,1,1
9,portugal-119_03,huawei,train/bonafide/huawei/portugal-119_03.jpg,train/attack/digital_1/huawei/portugal-119_03.jpg,train/attack/digital_2/huawei/portugal-119_03.jpg,test/attack/digital_3/huawei/portugal-119_03.jpg,0.0014245662162158928,0.97100446859050926,0.9985980668832749,0.0018240142093936601,-6.5524623394012451,3.511189341545105,6.568500280380249,-6.3048899173736572,0,1,1,0,0,1,1,0,-0.96918045438111555,-0.99677405267388119,-0.98297725352749832,-9.8160792589187622,-12.873390197753906,-11.344734728336334,1,1,1,1
9,portugal-119_03,iphone15pro,train/bonafide/iphone15pro/portugal-119_03.jpg,train/attack/digital_1/iphone15pro/portugal-119_03.jpg,train/attack/digital_2/iphone15pro/portugal-119_03.jpg,test/attack/digital_3/iphone15pro/portugal-119_03.jpg,0.0014618711865025213,0.99911541284755667,0.99897583582227467,0.0018901507302545206,-6.5265750885009766,7.0295045375823975,6.8828537464141846,-6.2692067623138428,0,1,1,0,0,1,1,0,-0.99722526211730211,-0.99708568509202011,-0.99715547360466117,-13.29871129989624,-13.152060508728027,-13.225385904312134,1,1,1,1
9,portugal-119_03,scan,train/bonafide/scan/portugal-119_03.jpg,train/attack/digital_1/scan/portugal-119_03.jpg,train/attack/digital_2/scan/portugal-119_03.jpg,test/attack/digital_3/scan/portugal-119_03.jpg,0.0011404955715175144,0.9998757210869782,0.99981390230722555,0.0012070503841197567,-6.775151252746582,8.9928579330444336,8.589052677154541,-6.7183678150177002,0,1,1,0,0,1,1,0,-0.99866867070285847,-0.99860685192310583,-0.99863776131298221,-15.711225748062134,-15.307420492172241,-15.509323120117188,1,1,1,1
9,portugal-NF-1060,huawei,train/bonafide/huawei/portugal-NF-1060.jpg,train/attack/digital_1/huawei/portugal-NF-1060.jpg,train/attack/digital_2/huawei/portugal-NF-1060.jpg,test/attack/digital_3/huawei/portugal-NF-1060.jpg,0.0071047958310214735,0.99814961105161992,0.99983067197224906,0.0093496928822447423,-4.9398550987243652,6.2905073165893555,8.6835033893585205,-4.6630181074142456,0,1,1,0,0,1,1,0,-0.98879991816937518,-0.99048097909000432,-0.9896404486296897,-10.953525424003601,-13.346521496772766,-12.150023460388184,1,1,1,1
9,portugal-NF-1060,iphone15pro,train/bonafide/iphone15pro/portugal-NF-1060.jpg,train/attack/digital_1/iphone15pro/portugal-NF-1060.jpg,train/attack/digital_2/iphone15pro/portugal-NF-1060.jpg,test/attack/digital_3/iphone15pro/portugal-NF-1060.jpg,0.0010855552032462176,0.99965073401324012,0.9997664943054636,0.0012463690418189042,-6.8245775699615479,7.9593274593353271,8.3620705604553223,-6.6862735748291016,0,1,1,0,0,1,1,0,-0.99840436497142127,-0.99852012526364475,-0.99846224511753301,-14.645601034164429,-15.048344135284424,-14.846972584724426,1,1,1,1
9,portugal-NF-1060,scan,train/bonafide/scan/portugal-NF-1060.jpg,train/attack/digital_1/scan/portugal-NF-1060.jpg,train/attack/digital_2/scan/portugal-NF-1060.jpg,test/attack/digital_3/scan/portugal-NF-1060.jpg,0.00094144625764784758,0.9999759780943368,0.99992350159731946,0.001122818170923436,-6.967151403427124,10.636520385742188,9.4781641960144043,-6.7907900810241699,0,1,1,0,0,1,1,0,-0.99885315992341339,-0.99880068342639605,-0.99882692167490472,-17.427310466766357,-16.268954277038574,-16.848132371902466,1,1,1,1
9,portugal-NF-1066,huawei,train/bonafide/huawei/portugal-NF-1066.jpg,train/attack/digital_1/huawei/portugal-NF-1066.jpg,train/attack/digital_2/huawei/portugal-NF-1066.jpg,test/attack/digital_3/huawei/portugal-NF-1066.jpg,0.00098729019808762122,0.99612873017270487,0.99996195075995142,0.0011905596241823604,-6.9195587635040283,5.5502939224243164,10.176591396331787,-6.7321405410766602,0,1,1,0,0,1,1,0,-0.99493817054852252,-0.99877139113576907,-0.99685478084214574,-12.282434463500977,-16.908731937408447,-14.595583200454712,1,1,1,1
9,portugal-NF-1066,iphone15pro,train/bonafide/iphone15pro/portugal-NF-1066.jpg,train/attack/digital_1/iphone15pro/portugal-NF-1066.jpg,train/attack/digital_2/iphone15pro/portugal-NF-1066.jpg,test/attack/digital_3/iphone15pro/portugal-NF-1066.jpg,0.00030746616158091168,0.99734262126381767,0.99984275202170114,0.00033597117707399632,-8.0868380069732666,5.9277541637420654,8.7575292587280273,-7.9981491565704346,0,1,1,0,0,1,1,0,-0.99700665008674372,-0.99950678084462719,-0.99825671546568551,-13.9259033203125,-16.755678415298462,-15.340790867805481,1,1,1,1
9,portugal-NF-1066,scan,train/bonafide/scan/portugal-NF-1066.jpg,train/attack/digital_1/scan/portugal-NF-1066.jpg,train/attack/digital_2/scan/portugal-NF-1066.jpg,test/attack/digital_3/scan/portugal-NF-1066.jpg,0.00018483236020524154,0.99939564381389701,0.99995266340162214,0.00018590025851448325,-8.5958764553070068,7.4107422828674316,9.9581794738769531,-8.5901143550872803,0,1,1,0,0,1,1,0,-0.9992097435553825,-0.99976676314310764,-0.99948825334924507,-16.000856637954712,-18.548293828964233,-17.274575233459473,1,1,1,1
9,portugal-NF-1109,huawei,train/bonafide/huawei/portugal-NF-1109.jpg,train/attack/digital_1/huawei/portugal-NF-1109.jpg,train/attack/digital_2/huawei/portugal-NF-1109.jpg,test/attack/digital_3/huawei/portugal-NF-1109.jpg,0.1214838667801537,0.99948639709243292,0.99992857495839982,0.12916173639075113,-1.9784528017044067,7.5735464096069336,9.546790599822998,-1.9083908796310425,0,1,1,0,1,1,1,1,-0.8703246607016818,-0.87076683856764869,-0.87054574963466524,-9.4819372892379761,-11.455181479454041,-10.468559384346008,1,1,1,0
9,portugal-NF-1109,iphone15pro,train/bonafide/iphone15pro/portugal-NF-1109.jpg,train/attack/digital_1/iphone15pro/portugal-NF-1109.jpg,train/attack/digital_2/iphone15pro/portugal-NF-1109.jpg,test/attack/digital_3/iphone15pro/portugal-NF-1109.jpg,0.00076112979962794018,0.99994929925314779,0.9996706980594714,0.00078967069918687595,-7.1799452304840088,9.889519214630127,8.0182061195373535,-7.1431045532226562,0,1,1,0,0,1,1,0,-0.9991596285539609,-0.9988810273602845,-0.9990203279571227,-17.032623767852783,-15.16131067276001,-16.096967220306396,1,1,1,1
9,portugal-NF-1109,scan,train/bonafide/scan/portugal-NF-1109.jpg,train/attack/digital_1/scan/portugal-NF-1109.jpg,train/attack/digital_2/scan/portugal-NF-1109.jpg,test/attack/digital_3/scan/portugal-NF-1109.jpg,0.00031892913880053424,0.99997308531011053,0.99973680453002467,0.00032561296152632278,-8.050222635269165,10.522811412811279,8.2423503398895264,-8.0294754505157471,0,1,1,0,0,1,1,0,-0.9996474723485842,-0.99941119156849834,-0.99952933195854121,-18.552286863327026,-16.271825790405273,-17.41205632686615,1,1,1,1
9,russian-062_03,huawei,train/bonafide/huawei/russian-062_03.jpg,train/attack/digital_1/huawei/russian-062_03.jpg,train/attack/digital_2/huawei/russian-062_03.jpg,test/attack/digital_3/huawei/russian-062_03.jpg,0.001076990497084938,0.88173525650106677,0.92573283811724438,0.0011471969202109635,-6.8325071334838867,2.0089661478996277,2.5229167938232422,-6.7692859172821045,0,1,1,0,0,1,1,0,-0.88058805958085584,-0.92458564119703346,-0.90258685038894459,-8.7782520651817322,-9.2922027111053467,-9.0352273881435394,1,1,1,1
9,russian-062_03,iphone15pro,train/bonafide/iphone15pro/russian-062_03.jpg,train/attack/digital_1/iphone15pro/russian-062_03.jpg,train/attack/digital_2/iphone15pro/russian-062_03.jpg,test/attack/digital_3/iphone15pro/russian-062_03.jpg,0.0015342265116609084,0.98722067809082714,0.83681156321006467,0.0016115902178636284,-6.4781935214996338,4.3470652103424072,1.6346933245658875,-6.4289209842681885,0,1,1,0,0,1,1,0,-0.98560908787296353,-0.83519997299220106,-0.91040453043258229,-10.775986194610596,-8.0636143088340759,-9.4198002517223358,1,1,1,1
9,russian-062_03,scan,train/bonafide/scan/russian-062_03.jpg,train/attack/digital_1/scan/russian-062_03.jpg,train/attack/digital_2/scan/russian-062_03.jpg,test/attack/digital_3/scan/russian-062_03.jpg,0.0093387604107831347,0.9950700036950666,0.99054849714267301,0.0091290572284277033,-4.6641991138458252,5.3074748516082764,4.6520850658416748,-4.6871218681335449,0,1,1,0,0,1,1,0,-0.98594094646663888,-0.9814194399142453,-0.98368019319044209,-9.9945967197418213,-9.3392069339752197,-9.6669018268585205,1,0,1,1
9,russian-132_03,huawei,train/bonafide/huawei/russian-132_03.jpg,train/attack/digital_1/huawei/russian-132_03.jpg,train/attack/digital_2/huawei/russian-132_03.jpg,test/attack/digital_3/huawei/russian-132_03.jpg,0.00016147796128080342,0.88260739652439246,0.94471603234575308,0.00016454725734188282,-8.730980396270752,2.0173565745353699,2.8384014368057251,-8.7121481895446777,0,1,1,0,0,1,1,0,-0.88244284926705063,-0.94455148508841125,-0.91349716717773088,-10.729504764080048,-11.550549626350403,-11.140027195215225,1,1,1,1
9,russian-132_03,iphone15pro,train/bonafide/iphone15pro/russian-132_03.jpg,train/attack/digital_1/iphone15pro/russian-132_03.jpg,train/attack/digital_2/iphone15pro/russian-132_03.jpg,test/attack/digital_3/iphone15pro/russian-132_03.jpg,0.0003066684121138306,0.83556603741882496,0.9031659942085507,0.00029078866880793611,-8.0894367694854736,1.6256003379821777,2.2329081296920776,-8.1426229476928711,0,1,1,0,0,1,1,0,-0.83527524875001702,-0.90287520553974276,-0.86907522714487984,-9.7682232856750488,-10.375531077384949,-10.071877181529999,1,0,1,1
9,russian-132_03,scan,train/bonafide/scan/russian-132_03.jpg,train/attack/digital_1/scan/russian-132_03.jpg,train/attack/digital_2/scan/russian-132_03.jpg,test/attack/digital_3/scan/russian-132_03.jpg,5.3159416892547722e-05,0.81327841669013723,0.44133915461500867,5.5450867219021562e-05,-9.8421621322631836,1.4714548587799072,-0.23572893440723419,-9.7999577522277832,0,1,0,0,0,1,1,0,-0.8132229658229182,-0.44128370374778964,-0.62725333478535394,-11.27141261100769,-9.564228817820549,-10.41782071441412,1,1,0,1
9,russian-NF-1089,huawei,train/bonafide/huawei/russian-NF-1089.jpg,train/attack/digital_1/huawei/russian-NF-1089.jpg,train/attack/digital_2/huawei/russian-NF-1089.jpg,test/attack/digital_3/huawei/russian-NF-1089.jpg,0.8687229110856699,0.9999931954971597,0.99999524594276978,0.87354728742881682,1.8897139430046082,11.897919178009033,12.256507396697998,1.9326938390731812,1,1,1,1,1,1,1,1,-0.12644590806834288,-0.12644795851395296,-0.12644693329114798,-9.9652253389358521,-10.323813557624817,-10.144519448280334,1,1,0,0
9,russian-NF-1089,iphone15pro,train/bonafide/iphone15pro/russian-NF-1089.jpg,train/attack/digital_1/iphone15pro/russian-NF-1089.jpg,train/attack/digital_2/iphone15pro/russian-NF-1089.jpg,test/attack/digital_3/iphone15pro/russian-NF-1089.jpg,0.00046450563002457611,0.99999493936292994,0.99989306085233964,0.00046855993961841716,-7.674072265625,12.194013118743896,9.1431436538696289,-7.6653778553009033,0,1,1,0,0,1,1,0,-0.99952637942331157,-0.99942450091272128,-0.99947544016801637,-19.8593909740448,-16.808521509170532,-18.333956241607666,1,1,1,1
9,russian-NF-1089,scan,train/bonafide/scan/russian-NF-1089.jpg,train/attack/digital_1/scan/russian-NF-1089.jpg,train/attack/digital_2/scan/russian-NF-1089.jpg,test/attack/digital_3/scan/russian-NF-1089.jpg,0.08015247977928619,0.9999990611495565,0.99999074017449385,0.082822969365231744,-2.440277099609375,13.878608703613281,11.589816093444824,-2.4045950770378113,0,1,1,0,1,1,1,1,-0.9171760917843248,-0.91716777080926215,-0.91717193129679353,-16.283203780651093,-13.994411170482635,-15.138807475566864,1,1,1,0
9,russian-NF-1099,huawei,train/bonafide/huawei/russian-NF-1099.jpg,train/attack/digital_1/huawei/russian-NF-1099.jpg,train/attack/digital_2/huawei/russian-NF-1099.jpg,test/attack/digital_3/huawei/russian-NF-1099.jpg,0.037599765512611891,0.99960887446794289,0.9988812602863083,0.039955578399832409,-3.2424325942993164,7.8460907936096191,6.7944331169128418,-3.1792112588882446,0,1,1,0,1,1,1,1,-0.95965329606811045,-0.95892568188647587,-0.95928948897729316,-11.025302052497864,-9.9736443758010864,-10.499473214149475,1,1,1,0
9,russian-NF-1099,iphone15pro,train/bonafide/iphone15pro/russian-NF-1099.jpg,train/attack/digital_1/iphone15pro/russian-NF-1099.jpg,train/attack/digital_2/iphone15pro/russian-NF-1099.jpg,test/attack/digital_3/iphone15pro/russian-NF-1099.jpg,0.0016019539455994524,0.99997935138778071,0.99200577967828774,0.0015939273954955783,-6.4349279403686523,10.787841796875,4.8210101127624512,-6.4399590492248535,0,1,1,0,0,1,1,0,-0.99838542399228514,-0.99041185228279216,-0.99439863813753859,-17.227800846099854,-11.260969161987305,-14.244385004043579,1,0,1,1
9,russian-NF-1099,scan,train/bonafide/scan/russian-NF-1099.jpg,train/attack/digital_1/scan/russian-NF-1099.jpg,train/attack/digital_2/scan/russian-NF-1099.jpg,test/attack/digital_3/scan/russian-NF-1099.jpg,0.028540367027646573,0.99999878146535992,0.999210828046874,0.02825105700495693,-3.5274802446365356,13.617860317230225,7.1437368392944336,-3.5379666090011597,0,1,1,0,0,1,1,0,-0.97174772446040303,-0.97095977104191711,-0.97135374775116012,-17.155826926231384,-10.681703448295593,-13.918765187263489,1,0,1,1
9,turkiye-032_03,huawei,train/bonafide/huawei/turkiye-032_03.jpg,train/attack/digital_1/huawei/turkiye-032_03.jpg,train/attack/digital_2/huawei/turkiye-032_03.jpg,test/attack/digital_3/huawei/turkiye-032_03.jpg,0.00053265229973990509,0.9997367654437328,0.99121515265463411,0.00060158546171538204,-7.5371088981628418,8.2422018051147461,4.7259032726287842,-7.4153401851654053,0,1,1,0,0,1,1,0,-0.9991351799820174,-0.99061356719291871,-0.99487437358746811,-15.657541990280151,-12.141243457794189,-13.89939272403717,1,1,1,1
9,turkiye-032_03,iphone15pro,train/bonafide/iphone15pro/turkiye-032_03.jpg,train/attack/digital_1/iphone15pro/turkiye-032_03.jpg,train/attack/digital_2/iphone15pro/turkiye-032_03.jpg,test/attack/digital_3/iphone15pro/turkiye-032_03.jpg,0.00085600768461027666,0.99827099682828035,0.88255471964317445,0.00092172361231344989,-7.0623748302459717,6.3584797382354736,2.0168482661247253,-6.9883430004119873,0,1,1,0,0,1,1,0,-0.99734927321596689,-0.88163299603086098,-0.93949113462341394,-13.346822738647461,-9.0051912665367126,-11.176007002592087,1,1,1,1
9,turkiye-032_03,scan,train/bonafide/scan/turkiye-032_03.jpg,train/attack/digital_1/scan/turkiye-032_03.jpg,train/attack/digital_2/scan/turkiye-032_03.jpg,test/attack/digital_3/scan/turkiye-032_03.jpg,0.00034300442568493972,0.99989000828105812,0.99875710978797105,0.00039653692811671018,-7.977424144744873,9.1149954795837402,6.6890721321105957,-7.8323447704315186,0,1,1,0,0,1,1,0,-0.99949347135294142,-0.99836057285985436,-0.99892702210639794,-16.947340250015259,-14.521416902542114,-15.734378576278687,1,1,1,1
9,turkiye-101_03,huawei,train/bonafide/huawei/turkiye-101_03.jpg,train/attack/digital_1/huawei/turkiye-101_03.jpg,train/attack/digital_2/huawei/turkiye-101_03.jpg,test/attack/digital_3/huawei/turkiye-101_03.jpg,0.050631366303431354,0.99965810990156867,0.99980002600329521,0.059899652097867184,-2.9312258958816528,7.9806792736053467,8.5171232223510742,-2.7533159255981445,0,1,1,0,1,1,1,1,-0.93975845780370149,-0.93990037390542802,-0.93982941585456481,-10.733995199203491,-11.270439147949219,-11.002217173576355,1,1,1,0
9,turkiye-101_03,iphone15pro,train/bonafide/iphone15pro/turkiye-101_03.jpg,train/attack/digital_1/iphone15pro/turkiye-101_03.jpg,train/attack/digital_2/iphone15pro/turkiye-101_03.jpg,test/attack/digital_3/iphone15pro/turkiye-101_03.jpg,0.0019705831611957951,0.99956670445098716,0.99978403493638124,0.0022648818142363561,-6.2274532318115234,7.743657112121582,8.4401779174804688,-6.0879652500152588,0,1,1,0,0,1,1,0,-0.99730182263675082,-0.9975191531221449,-0.99741048787944786,-13.831622362136841,-14.528143167495728,-14.179882764816284,1,1,1,1
9,turkiye-101_03,scan,train/bonafide/scan/turkiye-101_03.jpg,train/attack/digital_1/scan/turkiye-101_03.jpg,train/attack/digital_2/scan/turkiye-101_03.jpg,test/attack/digital_3/scan/turkiye-101_03.jpg,0.00029088696594549858,0.99979201549977825,0.9998317273000048,0.00033543046660790553,-8.1422848701477051,8.4778389930725098,8.6897563934326172,-7.9997603893280029,0,1,1,0,0,1,1,0,-0.99945658503317036,-0.99949629683339691,-0.99947644093328369,-16.477599382400513,-16.68951678276062,-16.583558082580566,1,1,1,1
9,turkiye-104_03,huawei,train/bonafide/huawei/turkiye-104_03.jpg,train/attack/digital_1/huawei/turkiye-104_03.jpg,train/attack/digital_2/huawei/turkiye-104_03.jpg,test/attack/digital_3/huawei/turkiye-104_03.jpg,0.0046246076019402201,0.99781405134534118,0.99992409683123518,0.0055457748241192241,-5.3717284202575684,6.1235170364379883,9.4859762191772461,-5.1891577243804932,0,1,1,0,0,1,1,0,-0.99226827652122196,-0.99437832200711596,-0.99332329926416896,-11.312674760818481,-14.675133943557739,-12.99390435218811,1,1,1,1
9,turkiye-104_03,iphone15pro,train/bonafide/iphone15pro/turkiye-104_03.jpg,train/attack/digital_1/iphone15pro/turkiye-104_03.jpg,train/attack/digital_2/iphone15pro/turkiye-104_03.jpg,test/attack/digital_3/iphone15pro/turkiye-104_03.jpg,0.0054929643632625914,0.99961697704055741,0.99575183619687158,0.0054848197605666263,-5.1987791061401367,7.867032527923584,5.4570112228393555,-5.2002711296081543,0,1,1,0,0,1,1,0,-0.99413215727999082,-0.99026701643630499,-0.99219958685814791,-13.067303657531738,-10.65728235244751,-11.862293004989624,1,0,1,1
9,turkiye-104_03,scan,train/bonafide/scan/turkiye-104_03.jpg,train/attack/digital_1/scan/turkiye-104_03.jpg,train/attack/digital_2/scan/turkiye-104_03.jpg,test/attack/digital_3/scan/turkiye-104_03.jpg,0.0010940123220435389,0.9997089497791366,0.99771461876882739,0.0012201596403230064,-6.8168087005615234,8.1417236328125,6.0789344310760498,-6.7075526714324951,0,1,1,0,0,1,1,0,-0.99848879013881364,-0.99649445912850443,-0.99749162463365904,-14.849276304244995,-12.786487102508545,-13.81788170337677,1,1,1,1
9,turkiye-115_03,huawei,train/bonafide/huawei/turkiye-115_03.jpg,train/attack/digital_1/huawei/turkiye-115_03.jpg,train/attack/digital_2/huawei/turkiye-115_03.jpg,test/attack/digital_3/huawei/turkiye-115_03.jpg,0.94941520511107291,0.99995464717675719,0.99998354416374224,0.94908257979352284,2.9321951866149902,10.000992774963379,11.014813899993896,2.9252907037734985,1,1,1,1,1,1,1,1,-0.050872067383234354,-0.050900964370219404,-0.050886515876726879,-7.0757020711898804,-8.0895231962203979,-7.5826126337051392,1,0,0,0
9,turkiye-115_03,iphone15pro,train/bonafide/iphone15pro/turkiye-115_03.jpg,train/attack/digital_1/iphone15pro/turkiye-115_03.jpg,train/attack/digital_2/iphone15pro/turkiye-115_03.jpg,test/attack/digital_3/iphone15pro/turkiye-115_03.jpg,0.00084262725396874684,0.99996707923225281,0.99969917527962504,0.00096626854684848202,-7.0781428813934326,10.32137393951416,8.1086819171905518,-6.9411020278930664,0,1,1,0,0,1,1,0,-0.99900081068540436,-0.99873290673277659,-0.99886685870909042,-17.262475967407227,-15.049783945083618,-16.156129956245422,1,1,1,1
9,turkiye-115_03,scan,train/bonafide/scan/turkiye-115_03.jpg,train/attack/digital_1/scan/turkiye-115_03.jpg,train/attack/digital_2/scan/turkiye-115_03.jpg,test/attack/digital_3/scan/turkiye-115_03.jpg,0.00046910158506943792,0.99994633567008417,0.9999044996547678,0.00061248528888612397,-7.6642220020294189,9.8327083587646484,9.2562851905822754,-7.3973729610443115,0,1,1,0,0,1,1,0,-0.99933385038119804,-0.99929201436588166,-0.9993129323735398,-17.23008131980896,-16.653658151626587,-16.941869735717773,1,1,1,1
9,turkiye-NF-1002,huawei,train/bonafide/huawei/turkiye-NF-1002.jpg,train/attack/digital_1/huawei/turkiye-NF-1002.jpg,train/attack/digital_2/huawei/turkiye-NF-1002.jpg,test/attack/digital_3/huawei/turkiye-NF-1002.jpg,0.03654467841451884,0.9999708410210032,0.99999158510834996,0.041544669396567854,-3.2719905376434326,10.442718505859375,11.68549919128418,-3.1385537385940552,0,1,1,0,1,1,1,1,-0.95842617162443533,-0.95844691571178209,-0.95843654366810871,-13.58127224445343,-14.824052929878235,-14.202662587165833,1,1,1,0
9,turkiye-NF-1002,iphone15pro,train/bonafide/iphone15pro/turkiye-NF-1002.jpg,train/attack/digital_1/iphone15pro/turkiye-NF-1002.jpg,train/attack/digital_2/iphone15pro/turkiye-NF-1002.jpg,test/attack/digital_3/iphone15pro/turkiye-NF-1002.jpg,0.0036560118971632875,0.99999581930484327,0.99999493331694966,0.0041586898513463798,-5.6077196598052979,12.385028839111328,12.192819118499756,-5.4783878326416016,0,1,1,0,0,1,1,0,-0.99583712945349689,-0.99583624346560329,-0.99583668645955004,-17.86341667175293,-17.671206951141357,-17.767311811447144,1,1,1,1
9,turkiye-NF-1002,scan,train/bonafide/scan/turkiye-NF-1002.jpg,train/attack/digital_1/scan/turkiye-NF-1002.jpg,train/attack/digital_2/scan/turkiye-NF-1002.jpg,test/attack/digital_3/scan/turkiye-NF-1002.jpg,0.0094320430524533604,0.99999909108349871,0.9999988146509089,0.0098136715272748466,-4.6541657447814941,13.911011695861816,13.645472049713135,-4.6141166687011719,0,1,1,0,0,1,1,0,-0.99018541955622386,-0.99018514312363404,-0.99018528133992889,-18.525128364562988,-18.259588718414307,-18.392358541488647,1,1,1,1
9,turkiye-NM-1055,huawei,train/bonafide/huawei/turkiye-NM-1055.jpg,train/attack/digital_1/huawei/turkiye-NM-1055.jpg,train/attack/digital_2/huawei/turkiye-NM-1055.jpg,test/attack/digital_3/huawei/turkiye-NM-1055.jpg,0.0053395800189334651,0.99959877291018262,0.99979335569387118,0.0059549658186533773,-5.2272543907165527,7.8205816745758057,8.4843049049377441,-5.1175570487976074,0,1,1,0,0,1,1,0,-0.99364380709152922,-0.99383838987521778,-0.99374109848337355,-12.938138723373413,-13.601861953735352,-13.270000338554382,1,1,1,1
9,turkiye-NM-1055,iphone15pro,train/bonafide/iphone15pro/turkiye-NM-1055.jpg,train/attack/digital_1/iphone15pro/turkiye-NM-1055.jpg,train/attack/digital_2/iphone15pro/turkiye-NM-1055.jpg,test/attack/digital_3/iphone15pro/turkiye-NM-1055.jpg,0.0021847238029348895,0.99975993118859374,0.99811369381022785,0.0024282443508426657,-6.1240787506103516,8.3343448638916016,6.2712466716766357,-6.018155574798584,0,1,1,0,0,1,1,0,-0.99733168683775109,-0.9956854494593852,-0.99650856814856814,-14.352500438690186,-12.28940224647522,-13.320951342582703,1,1,1,1
9,turkiye-NM-1055,scan,train/bonafide/scan/turkiye-NM-1055.jpg,train/attack/digital_1/scan/turkiye-NM-1055.jpg,train/attack/digital_2/scan/turkiye-NM-1055.jpg,test/attack/digital_3/scan/turkiye-NM-1055.jpg,0.012367267856949447,0.99999157239518344,0.99998171545719683,0.01353696963571896,-4.3802576065063477,11.683989524841309,10.909436225891113,-4.2887014150619507,0,1,1,0,0,1,1,0,-0.98645460275946451,-0.9864447458214779,-0.98644967429047126,-15.972690939903259,-15.198137640953064,-15.585414290428162,1,1,1,1
9,ukraine-025_03,huawei,train/bonafide/huawei/ukraine-025_03.jpg,train/attack/digital_1/huawei/ukraine-025_03.jpg,train/attack/digital_2/huawei/ukraine-025_03.jpg,test/attack/digital_3/huawei/ukraine-025_03.jpg,0.001913902348704809,0.99753331854225447,0.98810153307149784,0.0017499052057205191,-6.2566952705383301,6.0024118423461914,4.4193758964538574,-6.3464422225952148,0,1,1,0,0,1,1,0,-0.99578341333653397,-0.98635162786577735,-0.99106752060115566,-12.348854064941406,-10.765818119049072,-11.557336091995239,1,0,1,1
9,ukraine-025_03,iphone15pro,train/bonafide/iphone15pro/ukraine-025_03.jpg,train/attack/digital_1/iphone15pro/ukraine-025_03.jpg,train/attack/digital_2/iphone15pro/ukraine-025_03.jpg,test/attack/digital_3/iphone15pro/ukraine-025_03.jpg,0.0026387109493263179,0.99947258619040169,0.98719551672500905,0.0025416991283959017,-5.9348225593566895,7.5469975471496582,4.3450727462768555,-5.9723775386810303,0,1,1,0,0,1,1,0,-0.99693088706200583,-0.98465381759661319,-0.99079235232930951,-13.519375085830688,-10.317450284957886,-11.918412685394287,1,0,1,1
9,ukraine-025_03,scan,train/bonafide/scan/ukraine-025_03.jpg,train/attack/digital_1/scan/ukraine-025_03.jpg,train/attack/digital_2/scan/ukraine-025_03.jpg,test/attack/digital_3/scan/ukraine-025_03.jpg,0.012650078600512047,0.995221473643637,0.99701621019655018,0.012455450069743417,-4.3573610782623291,5.3388330936431885,5.811572790145874,-4.373063325881958,0,1,1,0,0,1,1,0,-0.98276602357389353,-0.98456076012680671,-0.98366339185035012,-9.7118964195251465,-10.184636116027832,-9.9482662677764893,1,0,1,1
9,ukraine-NF-1068,huawei,train/bonafide/huawei/ukraine-NF-1068.jpg,train/attack/digital_1/huawei/ukraine-NF-1068.jpg,train/attack/digital_2/huawei/ukraine-NF-1068.jpg,test/attack/digital_3/huawei/ukraine-NF-1068.jpg,0.0087979736734045827,0.99812680396256537,0.98697902424797712,0.0092154982398109948,-4.7243969440460205,6.2782342433929443,4.3280872106552124,-4.6776103973388672,0,1,1,0,0,1,1,0,-0.98891130572275432,-0.97776352600816607,-0.9833374158654602,-10.955844640731812,-9.0056976079940796,-9.9807711243629456,1,1,1,1
9,ukraine-NF-1068,iphone15pro,train/bonafide/iphone15pro/ukraine-NF-1068.jpg,train/attack/digital_1/iphone15pro/ukraine-NF-1068.jpg,train/attack/digital_2/iphone15pro/ukraine-NF-1068.jpg,test/attack/digital_3/iphone15pro/ukraine-NF-1068.jpg,0.004188200936091041,0.99862413195321376,0.96203782424320028,0.0040675581173908416,-5.4712870121002197,6.5872936248779297,3.2324634790420532,-5.5006365776062012,0,1,1,0,0,1,1,0,-0.99455657383582297,-0.95797026612580949,-0.97626341998081623,-12.087930202484131,-8.7331000566482544,-10.410515129566193,1,0,1,1
9,ukraine-NF-1068,scan,train/bonafide/scan/ukraine-NF-1068.jpg,train/attack/digital_1/scan/ukraine-NF-1068.jpg,train/attack/digital_2/scan/ukraine-NF-1068.jpg,test/attack/digital_3/scan/ukraine-NF-1068.jpg,0.018547293618543903,0.99949299474111075,0.99736121187225646,0.018116179543937492,-3.9687099456787109,7.586482048034668,5.93479323387146,-3.992667555809021,0,1,1,0,0,1,1,0,-0.98137681519717324,-0.97924503232831894,-0.98031092376274609,-11.579149603843689,-9.927460789680481,-10.753305196762085,1,0,1,1
9,ukraine-NF-1073,huawei,train/bonafide/huawei/ukraine-NF-1073.jpg,train/attack/digital_1/huawei/ukraine-NF-1073.jpg,train/attack/digital_2/huawei/ukraine-NF-1073.jpg,test/attack/digital_3/huawei/ukraine-NF-1073.jpg,0.00018277717874644689,0.9656391075825258,0.97583021811306203,0.00018872294616360588,-8.6070599555969238,3.3358711004257202,3.6981854438781738,-8.5750417709350586,0,1,1,0,0,1,1,0,-0.96545038463636224,-0.97564149516689846,-0.97054593990163041,-11.910912871360779,-12.273227214813232,-12.092070043087006,1,1,1,1
9,ukraine-NF-1073,iphone15pro,train/bonafide/iphone15pro/ukraine-NF-1073.jpg,train/attack/digital_1/iphone15pro/ukraine-NF-1073.jpg,train/attack/digital_2/iphone15pro/ukraine-NF-1073.jpg,test/attack/digital_3/iphone15pro/ukraine-NF-1073.jpg,0.0023496594767756173,0.98551723387383294,0.99339576453816403,0.0021776734607955798,-6.0511324405670166,4.2202072143554688,5.0134179592132568,-6.1273181438446045,0,1,1,0,0,1,1,0,-0.98333956041303738,-0.99121809107736847,-0.98727882574520287,-10.347525358200073,-11.140736103057861,-10.744130730628967,1,0,1,1
9,ukraine-NF-1073,scan,train/bonafide/scan/ukraine-NF-1073.jpg,train/attack/digital_1/scan/ukraine-NF-1073.jpg,train/attack/digital_2/scan/ukraine-NF-1073.jpg,test/attack/digital_3/scan/ukraine-NF-1073.jpg,0.0071944980697797069,0.98413422539812212,0.99191019087861076,0.0072339571323714741,-4.9272181987762451,4.1275980472564697,4.8090274333953857,-4.9217088222503662,0,1,1,0,0,1,1,0,-0.9769002682657506,-0.98467623374623925,-0.98078825100599498,-9.0493068695068359,-9.730736255645752,-9.3900215625762939,1,1,1,1
9,ukraine-NF-1106,huawei,train/bonafide/huawei/ukraine-NF-1106.jpg,train/attack/digital_1/huawei/ukraine-NF-1106.jpg,train/attack/digital_2/huawei/ukraine-NF-1106.jpg,test/attack/digital_3/huawei/ukraine-NF-1106.jpg,0.0055761323308362726,0.9991461040868681,0.999747379198479,0.0058352838987344082,-5.1836681365966797,7.0648469924926758,8.2833683490753174,-5.1379799842834473,0,1,1,0,0,1,1,0,-0.99331082018813366,-0.99391209529974456,-0.99361145774393911,-12.202826976776123,-13.421348333358765,-12.812087655067444,1,1,1,1
9,ukraine-NF-1106,iphone15pro,train/bonafide/iphone15pro/ukraine-NF-1106.jpg,train/attack/digital_1/iphone15pro/ukraine-NF-1106.jpg,train/attack/digital_2/iphone15pro/ukraine-NF-1106.jpg,test/attack/digital_3/iphone15pro/ukraine-NF-1106.jpg,0.0010251638007446847,0.99892553407385232,0.99620271067961497,0.0010889371878784371,-6.8818771839141846,6.8348565101623535,5.5696632862091064,-6.8214635848999023,0,1,1,0,0,1,1,0,-0.99783659688597393,-0.99511377349173658,-0.99647518518885525,-13.656320095062256,-12.391126871109009,-13.023723483085632,1,1,1,1
9,ukraine-NF-1106,scan,train/bonafide/scan/ukraine-NF-1106.jpg,train/attack/digital_1/scan/ukraine-NF-1106.jpg,train/attack/digital_2/scan/ukraine-NF-1106.jpg,test/attack/digital_3/scan/ukraine-NF-1106.jpg,0.025193150757778674,0.99806980343101825,0.99956699864481069,0.028332459879960595,-3.6556671857833862,6.2482013702392578,7.7443366050720215,-3.5350055694580078,0,1,1,0,0,1,1,0,-0.96973734355105767,-0.97123453876485011,-0.97048594115795384,-9.7832069396972656,-11.279342174530029,-10.531274557113647,1,1,1,1
9,usa-034_03,huawei,train/bonafide/huawei/usa-034_03.jpg,train/attack/digital_1/huawei/usa-034_03.jpg,train/attack/digital_2/huawei/usa-034_03.jpg,test/attack/digital_3/huawei/usa-034_03.jpg,0.00010322676097796289,0.99237796215995133,0.9999865797625257,9.9818746341798312e-05,-9.1784791946411133,4.8690602779388428,11.218733310699463,-9.2120547294616699,0,1,1,0,0,1,1,0,-0.99227814341360954,-0.9998867610161839,-0.99608245221489666,-14.081115007400513,-20.430788040161133,-17.255951523780823,1,0,1,1
9,usa-034_03,iphone15pro,train/bonafide/iphone15pro/usa-034_03.jpg,train/attack/digital_1/iphone15pro/usa-034_03.jpg,train/attack/digital_2/iphone15pro/usa-034_03.jpg,test/attack/digital_3/iphone15pro/usa-034_03.jpg,9.2383285302767874e-05,0.99838308836215539,0.99998502587492832,9.163269443794723e-05,-9.2894721031188965,6.4256191253662109,11.109171867370605,-9.297630786895752,0,1,1,0,0,1,1,0,-0.99829145566771749,-0.99989339318049042,-0.99909242442410395,-15.723249912261963,-20.406802654266357,-18.06502628326416,1,0,1,1
9,usa-034_03,scan,train/bonafide/scan/usa-034_03.jpg,train/attack/digital_1/scan/usa-034_03.jpg,train/attack/digital_2/scan/usa-034_03.jpg,test/attack/digital_3/scan/usa-034_03.jpg,0.00062753456811342643,0.99990306750489999,0.99998077847959876,0.00061117295818751652,-7.3730840682983398,9.241398811340332,10.859460830688477,-7.3995192050933838,0,1,1,0,0,1,1,0,-0.99929189454671252,-0.9993696055214113,-0.99933075003406191,-16.640918016433716,-18.25898003578186,-17.449949026107788,1,0,1,1
9,usa-067_03,huawei,train/bonafide/huawei/usa-067_03.jpg,train/attack/digital_1/huawei/usa-067_03.jpg,train/attack/digital_2/huawei/usa-067_03.jpg,test/attack/digital_3/huawei/usa-067_03.jpg,0.00052094599327392392,0.9866692997247235,0.99961975521459656,0.00050421661537157394,-7.5593430995941162,4.3042652606964111,7.8743150234222412,-7.5920002460479736,0,1,1,0,0,1,1,0,-0.98616508310935191,-0.99911553859922497,-0.99264031085428839,-11.896265506744385,-15.466315269470215,-13.6812903881073,1,0,1,1
9,usa-067_03,iphone15pro,train/bonafide/iphone15pro/usa-067_03.jpg,train/attack/digital_1/iphone15pro/usa-067_03.jpg,train/attack/digital_2/iphone15pro/usa-067_03.jpg,test/attack/digital_3/iphone15pro/usa-067_03.jpg,0.00021212853030326006,0.98739600708170938,0.99225794963260894,0.00022013779158149815,-8.4581060409545898,4.3610575199127197,4.8533165454864502,-8.4210367202758789,0,1,1,0,0,1,1,0,-0.98717586929012791,-0.99203781184102746,-0.98960684056557768,-12.782094240188599,-13.274353265762329,-13.028223752975464,1,1,1,1
9,usa-067_03,scan,train/bonafide/scan/usa-067_03.jpg,train/attack/digital_1/scan/usa-067_03.jpg,train/attack/digital_2/scan/usa-067_03.jpg,test/attack/digital_3/scan/usa-067_03.jpg,0.00063790686479906226,0.99983613610421018,0.99988223716132707,0.00058871103797631503,-7.356680154800415,8.7163105010986328,9.046720027923584,-7.4369862079620361,0,1,1,0,0,1,1,0,-0.99924742506623387,-0.99929352612335076,-0.99927047559479232,-16.153296709060669,-16.48370623588562,-16.318501472473145,1,0,1,1
9,usa-NF-1036,huawei,train/bonafide/huawei/usa-NF-1036.jpg,train/attack/digital_1/huawei/usa-NF-1036.jpg,train/attack/digital_2/huawei/usa-NF-1036.jpg,test/attack/digital_3/huawei/usa-NF-1036.jpg,0.032833503433611078,0.99928544698181176,0.99999269545037595,0.041013967527987583,-3.3829212188720703,7.2431385517120361,11.827005863189697,-3.1519638299942017,0,1,1,0,1,1,1,1,-0.95827147945382418,-0.95897872792238836,-0.95862510368810627,-10.395102381706238,-14.978969693183899,-12.687036037445068,1,1,1,0
9,usa-NF-1036,iphone15pro,train/bonafide/iphone15pro/usa-NF-1036.jpg,train/attack/digital_1/iphone15pro/usa-NF-1036.jpg,train/attack/digital_2/iphone15pro/usa-NF-1036.jpg,test/attack/digital_3/iphone15pro/usa-NF-1036.jpg,0.0002442286164914089,0.99982306896264184,0.99993725908573039,0.00023518358067851989,-8.3171615600585938,8.6395735740661621,9.6764340400695801,-8.3549089431762695,0,1,1,0,0,1,1,0,-0.9995878853819633,-0.99970207550505186,-0.99964498044350758,-16.994482517242432,-18.03134298324585,-17.512912750244141,1,0,1,1
9,usa-NF-1036,scan,train/bonafide/scan/usa-NF-1036.jpg,train/attack/digital_1/scan/usa-NF-1036.jpg,train/attack/digital_2/scan/usa-NF-1036.jpg,test/attack/digital_3/scan/usa-NF-1036.jpg,0.0048160288525930768,0.99996306535501767,0.99999576191024053,0.0044657060269886889,-5.3309779167175293,10.206323623657227,12.37139368057251,-5.4068522453308105,0,1,1,0,0,1,1,0,-0.99549735932802896,-0.99553005588325183,-0.9955137076056404,-15.613175868988037,-17.77824592590332,-16.695710897445679,1,0,1,1
9,usa-NF-1065,huawei,train/bonafide/huawei/usa-NF-1065.jpg,train/attack/digital_1/huawei/usa-NF-1065.jpg,train/attack/digital_2/huawei/usa-NF-1065.jpg,test/attack/digital_3/huawei/usa-NF-1065.jpg,0.00049461773221251386,0.99785375454427028,0.99999707688258266,0.00052205162451322677,-7.6112306118011475,6.1418867111206055,12.742856979370117,-7.5572218894958496,0,1,1,0,0,1,1,0,-0.99733170291975703,-0.99947502525806942,-0.99840336408891317,-13.699108600616455,-20.300078868865967,-16.999593734741211,1,1,1,1
9,usa-NF-1065,iphone15pro,train/bonafide/iphone15pro/usa-NF-1065.jpg,train/attack/digital_1/iphone15pro/usa-NF-1065.jpg,train/attack/digital_2/iphone15pro/usa-NF-1065.jpg,test/attack/digital_3/iphone15pro/usa-NF-1065.jpg,9.5726505581611581e-05,0.9999897076944102,0.99998896702864626,7.7314501035765257e-05,-9.2539196014404297,11.484103679656982,11.414611339569092,-9.4675517082214355,0,1,1,0,0,1,1,0,-0.99991239319337444,-0.99991165252761049,-0.99991202286049252,-20.951655387878418,-20.882163047790527,-20.916909217834473,1,0,1,1
9,usa-NF-1065,scan,train/bonafide/scan/usa-NF-1065.jpg,train/attack/digital_1/scan/usa-NF-1065.jpg,train/attack/digital_2/scan/usa-NF-1065.jpg,test/attack/digital_3/scan/usa-NF-1065.jpg,0.0013321044721918392,0.99999713794418821,0.99999507827041989,0.0011960366096877603,-6.6196622848510742,12.763967514038086,12.221845626831055,-6.7275452613830566,0,1,1,0,0,1,1,0,-0.9988011013345004,-0.99879904166073208,-0.99880007149761629,-19.491512775421143,-18.949390888214111,-19.220451831817627,1,0,1,1
9,usa-NF-1076,huawei,train/bonafide/huawei/usa-NF-1076.jpg,train/attack/digital_1/huawei/usa-NF-1076.jpg,train/attack/digital_2/huawei/usa-NF-1076.jpg,test/attack/digital_3/huawei/usa-NF-1076.jpg,4.7210865833691734e-05,0.9581674820910997,0.99999472025030012,5.8414689527040629e-05,-9.9608392715454102,3.1313486099243164,12.151626586914062,-9.7478847503662109,0,1,1,0,0,1,1,0,-0.95810906740157264,-0.99993630556077306,-0.97902268648117285,-12.879233360290527,-21.899511337280273,-17.3893723487854,1,1,1,1
9,usa-NF-1076,iphone15pro,train/bonafide/iphone15pro/usa-NF-1076.jpg,train/attack/digital_1/iphone15pro/usa-NF-1076.jpg,train/attack/digital_2/iphone15pro/usa-NF-1076.jpg,test/attack/digital_3/iphone15pro/usa-NF-1076.jpg,1.1292152195096762e-05,0.99948039743719785,0.99991749017297282,1.099806817972385e-05,-11.391391277313232,7.5619266033172607,9.4025106430053711,-11.417779922485352,0,1,1,0,0,1,1,0,-0.99946939936901813,-0.9999064921047931,-0.99968794573690567,-18.979706525802612,-20.820290565490723,-19.899998545646667,1,0,1,1
9,usa-NF-1076,scan,train/bonafide/scan/usa-NF-1076.jpg,train/attack/digital_1/scan/usa-NF-1076.jpg,train/attack/digital_2/scan/usa-NF-1076.jpg,test/attack/digital_3/scan/usa-NF-1076.jpg,0.0001338725427722845,0.99999812879972616,0.99998886260907793,0.00012572342726190433,-8.9184885025024414,13.188928604125977,11.405191421508789,-8.9813003540039062,0,1,1,0,0,1,1,0,-0.99987240537246425,-0.99986313918181602,-0.99986777227714019,-22.170228958129883,-20.386491775512695,-21.278360366821289,1,0,1,1
9,usa-NM-1038,huawei,train/bonafide/huawei/usa-NM-1038.jpg,train/attack/digital_1/huawei/usa-NM-1038.jpg,train/attack/digital_2/huawei/usa-NM-1038.jpg,test/attack/digital_3/huawei/usa-NM-1038.jpg,5.3893778409666545e-05,0.44122540792596571,0.99985241442724193,4.9785724398707677e-05,-9.8284416198730469,-0.23619028367102146,8.8209547996520996,-9.9077324867248535,0,0,1,0,0,1,1,0,-0.44117562220156697,-0.9998026287028432,-0.72048912545220511,-9.6715422030538321,-18.728687286376953,-14.200114744715393,1,0,0,1
9,usa-NM-1038,iphone15pro,train/bonafide/iphone15pro/usa-NM-1038.jpg,train/attack/digital_1/iphone15pro/usa-NM-1038.jpg,train/attack/digital_2/iphone15pro/usa-NM-1038.jpg,test/attack/digital_3/iphone15pro/usa-NM-1038.jpg,5.2139477696471643e-05,0.98441998605236203,0.99881207244085934,4.3077963427577186e-05,-9.8615360260009766,4.1460636854171753,6.7343564033508301,-10.052455902099609,0,1,1,0,0,1,1,0,-0.98437690808893441,-0.99876899447743173,-0.99157295128318312,-14.198519587516785,-16.786812305450439,-15.492665946483612,1,0,1,1
9,usa-NM-1038,scan,train/bonafide/scan/usa-NM-1038.jpg,train/attack/digital_1/scan/usa-NM-1038.jpg,train/attack/digital_2/scan/usa-NM-1038.jpg,test/attack/digital_3/scan/usa-NM-1038.jpg,0.00028858553478566465,0.99915818370132103,0.9999693729307193,0.00025985535420564314,-8.1502304077148438,7.0791065692901611,10.393595695495605,-8.2551255226135254,0,1,1,0,0,1,1,0,-0.99889832834711534,-0.99970951757651361,-0.99930392296181447,-15.334232091903687,-18.648721218109131,-16.991476655006409,1,0,1,1
10,arabic-024_03,huawei,train/bonafide/huawei/arabic-024_03.jpg,train/attack/digital_1/huawei/arabic-024_03.jpg,train/attack/digital_2/huawei/arabic-024_03.jpg,test/attack/digital_3/huawei/arabic-024_03.jpg,0.0009313763707068833,0.99696727856080058,0.9999860849762644,0.0028282586947484074,-6.9779152870178223,5.795257568359375,11.182527542114258,-5.8652617931365967,0,1,1,0,0,1,1,1,-0.99413901986605213,-0.99715782628151595,-0.99564842307378398,-11.660519361495972,-17.047789335250854,-14.354154348373413,1,1,1,0
10,arabic-024_03,iphone15pro,train/bonafide/iphone15pro/arabic-024_03.jpg,train/attack/digital_1/iphone15pro/arabic-024_03.jpg,train/attack/digital_2/iphone15pro/arabic-024_03.jpg,test/attack/digital_3/iphone15pro/arabic-024_03.jpg,0.0014214090901396969,0.14070151607390144,0.98959805652830379,0.0021135742686627821,-6.5546841621398926,-1.8094756007194519,4.5553061962127686,-6.1572589874267578,0,0,1,0,0,1,1,1,-0.13858794180523865,-0.98748448225964103,-0.56303621203243981,-4.3477833867073059,-10.712565183639526,-7.5301742851734161,1,1,0,0
10,arabic-024_03,scan,train/bonafide/scan/arabic-024_03.jpg,train/attack/digital_1/scan/arabic-024_03.jpg,train/attack/digital_2/scan/arabic-024_03.jpg,test/attack/digital_3/scan/arabic-024_03.jpg,0.00038433138270486142,0.99998518631155042,0.99998095555851529,0.00049335662487494218,-7.8636209964752197,11.119944095611572,10.868716239929199,-7.6137847900390625,0,1,1,0,0,1,1,0,-0.99949182968667549,-0.99948759893364036,-0.99948971431015787,-18.733728885650635,-18.482501029968262,-18.608114957809448,1,1,1,1
10,arabic-120_03,huawei,train/bonafide/huawei/arabic-120_03.jpg,train/attack/digital_1/huawei/arabic-120_03.jpg,train/attack/digital_2/huawei/arabic-120_03.jpg,test/attack/digital_3/huawei/arabic-120_03.jpg,0.0004366961906169475,0.99998092245705539,0.99996610209063763,0.0010040721368010255,-7.7358360290527344,10.866979598999023,10.292123317718506,-6.9026868343353271,0,1,1,0,0,1,1,0,-0.99897685032025441,-0.99896202995383665,-0.99896944013704547,-17.769666433334351,-17.194810152053833,-17.482238292694092,1,1,1,1
10,arabic-120_03,iphone15pro,train/bonafide/iphone15pro/arabic-120_03.jpg,train/attack/digital_1/iphone15pro/arabic-120_03.jpg,train/attack/digital_2/iphone15pro/arabic-120_03.jpg,test/attack/digital_3/iphone15pro/arabic-120_03.jpg,0.00029230695565453233,0.99996895273045916,0.99855667231614842,0.00041765374370201076,-8.1374137401580811,10.379968643188477,6.5393595695495605,-7.780440092086792,0,1,1,0,0,1,1,0,-0.9995512989867571,-0.99813901857244636,-0.99884515877960178,-18.160408735275269,-14.319799661636353,-16.240104198455811,1,1,1,1
10,arabic-120_03,scan,train/bonafide/scan/arabic-120_03.jpg,train/attack/digital_1/scan/arabic-120_03.jpg,train/attack/digital_2/scan/arabic-120_03.jpg,test/attack/digital_3/scan/arabic-120_03.jpg,0.00016110362666267635,0.99999827987900647,0.99995086010543943,0.00019173440888213943,-8.7333016395568848,13.273114204406738,9.9207901954650879,-8.5592076778411865,0,1,1,0,0,1,1,0,-0.99980654547012437,-0.99975912569655734,-0.9997828355833408,-21.832321882247925,-18.479997873306274,-20.1561598777771,1,1,1,1
10,arabic-NF-1048,huawei,train/bonafide/huawei/arabic-NF-1048.jpg,train/attack/digital_1/huawei/arabic-NF-1048.jpg,train/attack/digital_2/huawei/arabic-NF-1048.jpg,test/attack/digital_3/huawei/arabic-NF-1048.jpg,0.00010441874173786532,0.99998788175170172,0.99992985380978905,0.0001555086946781558,-9.166996955871582,11.320785999298096,9.5648589134216309,-8.768653392791748,0,1,1,0,0,1,1,0,-0.99983237305702355,-0.99977434511511087,-0.99980335908606721,-20.089439392089844,-18.333512306213379,-19.211475849151611,1,1,1,1
10,arabic-NF-1048,iphone15pro,train/bonafide/iphone15pro/arabic-NF-1048.jpg,train/attack/digital_1/iphone15pro/arabic-NF-1048.jpg,train/attack/digital_2/iphone15pro/arabic-NF-1048.jpg,test/attack/digital_3/iphone15pro/arabic-NF-1048.jpg,5.2244396008210812e-05,0.99998983645054562,0.99259364068927969,0.00010648749149278093,-9.8595256805419922,11.496692657470703,4.8979823589324951,-9.147376537322998,0,1,1,0,0,1,1,0,-0.99988334895905284,-0.99248715319778691,-0.99618525107841982,-20.644069194793701,-14.045358896255493,-17.344714045524597,1,1,1,1
10,arabic-NF-1048,scan,train/bonafide/scan/arabic-NF-1048.jpg,train/attack/digital_1/scan/arabic-NF-1048.jpg,train/attack/digital_2/scan/arabic-NF-1048.jpg,test/attack/digital_3/scan/arabic-NF-1048.jpg,5.4550272751212537e-05,0.99999979751214696,0.999827224362283,0.00010895689464610697,-9.8163332939147949,15.412585735321045,8.6633439064025879,-9.1244492530822754,0,1,1,0,0,1,1,0,-0.99989084061750089,-0.99971826746763692,-0.99980455404256896,-24.53703498840332,-17.787793159484863,-21.162414073944092,1,1,1,1
10,arabic-NF-1098,huawei,train/bonafide/huawei/arabic-NF-1098.jpg,train/attack/digital_1/huawei/arabic-NF-1098.jpg,train/attack/digital_2/huawei/arabic-NF-1098.jpg,test/attack/digital_3/huawei/arabic-NF-1098.jpg,0.00017417985873273358,0.99999882264315376,0.99999999311280541,0.00023686793099804941,-8.6552479267120361,13.652237415313721,18.793601989746094,-8.3477709293365479,0,1,1,0,0,1,1,0,-0.99976195471215568,-0.99976312518180732,-0.9997625399469815,-22.000008344650269,-27.141372919082642,-24.570690631866455,1,1,1,1
10,arabic-NF-1098,iphone15pro,train/bonafide/iphone15pro/arabic-NF-1098.jpg,train/attack/digital_1/iphone15pro/arabic-NF-1098.jpg,train/attack/digital_2/iphone15pro/arabic-NF-1098.jpg,test/attack/digital_3/iphone15pro/arabic-NF-1098.jpg,7.7911514174055038e-05,0.99996935373547469,0.99999987638603405,0.00013430887049187823,-9.4598588943481445,10.392969131469727,15.906102180480957,-8.9152340888977051,0,1,1,0,0,1,1,0,-0.99983504486498276,-0.99986556751554212,-0.99985030619026238,-19.308203220367432,-24.821336269378662,-22.064769744873047,1,1,1,1
10,arabic-NF-1098,scan,train/bonafide/scan/arabic-NF-1098.jpg,train/attack/digital_1/scan/arabic-NF-1098.jpg,train/attack/digital_2/scan/arabic-NF-1098.jpg,test/attack/digital_3/scan/arabic-NF-1098.jpg,7.6924732837329907e-05,0.99999982136353605,0.9999999514673571,0.00012843165072723729,-9.4726061820983887,15.537912845611572,16.841029167175293,-8.9599852561950684,0,1,1,0,0,1,1,0,-0.99987138971280876,-0.99987151981662981,-0.99987145476471928,-24.497898101806641,-25.801014423370361,-25.149456262588501,1,1,1,1
10,arabic-NM-1090,huawei,train/bonafide/huawei/arabic-NM-1090.jpg,train/attack/digital_1/huawei/arabic-NM-1090.jpg,train/attack/digital_2/huawei/arabic-NM-1090.jpg,test/attack/digital_3/huawei/arabic-NM-1090.jpg,0.00010373835834344222,0.99999170155244343,0.99983163333010183,0.00010645068830872423,-9.1735348701477051,11.69943380355835,8.6891980171203613,-9.1477222442626953,0,1,1,0,0,1,1,0,-0.99988525086413471,-0.99972518264179311,-0.99980521675296397,-20.847156047821045,-17.836920261383057,-19.342038154602051,1,1,1,1
10,arabic-NM-1090,iphone15pro,train/bonafide/iphone15pro/arabic-NM-1090.jpg,train/attack/digital_1/iphone15pro/arabic-NM-1090.jpg,train/attack/digital_2/iphone15pro/arabic-NM-1090.jpg,test/attack/digital_3/iphone15pro/arabic-NM-1090.jpg,6.8730094241612711e-05,0.99990603971347136,0.94316035617649951,0.00011416151407775375,-9.5852546691894531,9.2725443840026855,2.8090022802352905,-9.077782154083252,0,1,1,0,0,1,1,0,-0.99979187819939364,-0.94304619466242179,-0.97141903643090777,-18.350326538085938,-11.886784434318542,-15.11855548620224,1,1,1,1
10,arabic-NM-1090,scan,train/bonafide/scan/arabic-NM-1090.jpg,train/attack/digital_1/scan/arabic-NM-1090.jpg,train/attack/digital_2/scan/arabic-NM-1090.jpg,test/attack/digital_3/scan/arabic-NM-1090.jpg,0.00010074137696153113,0.99999767869156131,0.99953599101574009,0.0001022031301191138,-9.2028532028198242,12.973377227783203,7.6751425266265869,-9.188446044921875,0,1,1,0,0,1,1,0,-0.9998954755614422,-0.99943378788562098,-0.99966463172353159,-22.161823272705078,-16.863588571548462,-19.51270592212677,1,1,1,1
10,chinese-001_03,huawei,train/bonafide/huawei/chinese-001_03.jpg,train/attack/digital_1/huawei/chinese-001_03.jpg,train/attack/digital_2/huawei/chinese-001_03.jpg,test/attack/digital_3/huawei/chinese-001_03.jpg,4.1673488932772489e-05,0.89261082350505339,0.99999727222543855,5.2146563489948345e-05,-10.085603713989258,2.1176912784576416,12.812021732330322,-9.8614001274108887,0,1,1,0,0,1,1,0,-0.89255867694156343,-0.9999451256619486,-0.94625190130175607,-11.97909140586853,-22.673421859741211,-17.326256632804871,1,1,1,1
10,chinese-001_03,iphone15pro,train/bonafide/iphone15pro/chinese-001_03.jpg,train/attack/digital_1/iphone15pro/chinese-001_03.jpg,train/attack/digital_2/iphone15pro/chinese-001_03.jpg,test/attack/digital_3/iphone15pro/chinese-001_03.jpg,7.7584480894489277e-05,0.99772619109041982,0.99999390259867416,8.7276412494952593e-05,-9.4640655517578125,6.0840225219726562,12.007641792297363,-9.3463430404663086,0,1,1,0,0,1,1,0,-0.99763891467792487,-0.9999066261861792,-0.99877277043205204,-15.430365562438965,-21.353984832763672,-18.392175197601318,1,1,1,1
10,chinese-001_03,scan,train/bonafide/scan/chinese-001_03.jpg,train/attack/digital_1/scan/chinese-001_03.jpg,train/attack/digital_2/scan/chinese-001_03.jpg,test/attack/digital_3/scan/chinese-001_03.jpg,7.4586415693882915e-05,0.94911754781714996,0.99997237672623385,9.0184665453300322e-05,-9.5034775733947754,2.9260145425796509,10.496824264526367,-9.313560962677002,0,1,1,0,0,1,1,0,-0.94902736315169667,-0.99988219206078055,-0.97445477760623866,-12.239575505256653,-19.810385227203369,-16.024980366230011,1,1,1,1
10,chinese-113_03,huawei,train/bonafide/huawei/chinese-113_03.jpg,train/attack/digital_1/huawei/chinese-113_03.jpg,train/attack/digital_2/huawei/chinese-113_03.jpg,test/attack/digital_3/huawei/chinese-113_03.jpg,0.0015838844794235491,0.99998297835987016,0.99997906266773318,0.0024932815132282962,-6.4462897777557373,10.981008052825928,10.773955821990967,-5.9916591644287109,0,1,1,0,0,1,1,1,-0.9974896968466419,-0.99748578115450492,-0.99748773900057341,-16.972667217254639,-16.765614986419678,-16.869141101837158,1,1,1,0
10,chinese-113_03,iphone15pro,train/bonafide/iphone15pro/chinese-113_03.jpg,train/attack/digital_1/iphone15pro/chinese-113_03.jpg,train/attack/digital_2/iphone15pro/chinese-113_03.jpg,test/attack/digital_3/iphone15pro/chinese-113_03.jpg,0.00067993117761214856,0.99999550337778553,0.99999969411265111,0.00082367310674383244,-7.2928388118743896,12.312179565429688,15.000048637390137,-7.1009128093719482,0,1,1,0,0,1,1,0,-0.99917183027104173,-0.9991760210059073,-0.99917392563847451,-19.413092374801636,-22.100961446762085,-20.75702691078186,1,1,1,1
10,chinese-113_03,scan,train/bonafide/scan/chinese-113_03.jpg,train/attack/digital_1/scan/chinese-113_03.jpg,train/attack/digital_2/scan/chinese-113_03.jpg,test/attack/digital_3/scan/chinese-113_03.jpg,0.00025519449255071152,0.9999763518750967,0.99999327563406437,0.000252252979614889,-8.2732293605804443,10.65220308303833,11.90976619720459,-8.2848258018493652,0,1,1,0,0,1,1,0,-0.99972409889548186,-0.99974102265444953,-0.99973256077496575,-18.937028884887695,-20.194591999053955,-19.565810441970825,1,0,1,1
10,chinese-142_03,huawei,train/bonafide/huawei/chinese-142_03.jpg,train/attack/digital_1/huawei/chinese-142_03.jpg,train/attack/digital_2/huawei/chinese-142_03.jpg,test/attack/digital_3/huawei/chinese-142_03.jpg,8.5252674560892987e-05,0.99999624770006057,0.99999987136027457,0.00011486621097400142,-9.3698058128356934,12.493137836456299,15.866250038146973,-9.0716276168823242,0,1,1,0,0,1,1,0,-0.99988138148908656,-0.99988500514930057,-0.99988319331919362,-21.564765453338623,-24.937877655029297,-23.25132155418396,1,1,1,1
10,chinese-142_03,iphone15pro,train/bonafide/iphone15pro/chinese-142_03.jpg,train/attack/digital_1/iphone15pro/chinese-142_03.jpg,train/attack/digital_2/iphone15pro/chinese-142_03.jpg,test/attack/digital_3/iphone15pro/chinese-142_03.jpg,9.8012539526535342e-05,0.99997928361631783,0.9999998652473967,0.00010816986549426319,-9.2303171157836914,10.784564971923828,15.819825172424316,-9.1316995620727539,0,1,1,0,0,1,1,0,-0.9998711137508236,-0.99989169538190248,-0.99988140456636299,-19.916264533996582,-24.95152473449707,-22.433894634246826,1,1,1,1
10,chinese-142_03,scan,train/bonafide/scan/chinese-142_03.jpg,train/attack/digital_1/scan/chinese-142_03.jpg,train/attack/digital_2/scan/chinese-142_03.jpg,test/attack/digital_3/scan/chinese-142_03.jpg,4.4154903660080763e-05,0.99987986844877519,0.99998790882193522,3.9888937314544321e-05,-10.027762413024902,9.0268030166625977,11.323022365570068,-10.129371643066406,0,1,1,0,0,1,1,0,-0.99983997951146064,-0.99994801988462068,-0.99989399969804071,-19.156174659729004,-21.452394008636475,-20.304284334182739,1,0,1,1
10,chinese-NF-1050,huawei,train/bonafide/huawei/chinese-NF-1050.jpg,train/attack/digital_1/huawei/chinese-NF-1050.jpg,train/attack/digital_2/huawei/chinese-NF-1050.jpg,test/attack/digital_3/huawei/chinese-NF-1050.jpg,1.7554303289194786e-05,0.99975677050631784,0.99663077862100979,2.2027990887889814e-05,-10.950193881988525,8.3212618827819824,5.6896986961364746,-10.723174571990967,0,1,1,0,0,1,1,0,-0.99973474251542993,-0.99660875063012189,-0.99817174657277585,-19.044436454772949,-16.412873268127441,-17.728654861450195,1,1,1,1
10,chinese-NF-1050,iphone15pro,train/bonafide/iphone15pro/chinese-NF-1050.jpg,train/attack/digital_1/iphone15pro/chinese-NF-1050.jpg,train/attack/digital_2/iphone15pro/chinese-NF-1050.jpg,test/attack/digital_3/iphone15pro/chinese-NF-1050.jpg,2.4093222462477464e-05,0.99992138647295348,0.99996389577160572,2.9488255885071547e-05,-10.633555889129639,9.4508881568908691,10.229064464569092,-10.431488990783691,0,1,1,0,0,1,1,0,-0.99989189821706836,-0.9999344075157206,-0.99991315286639448,-19.882377147674561,-20.660553455352783,-20.271465301513672,1,1,1,1
10,chinese-NF-1050,scan,train/bonafide/scan/chinese-NF-1050.jpg,train/attack/digital_1/scan/chinese-NF-1050.jpg,train/attack/digital_2/scan/chinese-NF-1050.jpg,test/attack/digital_3/scan/chinese-NF-1050.jpg,0.00036765683654102049,0.99999761949823873,0.99997320355487762,0.00030787498637320341,-7.9079928398132324,12.948196887969971,10.527214527130127,-8.0855088233947754,0,1,1,0,0,1,1,0,-0.99968974451186554,-0.99966532856850443,-0.99967753654018499,-21.033705711364746,-18.612723350524902,-19.823214530944824,1,0,1,1
10,chinese-NF-1085,huawei,train/bonafide/huawei/chinese-NF-1085.jpg,train/attack/digital_1/huawei/chinese-NF-1085.jpg,train/attack/digital_2/huawei/chinese-NF-1085.jpg,test/attack/digital_3/huawei/chinese-NF-1085.jpg,0.016770314220681842,0.99997884244999635,0.99999959519176485,0.016476943529500562,-4.0712324380874634,10.763492584228516,14.719851970672607,-4.0891790390014648,0,1,1,0,1,1,1,1,-0.98350189892049578,-0.98352265166226427,-0.98351227529137997,-14.85267162322998,-18.809031009674072,-16.830851316452026,1,0,1,0
10,chinese-NF-1085,iphone15pro,train/bonafide/iphone15pro/chinese-NF-1085.jpg,train/attack/digital_1/iphone15pro/chinese-NF-1085.jpg,train/attack/digital_2/iphone15pro/chinese-NF-1085.jpg,test/attack/digital_3/iphone15pro/chinese-NF-1085.jpg,5.097589860839585e-05,0.99516131451248557,0.99999903837929061,5.4034731506009681e-05,-9.8841066360473633,5.3262617588043213,13.854644775390625,-9.8258295059204102,0,1,1,0,0,1,1,0,-0.99510727978097957,-0.9999450036477846,-0.99752614171438203,-15.152091264724731,-23.680474281311035,-19.416282773017883,1,1,1,1
10,chinese-NF-1085,scan,train/bonafide/scan/chinese-NF-1085.jpg,train/attack/digital_1/scan/chinese-NF-1085.jpg,train/attack/digital_2/scan/chinese-NF-1085.jpg,test/attack/digital_3/scan/chinese-NF-1085.jpg,0.00020681002604343559,0.99888754631184884,0.99999916771748121,0.00027134405200538646,-8.4835031032562256,6.8000741004943848,13.999093055725098,-8.2118515968322754,0,1,1,0,0,1,1,0,-0.99861620225984349,-0.99972782366547586,-0.99917201296265967,-15.01192569732666,-22.210944652557373,-18.611435174942017,1,1,1,1
10,chinese-NM-1092,huawei,train/bonafide/huawei/chinese-NM-1092.jpg,train/attack/digital_1/huawei/chinese-NM-1092.jpg,train/attack/digital_2/huawei/chinese-NM-1092.jpg,test/attack/digital_3/huawei/chinese-NM-1092.jpg,8.5999954640685758e-05,0.99999156428986902,0.99996119748588574,7.9933462643939457e-05,-9.3610777854919434,11.683028221130371,10.156986713409424,-9.4342360496520996,0,1,1,0,0,1,1,0,-0.99991163082722512,-0.99988126402324184,-0.99989644742523354,-21.117264270782471,-19.591222763061523,-20.354243516921997,1,0,1,1
10,chinese-NM-1092,iphone15pro,train/bonafide/iphone15pro/chinese-NM-1092.jpg,train/attack/digital_1/iphone15pro/chinese-NM-1092.jpg,train/attack/digital_2/iphone15pro/chinese-NM-1092.jpg,test/attack/digital_3/iphone15pro/chinese-NM-1092.jpg,7.9812586006641162e-05,0.99997378286961669,0.99831991588182112,7.9838391175033178e-05,-9.4357495307922363,10.549071311950684,6.3872299194335938,-9.4354262351989746,0,1,1,0,0,1,1,0,-0.99989394447844171,-0.99824007749064614,-0.99906701098454398,-19.984497547149658,-15.822656154632568,-17.903576850891113,1,1,1,1
10,chinese-NM-1092,scan,train/bonafide/scan/chinese-NM-1092.jpg,train/attack/digital_1/scan/chinese-NM-1092.jpg,train/attack/digital_2/scan/chinese-NM-1092.jpg,test/attack/digital_3/scan/chinese-NM-1092.jpg,0.00010544530398934688,0.9999306763028708,0.99191678669040995,0.00010802504005392674,-9.1572127342224121,9.5766544342041016,4.809849739074707,-9.1330394744873047,0,1,1,0,0,1,1,0,-0.99982265126281689,-0.99180876165035603,-0.99581570645658646,-18.709693908691406,-13.942889213562012,-16.326291561126709,1,1,1,1
10,french-019_03,huawei,train/bonafide/huawei/french-019_03.jpg,train/attack/digital_1/huawei/french-019_03.jpg,train/attack/digital_2/huawei/french-019_03.jpg,test/attack/digital_3/huawei/french-019_03.jpg,0.0011128681229137247,0.99994065134854304,0.99999350760993,0.0011958927860988471,-6.7997012138366699,9.7320218086242676,11.944873332977295,-6.7276656627655029,0,1,1,0,0,1,1,0,-0.99874475856244416,-0.99879761482383111,-0.99877118669313769,-16.459687471389771,-18.672538995742798,-17.566113233566284,1,1,1,1
10,french-019_03,iphone15pro,train/bonafide/iphone15pro/french-019_03.jpg,train/attack/digital_1/iphone15pro/french-019_03.jpg,train/attack/digital_2/iphone15pro/french-019_03.jpg,test/attack/digital_3/iphone15pro/french-019_03.jpg,0.00067323398720837806,0.99977661143704699,0.99968498841130959,0.00063555563646162992,-7.3027441501617432,8.406374454498291,8.0625860691070557,-7.3603751659393311,0,1,1,0,0,1,1,0,-0.99914105580058532,-0.99904943277484792,-0.99909524428771657,-15.766749620437622,-15.422961235046387,-15.594855427742004,1,0,1,1
10,french-019_03,scan,train/bonafide/scan/french-019_03.jpg,train/attack/digital_1/scan/french-019_03.jpg,train/attack/digital_2/scan/french-019_03.jpg,test/attack/digital_3/scan/french-019_03.jpg,0.00075460772188814303,0.99985851581421903,0.99975802742166087,0.00042410006847156735,-7.1885576248168945,8.8631811141967773,8.326444149017334,-7.7651169300079346,0,1,1,0,0,1,1,0,-0.99943441574574743,-0.99933392735318927,-0.99938417154946835,-16.628298044204712,-16.091561079025269,-16.35992956161499,1,0,1,1
10,french-114_03,huawei,train/bonafide/huawei/french-114_03.jpg,train/attack/digital_1/huawei/french-114_03.jpg,train/attack/digital_2/huawei/french-114_03.jpg,test/attack/digital_3/huawei/french-114_03.jpg,0.00023802099427343109,0.98916973446895518,0.99998747647305841,0.00034459241522648287,-8.3429136276245117,4.5145213603973389,11.287889003753662,-7.9728035926818848,0,1,1,0,0,1,1,0,-0.98882514205372873,-0.99964288405783197,-0.99423401305578041,-12.487324953079224,-19.260692596435547,-15.874008774757385,1,1,1,1
10,french-114_03,iphone15pro,train/bonafide/iphone15pro/french-114_03.jpg,train/attack/digital_1/iphone15pro/french-114_03.jpg,train/attack/digital_2/iphone15pro/french-114_03.jpg,test/attack/digital_3/iphone15pro/french-114_03.jpg,0.00048750243395758851,0.99801770150687763,0.99991648938869804,0.00061281592859376444,-7.625727653503418,6.2215139865875244,9.3904533386230469,-7.3968329429626465,0,1,1,0,0,1,1,0,-0.99740488557828388,-0.99930367346010429,-0.99835427951919409,-13.618346929550171,-16.787286281585693,-15.202816605567932,1,1,1,1
10,french-114_03,scan,train/bonafide/scan/french-114_03.jpg,train/attack/digital_1/scan/french-114_03.jpg,train/attack/digital_2/scan/french-114_03.jpg,test/attack/digital_3/scan/french-114_03.jpg,0.00032994961372925368,0.99991012392897083,0.99998929340730225,0.00037460397185411969,-8.0162405967712402,9.3169889450073242,11.444640159606934,-7.8892664909362793,0,1,1,0,0,1,1,0,-0.99953551995711676,-0.99961468943544818,-0.99957510469628252,-17.206255435943604,-19.333906650543213,-18.270081043243408,1,1,1,1
10,french-124_03,huawei,train/bonafide/huawei/french-124_03.jpg,train/attack/digital_1/huawei/french-124_03.jpg,train/attack/digital_2/huawei/french-124_03.jpg,test/attack/digital_3/huawei/french-124_03.jpg,0.00034165623475223314,0.99799889774221207,0.99932752028835703,0.00041761393166937338,-7.9813637733459473,6.2120540142059326,7.303865909576416,-7.7805354595184326,0,1,1,0,0,1,1,0,-0.99758128381054267,-0.99890990635668764,-0.9982455950836151,-13.992589473724365,-15.084401369094849,-14.538495421409607,1,1,1,1
10,french-124_03,iphone15pro,train/bonafide/iphone15pro/french-124_03.jpg,train/attack/digital_1/iphone15pro/french-124_03.jpg,train/attack/digital_2/iphone15pro/french-124_03.jpg,test/attack/digital_3/iphone15pro/french-124_03.jpg,0.00053208790254026886,0.99854995065811236,0.99995296172364423,0.0006049076796139798,-7.5381696224212646,6.5347065925598145,9.9645018577575684,-7.4098296165466309,0,1,1,0,0,1,1,0,-0.9979450429784984,-0.99934805404403027,-0.99864654851126433,-13.944536209106445,-17.374331474304199,-15.659433841705322,1,1,1,1
10,french-124_03,scan,train/bonafide/scan/french-124_03.jpg,train/attack/digital_1/scan/french-124_03.jpg,train/attack/digital_2/scan/french-124_03.jpg,test/attack/digital_3/scan/french-124_03.jpg,0.00082978347684755478,0.99225365344683869,0.99994088795599989,0.00092623898537935387,-7.0935156345367432,4.852757453918457,9.7360167503356934,-6.9834516048431396,0,1,1,0,0,1,1,0,-0.99132741446145933,-0.99901464897062053,-0.99517103171603993,-11.836209058761597,-16.719468355178833,-14.277838706970215,1,1,1,1
10,french-128_03,huawei,train/bonafide/huawei/french-128_03.jpg,train/attack/digital_1/huawei/french-128_03.jpg,train/attack/digital_2/huawei/french-128_03.jpg,test/attack/digital_3/huawei/french-128_03.jpg,0.00031577759317288646,0.99909846476644371,0.99997561455022355,0.00062587050368504403,-8.0601565837860107,7.0105094909667969,10.621499538421631,-7.3757410049438477,0,1,1,0,0,1,1,0,-0.99847259426275869,-0.99934974404653854,-0.99891116915464861,-14.386250495910645,-17.997240543365479,-16.191745519638062,1,1,1,1
10,french-128_03,iphone15pro,train/bonafide/iphone15pro/french-128_03.jpg,train/attack/digital_1/iphone15pro/french-128_03.jpg,train/attack/digital_2/iphone15pro/french-128_03.jpg,test/attack/digital_3/iphone15pro/french-128_03.jpg,0.00092363966647941438,0.99686753478474877,0.98826109320022537,0.0010867477060242268,-6.9862644672393799,5.7627975940704346,4.4330382347106934,-6.8234784603118896,0,1,1,0,0,1,1,0,-0.99578078707872453,-0.98717434549420113,-0.99147756628646289,-12.586276054382324,-11.256516695022583,-11.921396374702454,1,1,1,1
10,french-128_03,scan,train/bonafide/scan/french-128_03.jpg,train/attack/digital_1/scan/french-128_03.jpg,train/attack/digital_2/scan/french-128_03.jpg,test/attack/digital_3/scan/french-128_03.jpg,0.00070655134468983183,0.98910230704876068,0.99981573508833066,0.0011320992289540286,-7.2544078826904297,4.5082466602325439,8.5989518165588379,-6.7825489044189453,0,1,1,0,0,1,1,0,-0.9879702078198066,-0.99868363585937658,-0.99332692183959159,-11.290795564651489,-15.381500720977783,-13.336148142814636,1,1,1,1
10,french-NF-1047,huawei,train/bonafide/huawei/french-NF-1047.jpg,train/attack/digital_1/huawei/french-NF-1047.jpg,train/attack/digital_2/huawei/french-NF-1047.jpg,test/attack/digital_3/huawei/french-NF-1047.jpg,0.00016987766784304069,0.99999847104487793,0.99999936963103264,0.00032707805026843824,-8.6802620887756348,13.390924453735352,14.276959896087646,-8.02498459815979,0,1,1,0,0,1,1,0,-0.9996713929946095,-0.99967229158076421,-0.99967184228768691,-21.415909051895142,-22.301944494247437,-21.858926773071289,1,1,1,1
10,french-NF-1047,iphone15pro,train/bonafide/iphone15pro/french-NF-1047.jpg,train/attack/digital_1/iphone15pro/french-NF-1047.jpg,train/attack/digital_2/iphone15pro/french-NF-1047.jpg,test/attack/digital_3/iphone15pro/french-NF-1047.jpg,0.00020309063250142161,0.99999916065247496,0.99998961970813971,0.00024164220062071316,-8.501655101776123,13.990640163421631,11.47559118270874,-8.3278107643127441,0,1,1,0,0,1,1,0,-0.99975751845185423,-0.99974797750751898,-0.99975274797968661,-22.318450927734375,-19.803401947021484,-21.06092643737793,1,1,1,1
10,french-NF-1047,scan,train/bonafide/scan/french-NF-1047.jpg,train/attack/digital_1/scan/french-NF-1047.jpg,train/attack/digital_2/scan/french-NF-1047.jpg,test/attack/digital_3/scan/french-NF-1047.jpg,3.5405849717065926e-05,0.99999923305181992,0.99998527831078632,6.2678063761481242e-05,-10.248598098754883,14.080845832824707,11.126173973083496,-9.677436351776123,0,1,1,0,0,1,1,0,-0.99993655498805845,-0.99992260024702484,-0.99992957761754164,-23.75828218460083,-20.803610324859619,-22.280946254730225,1,1,1,1
10,french-NF-1082,huawei,train/bonafide/huawei/french-NF-1082.jpg,train/attack/digital_1/huawei/french-NF-1082.jpg,train/attack/digital_2/huawei/french-NF-1082.jpg,test/attack/digital_3/huawei/french-NF-1082.jpg,0.0019078700356821273,0.99983882653990097,0.99768410934522378,0.0015313621535287616,-6.2598581314086914,8.7328681945800781,6.0656423568725586,-6.4800651073455811,0,1,1,0,1,1,1,0,-0.99830746438637219,-0.996152747191695,-0.99723010578903359,-15.212933301925659,-12.54570746421814,-13.879320383071899,1,0,1,1
10,french-NF-1082,iphone15pro,train/bonafide/iphone15pro/french-NF-1082.jpg,train/attack/digital_1/iphone15pro/french-NF-1082.jpg,train/attack/digital_2/iphone15pro/french-NF-1082.jpg,test/attack/digital_3/iphone15pro/french-NF-1082.jpg,0.0019145004301392317,0.99977965347536235,0.99937411458356085,0.0020248341178382857,-6.2563822269439697,8.4200887680053711,7.3757171630859375,-6.2002406120300293,0,1,1,0,1,1,1,1,-0.99775481935752408,-0.99734928046572258,-0.99755204991162338,-14.6203293800354,-13.575957775115967,-14.098143577575684,1,1,1,0
10,french-NF-1082,scan,train/bonafide/scan/french-NF-1082.jpg,train/attack/digital_1/scan/french-NF-1082.jpg,train/attack/digital_2/scan/french-NF-1082.jpg,test/attack/digital_3/scan/french-NF-1082.jpg,0.0006645082595378713,0.99979420791214679,0.9998412821581959,0.00056958858187577651,-7.3157985210418701,8.4884383678436279,8.7482237815856934,-7.4700264930725098,0,1,1,0,0,1,1,0,-0.99922461933027107,-0.99927169357632017,-0.99924815645329557,-15.958464860916138,-16.218250274658203,-16.08835756778717,1,0,1,1
10,indian-014_03,huawei,train/bonafide/huawei/indian-014_03.jpg,train/attack/digital_1/huawei/indian-014_03.jpg,train/attack/digital_2/huawei/indian-014_03.jpg,test/attack/digital_3/huawei/indian-014_03.jpg,0.30458124247865526,0.99999311370257993,0.9999999958626733,0.44123657222006019,-0.82557633519172668,11.885970115661621,19.303215980529785,-0.23614500090479851,0,1,1,0,1,1,1,1,-0.55875654148251974,-0.55876342364261311,-0.55875998256256643,-12.12211511656642,-19.539360981434584,-15.830738049000502,1,1,1,0
10,indian-014_03,iphone15pro,train/bonafide/iphone15pro/indian-014_03.jpg,train/attack/digital_1/iphone15pro/indian-014_03.jpg,train/attack/digital_2/iphone15pro/indian-014_03.jpg,test/attack/digital_3/iphone15pro/indian-014_03.jpg,0.0035159051413235299,0.99869126872382219,0.99999987840805915,0.0056817245282870408,-5.6469361782073975,6.6373875141143799,15.922595024108887,-5.1648025512695312,0,1,1,0,1,1,1,1,-0.99300954419553511,-0.99431815387977207,-0.99366384903765359,-11.802190065383911,-21.087397575378418,-16.444793820381165,1,1,1,0
10,indian-014_03,scan,train/bonafide/scan/indian-014_03.jpg,train/attack/digital_1/scan/indian-014_03.jpg,train/attack/digital_2/scan/indian-014_03.jpg,test/attack/digital_3/scan/indian-014_03.jpg,0.0036070743503093727,0.99980385662645543,0.9999999204419544,0.0027968059346443639,-5.6212446689605713,8.536468505859375,16.346778869628906,-5.876476526260376,0,1,1,0,1,1,1,1,-0.99700705069181106,-0.99720311450731003,-0.99710508259956054,-14.412945032119751,-22.223255395889282,-18.318100214004517,1,0,1,0
10,indian-021_03,huawei,train/bonafide/huawei/indian-021_03.jpg,train/attack/digital_1/huawei/indian-021_03.jpg,train/attack/digital_2/huawei/indian-021_03.jpg,test/attack/digital_3/huawei/indian-021_03.jpg,0.0011678768485866766,0.99416667012707138,0.99997428773503372,0.0013045942423892717,-6.7513992786407471,5.1383168697357178,10.568516731262207,-6.6405577659606934,0,1,1,0,0,1,1,0,-0.99286207588468212,-0.99866969349264445,-0.99576588468866323,-11.778874635696411,-17.2090744972229,-14.493974566459656,1,1,1,1
10,indian-021_03,iphone15pro,train/bonafide/iphone15pro/indian-021_03.jpg,train/attack/digital_1/iphone15pro/indian-021_03.jpg,train/attack/digital_2/iphone15pro/indian-021_03.jpg,test/attack/digital_3/iphone15pro/indian-021_03.jpg,0.0070736179753578508,0.99207334759533961,0.99963214692100255,0.0084968832093346939,-4.9442844390869141,4.8295662403106689,7.907459020614624,-4.7595226764678955,0,1,1,0,1,1,1,1,-0.98357646438600488,-0.99113526371166782,-0.98735586404883635,-9.5890889167785645,-12.66698169708252,-11.128035306930542,1,1,1,0
10,indian-021_03,scan,train/bonafide/scan/indian-021_03.jpg,train/attack/digital_1/scan/indian-021_03.jpg,train/attack/digital_2/scan/indian-021_03.jpg,test/attack/digital_3/scan/indian-021_03.jpg,0.00098491820948617471,0.99109825941798724,0.99983868055257141,0.00091290050419982275,-6.921966552734375,4.7125668525695801,8.7319626808166504,-6.9979703426361084,0,1,1,0,0,1,1,0,-0.99018535891378745,-0.99892578004837163,-0.99455556948107959,-11.710537195205688,-15.729933023452759,-13.720235109329224,1,0,1,1
10,indian-NF-1061,huawei,train/bonafide/huawei/indian-NF-1061.jpg,train/attack/digital_1/huawei/indian-NF-1061.jpg,train/attack/digital_2/huawei/indian-NF-1061.jpg,test/attack/digital_3/huawei/indian-NF-1061.jpg,0.0086831678428227164,0.99999549883848105,0.99997888640020161,0.012196005629547469,-4.7376477718353271,12.31117057800293,10.765572071075439,-4.3943758010864258,0,1,1,0,1,1,1,1,-0.98779949320893357,-0.98778288077065413,-0.98779118698979385,-16.705546379089355,-15.159947872161865,-15.93274712562561,1,1,1,0
10,indian-NF-1061,iphone15pro,train/bonafide/iphone15pro/indian-NF-1061.jpg,train/attack/digital_1/iphone15pro/indian-NF-1061.jpg,train/attack/digital_2/iphone15pro/indian-NF-1061.jpg,test/attack/digital_3/iphone15pro/indian-NF-1061.jpg,0.003229578267857647,0.99977490302355354,0.99999999545484797,0.0042174168830482212,-5.7321689128875732,8.3987541198730469,19.20920467376709,-5.464306116104126,0,1,1,0,1,1,1,1,-0.99555748614050532,-0.99578257857179975,-0.99567003235615248,-13.863060235977173,-24.673510789871216,-19.268285512924194,1,1,1,0
10,indian-NF-1061,scan,train/bonafide/scan/indian-NF-1061.jpg,train/attack/digital_1/scan/indian-NF-1061.jpg,train/attack/digital_2/scan/indian-NF-1061.jpg,test/attack/digital_3/scan/indian-NF-1061.jpg,0.0005926852462532987,0.99862965142077376,0.99998508149282028,0.00058421139183097539,-7.4302542209625244,6.5913188457489014,11.112893104553223,-7.4446632862091064,0,1,1,0,0,1,1,0,-0.9980454400289428,-0.99940087010098932,-0.99872315506496612,-14.035982131958008,-18.557556390762329,-16.296769261360168,1,0,1,1
10,persian-144_03,huawei,train/bonafide/huawei/persian-144_03.jpg,train/attack/digital_1/huawei/persian-144_03.jpg,train/attack/digital_2/huawei/persian-144_03.jpg,test/attack/digital_3/huawei/persian-144_03.jpg,5.399087258280092e-05,0.99889529216497042,0.99983569998595778,7.3354873953187979e-05,-9.8266415596008301,6.8070690631866455,8.7136521339416504,-9.5201282501220703,0,1,1,0,0,1,1,0,-0.9988219372910172,-0.99976234511200457,-0.99929214120151089,-16.327197313308716,-18.233780384063721,-17.280488848686218,1,1,1,1
10,persian-144_03,iphone15pro,train/bonafide/iphone15pro/persian-144_03.jpg,train/attack/digital_1/iphone15pro/persian-144_03.jpg,train/attack/digital_2/iphone15pro/persian-144_03.jpg,test/attack/digital_3/iphone15pro/persian-144_03.jpg,6.179259843577654e-05,0.99858208305715179,0.99915767177878156,7.6443491813376116e-05,-9.6916651725769043,6.5571475028991699,7.0784981250762939,-9.4788823127746582,0,1,1,0,0,1,1,0,-0.99850563956533844,-0.99908122828696821,-0.99879343392615338,-16.036029815673828,-16.557380437850952,-16.29670512676239,1,1,1,1
10,persian-144_03,scan,train/bonafide/scan/persian-144_03.jpg,train/attack/digital_1/scan/persian-144_03.jpg,train/attack/digital_2/scan/persian-144_03.jpg,test/attack/digital_3/scan/persian-144_03.jpg,2.9596877360640952e-05,0.9995227177901409,0.99876620849819731,3.1989313462385038e-05,-10.427812099456787,7.6469252109527588,6.6964287757873535,-10.350076675415039,0,1,1,0,0,1,1,0,-0.99949072847667852,-0.99873421918473493,-0.99911247383070667,-17.997001886367798,-17.046505451202393,-17.521753668785095,1,1,1,1
10,persian-NF-1018,huawei,train/bonafide/huawei/persian-NF-1018.jpg,train/attack/digital_1/huawei/persian-NF-1018.jpg,train/attack/digital_2/huawei/persian-NF-1018.jpg,test/attack/digital_3/huawei/persian-NF-1018.jpg,6.9057375690633615e-06,0.99999530757129096,0.99998129108640055,9.8575346844596281e-06,-11.883151054382324,12.269555568695068,10.886491775512695,-11.527264595031738,0,1,1,0,0,1,1,0,-0.99998545003660655,-0.99997143355171614,-0.9999784417941614,-23.796820163726807,-22.413756370544434,-23.10528826713562,1,1,1,1
10,persian-NF-1018,iphone15pro,train/bonafide/iphone15pro/persian-NF-1018.jpg,train/attack/digital_1/iphone15pro/persian-NF-1018.jpg,train/attack/digital_2/iphone15pro/persian-NF-1018.jpg,test/attack/digital_3/iphone15pro/persian-NF-1018.jpg,3.8525328351778978e-06,0.9999987299756774,0.99981121113701177,5.1005516863510369e-06,-12.466775894165039,13.576473236083984,8.5746924877166748,-12.186156749725342,0,1,1,0,0,1,1,0,-0.99999362942399106,-0.99980611058532542,-0.99989987000465819,-25.762629985809326,-20.760849237442017,-23.261739611625671,1,1,1,1
10,persian-NF-1018,scan,train/bonafide/scan/persian-NF-1018.jpg,train/attack/digital_1/scan/persian-NF-1018.jpg,train/attack/digital_2/scan/persian-NF-1018.jpg,test/attack/digital_3/scan/persian-NF-1018.jpg,3.6660967325685971e-06,0.99999966374974547,0.999991210600502,4.022451556640152e-06,-12.516379356384277,14.905409812927246,11.641955375671387,-12.423614978790283,0,1,1,0,0,1,1,0,-0.99999564129818885,-0.99998718814894538,-0.99999141472356712,-27.329024791717529,-24.06557035446167,-25.6972975730896,1,1,1,1
10,persian-NF-1097,huawei,train/bonafide/huawei/persian-NF-1097.jpg,train/attack/digital_1/huawei/persian-NF-1097.jpg,train/attack/digital_2/huawei/persian-NF-1097.jpg,test/attack/digital_3/huawei/persian-NF-1097.jpg,0.00023647348901710441,0.99873982878388545,0.99952175390733766,0.00022451969011010731,-8.349437952041626,6.6752467155456543,7.644906759262085,-8.401322603225708,0,1,1,0,0,1,1,0,-0.99851530909377539,-0.9992972342172276,-0.9989062716555015,-15.076569318771362,-16.046229362487793,-15.561399340629578,1,0,1,1
10,persian-NF-1097,iphone15pro,train/bonafide/iphone15pro/persian-NF-1097.jpg,train/attack/digital_1/iphone15pro/persian-NF-1097.jpg,train/attack/digital_2/iphone15pro/persian-NF-1097.jpg,test/attack/digital_3/iphone15pro/persian-NF-1097.jpg,4.2240545422819955e-05,0.99979121916009017,0.96031676440171498,4.6370894812339966e-05,-10.07208776473999,8.4740166664123535,3.1863343715667725,-9.9787921905517578,0,1,1,0,0,1,1,0,-0.99974484826527787,-0.96027039350690269,-0.98000762088609028,-18.452808856964111,-13.16512656211853,-15.808967709541321,1,1,1,1
10,persian-NF-1097,scan,train/bonafide/scan/persian-NF-1097.jpg,train/attack/digital_1/scan/persian-NF-1097.jpg,train/attack/digital_2/scan/persian-NF-1097.jpg,test/attack/digital_3/scan/persian-NF-1097.jpg,6.0968837878925106e-05,0.9997217631274341,0.98961476138544879,5.612177851532641e-05,-9.7050867080688477,8.1867594718933105,4.5569303035736084,-9.7879304885864258,0,1,1,0,0,1,1,0,-0.99966564134891878,-0.98955863960693347,-0.99461214047792612,-17.974689960479736,-14.344860792160034,-16.159775376319885,1,0,1,1
10,persian-NM-1035,huawei,train/bonafide/huawei/persian-NM-1035.jpg,train/attack/digital_1/huawei/persian-NM-1035.jpg,train/attack/digital_2/huawei/persian-NM-1035.jpg,test/attack/digital_3/huawei/persian-NM-1035.jpg,2.3591249414444276e-05,0.99999297600814252,0.99134566287742532,3.009923502047546e-05,-10.654611110687256,11.866171836853027,4.7410026788711548,-10.410980701446533,0,1,1,0,0,1,1,0,-0.99996287677312201,-0.99131556364240481,-0.99563922020776341,-22.277152538299561,-15.151983380317688,-18.714567959308624,1,1,1,1
10,persian-NM-1035,iphone15pro,train/bonafide/iphone15pro/persian-NM-1035.jpg,train/attack/digital_1/iphone15pro/persian-NM-1035.jpg,train/attack/digital_2/iphone15pro/persian-NM-1035.jpg,test/attack/digital_3/iphone15pro/persian-NM-1035.jpg,2.0188406015714864e-05,0.99999925207242357,0.99372768899317976,2.4060181905726671e-05,-10.810381889343262,14.105958938598633,5.0653183460235596,-10.634928226470947,0,1,1,0,0,1,1,0,-0.99997519189051787,-0.99370362881127405,-0.99683941035089596,-24.74088716506958,-15.700246572494507,-20.220566868782043,1,1,1,1
10,persian-NM-1035,scan,train/bonafide/scan/persian-NM-1035.jpg,train/attack/digital_1/scan/persian-NM-1035.jpg,train/attack/digital_2/scan/persian-NM-1035.jpg,test/attack/digital_3/scan/persian-NM-1035.jpg,0.00019160410456349513,0.99999966891498848,0.9984733129364558,0.00024892605493210672,-8.5598876476287842,14.920890331268311,6.4831273555755615,-8.2981057167053223,0,1,1,0,0,1,1,0,-0.99975074286005639,-0.99822438688152371,-0.99898756487078999,-23.218996047973633,-14.781233072280884,-19.000114560127258,1,1,1,1
10,portugal-013_03,huawei,train/bonafide/huawei/portugal-013_03.jpg,train/attack/digital_1/huawei/portugal-013_03.jpg,train/attack/digital_2/huawei/portugal-013_03.jpg,test/attack/digital_3/huawei/portugal-013_03.jpg,0.00041083365502467842,0.99988093623167995,0.99999408493133757,0.00092781582966453393,-7.7969112396240234,9.0357322692871094,12.038001537322998,-6.9817490577697754,0,1,1,0,0,1,1,0,-0.99895312040201545,-0.99906626910167307,-0.9990096947518442,-16.017481327056885,-19.019750595092773,-17.518615961074829,1,1,1,1
10,portugal-013_03,iphone15pro,train/bonafide/iphone15pro/portugal-013_03.jpg,train/attack/digital_1/iphone15pro/portugal-013_03.jpg,train/attack/digital_2/iphone15pro/portugal-013_03.jpg,test/attack/digital_3/iphone15pro/portugal-013_03.jpg,5.8691474511884935e-05,0.99998404049779555,0.99999942016479104,5.3781701253425986e-05,-9.7431573867797852,11.045440196990967,14.36052131652832,-9.8305234909057617,0,1,1,0,0,1,1,0,-0.99993025879654207,-0.99994563846353757,-0.99993794863003982,-20.875963687896729,-24.191044807434082,-22.533504247665405,1,0,1,1
10,portugal-013_03,scan,train/bonafide/scan/portugal-013_03.jpg,train/attack/digital_1/scan/portugal-013_03.jpg,train/attack/digital_2/scan/portugal-013_03.jpg,test/attack/digital_3/scan/portugal-013_03.jpg,9.7303350889388739e-05,0.99999761902031004,0.9999958561252007,0.00011474956349291309,-9.2375798225402832,12.947996139526367,12.393875122070312,-9.0726437568664551,0,1,1,0,0,1,1,0,-0.99988286945681715,-0.99988110656170781,-0.99988198800926253,-22.020639896392822,-21.466518878936768,-21.743579387664795,1,1,1,1
10,portugal-017_03,huawei,train/bonafide/huawei/portugal-017_03.jpg,train/attack/digital_1/huawei/portugal-017_03.jpg,train/attack/digital_2/huawei/portugal-017_03.jpg,test/attack/digital_3/huawei/portugal-017_03.jpg,9.0161534677376558e-05,0.99997065314972489,0.99996497631239833,0.00020663012040930388,-9.3138175010681152,10.436295986175537,10.259450912475586,-8.4843735694885254,0,1,1,0,0,1,1,0,-0.99976402302931555,-0.999758346191989,-0.99976118461065222,-18.920669555664062,-18.743824481964111,-18.832247018814087,1,1,1,1
10,portugal-017_03,iphone15pro,train/bonafide/iphone15pro/portugal-017_03.jpg,train/attack/digital_1/iphone15pro/portugal-017_03.jpg,train/attack/digital_2/iphone15pro/portugal-017_03.jpg,test/attack/digital_3/iphone15pro/portugal-017_03.jpg,0.00016327574554037835,0.99998988647662768,0.99998924488975649,0.00025170210044108278,-8.7199068069458008,11.501626968383789,11.440118789672852,-8.2870125770568848,0,1,1,0,0,1,1,0,-0.99973818437618656,-0.99973754278931537,-0.99973786358275096,-19.788639545440674,-19.727131366729736,-19.757885456085205,1,1,1,1
10,portugal-017_03,scan,train/bonafide/scan/portugal-017_03.jpg,train/attack/digital_1/scan/portugal-017_03.jpg,train/attack/digital_2/scan/portugal-017_03.jpg,test/attack/digital_3/scan/portugal-017_03.jpg,8.1846590087500038e-05,0.99999096032027646,0.99995387273798364,0.00012148951433036522,-9.4105820655822754,11.613877773284912,9.9840602874755859,-9.0155611038208008,0,1,1,0,0,1,1,0,-0.99986947080594613,-0.99983238322365331,-0.99985092701479972,-20.629438877105713,-18.999621391296387,-19.81453013420105,1,1,1,1
10,portugal-029_03,huawei,train/bonafide/huawei/portugal-029_03.jpg,train/attack/digital_1/huawei/portugal-029_03.jpg,train/attack/digital_2/huawei/portugal-029_03.jpg,test/attack/digital_3/huawei/portugal-029_03.jpg,1.2859534937181919e-05,0.99996459727335707,0.99997491465439903,2.9057256771081136e-05,-11.261412143707275,10.24868631362915,10.593201637268066,-10.446213245391846,0,1,1,0,0,1,1,0,-0.99993554001658602,-0.99994585739762798,-0.999940698707107,-20.694899559020996,-21.039414882659912,-20.867157220840454,1,1,1,1
10,portugal-029_03,iphone15pro,train/bonafide/iphone15pro/portugal-029_03.jpg,train/attack/digital_1/iphone15pro/portugal-029_03.jpg,train/attack/digital_2/iphone15pro/portugal-029_03.jpg,test/attack/digital_3/iphone15pro/portugal-029_03.jpg,0.00016747618983427477,0.99999804757739985,0.9999344801839114,0.00027752969117613644,-8.6945018768310547,13.146437644958496,9.6330924034118652,-8.1893050670623779,0,1,1,0,0,1,1,0,-0.99972051788622374,-0.99965695049273529,-0.99968873418947957,-21.335742712020874,-17.822397470474243,-19.579070091247559,1,1,1,1
10,portugal-029_03,scan,train/bonafide/scan/portugal-029_03.jpg,train/attack/digital_1/scan/portugal-029_03.jpg,train/attack/digital_2/scan/portugal-029_03.jpg,test/attack/digital_3/scan/portugal-029_03.jpg,1.9459771901703249e-05,0.99999947366145869,0.99998782574593104,3.8479273028871778e-05,-10.847141742706299,14.457320690155029,11.316174983978271,-10.165352344512939,0,1,1,0,0,1,1,0,-0.99996099438842978,-0.99994934647290212,-0.99995517043066595,-24.622673034667969,-21.481527328491211,-23.05210018157959,1,1,1,1
10,portugal-119_03,huawei,train/bonafide/huawei/portugal-119_03.jpg,train/attack/digital_1/huawei/portugal-119_03.jpg,train/attack/digital_2/huawei/portugal-119_03.jpg,test/attack/digital_3/huawei/portugal-119_03.jpg,2.4040434347022149e-05,0.98620839614029465,0.99904730800956298,8.9440762569186844e-05,-10.635749340057373,4.2698076963424683,6.9552657604217529,-9.3218445777893066,0,1,1,0,0,1,1,0,-0.98611895537772543,-0.99895786724699376,-0.99253841131235954,-13.591652274131775,-16.27711033821106,-14.934381306171417,1,1,1,1
10,portugal-119_03,iphone15pro,train/bonafide/iphone15pro/portugal-119_03.jpg,train/attack/digital_1/iphone15pro/portugal-119_03.jpg,train/attack/digital_2/iphone15pro/portugal-119_03.jpg,test/attack/digital_3/iphone15pro/portugal-119_03.jpg,5.8374762452633168e-05,0.99990294810033031,0.99985448486277984,0.00013252060460836268,-9.7485685348510742,9.2401676177978516,8.8350849151611328,-8.9286398887634277,0,1,1,0,0,1,1,0,-0.99977042749572198,-0.9997219642581715,-0.99974619587694669,-18.168807506561279,-17.763724803924561,-17.96626615524292,1,1,1,1
10,portugal-119_03,scan,train/bonafide/scan/portugal-119_03.jpg,train/attack/digital_1/scan/portugal-119_03.jpg,train/attack/digital_2/scan/portugal-119_03.jpg,test/attack/digital_3/scan/portugal-119_03.jpg,3.8313146164965077e-05,0.99997780900333766,0.99998404265887841,4.5835359015096444e-05,-10.169679164886475,10.71580171585083,11.045575618743896,-9.9904088973999023,0,1,1,0,0,1,1,0,-0.99993197364432251,-0.99993820729986327,-0.99993509047209295,-20.706210613250732,-21.035984516143799,-20.871097564697266,1,1,1,1
10,portugal-NF-1060,huawei,train/bonafide/huawei/portugal-NF-1060.jpg,train/attack/digital_1/huawei/portugal-NF-1060.jpg,train/attack/digital_2/huawei/portugal-NF-1060.jpg,test/attack/digital_3/huawei/portugal-NF-1060.jpg,5.767353676007248e-05,0.99828861160956939,0.9999795345593937,0.00019624560671638772,-9.7606544494628906,6.3687374591827393,10.796752452850342,-8.535947322845459,0,1,1,0,0,1,1,0,-0.998092366002853,-0.99978328895267732,-0.99893782747776516,-14.904684782028198,-19.332699775695801,-17.118692278862,1,1,1,1
10,portugal-NF-1060,iphone15pro,train/bonafide/iphone15pro/portugal-NF-1060.jpg,train/attack/digital_1/iphone15pro/portugal-NF-1060.jpg,train/attack/digital_2/iphone15pro/portugal-NF-1060.jpg,test/attack/digital_3/iphone15pro/portugal-NF-1060.jpg,7.3273600355895939e-05,0.99975192925304701,0.99995556090727544,7.8975656204281934e-05,-9.5212368965148926,8.3015484809875488,10.021346569061279,-9.4462919235229492,0,1,1,0,0,1,1,0,-0.99967295359684272,-0.99987658525107115,-0.99977476942395693,-17.747840404510498,-19.467638492584229,-18.607739448547363,1,1,1,1
10,portugal-NF-1060,scan,train/bonafide/scan/portugal-NF-1060.jpg,train/attack/digital_1/scan/portugal-NF-1060.jpg,train/attack/digital_2/scan/portugal-NF-1060.jpg,test/attack/digital_3/scan/portugal-NF-1060.jpg,2.2604831732623552e-05,0.99996721621959661,0.99998615477447372,2.9566818953719714e-05,-10.697324275970459,10.325543880462646,11.187556266784668,-10.428828239440918,0,1,1,0,0,1,1,0,-0.99993764940064289,-0.99995658795552,-0.99994711867808139,-20.754372119903564,-21.616384506225586,-21.185378313064575,1,1,1,1
10,portugal-NF-1066,huawei,train/bonafide/huawei/portugal-NF-1066.jpg,train/attack/digital_1/huawei/portugal-NF-1066.jpg,train/attack/digital_2/huawei/portugal-NF-1066.jpg,test/attack/digital_3/huawei/portugal-NF-1066.jpg,3.827644747086888e-06,0.99931570834079042,0.99999718077059363,5.6165277984222973e-06,-12.473257064819336,7.2864418029785156,12.779044151306152,-12.089791297912598,0,1,1,0,0,1,1,0,-0.99931009181299202,-0.99999156424279523,-0.99965082802789362,-19.376233100891113,-24.86883544921875,-22.122534275054932,1,1,1,1
10,portugal-NF-1066,iphone15pro,train/bonafide/iphone15pro/portugal-NF-1066.jpg,train/attack/digital_1/iphone15pro/portugal-NF-1066.jpg,train/attack/digital_2/iphone15pro/portugal-NF-1066.jpg,test/attack/digital_3/iphone15pro/portugal-NF-1066.jpg,4.788646137410956e-06,0.99918962481330542,0.99997527072759762,6.6944655397206451e-06,-12.249258041381836,7.1172025203704834,10.607498168945312,-11.914222717285156,0,1,1,0,0,1,1,0,-0.99918293034776573,-0.99996857626205793,-0.99957575330491188,-19.03142523765564,-22.521720886230469,-20.776573061943054,1,1,1,1
10,portugal-NF-1066,scan,train/bonafide/scan/portugal-NF-1066.jpg,train/attack/digital_1/scan/portugal-NF-1066.jpg,train/attack/digital_2/scan/portugal-NF-1066.jpg,test/attack/digital_3/scan/portugal-NF-1066.jpg,4.2999388327588148e-06,0.99947765943455213,0.99999405156120957,3.719179833230165e-06,-12.356905460357666,7.5566682815551758,12.032375812530518,-12.50200366973877,0,1,1,0,0,1,1,0,-0.99947394025471892,-0.99999033238137636,-0.99973213631804758,-20.058671951293945,-24.534379482269287,-22.296525716781616,1,0,1,1
10,portugal-NF-1109,huawei,train/bonafide/huawei/portugal-NF-1109.jpg,train/attack/digital_1/huawei/portugal-NF-1109.jpg,train/attack/digital_2/huawei/portugal-NF-1109.jpg,test/attack/digital_3/huawei/portugal-NF-1109.jpg,0.001048338675668254,0.99991477500235471,0.99999687931066117,0.0024525840688759131,-6.8594996929168701,9.3701305389404297,12.677453517913818,-6.00815749168396,0,1,1,0,0,1,1,1,-0.99746219093347877,-0.99754429524178523,-0.99750324308763194,-15.37828803062439,-18.685611009597778,-17.031949520111084,1,1,1,0
10,portugal-NF-1109,iphone15pro,train/bonafide/iphone15pro/portugal-NF-1109.jpg,train/attack/digital_1/iphone15pro/portugal-NF-1109.jpg,train/attack/digital_2/iphone15pro/portugal-NF-1109.jpg,test/attack/digital_3/iphone15pro/portugal-NF-1109.jpg,0.00011227397413474581,0.99999160086671091,0.99996738157866238,0.00020950380720846873,-9.0944561958312988,11.687373638153076,10.330600738525391,-8.4705591201782227,0,1,1,0,0,1,1,0,-0.99978209705950238,-0.99975787777145386,-0.99976998741547818,-20.157932758331299,-18.801159858703613,-19.479546308517456,1,1,1,1
10,portugal-NF-1109,scan,train/bonafide/scan/portugal-NF-1109.jpg,train/attack/digital_1/scan/portugal-NF-1109.jpg,train/attack/digital_2/scan/portugal-NF-1109.jpg,test/attack/digital_3/scan/portugal-NF-1109.jpg,9.9553762866831856e-06,0.9999762306411728,0.99994509156695444,1.3873430812521363e-05,-11.517387866973877,10.64708948135376,9.809788703918457,-11.185521125793457,0,1,1,0,0,1,1,0,-0.99996235721036031,-0.99993121813614194,-0.99994678767325118,-21.832610607147217,-20.995309829711914,-21.413960218429565,1,1,1,1
10,russian-062_03,huawei,train/bonafide/huawei/russian-062_03.jpg,train/attack/digital_1/huawei/russian-062_03.jpg,train/attack/digital_2/huawei/russian-062_03.jpg,test/attack/digital_3/huawei/russian-062_03.jpg,0.00019599138502135178,0.99165819857253434,0.99019490387129749,0.00021837141929777123,-8.5372438430786133,4.7780992984771729,4.614999532699585,-8.4290947914123535,0,1,1,0,0,1,1,0,-0.99143982715323653,-0.98997653245199968,-0.99070817980261805,-13.207194089889526,-13.044094324111938,-13.125644207000732,1,1,1,1
10,russian-062_03,iphone15pro,train/bonafide/iphone15pro/russian-062_03.jpg,train/attack/digital_1/iphone15pro/russian-062_03.jpg,train/attack/digital_2/iphone15pro/russian-062_03.jpg,test/attack/digital_3/iphone15pro/russian-062_03.jpg,0.0010270333832886841,0.99993201001906495,0.99058870189523518,0.001039732683961298,-6.8800532817840576,9.5960822105407715,4.656388521194458,-6.8677513599395752,0,1,1,0,0,1,1,0,-0.99889227733510366,-0.98954896921127389,-0.99422062327318872,-16.463833570480347,-11.524139881134033,-13.99398672580719,1,1,1,1
10,russian-062_03,scan,train/bonafide/scan/russian-062_03.jpg,train/attack/digital_1/scan/russian-062_03.jpg,train/attack/digital_2/scan/russian-062_03.jpg,test/attack/digital_3/scan/russian-062_03.jpg,0.00014239634412082166,0.99699373605147135,0.98308849200031823,0.00014498219058596705,-8.8567538261413574,5.8040463924407959,4.0627048015594482,-8.8387546539306641,0,1,1,0,0,1,1,0,-0.99684875386088534,-0.98294350980973222,-0.98989613183530878,-14.64280104637146,-12.901459455490112,-13.772130250930786,1,1,1,1
10,russian-132_03,huawei,train/bonafide/huawei/russian-132_03.jpg,train/attack/digital_1/huawei/russian-132_03.jpg,train/attack/digital_2/huawei/russian-132_03.jpg,test/attack/digital_3/huawei/russian-132_03.jpg,6.0799099747826147e-05,0.96379293787286158,0.99793505758375867,6.84938630981351e-05,-9.7078747749328613,3.2816222906112671,6.1805858612060547,-9.5886979103088379,0,1,1,0,0,1,1,0,-0.96372444400976343,-0.99786656372066052,-0.98079550386521197,-12.870320200920105,-15.769283771514893,-14.319801986217499,1,1,1,1
10,russian-132_03,iphone15pro,train/bonafide/iphone15pro/russian-132_03.jpg,train/attack/digital_1/iphone15pro/russian-132_03.jpg,train/attack/digital_2/iphone15pro/russian-132_03.jpg,test/attack/digital_3/iphone15pro/russian-132_03.jpg,8.6012707969243779e-05,0.97372302441120007,0.99851000881493213,8.0797452118172225e-05,-9.3609294891357422,3.6124337911605835,6.5074939727783203,-9.4234843254089355,0,1,1,0,0,1,1,0,-0.97364222695908187,-0.99842921136281393,-0.9860357191609479,-13.035918116569519,-15.930978298187256,-14.483448207378387,1,0,1,1
10,russian-132_03,scan,train/bonafide/scan/russian-132_03.jpg,train/attack/digital_1/scan/russian-132_03.jpg,train/attack/digital_2/scan/russian-132_03.jpg,test/attack/digital_3/scan/russian-132_03.jpg,4.0065746937361109e-06,0.71096438588146293,0.06642236943103319,4.4491819794286551e-06,-12.42756986618042,0.90007242560386658,-2.6429902315139771,-12.3227858543396,0,1,0,0,0,1,1,0,-0.71095993669948354,-0.066417920249053755,-0.38868892847426861,-13.222858279943466,-9.6797956228256226,-11.451326951384544,1,1,0,1
10,russian-NF-1089,huawei,train/bonafide/huawei/russian-NF-1089.jpg,train/attack/digital_1/huawei/russian-NF-1089.jpg,train/attack/digital_2/huawei/russian-NF-1089.jpg,test/attack/digital_3/huawei/russian-NF-1089.jpg,0.76886633467308108,0.99999930447482044,0.99999962958799005,0.81797550420721454,1.2019209563732147,14.178597927093506,14.80864953994751,1.5026911199092865,1,1,1,1,1,1,1,1,-0.1820238002676059,-0.1820241253807755,-0.18202396282419064,-12.675906807184219,-13.305958420038223,-12.990932613611221,1,1,0,0
10,russian-NF-1089,iphone15pro,train/bonafide/iphone15pro/russian-NF-1089.jpg,train/attack/digital_1/iphone15pro/russian-NF-1089.jpg,train/attack/digital_2/iphone15pro/russian-NF-1089.jpg,test/attack/digital_3/iphone15pro/russian-NF-1089.jpg,0.00020928897936555368,0.99999998632790876,0.99999964016359044,0.00020396234185880837,-8.4715852737426758,18.107909202575684,14.837615966796875,-8.4973711967468262,0,1,1,0,0,1,1,0,-0.99979602398604994,-0.99979567782173162,-0.99979585090389078,-26.60528039932251,-23.334987163543701,-24.970133781433105,1,0,1,1
10,russian-NF-1089,scan,train/bonafide/scan/russian-NF-1089.jpg,train/attack/digital_1/scan/russian-NF-1089.jpg,train/attack/digital_2/scan/russian-NF-1089.jpg,test/attack/digital_3/scan/russian-NF-1089.jpg,0.00048737872542993282,0.99999982934545573,0.99999806149975912,0.00050925394293351142,-7.6259815692901611,15.583624362945557,13.153594017028809,-7.5820543766021729,0,1,1,0,0,1,1,0,-0.99949057540252217,-0.99948880755682556,-0.99948969147967393,-23.165678739547729,-20.735648393630981,-21.950663566589355,1,1,1,1
10,russian-NF-1099,huawei,train/bonafide/huawei/russian-NF-1099.jpg,train/attack/digital_1/huawei/russian-NF-1099.jpg,train/attack/digital_2/huawei/russian-NF-1099.jpg,test/attack/digital_3/huawei/russian-NF-1099.jpg,0.0075664826918428844,0.99999775914489264,0.99999258699889582,0.0090469799337233748,-4.8764317035675049,13.008650779724121,11.812267780303955,-4.6962361335754395,0,1,1,0,1,1,1,1,-0.99095077921116925,-0.99094560706517243,-0.99094819313817084,-17.704886913299561,-16.508503913879395,-17.106695413589478,1,1,1,0
10,russian-NF-1099,iphone15pro,train/bonafide/iphone15pro/russian-NF-1099.jpg,train/attack/digital_1/iphone15pro/russian-NF-1099.jpg,train/attack/digital_2/iphone15pro/russian-NF-1099.jpg,test/attack/digital_3/iphone15pro/russian-NF-1099.jpg,0.00070528625483953084,0.99999998986720684,0.99995005180590923,0.0006570345335997291,-7.2562012672424316,18.407488822937012,9.9044742584228516,-7.3271167278289795,0,1,1,0,0,1,1,0,-0.99934295533360706,-0.99929301727230946,-0.99931798630295832,-25.734605550765991,-17.231590986251831,-21.483098268508911,1,0,1,1
10,russian-NF-1099,scan,train/bonafide/scan/russian-NF-1099.jpg,train/attack/digital_1/scan/russian-NF-1099.jpg,train/attack/digital_2/scan/russian-NF-1099.jpg,test/attack/digital_3/scan/russian-NF-1099.jpg,0.00014151265481127267,0.9999999905981013,0.99993029749961082,0.00015686886342880494,-8.8629798889160156,18.482354164123535,9.571204662322998,-8.7599434852600098,0,1,1,0,0,1,1,0,-0.99984312173467249,-0.99977342863618202,-0.99980827518542725,-27.242297649383545,-18.331148147583008,-22.786722898483276,1,1,1,1
10,turkiye-032_03,huawei,train/bonafide/huawei/turkiye-032_03.jpg,train/attack/digital_1/huawei/turkiye-032_03.jpg,train/attack/digital_2/huawei/turkiye-032_03.jpg,test/attack/digital_3/huawei/turkiye-032_03.jpg,6.8904327701057482e-05,0.99999770551456546,0.99791804987138755,0.00011091065529905155,-9.5827226638793945,12.984999656677246,6.1723661422729492,-9.1066746711730957,0,1,1,0,0,1,1,0,-0.99988679485926646,-0.99780713921608855,-0.9988469670376775,-22.091674327850342,-15.279040813446045,-18.685357570648193,1,1,1,1
10,turkiye-032_03,iphone15pro,train/bonafide/iphone15pro/turkiye-032_03.jpg,train/attack/digital_1/iphone15pro/turkiye-032_03.jpg,train/attack/digital_2/iphone15pro/turkiye-032_03.jpg,test/attack/digital_3/iphone15pro/turkiye-032_03.jpg,0.00038616805258517964,0.99996950395134077,0.95710166280745324,0.00049191207649154731,-7.8588516712188721,10.39788293838501,3.1050765514373779,-7.6167185306549072,0,1,1,0,0,1,1,0,-0.99947759187484919,-0.95660975073096166,-0.97804367130290537,-18.014601469039917,-10.721795082092285,-14.368198275566101,1,1,1,1
10,turkiye-032_03,scan,train/bonafide/scan/turkiye-032_03.jpg,train/attack/digital_1/scan/turkiye-032_03.jpg,train/attack/digital_2/scan/turkiye-032_03.jpg,test/attack/digital_3/scan/turkiye-032_03.jpg,6.8734420124696503e-05,0.99999222826910372,0.99693982820409233,9.0726922005920788e-05,-9.5851917266845703,11.765009880065918,5.7862193584442139,-9.3075656890869141,0,1,1,0,0,1,1,0,-0.99990150134709777,-0.99684910128208637,-0.99837530131459207,-21.072575569152832,-15.093785047531128,-18.08318030834198,1,1,1,1
10,turkiye-101_03,huawei,train/bonafide/huawei/turkiye-101_03.jpg,train/attack/digital_1/huawei/turkiye-101_03.jpg,train/attack/digital_2/huawei/turkiye-101_03.jpg,test/attack/digital_3/huawei/turkiye-101_03.jpg,0.000707225009195431,0.99998131728667583,0.99998636367512472,0.0011449346023885024,-7.2534542083740234,10.887893199920654,11.202759742736816,-6.7712621688842773,0,1,1,0,0,1,1,0,-0.99883638268428732,-0.99884142907273621,-0.99883890587851176,-17.659155368804932,-17.974021911621094,-17.816588640213013,1,1,1,1
10,turkiye-101_03,iphone15pro,train/bonafide/iphone15pro/turkiye-101_03.jpg,train/attack/digital_1/iphone15pro/turkiye-101_03.jpg,train/attack/digital_2/iphone15pro/turkiye-101_03.jpg,test/attack/digital_3/iphone15pro/turkiye-101_03.jpg,0.00066972662471064535,0.99999693059454675,0.99999831412289097,0.0010887870402761966,-7.3079710006713867,12.694023609161377,13.293222904205322,-6.8216016292572021,0,1,1,0,0,1,1,0,-0.9989081435542706,-0.99890952708261482,-0.99890883531844266,-19.515625238418579,-20.114824533462524,-19.815224885940552,1,1,1,1
10,turkiye-101_03,scan,train/bonafide/scan/turkiye-101_03.jpg,train/attack/digital_1/scan/turkiye-101_03.jpg,train/attack/digital_2/scan/turkiye-101_03.jpg,test/attack/digital_3/scan/turkiye-101_03.jpg,9.1424443359786924e-05,0.99998843997152131,0.99990248900327106,0.00019357330602668432,-9.2999062538146973,11.367945671081543,9.235447883605957,-8.5496606826782227,0,1,1,0,0,1,1,0,-0.99979486666549466,-0.9997089156972444,-0.99975189118136953,-19.917606353759766,-17.78510856628418,-18.851357460021973,1,1,1,1
10,turkiye-104_03,huawei,train/bonafide/huawei/turkiye-104_03.jpg,train/attack/digital_1/huawei/turkiye-104_03.jpg,train/attack/digital_2/huawei/turkiye-104_03.jpg,test/attack/digital_3/huawei/turkiye-104_03.jpg,0.00013298346364986558,0.99969720548220709,0.99999037805075153,0.00022883808370227518,-8.9251527786254883,8.1021533012390137,11.551454067230225,-8.3822669982910156,0,1,1,0,0,1,1,0,-0.99946836739850486,-0.99976153996704931,-0.99961495368277709,-16.484420299530029,-19.93372106552124,-18.209070682525635,1,1,1,1
10,turkiye-104_03,iphone15pro,train/bonafide/iphone15pro/turkiye-104_03.jpg,train/attack/digital_1/iphone15pro/turkiye-104_03.jpg,train/attack/digital_2/iphone15pro/turkiye-104_03.jpg,test/attack/digital_3/iphone15pro/turkiye-104_03.jpg,0.0020898265345494051,0.99999551536257603,0.99957436706356151,0.0021761632996589141,-6.1685822010040283,12.31484842300415,7.761507511138916,-6.1280133724212646,0,1,1,0,1,1,1,1,-0.99781935206291716,-0.99739820376390265,-0.99760877791340996,-18.442861795425415,-13.889520883560181,-16.166191339492798,1,1,1,0
10,turkiye-104_03,scan,train/bonafide/scan/turkiye-104_03.jpg,train/attack/digital_1/scan/turkiye-104_03.jpg,train/attack/digital_2/scan/turkiye-104_03.jpg,test/attack/digital_3/scan/turkiye-104_03.jpg,0.00026521386093558653,0.99993943534906016,0.99388292950272294,0.00032476729233938084,-8.2347087860107422,9.7117385864257812,5.0905361175537109,-8.0320768356323242,0,1,1,0,0,1,1,0,-0.99961466805672072,-0.99355816221038351,-0.99658641513355217,-17.743815422058105,-13.122612953186035,-15.43321418762207,1,1,1,1
10,turkiye-115_03,huawei,train/bonafide/huawei/turkiye-115_03.jpg,train/attack/digital_1/huawei/turkiye-115_03.jpg,train/attack/digital_2/huawei/turkiye-115_03.jpg,test/attack/digital_3/huawei/turkiye-115_03.jpg,0.56856794011604439,0.99999931343423309,0.99999968152637497,0.55944092456127903,0.27601076662540436,14.191563129425049,14.959725856781006,0.23889338970184326,1,1,1,1,1,1,1,1,-0.44055838887295407,-0.44055875696509594,-0.440558572919025,-13.952669739723206,-14.720832467079163,-14.336751103401184,1,0,0,0
10,turkiye-115_03,iphone15pro,train/bonafide/iphone15pro/turkiye-115_03.jpg,train/attack/digital_1/iphone15pro/turkiye-115_03.jpg,train/attack/digital_2/iphone15pro/turkiye-115_03.jpg,test/attack/digital_3/iphone15pro/turkiye-115_03.jpg,0.00031572340812166565,0.99999982124466991,0.9999876127861379,0.00041648951731855597,-8.0603282451629639,15.537247657775879,11.29883337020874,-7.7832326889038086,0,1,1,0,0,1,1,0,-0.99958333172735137,-0.99957112326881936,-0.99957722749808531,-23.320480346679688,-19.082066059112549,-21.201273202896118,1,1,1,1
10,turkiye-115_03,scan,train/bonafide/scan/turkiye-115_03.jpg,train/attack/digital_1/scan/turkiye-115_03.jpg,train/attack/digital_2/scan/turkiye-115_03.jpg,test/attack/digital_3/scan/turkiye-115_03.jpg,7.9113180909950716e-05,0.99999831247813908,0.99993719419578075,0.00014613662077041177,-9.444551944732666,13.292247772216797,9.6754002571105957,-8.8308224678039551,0,1,1,0,0,1,1,0,-0.99985217585736863,-0.9997910575750103,-0.99982161671618952,-22.123070240020752,-18.506222724914551,-20.314646482467651,1,1,1,1
10,turkiye-NF-1002,huawei,train/bonafide/huawei/turkiye-NF-1002.jpg,train/attack/digital_1/huawei/turkiye-NF-1002.jpg,train/attack/digital_2/huawei/turkiye-NF-1002.jpg,test/attack/digital_3/huawei/turkiye-NF-1002.jpg,0.0014381907885427727,0.99999871435232612,0.99999883508953358,0.0027569877658384081,-6.5429301261901855,13.564246654510498,13.662865161895752,-5.8908557891845703,0,1,1,0,0,1,1,1,-0.99724172658648769,-0.99724184732369514,-0.99724178695509136,-19.455102443695068,-19.553720951080322,-19.504411697387695,1,1,1,0
10,turkiye-NF-1002,iphone15pro,train/bonafide/iphone15pro/turkiye-NF-1002.jpg,train/attack/digital_1/iphone15pro/turkiye-NF-1002.jpg,train/attack/digital_2/iphone15pro/turkiye-NF-1002.jpg,test/attack/digital_3/iphone15pro/turkiye-NF-1002.jpg,0.003130719107171027,0.99999997846724042,0.99999996098097688,0.0050560581036103447,-5.7633569240570068,17.653690338134766,17.059216499328613,-5.2820992469787598,0,1,1,0,1,1,1,1,-0.99494392036363011,-0.99494390287736656,-0.99494391162049833,-22.935789585113525,-22.341315746307373,-22.638552665710449,1,1,1,0
10,turkiye-NF-1002,scan,train/bonafide/scan/turkiye-NF-1002.jpg,train/attack/digital_1/scan/turkiye-NF-1002.jpg,train/attack/digital_2/scan/turkiye-NF-1002.jpg,test/attack/digital_3/scan/turkiye-NF-1002.jpg,0.0005040872261152208,0.99999985547588,0.99999972999484721,0.00076792386832207028,-7.592257022857666,15.749819278717041,15.124824523925781,-7.1710517406463623,0,1,1,0,0,1,1,0,-0.99923193160755797,-0.99923180612652518,-0.99923186886704163,-22.920871019363403,-22.295876264572144,-22.608373641967773,1,1,1,1
10,turkiye-NM-1055,huawei,train/bonafide/huawei/turkiye-NM-1055.jpg,train/attack/digital_1/huawei/turkiye-NM-1055.jpg,train/attack/digital_2/huawei/turkiye-NM-1055.jpg,test/attack/digital_3/huawei/turkiye-NM-1055.jpg,0.00095482222393235988,0.9999853180239815,0.99998434302714345,0.0015482229126315629,-6.9530301094055176,11.128875255584717,11.064578533172607,-6.4690980911254883,0,1,1,0,0,1,1,0,-0.99843709511134993,-0.99843612011451188,-0.99843660761293096,-17.597973346710205,-17.533676624298096,-17.56582498550415,1,1,1,1
10,turkiye-NM-1055,iphone15pro,train/bonafide/iphone15pro/turkiye-NM-1055.jpg,train/attack/digital_1/iphone15pro/turkiye-NM-1055.jpg,train/attack/digital_2/iphone15pro/turkiye-NM-1055.jpg,test/attack/digital_3/iphone15pro/turkiye-NM-1055.jpg,0.0017011321124272489,0.99999717304638336,0.99991593396535083,0.0018256683898945935,-6.3747587203979492,12.776308059692383,9.3838238716125488,-6.3039817810058594,0,1,1,0,0,1,1,1,-0.99817150465648874,-0.99809026557545621,-0.99813088511597248,-19.080289840698242,-15.687805652618408,-17.384047746658325,1,1,1,0
10,turkiye-NM-1055,scan,train/bonafide/scan/turkiye-NM-1055.jpg,train/attack/digital_1/scan/turkiye-NM-1055.jpg,train/attack/digital_2/scan/turkiye-NM-1055.jpg,test/attack/digital_3/scan/turkiye-NM-1055.jpg,0.00074557784454891884,0.99999961134388793,0.99999553972773492,0.0010460493508611692,-7.2006051540374756,14.760570526123047,12.320296287536621,-6.8616881370544434,0,1,1,0,0,1,1,0,-0.99895356199302676,-0.99894949037687375,-0.99895152618495031,-21.62225866317749,-19.181984424591064,-20.402121543884277,1,1,1,1
10,ukraine-025_03,huawei,train/bonafide/huawei/ukraine-025_03.jpg,train/attack/digital_1/huawei/ukraine-025_03.jpg,train/attack/digital_2/huawei/ukraine-025_03.jpg,test/attack/digital_3/huawei/ukraine-025_03.jpg,9.7731572972247383e-05,0.99975199351903632,0.99896166525999919,9.7239117324106683e-05,-9.2331881523132324,8.3018076419830322,6.8690981864929199,-9.2382402420043945,0,1,1,0,0,1,1,0,-0.99965475440171225,-0.99886442614267512,-0.99925959027219369,-17.540047883987427,-16.107338428497314,-16.823693156242371,1,0,1,1
10,ukraine-025_03,iphone15pro,train/bonafide/iphone15pro/ukraine-025_03.jpg,train/attack/digital_1/iphone15pro/ukraine-025_03.jpg,train/attack/digital_2/iphone15pro/ukraine-025_03.jpg,test/attack/digital_3/iphone15pro/ukraine-025_03.jpg,0.00010504407082445895,0.9998925965274833,0.99686241666124553,8.8475496743054211e-05,-9.1610255241394043,9.1388106346130371,5.7611598968505859,-9.3326964378356934,0,1,1,0,0,1,1,0,-0.99980412103074023,-0.99677394116450246,-0.99828903109762135,-18.47150707244873,-15.093856334686279,-16.782681703567505,1,0,1,1
10,ukraine-025_03,scan,train/bonafide/scan/ukraine-025_03.jpg,train/attack/digital_1/scan/ukraine-025_03.jpg,train/attack/digital_2/scan/ukraine-025_03.jpg,test/attack/digital_3/scan/ukraine-025_03.jpg,0.00050838009652032093,0.96376418586214507,0.99910037872405399,0.00050487536884479217,-7.5837726593017578,3.2807986736297607,7.012636661529541,-7.5906939506530762,0,1,1,0,0,1,1,0,-0.96325931049330027,-0.99859550335520919,-0.98092740692425473,-10.871492624282837,-14.603330612182617,-12.737411618232727,1,0,1,1
10,ukraine-NF-1068,huawei,train/bonafide/huawei/ukraine-NF-1068.jpg,train/attack/digital_1/huawei/ukraine-NF-1068.jpg,train/attack/digital_2/huawei/ukraine-NF-1068.jpg,test/attack/digital_3/huawei/ukraine-NF-1068.jpg,0.00085972368207273885,0.99859583380116113,0.99942917771854412,0.0011051801858536592,-7.0580394268035889,6.5669064521789551,7.4678616523742676,-6.8066411018371582,0,1,1,0,0,1,1,0,-0.99749065361530742,-0.99832399753269041,-0.99790732557399897,-13.373547554016113,-14.274502754211426,-13.82402515411377,1,1,1,1
10,ukraine-NF-1068,iphone15pro,train/bonafide/iphone15pro/ukraine-NF-1068.jpg,train/attack/digital_1/iphone15pro/ukraine-NF-1068.jpg,train/attack/digital_2/iphone15pro/ukraine-NF-1068.jpg,test/attack/digital_3/iphone15pro/ukraine-NF-1068.jpg,0.00034737320526024597,0.99952259106848973,0.99762943818886496,0.00038648533225723626,-7.9647634029388428,7.6466596126556396,6.0422549247741699,-7.8580300807952881,0,1,1,0,0,1,1,0,-0.99913610573623246,-0.99724295285660769,-0.99818952929642002,-15.504689693450928,-13.900285005569458,-14.702487349510193,1,1,1,1
10,ukraine-NF-1068,scan,train/bonafide/scan/ukraine-NF-1068.jpg,train/attack/digital_1/scan/ukraine-NF-1068.jpg,train/attack/digital_2/scan/ukraine-NF-1068.jpg,test/attack/digital_3/scan/ukraine-NF-1068.jpg,0.00044453934512143889,0.99870158296804812,0.99912314313480455,0.0004290242772244145,-7.7180273532867432,6.6453101634979248,7.0382895469665527,-7.7535679340362549,0,1,1,0,0,1,1,0,-0.99827255869082365,-0.99869411885758008,-0.99848333877420181,-14.39887809753418,-14.791857481002808,-14.595367789268494,1,0,1,1
10,ukraine-NF-1073,huawei,train/bonafide/huawei/ukraine-NF-1073.jpg,train/attack/digital_1/huawei/ukraine-NF-1073.jpg,train/attack/digital_2/huawei/ukraine-NF-1073.jpg,test/attack/digital_3/huawei/ukraine-NF-1073.jpg,1.2101491090965875e-05,0.99584036807659915,0.99011761140535681,1.5116853524867134e-05,-11.322169780731201,5.4781603813171387,4.6070694923400879,-11.099685192108154,0,1,1,0,0,1,1,0,-0.9958252512230743,-0.99010249455183197,-0.99296387288745314,-16.577845573425293,-15.706754684448242,-16.142300128936768,1,1,1,1
10,ukraine-NF-1073,iphone15pro,train/bonafide/iphone15pro/ukraine-NF-1073.jpg,train/attack/digital_1/iphone15pro/ukraine-NF-1073.jpg,train/attack/digital_2/iphone15pro/ukraine-NF-1073.jpg,test/attack/digital_3/iphone15pro/ukraine-NF-1073.jpg,0.00018672218601131893,0.99993763369940392,0.99935187450135532,0.00019958806818526768,-8.5857019424438477,9.6824231147766113,7.3407778739929199,-8.5190553665161133,0,1,1,0,0,1,1,0,-0.9997380456312186,-0.99915228643317,-0.99944516603219435,-18.201478481292725,-15.859833240509033,-17.030655860900879,1,1,1,1
10,ukraine-NF-1073,scan,train/bonafide/scan/ukraine-NF-1073.jpg,train/attack/digital_1/scan/ukraine-NF-1073.jpg,train/attack/digital_2/scan/ukraine-NF-1073.jpg,test/attack/digital_3/scan/ukraine-NF-1073.jpg,0.0012791448258316245,0.99211761793034525,0.9779400681148307,0.0013363197186713677,-6.6602835655212402,4.8352115154266357,3.7916854619979858,-6.6164987087249756,0,1,1,0,0,1,1,0,-0.99078129821167393,-0.97660374839615938,-0.98369252330391665,-11.451710224151611,-10.408184170722961,-10.929947197437286,1,1,1,1
10,ukraine-NF-1106,huawei,train/bonafide/huawei/ukraine-NF-1106.jpg,train/attack/digital_1/huawei/ukraine-NF-1106.jpg,train/attack/digital_2/huawei/ukraine-NF-1106.jpg,test/attack/digital_3/huawei/ukraine-NF-1106.jpg,0.00025688339776464209,0.99954974407815611,0.99998680091872483,0.00025493069807600071,-8.2666313648223877,7.7052440643310547,11.235350131988525,-8.274263858795166,0,1,1,0,0,1,1,0,-0.99929481338008008,-0.9997318702206488,-0.99951334180036444,-15.979507923126221,-19.509613990783691,-17.744560956954956,1,0,1,1
10,ukraine-NF-1106,iphone15pro,train/bonafide/iphone15pro/ukraine-NF-1106.jpg,train/attack/digital_1/iphone15pro/ukraine-NF-1106.jpg,train/attack/digital_2/iphone15pro/ukraine-NF-1106.jpg,test/attack/digital_3/iphone15pro/ukraine-NF-1106.jpg,3.6560170484691965e-05,0.99978721802981063,0.99951338988662985,4.4679177645981032e-05,-10.216514587402344,8.4550297260284424,7.6275606155395508,-10.015958309173584,0,1,1,0,0,1,1,0,-0.99974253885216469,-0.99946871070898391,-0.99960562478057435,-18.470988035202026,-17.643518924713135,-18.057253479957581,1,1,1,1
10,ukraine-NF-1106,scan,train/bonafide/scan/ukraine-NF-1106.jpg,train/attack/digital_1/scan/ukraine-NF-1106.jpg,train/attack/digital_2/scan/ukraine-NF-1106.jpg,test/attack/digital_3/scan/ukraine-NF-1106.jpg,0.00084652132087250785,0.99773151097227175,0.99981357494684442,0.0010860824851489318,-7.0735282897949219,6.0863702297210693,8.5872948169708252,-6.8240914344787598,0,1,1,0,0,1,1,0,-0.99664542848712279,-0.99872749246169545,-0.99768646047440912,-12.910461664199829,-15.411386251449585,-14.160923957824707,1,1,1,1
10,usa-034_03,huawei,train/bonafide/huawei/usa-034_03.jpg,train/attack/digital_1/huawei/usa-034_03.jpg,train/attack/digital_2/huawei/usa-034_03.jpg,test/attack/digital_3/huawei/usa-034_03.jpg,5.230311875294305e-05,0.99938156588669036,0.99999846285094951,3.9168828063724389e-05,-9.8584022521972656,7.3877012729644775,13.385579586029053,-10.147590160369873,0,1,1,0,0,1,1,0,-0.9993423970586266,-0.99995929402288575,-0.99965084554075612,-17.535291433334351,-23.533169746398926,-20.534230589866638,1,0,1,1
10,usa-034_03,iphone15pro,train/bonafide/iphone15pro/usa-034_03.jpg,train/attack/digital_1/iphone15pro/usa-034_03.jpg,train/attack/digital_2/iphone15pro/usa-034_03.jpg,test/attack/digital_3/iphone15pro/usa-034_03.jpg,7.5304917758879116e-05,0.99987898199393843,0.99999955820170205,7.4124290468268006e-05,-9.4938898086547852,9.0194501876831055,14.632411956787109,-9.5096931457519531,0,1,1,0,0,1,1,0,-0.99980485770347016,-0.99992543391123379,-0.99986514580735197,-18.529143333435059,-24.142105102539062,-21.335624217987061,1,0,1,1
10,usa-034_03,scan,train/bonafide/scan/usa-034_03.jpg,train/attack/digital_1/scan/usa-034_03.jpg,train/attack/digital_2/scan/usa-034_03.jpg,test/attack/digital_3/scan/usa-034_03.jpg,9.0837427025406122e-05,0.99998132020841735,0.99999618683959579,8.5538910653554131e-05,-9.3063483238220215,10.888049602508545,12.477048397064209,-9.3664536476135254,0,1,1,0,0,1,1,0,-0.9998957812977638,-0.99991064792894224,-0.99990321461335308,-20.25450325012207,-21.843502044677734,-21.049002647399902,1,0,1,1
10,usa-067_03,huawei,train/bonafide/huawei/usa-067_03.jpg,train/attack/digital_1/huawei/usa-067_03.jpg,train/attack/digital_2/huawei/usa-067_03.jpg,test/attack/digital_3/huawei/usa-067_03.jpg,0.00029780474581876681,0.99830671720136466,0.99999220940213873,0.00034363513809989362,-8.1187746524810791,6.3793914318084717,11.762585163116455,-7.9755864143371582,0,1,1,0,0,1,1,0,-0.99796308206326478,-0.99964857426403886,-0.99880582816365182,-14.35497784614563,-19.738171577453613,-17.046574711799622,1,1,1,1
10,usa-067_03,iphone15pro,train/bonafide/iphone15pro/usa-067_03.jpg,train/attack/digital_1/iphone15pro/usa-067_03.jpg,train/attack/digital_2/iphone15pro/usa-067_03.jpg,test/attack/digital_3/iphone15pro/usa-067_03.jpg,0.00013408819572794262,0.9983847993970234,0.99954815591215129,0.00018711294453594007,-8.9168787002563477,6.4266796112060547,7.7017214298248291,-8.583611011505127,0,1,1,0,0,1,1,0,-0.99819768645248741,-0.9993610429676153,-0.99877936471005135,-15.010290622711182,-16.285332441329956,-15.647811532020569,1,1,1,1
10,usa-067_03,scan,train/bonafide/scan/usa-067_03.jpg,train/attack/digital_1/scan/usa-067_03.jpg,train/attack/digital_2/scan/usa-067_03.jpg,test/attack/digital_3/scan/usa-067_03.jpg,0.00016010035029166873,0.99987809626407798,0.99998114229431012,0.00017292141454809258,-8.7395496368408203,9.0121569633483887,10.878570079803467,-8.6625003814697266,0,1,1,0,0,1,1,0,-0.99970517484952992,-0.99980822087976207,-0.99975669786464594,-17.674657344818115,-19.541070461273193,-18.607863903045654,1,1,1,1
10,usa-NF-1036,huawei,train/bonafide/huawei/usa-NF-1036.jpg,train/attack/digital_1/huawei/usa-NF-1036.jpg,train/attack/digital_2/huawei/usa-NF-1036.jpg,test/attack/digital_3/huawei/usa-NF-1036.jpg,0.0081268033101024248,0.99997416076193546,0.99999998364883247,0.010835589717963215,-4.8044276237487793,10.563590526580811,17.928966522216797,-4.5140244960784912,0,1,1,0,1,1,1,1,-0.98913857104397229,-0.9891643939308693,-0.9891514824874208,-15.077615022659302,-22.442991018295288,-18.760303020477295,1,1,1,0
10,usa-NF-1036,iphone15pro,train/bonafide/iphone15pro/usa-NF-1036.jpg,train/attack/digital_1/iphone15pro/usa-NF-1036.jpg,train/attack/digital_2/iphone15pro/usa-NF-1036.jpg,test/attack/digital_3/iphone15pro/usa-NF-1036.jpg,0.00032806536824651444,0.99999826206332654,0.99999943972891614,0.00027755291075186143,-8.0219695568084717,13.262810230255127,14.394844532012939,-8.1892213821411133,0,1,1,0,0,1,1,0,-0.99972070915257472,-0.99972188681816432,-0.99972129798536946,-21.45203161239624,-22.584065914154053,-22.018048763275146,1,0,1,1
10,usa-NF-1036,scan,train/bonafide/scan/usa-NF-1036.jpg,train/attack/digital_1/scan/usa-NF-1036.jpg,train/attack/digital_2/scan/usa-NF-1036.jpg,test/attack/digital_3/scan/usa-NF-1036.jpg,0.0017376946781355153,0.99997284031245337,0.99999986688207265,0.0017804996749597021,-6.3534567356109619,10.513749599456787,15.832030296325684,-6.3290791511535645,0,1,1,0,0,1,1,1,-0.99819234063749362,-0.99821936720711291,-0.99820585392230332,-16.842828750610352,-22.161109447479248,-19.5019690990448,1,1,1,0
10,usa-NF-1065,huawei,train/bonafide/huawei/usa-NF-1065.jpg,train/attack/digital_1/huawei/usa-NF-1065.jpg,train/attack/digital_2/huawei/usa-NF-1065.jpg,test/attack/digital_3/huawei/usa-NF-1065.jpg,5.0403354069037481e-05,0.99910756302792958,0.99999999382013804,6.3994183973899331e-05,-9.8954024314880371,7.0206618309020996,18.901969909667969,-9.6566543579101562,0,1,1,0,0,1,1,0,-0.99904356884395573,-0.9999359996361642,-0.99948978424005996,-16.677316188812256,-28.558624267578125,-22.61797022819519,1,1,1,1
10,usa-NF-1065,iphone15pro,train/bonafide/iphone15pro/usa-NF-1065.jpg,train/attack/digital_1/iphone15pro/usa-NF-1065.jpg,train/attack/digital_2/iphone15pro/usa-NF-1065.jpg,test/attack/digital_3/iphone15pro/usa-NF-1065.jpg,3.6969214246686525e-05,0.99999966901995785,0.99999998217639241,3.0091399847489151e-05,-10.205388069152832,14.921207427978516,17.842741966247559,-10.411241054534912,0,1,1,0,0,1,1,0,-0.99996957762011041,-0.99996989077654497,-0.99996973419832769,-25.332448482513428,-28.253983020782471,-26.793215751647949,1,0,1,1
10,usa-NF-1065,scan,train/bonafide/scan/usa-NF-1065.jpg,train/attack/digital_1/scan/usa-NF-1065.jpg,train/attack/digital_2/scan/usa-NF-1065.jpg,test/attack/digital_3/scan/usa-NF-1065.jpg,0.00014213662964661041,0.99999958795827559,0.99999991086645346,0.00013347727321050105,-8.8585796356201172,14.702140808105469,16.233129978179932,-8.9214458465576172,0,1,1,0,0,1,1,0,-0.99986611068506515,-0.99986643359324301,-0.99986627213915402,-23.623586654663086,-25.154575824737549,-24.389081239700317,1,0,1,1
10,usa-NF-1076,huawei,train/bonafide/huawei/usa-NF-1076.jpg,train/attack/digital_1/huawei/usa-NF-1076.jpg,train/attack/digital_2/huawei/usa-NF-1076.jpg,test/attack/digital_3/huawei/usa-NF-1076.jpg,6.6048995526058469e-05,0.99337246297465631,0.99999983509703749,0.00011191674644343769,-9.6250476837158203,5.0098724365234375,15.617908477783203,-9.0976433753967285,0,1,1,0,0,1,1,0,-0.99326054622821291,-0.9998879183505941,-0.99657423228940356,-14.107515811920166,-24.715551853179932,-19.411533832550049,1,1,1,1
10,usa-NF-1076,iphone15pro,train/bonafide/iphone15pro/usa-NF-1076.jpg,train/attack/digital_1/iphone15pro/usa-NF-1076.jpg,train/attack/digital_2/iphone15pro/usa-NF-1076.jpg,test/attack/digital_3/iphone15pro/usa-NF-1076.jpg,7.3887111766945712e-06,0.99999188147158136,0.99999366378443555,8.5977824039189112e-06,-11.815549850463867,11.721353530883789,11.969222545623779,-11.663997650146484,0,1,1,0,0,1,1,0,-0.99998328368917744,-0.99998506600203163,-0.99998417484560453,-23.385351181030273,-23.633220195770264,-23.509285688400269,1,1,1,1
10,usa-NF-1076,scan,train/bonafide/scan/usa-NF-1076.jpg,train/attack/digital_1/scan/usa-NF-1076.jpg,train/attack/digital_2/scan/usa-NF-1076.jpg,test/attack/digital_3/scan/usa-NF-1076.jpg,0.00024519256482790285,0.99999948015626106,0.99999856964270495,0.00022014435085238997,-8.3132214546203613,14.46973705291748,13.457584857940674,-8.4210069179534912,0,1,1,0,0,1,1,0,-0.99977933580540868,-0.99977842529185257,-0.99977888054863062,-22.890743970870972,-21.878591775894165,-22.384667873382568,1,0,1,1
10,usa-NM-1038,huawei,train/bonafide/huawei/usa-NM-1038.jpg,train/attack/digital_1/huawei/usa-NM-1038.jpg,train/attack/digital_2/huawei/usa-NM-1038.jpg,test/attack/digital_3/huawei/usa-NM-1038.jpg,4.4476486318081568e-05,0.88482368559340219,0.99999928344417033,4.6573979479142585e-05,-10.020505428314209,2.0389242768287659,14.14880895614624,-9.9744219779968262,0,1,1,0,0,1,1,0,-0.88477711161392303,-0.99995270946469117,-0.94236491053930715,-12.013346254825592,-24.123230934143066,-18.068288594484329,1,1,1,1
10,usa-NM-1038,iphone15pro,train/bonafide/iphone15pro/usa-NM-1038.jpg,train/attack/digital_1/iphone15pro/usa-NM-1038.jpg,train/attack/digital_2/iphone15pro/usa-NM-1038.jpg,test/attack/digital_3/iphone15pro/usa-NM-1038.jpg,7.5080412946758419e-05,0.99979398277584552,0.99999854872080529,5.6545904686474933e-05,-9.4968757629394531,8.4873447418212891,13.443063735961914,-9.7804012298583984,0,1,1,0,0,1,1,0,-0.99973743687115901,-0.99994200281611878,-0.99983971984363895,-18.267745971679688,-23.223464965820312,-20.74560546875,1,0,1,1
10,usa-NM-1038,scan,train/bonafide/scan/usa-NM-1038.jpg,train/attack/digital_1/scan/usa-NM-1038.jpg,train/attack/digital_2/scan/usa-NM-1038.jpg,test/attack/digital_3/scan/usa-NM-1038.jpg,0.00031501676931889542,0.99990037272494559,0.99999985511839273,0.00025985931828356073,-8.0625696182250977,9.2139749526977539,15.747348785400391,-8.2551102638244629,0,1,1,0,0,1,1,0,-0.99964051340666205,-0.99973999580010919,-0.99969025460338556,-17.469085216522217,-24.002459049224854,-20.735772132873535,1,0,1,1
