file_stem,hardware_source,pair_type,role_a,role_b,image_a_path,image_a_sha256,image_b_path,image_b_sha256,original_size,model_input_size,layer4_1_cosine,avgpool_cosine,cosine_reconvergence,layer4_1_relative_l2,avgpool_relative_l2,relative_l2_reconvergence
arabic-003_03,huawei,digital_1_vs_bonafide,digital_1,bonafide,train/attack/digital_1/huawei/arabic-003_03.jpg,656ff1b4dd0cdaef972c7edf4101876841753d9c3a5dc28b65ba54a1483a35bf,train/bonafide/huawei/arabic-003_03.jpg,0a2f985ead79169ead378f14d1af08f4d22f35641bb9e2ad37e9d5d3730be007,"(3023, 1884)","(410, 256)",0.9478517770767212,0.9860400557518005,0.038188278675079346,0.3236575722694397,0.16855256259441376,0.15510500967502594
arabic-003_03,huawei,digital_2_vs_bonafide,digital_2,bonafide,train/attack/digital_2/huawei/arabic-003_03.jpg,d049fe38f3ec2b3febe1e962cd4be127698f8b76461549f90472170028ed9a6f,train/bonafide/huawei/arabic-003_03.jpg,0a2f985ead79169ead378f14d1af08f4d22f35641bb9e2ad37e9d5d3730be007,"(3023, 1884)","(410, 256)",0.9648237228393555,0.9902666807174683,0.025442957878112793,0.26544660329818726,0.1395236998796463,0.12592290341854095
arabic-003_03,huawei,digital_1_vs_digital_2,digital_1,digital_2,train/attack/digital_1/huawei/arabic-003_03.jpg,656ff1b4dd0cdaef972c7edf4101876841753d9c3a5dc28b65ba54a1483a35bf,train/attack/digital_2/huawei/arabic-003_03.jpg,d049fe38f3ec2b3febe1e962cd4be127698f8b76461549f90472170028ed9a6f,"(3023, 1884)","(410, 256)",0.9310790300369263,0.9793704748153687,0.04829144477844238,0.372620165348053,0.20426487922668457,0.1683552861213684
arabic-003_03,iphone15pro,digital_1_vs_bonafide,digital_1,bonafide,train/attack/digital_1/iphone15pro/arabic-003_03.jpg,275d7d5d9f1e0611a23a373909e5e7a3c6b776be5176a7b16017aadd470f5ca7,train/bonafide/iphone15pro/arabic-003_03.jpg,a5e1940620b27684a6516d7be97120090e0bd66db136a3b14c140aa3664477df,"(2619, 1605)","(417, 256)",0.9287245273590088,0.9801009893417358,0.05137646198272705,0.37809500098228455,0.20391066372394562,0.17418433725833893
arabic-003_03,iphone15pro,digital_2_vs_bonafide,digital_2,bonafide,train/attack/digital_2/iphone15pro/arabic-003_03.jpg,0671853c41ca3b36425269793a038b2a417579255fb814e80ff4a6d1678672cc,train/bonafide/iphone15pro/arabic-003_03.jpg,a5e1940620b27684a6516d7be97120090e0bd66db136a3b14c140aa3664477df,"(2619, 1605)","(417, 256)",0.9626725912094116,0.9906992316246033,0.02802664041519165,0.2742050588130951,0.13638921082019806,0.13781584799289703
arabic-003_03,iphone15pro,digital_1_vs_digital_2,digital_1,digital_2,train/attack/digital_1/iphone15pro/arabic-003_03.jpg,275d7d5d9f1e0611a23a373909e5e7a3c6b776be5176a7b16017aadd470f5ca7,train/attack/digital_2/iphone15pro/arabic-003_03.jpg,0671853c41ca3b36425269793a038b2a417579255fb814e80ff4a6d1678672cc,"(2619, 1605)","(417, 256)",0.9146662950515747,0.9763534069061279,0.06168711185455322,0.4153365194797516,0.22162170708179474,0.19371481239795685
arabic-003_03,scan,digital_1_vs_bonafide,digital_1,bonafide,train/attack/digital_1/scan/arabic-003_03.jpg,2a928839fa410bfe3ec4bc31a71db8ad716a97f9d0d37cac40998ff8df23e06f,train/bonafide/scan/arabic-003_03.jpg,be5d55392dfd152ed28550856184a8849f8b20ffb6024734dd782f2f8f227c5a,"(2001, 1244)","(411, 256)",0.9359104633331299,0.9801910519599915,0.04428058862686157,0.3586145341396332,0.2018573135137558,0.15675722062587738
arabic-003_03,scan,digital_2_vs_bonafide,digital_2,bonafide,train/attack/digital_2/scan/arabic-003_03.jpg,54152be11fb28ffb15928101c8ec272560425e5eafdec9d715c4290d21c3f953,train/bonafide/scan/arabic-003_03.jpg,be5d55392dfd152ed28550856184a8849f8b20ffb6024734dd782f2f8f227c5a,"(2001, 1244)","(411, 256)",0.9590349793434143,0.9886230826377869,0.02958810329437256,0.28715187311172485,0.15097764134407043,0.13617423176765442
arabic-003_03,scan,digital_1_vs_digital_2,digital_1,digital_2,train/attack/digital_1/scan/arabic-003_03.jpg,2a928839fa410bfe3ec4bc31a71db8ad716a97f9d0d37cac40998ff8df23e06f,train/attack/digital_2/scan/arabic-003_03.jpg,54152be11fb28ffb15928101c8ec272560425e5eafdec9d715c4290d21c3f953,"(2001, 1244)","(411, 256)",0.9148594737052917,0.9727201461791992,0.05786067247390747,0.41490447521209717,0.23695743083953857,0.1779470443725586
arabic-005_03,huawei,digital_1_vs_bonafide,digital_1,bonafide,train/attack/digital_1/huawei/arabic-005_03.jpg,725eca7ff982a1c1f4032ddb0c44596ff489109d725e39d7f1bb7e4e103c344c,train/bonafide/huawei/arabic-005_03.jpg,e94b0ff71e2a8eaf68e5d0932e4d96804385ba4f70cd24f3132cf8e898d01d19,"(3068, 1882)","(417, 256)",0.9215229749679565,0.9795494675636292,0.05802649259567261,0.40078407526016235,0.205313041806221,0.19547103345394135
arabic-005_03,huawei,digital_2_vs_bonafide,digital_2,bonafide,train/attack/digital_2/huawei/arabic-005_03.jpg,510d0438f0a7f84da3a8c338f879ac6791acb770e7a412f69c9894445030a96a,train/bonafide/huawei/arabic-005_03.jpg,e94b0ff71e2a8eaf68e5d0932e4d96804385ba4f70cd24f3132cf8e898d01d19,"(3068, 1882)","(417, 256)",0.9521480798721313,0.9876968264579773,0.03554874658584595,0.3094489574432373,0.15687216818332672,0.15257678925991058
arabic-005_03,huawei,digital_1_vs_digital_2,digital_1,digital_2,train/attack/digital_1/huawei/arabic-005_03.jpg,725eca7ff982a1c1f4032ddb0c44596ff489109d725e39d7f1bb7e4e103c344c,train/attack/digital_2/huawei/arabic-005_03.jpg,510d0438f0a7f84da3a8c338f879ac6791acb770e7a412f69c9894445030a96a,"(3068, 1882)","(417, 256)",0.9436337947845459,0.9875369668006897,0.0439031720161438,0.3400050103664398,0.16217546164989471,0.1778295487165451
arabic-005_03,iphone15pro,digital_1_vs_bonafide,digital_1,bonafide,train/attack/digital_1/iphone15pro/arabic-005_03.jpg,d3188f576c20431853d7d6702a20e9177d9a025c908a493268867c3895e6a21e,train/bonafide/iphone15pro/arabic-005_03.jpg,0f1c951169aaab77ce868e4cb066958426a2e2aa5a02fb896c45662da887078c,"(2743, 1703)","(412, 256)",0.9159773588180542,0.9784939885139465,0.06251662969589233,0.41970881819725037,0.21979542076587677,0.1999133974313736
arabic-005_03,iphone15pro,digital_2_vs_bonafide,digital_2,bonafide,train/attack/digital_2/iphone15pro/arabic-005_03.jpg,d52070b65eaf51e45d58a18212320d55b5ae62962e6abd88115222caebd94c59,train/bonafide/iphone15pro/arabic-005_03.jpg,0f1c951169aaab77ce868e4cb066958426a2e2aa5a02fb896c45662da887078c,"(2743, 1703)","(412, 256)",0.938490629196167,0.9810983538627625,0.04260772466659546,0.3510661721229553,0.19680047035217285,0.15426570177078247
arabic-005_03,iphone15pro,digital_1_vs_digital_2,digital_1,digital_2,train/attack/digital_1/iphone15pro/arabic-005_03.jpg,d3188f576c20431853d7d6702a20e9177d9a025c908a493268867c3895e6a21e,train/attack/digital_2/iphone15pro/arabic-005_03.jpg,d52070b65eaf51e45d58a18212320d55b5ae62962e6abd88115222caebd94c59,"(2743, 1703)","(412, 256)",0.9310828447341919,0.984513521194458,0.05343067646026611,0.37882792949676514,0.18103855848312378,0.19778937101364136
arabic-005_03,scan,digital_1_vs_bonafide,digital_1,bonafide,train/attack/digital_1/scan/arabic-005_03.jpg,b63e47a8930d3c234c88b6c93c86f4fe6f391bb9b9c67294e83b58fe9d90f383,train/bonafide/scan/arabic-005_03.jpg,7839393aeadbc2c9cbdebc4c72b5d61d6d7f48b2ba3b193e48207b330da5ff53,"(2001, 1248)","(410, 256)",0.9435727596282959,0.9875061511993408,0.04393339157104492,0.33832743763923645,0.16119298338890076,0.1771344542503357
arabic-005_03,scan,digital_2_vs_bonafide,digital_2,bonafide,train/attack/digital_2/scan/arabic-005_03.jpg,fb91274f4b1423942ba2c1847374d096968f5e958cdb6b627347630f5ec2b430,train/bonafide/scan/arabic-005_03.jpg,7839393aeadbc2c9cbdebc4c72b5d61d6d7f48b2ba3b193e48207b330da5ff53,"(2001, 1248)","(410, 256)",0.9650609493255615,0.9914766550064087,0.026415705680847168,0.26547971367836,0.1327488124370575,0.1327309012413025
arabic-005_03,scan,digital_1_vs_digital_2,digital_1,digital_2,train/attack/digital_1/scan/arabic-005_03.jpg,b63e47a8930d3c234c88b6c93c86f4fe6f391bb9b9c67294e83b58fe9d90f383,train/attack/digital_2/scan/arabic-005_03.jpg,fb91274f4b1423942ba2c1847374d096968f5e958cdb6b627347630f5ec2b430,"(2001, 1248)","(410, 256)",0.9691483974456787,0.9939230680465698,0.024774670600891113,0.24890738725662231,0.11050642281770706,0.13840096443891525
arabic-112_03,huawei,digital_1_vs_bonafide,digital_1,bonafide,train/attack/digital_1/huawei/arabic-112_03.jpg,29b0053486f492d98eff55215576e7ccb15ebcbcd43d56744ec451e55c2bc61d,train/bonafide/huawei/arabic-112_03.jpg,c4eb6666899ce34aaf164197229a8a32050d121b21f7b9869dc6710bf2256dc8,"(3186, 1977)","(412, 256)",0.9325675964355469,0.9827749729156494,0.05020737648010254,0.37688806653022766,0.20578759908676147,0.1711004674434662
arabic-112_03,huawei,digital_2_vs_bonafide,digital_2,bonafide,train/attack/digital_2/huawei/arabic-112_03.jpg,61041de2e01d8ebaed4bae19ac99bb0d9fbb46aa4acbc4f92c744141110c1c9a,train/bonafide/huawei/arabic-112_03.jpg,c4eb6666899ce34aaf164197229a8a32050d121b21f7b9869dc6710bf2256dc8,"(3186, 1977)","(412, 256)",0.9618552923202515,0.9896738529205322,0.02781856060028076,0.2819957435131073,0.15409691631793976,0.12789882719516754
arabic-112_03,huawei,digital_1_vs_digital_2,digital_1,digital_2,train/attack/digital_1/huawei/arabic-112_03.jpg,29b0053486f492d98eff55215576e7ccb15ebcbcd43d56744ec451e55c2bc61d,train/attack/digital_2/huawei/arabic-112_03.jpg,61041de2e01d8ebaed4bae19ac99bb0d9fbb46aa4acbc4f92c744141110c1c9a,"(3186, 1977)","(412, 256)",0.9533762335777283,0.9898204803466797,0.036444246768951416,0.30669161677360535,0.14655357599258423,0.16013804078102112
arabic-112_03,iphone15pro,digital_1_vs_bonafide,digital_1,bonafide,train/attack/digital_1/iphone15pro/arabic-112_03.jpg,46e03263cb7f8efda5418b240602241020ad024a00cf181a2c93bc7c414d490c,train/bonafide/iphone15pro/arabic-112_03.jpg,5bc11c2dcf123f22e36c25c6b0bc1cc97d6e98fbbd3114bb88f40b21ec829d57,"(2776, 1768)","(401, 256)",0.9438050985336304,0.9867868423461914,0.042981743812561035,0.33582958579063416,0.16567754745483398,0.17015203833580017
arabic-112_03,iphone15pro,digital_2_vs_bonafide,digital_2,bonafide,train/attack/digital_2/iphone15pro/arabic-112_03.jpg,1f032b567fd1d866a3916f5c3150bc5e7e05a24223e14dd610184ee33179eae9,train/bonafide/iphone15pro/arabic-112_03.jpg,5bc11c2dcf123f22e36c25c6b0bc1cc97d6e98fbbd3114bb88f40b21ec829d57,"(2776, 1768)","(401, 256)",0.9555009007453918,0.9873502254486084,0.03184932470321655,0.29900673031806946,0.16078922152519226,0.1382175087928772
arabic-112_03,iphone15pro,digital_1_vs_digital_2,digital_1,digital_2,train/attack/digital_1/iphone15pro/arabic-112_03.jpg,46e03263cb7f8efda5418b240602241020ad024a00cf181a2c93bc7c414d490c,train/attack/digital_2/iphone15pro/arabic-112_03.jpg,1f032b567fd1d866a3916f5c3150bc5e7e05a24223e14dd610184ee33179eae9,"(2776, 1768)","(401, 256)",0.9649914503097534,0.9924094676971436,0.027418017387390137,0.26460739970207214,0.1235022321343422,0.14110516756772995
arabic-112_03,scan,digital_1_vs_bonafide,digital_1,bonafide,train/attack/digital_1/scan/arabic-112_03.jpg,c13751542fc56a6db589d8d18d88b7d5f8e8d9191fc7cb8a4ba5c90e09fb35b1,train/bonafide/scan/arabic-112_03.jpg,a83ca005a1b68787c18617619d7984e12933a2ac757b11342cdb242cff68c7ce,"(1999, 1244)","(411, 256)",0.9534069299697876,0.989412248134613,0.03600531816482544,0.30710458755493164,0.15245521068572998,0.15464937686920166
arabic-112_03,scan,digital_2_vs_bonafide,digital_2,bonafide,train/attack/digital_2/scan/arabic-112_03.jpg,ab4a947a18c9937a4baf6f49adfc568c2bb86fc9363f111056aa7a57f04a577d,train/bonafide/scan/arabic-112_03.jpg,a83ca005a1b68787c18617619d7984e12933a2ac757b11342cdb242cff68c7ce,"(1999, 1244)","(411, 256)",0.9707762598991394,0.9916695952415466,0.020893335342407227,0.24194632470607758,0.130642831325531,0.11130349338054657
arabic-112_03,scan,digital_1_vs_digital_2,digital_1,digital_2,train/attack/digital_1/scan/arabic-112_03.jpg,c13751542fc56a6db589d8d18d88b7d5f8e8d9191fc7cb8a4ba5c90e09fb35b1,train/attack/digital_2/scan/arabic-112_03.jpg,ab4a947a18c9937a4baf6f49adfc568c2bb86fc9363f111056aa7a57f04a577d,"(1999, 1244)","(411, 256)",0.9589112997055054,0.9901988506317139,0.031287550926208496,0.28767985105514526,0.14227984845638275,0.1454000025987625
arabic-131_03,huawei,digital_1_vs_bonafide,digital_1,bonafide,train/attack/digital_1/huawei/arabic-131_03.jpg,ecdbd91274aaa77cdddadc69f52573c25635c7ecd20400ee68d095b5037e5eba,train/bonafide/huawei/arabic-131_03.jpg,f733731b992459fa0617ee1dc4d11c5dd10f4be92f61163a51ad732a91f0f27c,"(3175, 1963)","(414, 256)",0.9058619737625122,0.9749968647956848,0.06913489103317261,0.4387155771255493,0.22972966730594635,0.20898590981960297
arabic-131_03,huawei,digital_2_vs_bonafide,digital_2,bonafide,train/attack/digital_2/huawei/arabic-131_03.jpg,baa360f3be5f28f622a6f2d53bb2d4b89192c4ff231d3c0e6c7bedec5abd6be0,train/bonafide/huawei/arabic-131_03.jpg,f733731b992459fa0617ee1dc4d11c5dd10f4be92f61163a51ad732a91f0f27c,"(3175, 1963)","(414, 256)",0.9470826387405396,0.9849883913993835,0.037905752658843994,0.32756227254867554,0.17817124724388123,0.1493910253047943
arabic-131_03,huawei,digital_1_vs_digital_2,digital_1,digital_2,train/attack/digital_1/huawei/arabic-131_03.jpg,ecdbd91274aaa77cdddadc69f52573c25635c7ecd20400ee68d095b5037e5eba,train/attack/digital_2/huawei/arabic-131_03.jpg,baa360f3be5f28f622a6f2d53bb2d4b89192c4ff231d3c0e6c7bedec5abd6be0,"(3175, 1963)","(414, 256)",0.945757269859314,0.9869478940963745,0.04119062423706055,0.33049577474594116,0.1619609147310257,0.16853486001491547
arabic-131_03,iphone15pro,digital_1_vs_bonafide,digital_1,bonafide,train/attack/digital_1/iphone15pro/arabic-131_03.jpg,215096643cf48f9a941da80292df6bc6bf5e6cfba24f765526351138f100c3d3,train/bonafide/iphone15pro/arabic-131_03.jpg,c645536856335dc4eaa5da390dc7670b190fe7393eb07f4524eb356b1ae53eab,"(2783, 1762)","(404, 256)",0.9045140743255615,0.9736583232879639,0.06914424896240234,0.4547056555747986,0.2530593276023865,0.2016463279724121
arabic-131_03,iphone15pro,digital_2_vs_bonafide,digital_2,bonafide,train/attack/digital_2/iphone15pro/arabic-131_03.jpg,b0c63da99e2300149c3d0dc63ed1188081fe144f3be7dda381e1c800ba66e52c,train/bonafide/iphone15pro/arabic-131_03.jpg,c645536856335dc4eaa5da390dc7670b190fe7393eb07f4524eb356b1ae53eab,"(2783, 1762)","(404, 256)",0.9203673601150513,0.9795946478843689,0.05922728776931763,0.40361711382865906,0.21426984667778015,0.1893472671508789
arabic-131_03,iphone15pro,digital_1_vs_digital_2,digital_1,digital_2,train/attack/digital_1/iphone15pro/arabic-131_03.jpg,215096643cf48f9a941da80292df6bc6bf5e6cfba24f765526351138f100c3d3,train/attack/digital_2/iphone15pro/arabic-131_03.jpg,b0c63da99e2300149c3d0dc63ed1188081fe144f3be7dda381e1c800ba66e52c,"(2783, 1762)","(404, 256)",0.9347735047340393,0.9830392599105835,0.04826575517654419,0.36719873547554016,0.18754930794239044,0.17964942753314972
arabic-131_03,scan,digital_1_vs_bonafide,digital_1,bonafide,train/attack/digital_1/scan/arabic-131_03.jpg,7236a9d5a200bd9760d4fc99a72ba72d2150122d1a24105875ff61f5d0772792,train/bonafide/scan/arabic-131_03.jpg,1534f772688251e15dce3a30d6bdaa42db7f6dc093fd128c13dd5271734bb4d5,"(1998, 1247)","(410, 256)",0.9342702031135559,0.9839954376220703,0.049725234508514404,0.37166887521743774,0.19566026329994202,0.17600861191749573
arabic-131_03,scan,digital_2_vs_bonafide,digital_2,bonafide,train/attack/digital_2/scan/arabic-131_03.jpg,f11917ef5a58f229aae950f904c38b3b02c72153a810a8324e8aacc376b619e0,train/bonafide/scan/arabic-131_03.jpg,1534f772688251e15dce3a30d6bdaa42db7f6dc093fd128c13dd5271734bb4d5,"(1998, 1247)","(410, 256)",0.9498211145401001,0.9869416356086731,0.037120521068573,0.31684401631355286,0.1639728844165802,0.15287113189697266
arabic-131_03,scan,digital_1_vs_digital_2,digital_1,digital_2,train/attack/digital_1/scan/arabic-131_03.jpg,7236a9d5a200bd9760d4fc99a72ba72d2150122d1a24105875ff61f5d0772792,train/attack/digital_2/scan/arabic-131_03.jpg,f11917ef5a58f229aae950f904c38b3b02c72153a810a8324e8aacc376b619e0,"(1998, 1247)","(410, 256)",0.9275822043418884,0.9821665287017822,0.0545843243598938,0.3904399573802948,0.19574639201164246,0.19469356536865234
arabic-139_03,huawei,digital_1_vs_bonafide,digital_1,bonafide,train/attack/digital_1/huawei/arabic-139_03.jpg,24487bbecef058e2eb265baa34d459ae19f5eb1ee0fef6325f2aa81b56544287,train/bonafide/huawei/arabic-139_03.jpg,18a678c1e4fbdc399f8559e4ad431c0625540104a9c60af04cb0320df5260711,"(3034, 1879)","(413, 256)",0.9449378848075867,0.9871112704277039,0.04217338562011719,0.33533576130867004,0.1657118797302246,0.16962388157844543
arabic-139_03,huawei,digital_2_vs_bonafide,digital_2,bonafide,train/attack/digital_2/huawei/arabic-139_03.jpg,0957de4cbe7e30997749ef645efe9be15fac7dc861cabfca97c8f58679c51798,train/bonafide/huawei/arabic-139_03.jpg,18a678c1e4fbdc399f8559e4ad431c0625540104a9c60af04cb0320df5260711,"(3034, 1879)","(413, 256)",0.9652541875839233,0.9913368821144104,0.02608269453048706,0.2645356357097626,0.13162919878959656,0.13290643692016602
arabic-139_03,huawei,digital_1_vs_digital_2,digital_1,digital_2,train/attack/digital_1/huawei/arabic-139_03.jpg,24487bbecef058e2eb265baa34d459ae19f5eb1ee0fef6325f2aa81b56544287,train/attack/digital_2/huawei/arabic-139_03.jpg,0957de4cbe7e30997749ef645efe9be15fac7dc861cabfca97c8f58679c51798,"(3034, 1879)","(413, 256)",0.9393527507781982,0.9853976964950562,0.04604494571685791,0.35525277256965637,0.17582395672798157,0.1794288158416748
arabic-139_03,iphone15pro,digital_1_vs_bonafide,digital_1,bonafide,train/attack/digital_1/iphone15pro/arabic-139_03.jpg,6c40a95354b76ec9f0f2507f4271ee0282e024bda5ebb729607f637559406712,train/bonafide/iphone15pro/arabic-139_03.jpg,c996c2c6fc2c11b39b83fbe8d085fede4842ec24614018f9f63f07b396483720,"(2624, 1605)","(418, 256)",0.9545187950134277,0.9903269410133362,0.03580814599990845,0.3017309308052063,0.13909123837947845,0.16263969242572784
arabic-139_03,iphone15pro,digital_2_vs_bonafide,digital_2,bonafide,train/attack/digital_2/iphone15pro/arabic-139_03.jpg,58f8daf1da12e77d8376b8afdf81a4d1dab09798260940c6044177e9d30bf0e5,train/bonafide/iphone15pro/arabic-139_03.jpg,c996c2c6fc2c11b39b83fbe8d085fede4842ec24614018f9f63f07b396483720,"(2624, 1605)","(418, 256)",0.9700092077255249,0.9926469326019287,0.02263772487640381,0.24606017768383026,0.12150263041257858,0.12455754727125168
arabic-139_03,iphone15pro,digital_1_vs_digital_2,digital_1,digital_2,train/attack/digital_1/iphone15pro/arabic-139_03.jpg,6c40a95354b76ec9f0f2507f4271ee0282e024bda5ebb729607f637559406712,train/attack/digital_2/iphone15pro/arabic-139_03.jpg,58f8daf1da12e77d8376b8afdf81a4d1dab09798260940c6044177e9d30bf0e5,"(2624, 1605)","(418, 256)",0.9541224837303162,0.9897100329399109,0.03558754920959473,0.3046550452709198,0.14368145167827606,0.16097359359264374
arabic-139_03,scan,digital_1_vs_bonafide,digital_1,bonafide,train/attack/digital_1/scan/arabic-139_03.jpg,1682b6762971508dff0fce7aa8e16cd54c705fed25386d8016a8bba07e823006,train/bonafide/scan/arabic-139_03.jpg,0a9e276ba21f26321fae8040231de74fd6ad96b361e1385a24f9803be2a97405,"(1999, 1247)","(410, 256)",0.948745608329773,0.9878055453300476,0.03905993700027466,0.3205485939979553,0.15633802115917206,0.16421057283878326
arabic-139_03,scan,digital_2_vs_bonafide,digital_2,bonafide,train/attack/digital_2/scan/arabic-139_03.jpg,0bf66daf523a7c04377bb5d4886be5a2591af614c7b0e2b834408c35bc19c054,train/bonafide/scan/arabic-139_03.jpg,0a9e276ba21f26321fae8040231de74fd6ad96b361e1385a24f9803be2a97405,"(1999, 1247)","(410, 256)",0.9584245681762695,0.9884225130081177,0.029997944831848145,0.28895634412765503,0.15216854214668274,0.1367878019809723
arabic-139_03,scan,digital_1_vs_digital_2,digital_1,digital_2,train/attack/digital_1/scan/arabic-139_03.jpg,1682b6762971508dff0fce7aa8e16cd54c705fed25386d8016a8bba07e823006,train/attack/digital_2/scan/arabic-139_03.jpg,0bf66daf523a7c04377bb5d4886be5a2591af614c7b0e2b834408c35bc19c054,"(1999, 1247)","(410, 256)",0.9264011383056641,0.9800550937652588,0.05365395545959473,0.38515812158584595,0.1998767852783203,0.18528133630752563
arabic-173_03,huawei,digital_1_vs_bonafide,digital_1,bonafide,train/attack/digital_1/huawei/arabic-173_03.jpg,0765a1a7d9b92d7c9f78406c3f460aae89777f086374a075b12cf388cae34192,train/bonafide/huawei/arabic-173_03.jpg,992bd2fc694aed976daa7896463fc847e2cecb82c3290dc7b2ccec15becb552a,"(3208, 1986)","(413, 256)",0.9238137006759644,0.9801735281944275,0.056359827518463135,0.3925841748714447,0.20376011729240417,0.18882405757904053
arabic-173_03,huawei,digital_2_vs_bonafide,digital_2,bonafide,train/attack/digital_2/huawei/arabic-173_03.jpg,4ca62cf91981d1e4defb21f8764bda9c6a7b6e4f8ba7b47645148091b1b8a9f4,train/bonafide/huawei/arabic-173_03.jpg,992bd2fc694aed976daa7896463fc847e2cecb82c3290dc7b2ccec15becb552a,"(3208, 1986)","(413, 256)",0.9462782144546509,0.9869912266731262,0.04071301221847534,0.32831183075904846,0.16184434294700623,0.16646748781204224
arabic-173_03,huawei,digital_1_vs_digital_2,digital_1,digital_2,train/attack/digital_1/huawei/arabic-173_03.jpg,0765a1a7d9b92d7c9f78406c3f460aae89777f086374a075b12cf388cae34192,train/attack/digital_2/huawei/arabic-173_03.jpg,4ca62cf91981d1e4defb21f8764bda9c6a7b6e4f8ba7b47645148091b1b8a9f4,"(3208, 1986)","(413, 256)",0.937767744064331,0.986139178276062,0.04837143421173096,0.35357391834259033,0.1691776067018509,0.18439631164073944
arabic-173_03,iphone15pro,digital_1_vs_bonafide,digital_1,bonafide,train/attack/digital_1/iphone15pro/arabic-173_03.jpg,284a5ab4a3b87b400fa94fea9ab00d5efff21479a1e9a0a50108a5c4c0ed95df,train/bonafide/iphone15pro/arabic-173_03.jpg,59711cb21c884bacf56a0cd4500d80c5a2b9d47c306d76d7a75218aa4fd588f6,"(2784, 1780)","(400, 256)",0.9240532517433167,0.9800965785980225,0.05604332685470581,0.3907549977302551,0.20282603800296783,0.1879289597272873
arabic-173_03,iphone15pro,digital_2_vs_bonafide,digital_2,bonafide,train/attack/digital_2/iphone15pro/arabic-173_03.jpg,e268de0e68b5db7bc0c039b425c57e655b0bbe78ec161d6f42f299b0e4163924,train/bonafide/iphone15pro/arabic-173_03.jpg,59711cb21c884bacf56a0cd4500d80c5a2b9d47c306d76d7a75218aa4fd588f6,"(2784, 1780)","(400, 256)",0.9588273763656616,0.9887085556983948,0.029881179332733154,0.2874094247817993,0.15129747986793518,0.13611194491386414
arabic-173_03,iphone15pro,digital_1_vs_digital_2,digital_1,digital_2,train/attack/digital_1/iphone15pro/arabic-173_03.jpg,284a5ab4a3b87b400fa94fea9ab00d5efff21479a1e9a0a50108a5c4c0ed95df,train/attack/digital_2/iphone15pro/arabic-173_03.jpg,e268de0e68b5db7bc0c039b425c57e655b0bbe78ec161d6f42f299b0e4163924,"(2784, 1780)","(400, 256)",0.9474201202392578,0.9879049062728882,0.04048478603363037,0.3245183229446411,0.1566903293132782,0.16782799363136292
arabic-173_03,scan,digital_1_vs_bonafide,digital_1,bonafide,train/attack/digital_1/scan/arabic-173_03.jpg,8f2313d7aa8422337cd4d3456d8db1ee9b0892badf7524c440c5e640c920bb41,train/bonafide/scan/arabic-173_03.jpg,b3f6050e9a6a3bc1b6bcd05e7f50c5307b7cdc7ac9616c93b5000c9f33d8bdfd,"(2001, 1251)","(409, 256)",0.9310551285743713,0.9826299548149109,0.05157482624053955,0.3715856373310089,0.1881837248802185,0.1834019124507904
arabic-173_03,scan,digital_2_vs_bonafide,digital_2,bonafide,train/attack/digital_2/scan/arabic-173_03.jpg,3a70429feef9e403506d67942652c80ed00588c72d97d28cce66c2467896c129,train/bonafide/scan/arabic-173_03.jpg,b3f6050e9a6a3bc1b6bcd05e7f50c5307b7cdc7ac9616c93b5000c9f33d8bdfd,"(2001, 1251)","(409, 256)",0.9755620956420898,0.9943947792053223,0.018832683563232422,0.22415484488010406,0.10954611748456955,0.11460872739553452
arabic-173_03,scan,digital_1_vs_digital_2,digital_1,digital_2,train/attack/digital_1/scan/arabic-173_03.jpg,8f2313d7aa8422337cd4d3456d8db1ee9b0892badf7524c440c5e640c920bb41,train/attack/digital_2/scan/arabic-173_03.jpg,3a70429feef9e403506d67942652c80ed00588c72d97d28cce66c2467896c129,"(2001, 1251)","(409, 256)",0.9321631193161011,0.9833959341049194,0.05123281478881836,0.3690536618232727,0.18224196135997772,0.18681170046329498
arabic-NF-1003,huawei,digital_1_vs_bonafide,digital_1,bonafide,train/attack/digital_1/huawei/arabic-NF-1003.jpg,af8c3b5699d5e96a55f238c22d3943defbf8bca410b33864e224a5d237e5bda5,train/bonafide/huawei/arabic-NF-1003.jpg,17df6bc73bc6495233ee89dd7004fa9f7af97a1eb57ad113b17125e7f5935506,"(3190, 1963)","(416, 256)",0.9194009304046631,0.977043867111206,0.05764293670654297,0.40237313508987427,0.21572443842887878,0.18664869666099548
arabic-NF-1003,huawei,digital_2_vs_bonafide,digital_2,bonafide,train/attack/digital_2/huawei/arabic-NF-1003.jpg,5708f12553d259ad89212cc4804c6914da52886045f68f1a7c3fcbb81b7d724c,train/bonafide/huawei/arabic-NF-1003.jpg,17df6bc73bc6495233ee89dd7004fa9f7af97a1eb57ad113b17125e7f5935506,"(3190, 1963)","(416, 256)",0.9851703643798828,0.9959602355957031,0.010789871215820312,0.1726488620042801,0.09003245085477829,0.0826164111495018
arabic-NF-1003,huawei,digital_1_vs_digital_2,digital_1,digital_2,train/attack/digital_1/huawei/arabic-NF-1003.jpg,af8c3b5699d5e96a55f238c22d3943defbf8bca410b33864e224a5d237e5bda5,train/attack/digital_2/huawei/arabic-NF-1003.jpg,5708f12553d259ad89212cc4804c6914da52886045f68f1a7c3fcbb81b7d724c,"(3190, 1963)","(416, 256)",0.9119184017181396,0.976591169834137,0.06467276811599731,0.41997072100639343,0.21728575229644775,0.20268496870994568
arabic-NF-1003,iphone15pro,digital_1_vs_bonafide,digital_1,bonafide,train/attack/digital_1/iphone15pro/arabic-NF-1003.jpg,32b68ddf147d3921ddf34ffae87bcd9d24894125d2adf72292e4bbe1c9efb928,train/bonafide/iphone15pro/arabic-NF-1003.jpg,3ccb03ffeed76cdfce10a364c80a7143eb18052d773323929fb9b61c00b17241,"(2797, 1768)","(404, 256)",0.8940949440002441,0.9678246974945068,0.0737297534942627,0.46022897958755493,0.25367745757102966,0.20655152201652527
arabic-NF-1003,iphone15pro,digital_2_vs_bonafide,digital_2,bonafide,train/attack/digital_2/iphone15pro/arabic-NF-1003.jpg,f3fd6e5859d9c5225fb1b98587c6945015409bc418fd1a284dab5db8d31768aa,train/bonafide/iphone15pro/arabic-NF-1003.jpg,3ccb03ffeed76cdfce10a364c80a7143eb18052d773323929fb9b61c00b17241,"(2797, 1768)","(404, 256)",0.9387152194976807,0.9834738969802856,0.04475867748260498,0.35012075304985046,0.18192660808563232,0.16819414496421814
arabic-NF-1003,iphone15pro,digital_1_vs_digital_2,digital_1,digital_2,train/attack/digital_1/iphone15pro/arabic-NF-1003.jpg,32b68ddf147d3921ddf34ffae87bcd9d24894125d2adf72292e4bbe1c9efb928,train/attack/digital_2/iphone15pro/arabic-NF-1003.jpg,f3fd6e5859d9c5225fb1b98587c6945015409bc418fd1a284dab5db8d31768aa,"(2797, 1768)","(404, 256)",0.9414154291152954,0.9826505780220032,0.041235148906707764,0.3423311412334442,0.18645010888576508,0.15588103234767914
arabic-NF-1003,scan,digital_1_vs_bonafide,digital_1,bonafide,train/attack/digital_1/scan/arabic-NF-1003.jpg,f5b516ec803a9e3d3658cab337fbdfab322a731411db2e2b47656d83e9f4c428,train/bonafide/scan/arabic-NF-1003.jpg,f74ec9b42c1adf4a4e7af34961cd2221b33ca555a5d050ff63d0c438d87ab983,"(2001, 1244)","(411, 256)",0.9296401739120483,0.9785987734794617,0.04895859956741333,0.3753555715084076,0.20697709918022156,0.16837847232818604
arabic-NF-1003,scan,digital_2_vs_bonafide,digital_2,bonafide,train/attack/digital_2/scan/arabic-NF-1003.jpg,8e3fdc3b464cb096259ca30bcedb4e5682dae3c1c33273c67c1e10781e92dd1f,train/bonafide/scan/arabic-NF-1003.jpg,f74ec9b42c1adf4a4e7af34961cd2221b33ca555a5d050ff63d0c438d87ab983,"(2001, 1244)","(411, 256)",0.9568622708320618,0.9879117012023926,0.03104943037033081,0.30095747113227844,0.1635345220565796,0.13742294907569885
arabic-NF-1003,scan,digital_1_vs_digital_2,digital_1,digital_2,train/attack/digital_1/scan/arabic-NF-1003.jpg,f5b516ec803a9e3d3658cab337fbdfab322a731411db2e2b47656d83e9f4c428,train/attack/digital_2/scan/arabic-NF-1003.jpg,8e3fdc3b464cb096259ca30bcedb4e5682dae3c1c33273c67c1e10781e92dd1f,"(2001, 1244)","(411, 256)",0.9450221061706543,0.9866280555725098,0.04160594940185547,0.33568236231803894,0.1694973111152649,0.16618505120277405
arabic-NF-1012,huawei,digital_1_vs_bonafide,digital_1,bonafide,train/attack/digital_1/huawei/arabic-NF-1012.jpg,b1ad31c4d3cf69b9d1fa7a981beb39ecd213597ee03c26e16724741ce8d8333a,train/bonafide/huawei/arabic-NF-1012.jpg,578505d28608ab5b04216e8b81bea0498a882d9855b665c3a4555581c60acc76,"(3183, 1965)","(414, 256)",0.9266983270645142,0.9827044010162354,0.05600607395172119,0.38654693961143494,0.1914006471633911,0.19514629244804382
arabic-NF-1012,huawei,digital_2_vs_bonafide,digital_2,bonafide,train/attack/digital_2/huawei/arabic-NF-1012.jpg,e8d76614392f4d34d9f73e6b8011341a2c1236a05531c26aa72bc96479f29749,train/bonafide/huawei/arabic-NF-1012.jpg,578505d28608ab5b04216e8b81bea0498a882d9855b665c3a4555581c60acc76,"(3183, 1965)","(414, 256)",0.9612330198287964,0.9895012974739075,0.028268277645111084,0.2793676555156708,0.14732301235198975,0.13204464316368103
arabic-NF-1012,huawei,digital_1_vs_digital_2,digital_1,digital_2,train/attack/digital_1/huawei/arabic-NF-1012.jpg,b1ad31c4d3cf69b9d1fa7a981beb39ecd213597ee03c26e16724741ce8d8333a,train/attack/digital_2/huawei/arabic-NF-1012.jpg,e8d76614392f4d34d9f73e6b8011341a2c1236a05531c26aa72bc96479f29749,"(3183, 1965)","(414, 256)",0.9097170829772949,0.9749083518981934,0.06519126892089844,0.42602360248565674,0.2247898131608963,0.20123378932476044
arabic-NF-1012,iphone15pro,digital_1_vs_bonafide,digital_1,bonafide,train/attack/digital_1/iphone15pro/arabic-NF-1012.jpg,6e516e5961223ff8cfa18ffa4f7b1dbae2fa615d4134ca5b4af8aad7feb79df9,train/bonafide/iphone15pro/arabic-NF-1012.jpg,20d4980a4426484473e6498bcf60cf58876e087fe4b5a1cf5dacaec85fe0a2f2,"(2793, 1759)","(406, 256)",0.9023058414459229,0.9760097861289978,0.07370394468307495,0.44451871514320374,0.2218112051486969,0.22270750999450684
arabic-NF-1012,iphone15pro,digital_2_vs_bonafide,digital_2,bonafide,train/attack/digital_2/iphone15pro/arabic-NF-1012.jpg,0b7bc1ca3f006401aa6a7bb6b466ebb8e826983a385529d3b5a12be7d844cb0a,train/bonafide/iphone15pro/arabic-NF-1012.jpg,20d4980a4426484473e6498bcf60cf58876e087fe4b5a1cf5dacaec85fe0a2f2,"(2793, 1759)","(406, 256)",0.9555939435958862,0.9886564016342163,0.03306245803833008,0.2980157732963562,0.15062543749809265,0.14739033579826355
arabic-NF-1012,iphone15pro,digital_1_vs_digital_2,digital_1,digital_2,train/attack/digital_1/iphone15pro/arabic-NF-1012.jpg,6e516e5961223ff8cfa18ffa4f7b1dbae2fa615d4134ca5b4af8aad7feb79df9,train/attack/digital_2/iphone15pro/arabic-NF-1012.jpg,0b7bc1ca3f006401aa6a7bb6b466ebb8e826983a385529d3b5a12be7d844cb0a,"(2793, 1759)","(406, 256)",0.9097016453742981,0.9764841198921204,0.06678247451782227,0.4276908040046692,0.2195478081703186,0.20814299583435059
arabic-NF-1012,scan,digital_1_vs_bonafide,digital_1,bonafide,train/attack/digital_1/scan/arabic-NF-1012.jpg,e95de51e8de1853c90b9faf3f1a4a65786334f840ccf587a66d6d3853bb2fdd0,train/bonafide/scan/arabic-NF-1012.jpg,4575b046622ace78e18bb38847deeba4f01195724d539c322f04c7c262ac55ad,"(1998, 1243)","(411, 256)",0.9264132976531982,0.9803403615951538,0.053927063941955566,0.38545548915863037,0.20191918313503265,0.18353630602359772
arabic-NF-1012,scan,digital_2_vs_bonafide,digital_2,bonafide,train/attack/digital_2/scan/arabic-NF-1012.jpg,501354379147d3e519a9c4a694d084a5040b14b06e56a8eb76f8b0181e25f00f,train/bonafide/scan/arabic-NF-1012.jpg,4575b046622ace78e18bb38847deeba4f01195724d539c322f04c7c262ac55ad,"(1998, 1243)","(411, 256)",0.9760923385620117,0.9948053956031799,0.018713057041168213,0.21871472895145416,0.10257875174283981,0.11613597720861435
arabic-NF-1012,scan,digital_1_vs_digital_2,digital_1,digital_2,train/attack/digital_1/scan/arabic-NF-1012.jpg,e95de51e8de1853c90b9faf3f1a4a65786334f840ccf587a66d6d3853bb2fdd0,train/attack/digital_2/scan/arabic-NF-1012.jpg,501354379147d3e519a9c4a694d084a5040b14b06e56a8eb76f8b0181e25f00f,"(1998, 1243)","(411, 256)",0.9365490078926086,0.9829732179641724,0.04642421007156372,0.35776013135910034,0.18644703924655914,0.1713130921125412
arabic-NF-1030,huawei,digital_1_vs_bonafide,digital_1,bonafide,train/attack/digital_1/huawei/arabic-NF-1030.jpg,fd082e255d958894c13f210b74c7f613360a876211805bf4d9d64c8fd72f918a,train/bonafide/huawei/arabic-NF-1030.jpg,006a0a4bc493229847e14f23fe0f23a1ac1889aa201b8d4ec56cd9a83a4dfdbc,"(3181, 1962)","(415, 256)",0.9491206407546997,0.9853773713111877,0.03625673055648804,0.3190414011478424,0.17121264338493347,0.14782875776290894
arabic-NF-1030,huawei,digital_2_vs_bonafide,digital_2,bonafide,train/attack/digital_2/huawei/arabic-NF-1030.jpg,1f25c2793d6b9098da7261b3e5150f7f110a42adb6420c4133b09f7470ef7395,train/bonafide/huawei/arabic-NF-1030.jpg,006a0a4bc493229847e14f23fe0f23a1ac1889aa201b8d4ec56cd9a83a4dfdbc,"(3181, 1962)","(415, 256)",0.9902780055999756,0.9975370168685913,0.007259011268615723,0.14027954638004303,0.07062581926584244,0.06965372711420059
arabic-NF-1030,huawei,digital_1_vs_digital_2,digital_1,digital_2,train/attack/digital_1/huawei/arabic-NF-1030.jpg,fd082e255d958894c13f210b74c7f613360a876211805bf4d9d64c8fd72f918a,train/attack/digital_2/huawei/arabic-NF-1030.jpg,1f25c2793d6b9098da7261b3e5150f7f110a42adb6420c4133b09f7470ef7395,"(3181, 1962)","(415, 256)",0.9440643191337585,0.9842641949653625,0.040199875831604004,0.3350980579853058,0.1781342327594757,0.15696382522583008
arabic-NF-1030,iphone15pro,digital_1_vs_bonafide,digital_1,bonafide,train/attack/digital_1/iphone15pro/arabic-NF-1030.jpg,eacb50cc67c3a47d1af08565218404628298103289565baf2991817e319b8bdd,train/bonafide/iphone15pro/arabic-NF-1030.jpg,29046ca04bd3065b08bcf8314eb8640adf6697c646dccd1e9fc3197230440c4c,"(2789, 1760)","(405, 256)",0.9462805390357971,0.9848426580429077,0.038562119007110596,0.327778697013855,0.1743449717760086,0.15343372523784637
arabic-NF-1030,iphone15pro,digital_2_vs_bonafide,digital_2,bonafide,train/attack/digital_2/iphone15pro/arabic-NF-1030.jpg,a8ce66941c58dc17d5cf10f75d2e0b9e8efe7a1ade43f81bde46382d97f0fc79,train/bonafide/iphone15pro/arabic-NF-1030.jpg,29046ca04bd3065b08bcf8314eb8640adf6697c646dccd1e9fc3197230440c4c,"(2789, 1760)","(405, 256)",0.9500287175178528,0.9849958419799805,0.034967124462127686,0.3219585418701172,0.17546308040618896,0.14649546146392822
arabic-NF-1030,iphone15pro,digital_1_vs_digital_2,digital_1,digital_2,train/attack/digital_1/iphone15pro/arabic-NF-1030.jpg,eacb50cc67c3a47d1af08565218404628298103289565baf2991817e319b8bdd,train/attack/digital_2/iphone15pro/arabic-NF-1030.jpg,a8ce66941c58dc17d5cf10f75d2e0b9e8efe7a1ade43f81bde46382d97f0fc79,"(2789, 1760)","(405, 256)",0.9431127309799194,0.9833921790122986,0.04027944803237915,0.3427150845527649,0.1859511137008667,0.1567639708518982
arabic-NF-1030,scan,digital_1_vs_bonafide,digital_1,bonafide,train/attack/digital_1/scan/arabic-NF-1030.jpg,ff9f2fe62e2e8691542dd9ca260fe18f8fe51a58f2048d525b6024c5b5215bfb,train/bonafide/scan/arabic-NF-1030.jpg,68563d4417a80d88e3d1f00ae17375191df34a629cde22a8155b7a25813b0696,"(1994, 1247)","(409, 256)",0.96149742603302,0.9898539185523987,0.028356492519378662,0.2775058150291443,0.14245198667049408,0.1350538283586502
arabic-NF-1030,scan,digital_2_vs_bonafide,digital_2,bonafide,train/attack/digital_2/scan/arabic-NF-1030.jpg,ce41d6671004930d1bf882a83be97fc90b571ab99791843bb9d6588e9657f2c5,train/bonafide/scan/arabic-NF-1030.jpg,68563d4417a80d88e3d1f00ae17375191df34a629cde22a8155b7a25813b0696,"(1994, 1247)","(409, 256)",0.9814838767051697,0.9954797029495239,0.013995826244354248,0.19296099245548248,0.0975453332066536,0.09541565924882889
arabic-NF-1030,scan,digital_1_vs_digital_2,digital_1,digital_2,train/attack/digital_1/scan/arabic-NF-1030.jpg,ff9f2fe62e2e8691542dd9ca260fe18f8fe51a58f2048d525b6024c5b5215bfb,train/attack/digital_2/scan/arabic-NF-1030.jpg,ce41d6671004930d1bf882a83be97fc90b571ab99791843bb9d6588e9657f2c5,"(1994, 1247)","(409, 256)",0.9619243144989014,0.989333987236023,0.027409672737121582,0.2764320373535156,0.14756472408771515,0.12886731326580048
arabic-NF-1037,huawei,digital_1_vs_bonafide,digital_1,bonafide,train/attack/digital_1/huawei/arabic-NF-1037.jpg,7186b485b27eeb441afa6109945f1c097076c2d411c85fa64650d72c4a9697ad,train/bonafide/huawei/arabic-NF-1037.jpg,5a818b980c38b1628dc5c0284f06b9d8c686f273ace2e3642c46652c580863a7,"(3033, 1889)","(411, 256)",0.8954907655715942,0.9681674838066101,0.07267671823501587,0.4572885036468506,0.25253885984420776,0.20474964380264282
arabic-NF-1037,huawei,digital_2_vs_bonafide,digital_2,bonafide,train/attack/digital_2/huawei/arabic-NF-1037.jpg,f7aacdf787e243d4f4b4638216550cc18eb66ee36f0450a29c3607022066bc32,train/bonafide/huawei/arabic-NF-1037.jpg,5a818b980c38b1628dc5c0284f06b9d8c686f273ace2e3642c46652c580863a7,"(3033, 1889)","(411, 256)",0.9209461212158203,0.9756444692611694,0.05469834804534912,0.3979918956756592,0.22085939347743988,0.1771325021982193
arabic-NF-1037,huawei,digital_1_vs_digital_2,digital_1,digital_2,train/attack/digital_1/huawei/arabic-NF-1037.jpg,7186b485b27eeb441afa6109945f1c097076c2d411c85fa64650d72c4a9697ad,train/attack/digital_2/huawei/arabic-NF-1037.jpg,f7aacdf787e243d4f4b4638216550cc18eb66ee36f0450a29c3607022066bc32,"(3033, 1889)","(411, 256)",0.9308215975761414,0.9802449941635132,0.049423396587371826,0.3720344603061676,0.1987845003604889,0.1732499599456787
arabic-NF-1037,iphone15pro,digital_1_vs_bonafide,digital_1,bonafide,train/attack/digital_1/iphone15pro/arabic-NF-1037.jpg,2b96474e55aa3a7ec499ec0b0fb8ac0db675f6ea42964e4d212181dcd3600125,train/bonafide/iphone15pro/arabic-NF-1037.jpg,7ac00909cfc496f6feeebc22a2099c9039107b889e315cfa83fe398878f948fe,"(2626, 1604)","(419, 256)",0.8912295699119568,0.9683099389076233,0.0770803689956665,0.46681275963783264,0.2519519329071045,0.21486082673072815
arabic-NF-1037,iphone15pro,digital_2_vs_bonafide,digital_2,bonafide,train/attack/digital_2/iphone15pro/arabic-NF-1037.jpg,0d4dcf2944d6a744bb0a78d00ce50b4254ada40d45ebc2149fe8d9056e3b7e29,train/bonafide/iphone15pro/arabic-NF-1037.jpg,7ac00909cfc496f6feeebc22a2099c9039107b889e315cfa83fe398878f948fe,"(2626, 1604)","(419, 256)",0.9062007665634155,0.972164511680603,0.0659637451171875,0.4383257329463959,0.23862874507904053,0.19969698786735535
arabic-NF-1037,iphone15pro,digital_1_vs_digital_2,digital_1,digital_2,train/attack/digital_1/iphone15pro/arabic-NF-1037.jpg,2b96474e55aa3a7ec499ec0b0fb8ac0db675f6ea42964e4d212181dcd3600125,train/attack/digital_2/iphone15pro/arabic-NF-1037.jpg,0d4dcf2944d6a744bb0a78d00ce50b4254ada40d45ebc2149fe8d9056e3b7e29,"(2626, 1604)","(419, 256)",0.8946230411529541,0.9699259996414185,0.07530295848846436,0.46155989170074463,0.24659159779548645,0.21496829390525818
arabic-NF-1037,scan,digital_1_vs_bonafide,digital_1,bonafide,train/attack/digital_1/scan/arabic-NF-1037.jpg,16ecca4937130d7f08a864d45095264f31bd8808deefdb503433cb831a59584c,train/bonafide/scan/arabic-NF-1037.jpg,25ae759d5155b981230b614e6bb48806af6d9ec1140ebb21ccbac2e0593b470e,"(1998, 1248)","(409, 256)",0.8868037462234497,0.966185450553894,0.07938170433044434,0.4761088192462921,0.2600928246974945,0.2160159945487976
arabic-NF-1037,scan,digital_2_vs_bonafide,digital_2,bonafide,train/attack/digital_2/scan/arabic-NF-1037.jpg,02d6d0714cb69529b13e67a6f445561d9449177c4b6bf364c8191c2a8c82ff26,train/bonafide/scan/arabic-NF-1037.jpg,25ae759d5155b981230b614e6bb48806af6d9ec1140ebb21ccbac2e0593b470e,"(1998, 1248)","(409, 256)",0.9171086549758911,0.975053071975708,0.057944416999816895,0.40996795892715454,0.224747896194458,0.18522006273269653
arabic-NF-1037,scan,digital_1_vs_digital_2,digital_1,digital_2,train/attack/digital_1/scan/arabic-NF-1037.jpg,16ecca4937130d7f08a864d45095264f31bd8808deefdb503433cb831a59584c,train/attack/digital_2/scan/arabic-NF-1037.jpg,02d6d0714cb69529b13e67a6f445561d9449177c4b6bf364c8191c2a8c82ff26,"(1998, 1248)","(409, 256)",0.9144582748413086,0.9754490852355957,0.06099081039428711,0.41476497054100037,0.22253084182739258,0.1922341287136078
arabic-NF-1040,huawei,digital_1_vs_bonafide,digital_1,bonafide,train/attack/digital_1/huawei/arabic-NF-1040.jpg,6cb962b42d3fa09974152b9ac08f5910f67c17142ae41823800f0d359a415e31,train/bonafide/huawei/arabic-NF-1040.jpg,fccbf5c3c31988ed48c902230c028104c67c04ea6eeee7e9df13d2bf93f5875e,"(3192, 1969)","(415, 256)",0.9602789878845215,0.9890164136886597,0.028737425804138184,0.2824545204639435,0.14874176681041718,0.1337127536535263
arabic-NF-1040,huawei,digital_2_vs_bonafide,digital_2,bonafide,train/attack/digital_2/huawei/arabic-NF-1040.jpg,787dbcf796b69ba3401d39008ecaed642450f8bd811094bb8f963c209618e91a,train/bonafide/huawei/arabic-NF-1040.jpg,fccbf5c3c31988ed48c902230c028104c67c04ea6eeee7e9df13d2bf93f5875e,"(3192, 1969)","(415, 256)",0.9526234865188599,0.9908996224403381,0.03827613592147827,0.30789148807525635,0.13525021076202393,0.17264127731323242
arabic-NF-1040,huawei,digital_1_vs_digital_2,digital_1,digital_2,train/attack/digital_1/huawei/arabic-NF-1040.jpg,6cb962b42d3fa09974152b9ac08f5910f67c17142ae41823800f0d359a415e31,train/attack/digital_2/huawei/arabic-NF-1040.jpg,787dbcf796b69ba3401d39008ecaed642450f8bd811094bb8f963c209618e91a,"(3192, 1969)","(415, 256)",0.9339200258255005,0.9840800762176514,0.05016005039215088,0.3637253940105438,0.17979691922664642,0.1839284747838974
arabic-NF-1040,iphone15pro,digital_1_vs_bonafide,digital_1,bonafide,train/attack/digital_1/iphone15pro/arabic-NF-1040.jpg,516c298522f280a924b6f07f1b224e0cdf5729db88ba59abd4e1d66225ca438c,train/bonafide/iphone15pro/arabic-NF-1040.jpg,feaa2822a40189738616f8f91dcb1ae2555ebb9c9dbd57b9f364d92ebc923e8f,"(2790, 1764)","(404, 256)",0.946354866027832,0.9847462773323059,0.03839141130447388,0.32820621132850647,0.17664460837841034,0.15156160295009613
arabic-NF-1040,iphone15pro,digital_2_vs_bonafide,digital_2,bonafide,train/attack/digital_2/iphone15pro/arabic-NF-1040.jpg,9005961ea52c8e8d398f6911864f3d06fd828a7c631dfd952f5378d89ec2d55e,train/bonafide/iphone15pro/arabic-NF-1040.jpg,feaa2822a40189738616f8f91dcb1ae2555ebb9c9dbd57b9f364d92ebc923e8f,"(2790, 1764)","(404, 256)",0.9279385209083557,0.9821959733963013,0.05425745248794556,0.3900868892669678,0.19433088600635529,0.1957560032606125
arabic-NF-1040,iphone15pro,digital_1_vs_digital_2,digital_1,digital_2,train/attack/digital_1/iphone15pro/arabic-NF-1040.jpg,516c298522f280a924b6f07f1b224e0cdf5729db88ba59abd4e1d66225ca438c,train/attack/digital_2/iphone15pro/arabic-NF-1040.jpg,9005961ea52c8e8d398f6911864f3d06fd828a7c631dfd952f5378d89ec2d55e,"(2790, 1764)","(404, 256)",0.9212669134140015,0.9815812706947327,0.0603143572807312,0.41180163621902466,0.2052607536315918,0.20654088258743286
arabic-NF-1040,scan,digital_1_vs_bonafide,digital_1,bonafide,train/attack/digital_1/scan/arabic-NF-1040.jpg,510a485260ce19ee7434368c9a56a25a74307b3880b69ec84ccccf0d87290977,train/bonafide/scan/arabic-NF-1040.jpg,382e4f6701bbf76635db35ac2a830693481f9a0a993bfcb407768929de384964,"(2000, 1247)","(410, 256)",0.9570016860961914,0.9886272549629211,0.031625568866729736,0.2932758331298828,0.15083064138889313,0.14244519174098969
arabic-NF-1040,scan,digital_2_vs_bonafide,digital_2,bonafide,train/attack/digital_2/scan/arabic-NF-1040.jpg,9e98a2c9bd028add1bade2357245ff261b9d4cf3ec063833fd3418944a40c1d9,train/bonafide/scan/arabic-NF-1040.jpg,382e4f6701bbf76635db35ac2a830693481f9a0a993bfcb407768929de384964,"(2000, 1247)","(410, 256)",0.9719622135162354,0.9941130876541138,0.022150874137878418,0.23698972165584564,0.1095595732331276,0.12743014842271805
arabic-NF-1040,scan,digital_1_vs_digital_2,digital_1,digital_2,train/attack/digital_1/scan/arabic-NF-1040.jpg,510a485260ce19ee7434368c9a56a25a74307b3880b69ec84ccccf0d87290977,train/attack/digital_2/scan/arabic-NF-1040.jpg,9e98a2c9bd028add1bade2357245ff261b9d4cf3ec063833fd3418944a40c1d9,"(2000, 1247)","(410, 256)",0.9561742544174194,0.9887457489967346,0.032571494579315186,0.2963505685329437,0.15101459622383118,0.14533597230911255
arabic-NF-1045,huawei,digital_1_vs_bonafide,digital_1,bonafide,train/attack/digital_1/huawei/arabic-NF-1045.jpg,b9f997b2229bbe56a240764e0ac200e028c064967361fad5a67b699e5ebb51ed,train/bonafide/huawei/arabic-NF-1045.jpg,b404cfff62d720f871aeac84b212f9d93160c1aacf24b6df0f8bdc8da5ecaf7d,"(3183, 1977)","(412, 256)",0.8687032461166382,0.9630122184753418,0.09430897235870361,0.5131849646568298,0.2735670506954193,0.23961791396141052
arabic-NF-1045,huawei,digital_2_vs_bonafide,digital_2,bonafide,train/attack/digital_2/huawei/arabic-NF-1045.jpg,e39ef85e6d7be0760854b07e26bc8ef7902b861e63679732f03b3cdc6aff8b2e,train/bonafide/huawei/arabic-NF-1045.jpg,b404cfff62d720f871aeac84b212f9d93160c1aacf24b6df0f8bdc8da5ecaf7d,"(3183, 1977)","(412, 256)",0.8671072125434875,0.9604610204696655,0.09335380792617798,0.5155866742134094,0.2812890410423279,0.23429763317108154
arabic-NF-1045,huawei,digital_1_vs_digital_2,digital_1,digital_2,train/attack/digital_1/huawei/arabic-NF-1045.jpg,b9f997b2229bbe56a240764e0ac200e028c064967361fad5a67b699e5ebb51ed,train/attack/digital_2/huawei/arabic-NF-1045.jpg,e39ef85e6d7be0760854b07e26bc8ef7902b861e63679732f03b3cdc6aff8b2e,"(3183, 1977)","(412, 256)",0.917197585105896,0.9849740266799927,0.06777644157409668,0.4084276854991913,0.1771252453327179,0.2313024401664734
arabic-NF-1045,iphone15pro,digital_1_vs_bonafide,digital_1,bonafide,train/attack/digital_1/iphone15pro/arabic-NF-1045.jpg,b9742f7b0f88e2bcbea440c82dabdfbe6fcc681cabfd6f03faa2885339580ba5,train/bonafide/iphone15pro/arabic-NF-1045.jpg,5bd195ea24ebfd35045609f48c7d0482237db0979e56b9dbb72aabbe0d5157df,"(2766, 1771)","(399, 256)",0.8791426420211792,0.9672062397003174,0.08806359767913818,0.49632811546325684,0.26513972878456116,0.23118838667869568
arabic-NF-1045,iphone15pro,digital_2_vs_bonafide,digital_2,bonafide,train/attack/digital_2/iphone15pro/arabic-NF-1045.jpg,aa854761e97b894bcdc86a3345ea24b225abca5989f446c820696a228f9a0b37,train/bonafide/iphone15pro/arabic-NF-1045.jpg,5bd195ea24ebfd35045609f48c7d0482237db0979e56b9dbb72aabbe0d5157df,"(2766, 1771)","(399, 256)",0.8789636492729187,0.9676047563552856,0.08864110708236694,0.4936794936656952,0.25599589943885803,0.23768359422683716
arabic-NF-1045,iphone15pro,digital_1_vs_digital_2,digital_1,digital_2,train/attack/digital_1/iphone15pro/arabic-NF-1045.jpg,b9742f7b0f88e2bcbea440c82dabdfbe6fcc681cabfd6f03faa2885339580ba5,train/attack/digital_2/iphone15pro/arabic-NF-1045.jpg,aa854761e97b894bcdc86a3345ea24b225abca5989f446c820696a228f9a0b37,"(2766, 1771)","(399, 256)",0.925688624382019,0.9796320199966431,0.05394339561462402,0.3865172266960144,0.20605900883674622,0.1804582178592682
arabic-NF-1045,scan,digital_1_vs_bonafide,digital_1,bonafide,train/attack/digital_1/scan/arabic-NF-1045.jpg,440b1628191d67c5cea9c7e2a75404a74dab6814f872b15c3d468a3eac27f22a,train/bonafide/scan/arabic-NF-1045.jpg,dba4f924f4d20b7bdc8fbb0f9ad93e1a3b335902b1c503c0ebee6dc0073a34bb,"(1998, 1255)","(407, 256)",0.8791216611862183,0.9687773585319519,0.08965569734573364,0.49494999647140503,0.2574084997177124,0.23754149675369263
arabic-NF-1045,scan,digital_2_vs_bonafide,digital_2,bonafide,train/attack/digital_2/scan/arabic-NF-1045.jpg,fb2eec0d61cf68e43cef64c2f546b11fea887f4f99ae06a8c84727ebd05fe31b,train/bonafide/scan/arabic-NF-1045.jpg,dba4f924f4d20b7bdc8fbb0f9ad93e1a3b335902b1c503c0ebee6dc0073a34bb,"(1998, 1255)","(407, 256)",0.8878670334815979,0.9709089994430542,0.0830419659614563,0.4790007472038269,0.24979497492313385,0.22920577228069305
arabic-NF-1045,scan,digital_1_vs_digital_2,digital_1,digital_2,train/attack/digital_1/scan/arabic-NF-1045.jpg,440b1628191d67c5cea9c7e2a75404a74dab6814f872b15c3d468a3eac27f22a,train/attack/digital_2/scan/arabic-NF-1045.jpg,fb2eec0d61cf68e43cef64c2f546b11fea887f4f99ae06a8c84727ebd05fe31b,"(1998, 1255)","(407, 256)",0.9584474563598633,0.9915759563446045,0.03312849998474121,0.28868862986564636,0.12983734905719757,0.1588512808084488
arabic-NF-1049,huawei,digital_1_vs_bonafide,digital_1,bonafide,train/attack/digital_1/huawei/arabic-NF-1049.jpg,594a4a4c716a24c7332a9f06ab1b434f0eb8e3a41df7329434a4173967f5a808,train/bonafide/huawei/arabic-NF-1049.jpg,cd92749e1d741df86286207d511fe6ed2e28d0ee6eb2b4f72c2af62602e2c24d,"(3184, 1964)","(415, 256)",0.902025580406189,0.9738630652427673,0.07183748483657837,0.4443359076976776,0.2299799919128418,0.21435591578483582
arabic-NF-1049,huawei,digital_2_vs_bonafide,digital_2,bonafide,train/attack/digital_2/huawei/arabic-NF-1049.jpg,66d0223b8b355ac9a161187e0827c7bd5e71bf01519104e5e7753d23e2d6180f,train/bonafide/huawei/arabic-NF-1049.jpg,cd92749e1d741df86286207d511fe6ed2e28d0ee6eb2b4f72c2af62602e2c24d,"(3184, 1964)","(415, 256)",0.9582908749580383,0.988142728805542,0.029851853847503662,0.2915761470794678,0.15645429491996765,0.13512185215950012
arabic-NF-1049,huawei,digital_1_vs_digital_2,digital_1,digital_2,train/attack/digital_1/huawei/arabic-NF-1049.jpg,594a4a4c716a24c7332a9f06ab1b434f0eb8e3a41df7329434a4173967f5a808,train/attack/digital_2/huawei/arabic-NF-1049.jpg,66d0223b8b355ac9a161187e0827c7bd5e71bf01519104e5e7753d23e2d6180f,"(3184, 1964)","(415, 256)",0.8529942035675049,0.9533607959747314,0.10036659240722656,0.5476545691490173,0.3098248541355133,0.23782971501350403
arabic-NF-1049,iphone15pro,digital_1_vs_bonafide,digital_1,bonafide,train/attack/digital_1/iphone15pro/arabic-NF-1049.jpg,841de70112197bd622365a0c29a9bbc5f1a91313b9d46d95ff0399c852a04d5b,train/bonafide/iphone15pro/arabic-NF-1049.jpg,b01bad7a90aae8c5ea5afbfcfeacef94dc34363f34ffd462db6569ea405e2d4a,"(2790, 1769)","(403, 256)",0.9066720008850098,0.9717671871185303,0.06509518623352051,0.4341103136539459,0.24145719408988953,0.1926531195640564
arabic-NF-1049,iphone15pro,digital_2_vs_bonafide,digital_2,bonafide,train/attack/digital_2/iphone15pro/arabic-NF-1049.jpg,913c9714a06e261bcc784341d5ff8247f6389fbba0b50c18f95979e4d15c23ef,train/bonafide/iphone15pro/arabic-NF-1049.jpg,b01bad7a90aae8c5ea5afbfcfeacef94dc34363f34ffd462db6569ea405e2d4a,"(2790, 1769)","(403, 256)",0.9496644735336304,0.9875036478042603,0.03783917427062988,0.317608118057251,0.15809248387813568,0.1595156341791153
arabic-NF-1049,iphone15pro,digital_1_vs_digital_2,digital_1,digital_2,train/attack/digital_1/iphone15pro/arabic-NF-1049.jpg,841de70112197bd622365a0c29a9bbc5f1a91313b9d46d95ff0399c852a04d5b,train/attack/digital_2/iphone15pro/arabic-NF-1049.jpg,913c9714a06e261bcc784341d5ff8247f6389fbba0b50c18f95979e4d15c23ef,"(2790, 1769)","(403, 256)",0.8869358897209167,0.967069685459137,0.08013379573822021,0.4788389205932617,0.2603001296520233,0.2185387909412384
arabic-NF-1049,scan,digital_1_vs_bonafide,digital_1,bonafide,train/attack/digital_1/scan/arabic-NF-1049.jpg,88c422048a113b03cd3adc6aa3189901ba250f77ea7be348d71eb145c2f6930d,train/bonafide/scan/arabic-NF-1049.jpg,ddb6d00c7a3878efb44d5bf6130f9c0b227d6ab6d16fb58f9837ab9ea0232182,"(1999, 1245)","(411, 256)",0.931006908416748,0.9783034920692444,0.04729658365249634,0.371490478515625,0.2083451747894287,0.1631453037261963
arabic-NF-1049,scan,digital_2_vs_bonafide,digital_2,bonafide,train/attack/digital_2/scan/arabic-NF-1049.jpg,117b3ad111a3b01c4cb1ae09f50a43711e11a6d01f01282061e9069bb95f760a,train/bonafide/scan/arabic-NF-1049.jpg,ddb6d00c7a3878efb44d5bf6130f9c0b227d6ab6d16fb58f9837ab9ea0232182,"(1999, 1245)","(411, 256)",0.9575541615486145,0.9906707406044006,0.03311657905578613,0.29245543479919434,0.1373804360628128,0.15507499873638153
arabic-NF-1049,scan,digital_1_vs_digital_2,digital_1,digital_2,train/attack/digital_1/scan/arabic-NF-1049.jpg,88c422048a113b03cd3adc6aa3189901ba250f77ea7be348d71eb145c2f6930d,train/attack/digital_2/scan/arabic-NF-1049.jpg,117b3ad111a3b01c4cb1ae09f50a43711e11a6d01f01282061e9069bb95f760a,"(1999, 1245)","(411, 256)",0.9034234881401062,0.9700158834457397,0.06659239530563354,0.4399735927581787,0.24557578563690186,0.19439780712127686
arabic-NF-1053,huawei,digital_1_vs_bonafide,digital_1,bonafide,train/attack/digital_1/huawei/arabic-NF-1053.jpg,c3cbb368b1855cdbd5da0627b59743f337144af192c431eca49a094c9d53c82f,train/bonafide/huawei/arabic-NF-1053.jpg,5b09c373e00e322ac7e3c0f883b8fd98b6dae3bd29622bbd3ebbb421ba99cb7e,"(3187, 1964)","(415, 256)",0.9551136493682861,0.9896665215492249,0.03455287218093872,0.3000381886959076,0.1440454125404358,0.1559927761554718
arabic-NF-1053,huawei,digital_2_vs_bonafide,digital_2,bonafide,train/attack/digital_2/huawei/arabic-NF-1053.jpg,2b387c48ff2722185b34887930763b09806a48467a6eed26987d10f968cbb976,train/bonafide/huawei/arabic-NF-1053.jpg,5b09c373e00e322ac7e3c0f883b8fd98b6dae3bd29622bbd3ebbb421ba99cb7e,"(3187, 1964)","(415, 256)",0.977997899055481,0.993569016456604,0.015571117401123047,0.21049082279205322,0.11523431539535522,0.095256507396698
arabic-NF-1053,huawei,digital_1_vs_digital_2,digital_1,digital_2,train/attack/digital_1/huawei/arabic-NF-1053.jpg,c3cbb368b1855cdbd5da0627b59743f337144af192c431eca49a094c9d53c82f,train/attack/digital_2/huawei/arabic-NF-1053.jpg,2b387c48ff2722185b34887930763b09806a48467a6eed26987d10f968cbb976,"(3187, 1964)","(415, 256)",0.943000316619873,0.9860873222351074,0.043087005615234375,0.339247465133667,0.1693876087665558,0.1698598563671112
arabic-NF-1053,iphone15pro,digital_1_vs_bonafide,digital_1,bonafide,train/attack/digital_1/iphone15pro/arabic-NF-1053.jpg,dd62eaed3c9abd78be250ffcb6bdf498eea801ceae5495c6dca2831aba1ab6e1,train/bonafide/iphone15pro/arabic-NF-1053.jpg,aff3753634be7d5fa7d09e3417319530c9c7d45fcafd972f42976ea7923474a3,"(2772, 1766)","(401, 256)",0.9628673791885376,0.99086594581604,0.02799856662750244,0.27415600419044495,0.1363493651151657,0.13780663907527924
arabic-NF-1053,iphone15pro,digital_2_vs_bonafide,digital_2,bonafide,train/attack/digital_2/iphone15pro/arabic-NF-1053.jpg,6373756f62a237d13c7ee8c61eaa0947b6fb3f7e7df7eeb25a1e7ef774c60076,train/bonafide/iphone15pro/arabic-NF-1053.jpg,aff3753634be7d5fa7d09e3417319530c9c7d45fcafd972f42976ea7923474a3,"(2772, 1766)","(401, 256)",0.9693067669868469,0.9917891621589661,0.02248239517211914,0.2481192797422409,0.12825575470924377,0.11986352503299713
arabic-NF-1053,iphone15pro,digital_1_vs_digital_2,digital_1,digital_2,train/attack/digital_1/iphone15pro/arabic-NF-1053.jpg,dd62eaed3c9abd78be250ffcb6bdf498eea801ceae5495c6dca2831aba1ab6e1,train/attack/digital_2/iphone15pro/arabic-NF-1053.jpg,6373756f62a237d13c7ee8c61eaa0947b6fb3f7e7df7eeb25a1e7ef774c60076,"(2772, 1766)","(401, 256)",0.9629389047622681,0.9918378591537476,0.028898954391479492,0.27276360988616943,0.12839631736278534,0.1443672925233841
arabic-NF-1053,scan,digital_1_vs_bonafide,digital_1,bonafide,train/attack/digital_1/scan/arabic-NF-1053.jpg,f5c67831e2d6944979ab9f682821a1bdd42d04f772fee9fe93c342aa5047c075,train/bonafide/scan/arabic-NF-1053.jpg,c6a74c343ad6a9cd4b2835546733e4ba691f1096c1acae19166d03568bc5d385,"(1998, 1243)","(411, 256)",0.9601795077323914,0.9911997318267822,0.03102022409439087,0.28239017724990845,0.13320356607437134,0.1491866111755371
arabic-NF-1053,scan,digital_2_vs_bonafide,digital_2,bonafide,train/attack/digital_2/scan/arabic-NF-1053.jpg,918c83cdf88bd71eb835d4fab21921cf34a59b5f277ae3ab7f4462a1a483e428,train/bonafide/scan/arabic-NF-1053.jpg,c6a74c343ad6a9cd4b2835546733e4ba691f1096c1acae19166d03568bc5d385,"(1998, 1243)","(411, 256)",0.9670051336288452,0.9912569522857666,0.024251818656921387,0.25738397240638733,0.1339009404182434,0.12348303198814392
arabic-NF-1053,scan,digital_1_vs_digital_2,digital_1,digital_2,train/attack/digital_1/scan/arabic-NF-1053.jpg,f5c67831e2d6944979ab9f682821a1bdd42d04f772fee9fe93c342aa5047c075,train/attack/digital_2/scan/arabic-NF-1053.jpg,918c83cdf88bd71eb835d4fab21921cf34a59b5f277ae3ab7f4462a1a483e428,"(1998, 1243)","(411, 256)",0.9393085241317749,0.985155463218689,0.04584693908691406,0.34937095642089844,0.17542611062526703,0.1739448457956314
arabic-NF-1100,huawei,digital_1_vs_bonafide,digital_1,bonafide,train/attack/digital_1/huawei/arabic-NF-1100.jpg,25a408efb438af289ca46753f14f616b948f06135d911aa45ce5a8794b01a1e3,train/bonafide/huawei/arabic-NF-1100.jpg,72276cc57be46932c8d6fc62a71a90369722c3e0b20d8c31ad7ef133fb6068d0,"(3192, 1972)","(414, 256)",0.9013286828994751,0.9688076972961426,0.06747901439666748,0.4515562057495117,0.26188403367996216,0.18967217206954956
arabic-NF-1100,huawei,digital_2_vs_bonafide,digital_2,bonafide,train/attack/digital_2/huawei/arabic-NF-1100.jpg,647da859af0d663195716d332f1cbfc761ffb11a8e349f992f4b86c60f1d43ea,train/bonafide/huawei/arabic-NF-1100.jpg,72276cc57be46932c8d6fc62a71a90369722c3e0b20d8c31ad7ef133fb6068d0,"(3192, 1972)","(414, 256)",0.8927018046379089,0.9701207876205444,0.0774189829826355,0.46802258491516113,0.24936167895793915,0.21866090595722198
arabic-NF-1100,huawei,digital_1_vs_digital_2,digital_1,digital_2,train/attack/digital_1/huawei/arabic-NF-1100.jpg,25a408efb438af289ca46753f14f616b948f06135d911aa45ce5a8794b01a1e3,train/attack/digital_2/huawei/arabic-NF-1100.jpg,647da859af0d663195716d332f1cbfc761ffb11a8e349f992f4b86c60f1d43ea,"(3192, 1972)","(414, 256)",0.8824078440666199,0.9694634675979614,0.08705562353134155,0.4851628243923187,0.2488906979560852,0.23627212643623352
arabic-NF-1100,iphone15pro,digital_1_vs_bonafide,digital_1,bonafide,train/attack/digital_1/iphone15pro/arabic-NF-1100.jpg,15e6efc827a8625803ceee68e300ec3f900fe79cb9333aed3c43f06d344142c8,train/bonafide/iphone15pro/arabic-NF-1100.jpg,bf68eea664105635ce7d5263babf33cc2d07ea9f0f8e8bb87550d4d61465ce3d,"(2771, 1760)","(403, 256)",0.8992887735366821,0.9694702625274658,0.07018148899078369,0.4488316774368286,0.2477620542049408,0.20106962323188782
arabic-NF-1100,iphone15pro,digital_2_vs_bonafide,digital_2,bonafide,train/attack/digital_2/iphone15pro/arabic-NF-1100.jpg,7f12eb047e2145b36840a7913bd0fbd1306884f4703030d7359ac18406f620ad,train/bonafide/iphone15pro/arabic-NF-1100.jpg,bf68eea664105635ce7d5263babf33cc2d07ea9f0f8e8bb87550d4d61465ce3d,"(2771, 1760)","(403, 256)",0.8898398280143738,0.9660921096801758,0.076252281665802,0.47090765833854675,0.26136115193367004,0.2095465064048767
arabic-NF-1100,iphone15pro,digital_1_vs_digital_2,digital_1,digital_2,train/attack/digital_1/iphone15pro/arabic-NF-1100.jpg,15e6efc827a8625803ceee68e300ec3f900fe79cb9333aed3c43f06d344142c8,train/attack/digital_2/iphone15pro/arabic-NF-1100.jpg,7f12eb047e2145b36840a7913bd0fbd1306884f4703030d7359ac18406f620ad,"(2771, 1760)","(403, 256)",0.9154857993125916,0.9780770540237427,0.06259125471115112,0.41341331601142883,0.21325673162937164,0.2001565843820572
arabic-NF-1100,scan,digital_1_vs_bonafide,digital_1,bonafide,train/attack/digital_1/scan/arabic-NF-1100.jpg,e47edecf7c153752b33c4868aab561c24d87cb2b137d85ad7024383f13a1c4f9,train/bonafide/scan/arabic-NF-1100.jpg,0fcd16c02228f1ac83ba1bd759b5ccf5099edc31d3f55ca23bf5db34d7cf8771,"(1998, 1250)","(409, 256)",0.8863786458969116,0.9665088653564453,0.08013021945953369,0.48229625821113586,0.2650163769721985,0.21727988123893738
arabic-NF-1100,scan,digital_2_vs_bonafide,digital_2,bonafide,train/attack/digital_2/scan/arabic-NF-1100.jpg,f9379fb15459558c64d36b8b774ecc3523cbf01c5ec864ff5a2a3478813a8833,train/bonafide/scan/arabic-NF-1100.jpg,0fcd16c02228f1ac83ba1bd759b5ccf5099edc31d3f55ca23bf5db34d7cf8771,"(1998, 1250)","(409, 256)",0.9216289520263672,0.9788784384727478,0.057249486446380615,0.39605608582496643,0.20591525733470917,0.19014082849025726
arabic-NF-1100,scan,digital_1_vs_digital_2,digital_1,digital_2,train/attack/digital_1/scan/arabic-NF-1100.jpg,e47edecf7c153752b33c4868aab561c24d87cb2b137d85ad7024383f13a1c4f9,train/attack/digital_2/scan/arabic-NF-1100.jpg,f9379fb15459558c64d36b8b774ecc3523cbf01c5ec864ff5a2a3478813a8833,"(1998, 1250)","(409, 256)",0.8969767093658447,0.9713774919509888,0.07440078258514404,0.45822930335998535,0.24337248504161835,0.214856818318367
arabic-NM-1029,huawei,digital_1_vs_bonafide,digital_1,bonafide,train/attack/digital_1/huawei/arabic-NM-1029.jpg,4016eae2029d4d18d949a0955b3d139075212a131ec6fc2b6a7f0b0b0eb04d85,train/bonafide/huawei/arabic-NM-1029.jpg,b0423a3f7be7cb17f413a405af7f909f05faf38e2bff3ddba1eb62e8ed76a659,"(3197, 1977)","(413, 256)",0.854561448097229,0.9589680433273315,0.10440659523010254,0.5696657299995422,0.3183640241622925,0.25130170583724976
arabic-NM-1029,huawei,digital_2_vs_bonafide,digital_2,bonafide,train/attack/digital_2/huawei/arabic-NM-1029.jpg,723a5eee61ac1348b0d29ae08c178c13c8d5e804643a2c522c95a2990ce59a5a,train/bonafide/huawei/arabic-NM-1029.jpg,b0423a3f7be7cb17f413a405af7f909f05faf38e2bff3ddba1eb62e8ed76a659,"(3197, 1977)","(413, 256)",0.9865050315856934,0.9962717294692993,0.009766697883605957,0.1643671840429306,0.08674575388431549,0.07762143015861511
arabic-NM-1029,huawei,digital_1_vs_digital_2,digital_1,digital_2,train/attack/digital_1/huawei/arabic-NM-1029.jpg,4016eae2029d4d18d949a0955b3d139075212a131ec6fc2b6a7f0b0b0eb04d85,train/attack/digital_2/huawei/arabic-NM-1029.jpg,723a5eee61ac1348b0d29ae08c178c13c8d5e804643a2c522c95a2990ce59a5a,"(3197, 1977)","(413, 256)",0.8672425746917725,0.9627445936203003,0.09550201892852783,0.545510470867157,0.3027089238166809,0.24280154705047607
arabic-NM-1029,iphone15pro,digital_1_vs_bonafide,digital_1,bonafide,train/attack/digital_1/iphone15pro/arabic-NM-1029.jpg,601afd9837d2afe306c5168b3576e95a95452aacb30d9040c77978d6cc055a00,train/bonafide/iphone15pro/arabic-NM-1029.jpg,7cd74ba09c08d80da1a12b3694a9810eb9606073e0aa33dac018f0103f7258d6,"(2789, 1763)","(404, 256)",0.8753095865249634,0.9669369459152222,0.09162735939025879,0.5177913308143616,0.27824684977531433,0.23954448103904724
arabic-NM-1029,iphone15pro,digital_2_vs_bonafide,digital_2,bonafide,train/attack/digital_2/iphone15pro/arabic-NM-1029.jpg,4f1ea60a7389b02b37d7a2f306d4e7a98859a807ddce12c5c45520a41e6ff627,train/bonafide/iphone15pro/arabic-NM-1029.jpg,7cd74ba09c08d80da1a12b3694a9810eb9606073e0aa33dac018f0103f7258d6,"(2789, 1763)","(404, 256)",0.9564809203147888,0.9888187646865845,0.032337844371795654,0.2964205741882324,0.15220732986927032,0.1442132443189621
arabic-NM-1029,iphone15pro,digital_1_vs_digital_2,digital_1,digital_2,train/attack/digital_1/iphone15pro/arabic-NM-1029.jpg,601afd9837d2afe306c5168b3576e95a95452aacb30d9040c77978d6cc055a00,train/attack/digital_2/iphone15pro/arabic-NM-1029.jpg,4f1ea60a7389b02b37d7a2f306d4e7a98859a807ddce12c5c45520a41e6ff627,"(2789, 1763)","(404, 256)",0.9084125757217407,0.9772502779960632,0.06883770227432251,0.44183868169784546,0.22723564505577087,0.21460303664207458
arabic-NM-1029,scan,digital_1_vs_bonafide,digital_1,bonafide,train/attack/digital_1/scan/arabic-NM-1029.jpg,553d1e0ec6faf78d024a6499908d3e43b20c0ed87c1006357e1e63fe9a546549,train/bonafide/scan/arabic-NM-1029.jpg,09e19057a23e1593e0a819b5a40d39661ade6744a357eb98fadb26ed4bfc29a8,"(1998, 1250)","(409, 256)",0.908656120300293,0.9805251359939575,0.07186901569366455,0.43820029497146606,0.21226871013641357,0.2259315848350525
arabic-NM-1029,scan,digital_2_vs_bonafide,digital_2,bonafide,train/attack/digital_2/scan/arabic-NM-1029.jpg,08bb8c68af9ba101964368cdb96617d6ef7a36d54c9d7d5a31041b679eb4a067,train/bonafide/scan/arabic-NM-1029.jpg,09e19057a23e1593e0a819b5a40d39661ade6744a357eb98fadb26ed4bfc29a8,"(1998, 1250)","(409, 256)",0.9655274152755737,0.9919018745422363,0.026374459266662598,0.26491066813468933,0.13205958902835846,0.13285107910633087
arabic-NM-1029,scan,digital_1_vs_digital_2,digital_1,digital_2,train/attack/digital_1/scan/arabic-NM-1029.jpg,553d1e0ec6faf78d024a6499908d3e43b20c0ed87c1006357e1e63fe9a546549,train/attack/digital_2/scan/arabic-NM-1029.jpg,08bb8c68af9ba101964368cdb96617d6ef7a36d54c9d7d5a31041b679eb4a067,"(1998, 1250)","(409, 256)",0.9370766878128052,0.9859554171562195,0.04887872934341431,0.3602156639099121,0.17304658889770508,0.18716907501220703
arabic-NM-1064,huawei,digital_1_vs_bonafide,digital_1,bonafide,train/attack/digital_1/huawei/arabic-NM-1064.jpg,de2b490e228546c991bb9ab5a4244f2405a935649dd289a5c2e1b3a655024921,train/bonafide/huawei/arabic-NM-1064.jpg,4242f7f0b9e3896ac1208aa3d24aa8ed1384abfa983caf008551b58705c65004,"(3193, 1976)","(413, 256)",0.8493263721466064,0.9561877250671387,0.10686135292053223,0.5552331209182739,0.30162620544433594,0.253606915473938
arabic-NM-1064,huawei,digital_2_vs_bonafide,digital_2,bonafide,train/attack/digital_2/huawei/arabic-NM-1064.jpg,eea15ca10d6533452131f0d0c8b365f762467998f8f9b5180dda7260321f7336,train/bonafide/huawei/arabic-NM-1064.jpg,4242f7f0b9e3896ac1208aa3d24aa8ed1384abfa983caf008551b58705c65004,"(3193, 1976)","(413, 256)",0.8637681007385254,0.9600048661231995,0.09623676538467407,0.5361847281455994,0.296853631734848,0.23933109641075134
arabic-NM-1064,huawei,digital_1_vs_digital_2,digital_1,digital_2,train/attack/digital_1/huawei/arabic-NM-1064.jpg,de2b490e228546c991bb9ab5a4244f2405a935649dd289a5c2e1b3a655024921,train/attack/digital_2/huawei/arabic-NM-1064.jpg,eea15ca10d6533452131f0d0c8b365f762467998f8f9b5180dda7260321f7336,"(3193, 1976)","(413, 256)",0.9420669078826904,0.9863649606704712,0.04429805278778076,0.34272274374961853,0.16829834878444672,0.17442439496517181
arabic-NM-1064,iphone15pro,digital_1_vs_bonafide,digital_1,bonafide,train/attack/digital_1/iphone15pro/arabic-NM-1064.jpg,7534ab5dc655c61c9130f970c54a89aee19b3343a2a78a695df137932655a333,train/bonafide/iphone15pro/arabic-NM-1064.jpg,a66fdac083cb9efb39ec20fd2ab96858caf3df463845e912b56465972694ed73,"(2794, 1774)","(403, 256)",0.8590139746665955,0.9576584696769714,0.09864449501037598,0.5340473651885986,0.2951337695121765,0.23891359567642212
arabic-NM-1064,iphone15pro,digital_2_vs_bonafide,digital_2,bonafide,train/attack/digital_2/iphone15pro/arabic-NM-1064.jpg,f1ba060dd110caa5b66235e181adf5a09832cb68cf2eda3566ab967128c402b8,train/bonafide/iphone15pro/arabic-NM-1064.jpg,a66fdac083cb9efb39ec20fd2ab96858caf3df463845e912b56465972694ed73,"(2794, 1774)","(403, 256)",0.8873448371887207,0.9639047384262085,0.07655990123748779,0.477474182844162,0.2704508602619171,0.20702332258224487
arabic-NM-1064,iphone15pro,digital_1_vs_digital_2,digital_1,digital_2,train/attack/digital_1/iphone15pro/arabic-NM-1064.jpg,7534ab5dc655c61c9130f970c54a89aee19b3343a2a78a695df137932655a333,train/attack/digital_2/iphone15pro/arabic-NM-1064.jpg,f1ba060dd110caa5b66235e181adf5a09832cb68cf2eda3566ab967128c402b8,"(2794, 1774)","(403, 256)",0.9165163636207581,0.9794824123382568,0.06296604871749878,0.4086557626724243,0.20341403782367706,0.20524172484874725
arabic-NM-1064,scan,digital_1_vs_bonafide,digital_1,bonafide,train/attack/digital_1/scan/arabic-NM-1064.jpg,f4d88b0aa8941f050d49b1ec8da75de7d5cf03e82921c87caee7914222f58c57,train/bonafide/scan/arabic-NM-1064.jpg,07437c3c972a79662529eac4d75175cf5a5f6c96b3682aadd938acde1a906733,"(2003, 1246)","(411, 256)",0.8872177600860596,0.9723302721977234,0.08511251211166382,0.4805295169353485,0.24317596852779388,0.23735354840755463
arabic-NM-1064,scan,digital_2_vs_bonafide,digital_2,bonafide,train/attack/digital_2/scan/arabic-NM-1064.jpg,3b29985cc0134e5feaf15a0ca88a6e30f09578a01eb8af36f71ec4b0d245665f,train/bonafide/scan/arabic-NM-1064.jpg,07437c3c972a79662529eac4d75175cf5a5f6c96b3682aadd938acde1a906733,"(2003, 1246)","(411, 256)",0.9094891548156738,0.9788613319396973,0.06937217712402344,0.4310028851032257,0.21286416053771973,0.21813872456550598
arabic-NM-1064,scan,digital_1_vs_digital_2,digital_1,digital_2,train/attack/digital_1/scan/arabic-NM-1064.jpg,f4d88b0aa8941f050d49b1ec8da75de7d5cf03e82921c87caee7914222f58c57,train/attack/digital_2/scan/arabic-NM-1064.jpg,3b29985cc0134e5feaf15a0ca88a6e30f09578a01eb8af36f71ec4b0d245665f,"(2003, 1246)","(411, 256)",0.9599789977073669,0.9911928772926331,0.031213879585266113,0.28295665979385376,0.13288529217243195,0.15007136762142181
chinese-018_03,huawei,digital_1_vs_bonafide,digital_1,bonafide,train/attack/digital_1/huawei/chinese-018_03.jpg,4102fba8451600bf3013c8f8be6490d9e9ab8fb859f43be2ec6e6e28f5c48011,train/bonafide/huawei/chinese-018_03.jpg,58850216f6a11460bb05abfa4a05f6d7c8e0083f9d54f615ce180808a46f0a90,"(3189, 1971)","(414, 256)",0.9815434813499451,0.9962796568870544,0.014736175537109375,0.19216036796569824,0.08630454540252686,0.10585582256317139
chinese-018_03,huawei,digital_2_vs_bonafide,digital_2,bonafide,train/attack/digital_2/huawei/chinese-018_03.jpg,e36ef61914f3dc3c656075f56f7e77c981377b26262beae18eb909cfadbe0e52,train/bonafide/huawei/chinese-018_03.jpg,58850216f6a11460bb05abfa4a05f6d7c8e0083f9d54f615ce180808a46f0a90,"(3189, 1971)","(414, 256)",0.9853672981262207,0.9972537755966187,0.01188647747039795,0.17183047533035278,0.07711479067802429,0.09471568465232849
chinese-018_03,huawei,digital_1_vs_digital_2,digital_1,digital_2,train/attack/digital_1/huawei/chinese-018_03.jpg,4102fba8451600bf3013c8f8be6490d9e9ab8fb859f43be2ec6e6e28f5c48011,train/attack/digital_2/huawei/chinese-018_03.jpg,e36ef61914f3dc3c656075f56f7e77c981377b26262beae18eb909cfadbe0e52,"(3189, 1971)","(414, 256)",0.9831875562667847,0.9967207312583923,0.013533174991607666,0.18442045152187347,0.08450885862112045,0.09991159290075302
chinese-018_03,iphone15pro,digital_1_vs_bonafide,digital_1,bonafide,train/attack/digital_1/iphone15pro/chinese-018_03.jpg,e465633027bc06a3d22563f11ca1141fa8451e3b4fd547315e91423d9e0dc756,train/bonafide/iphone15pro/chinese-018_03.jpg,5ccbac87a8f9ec6f864123287ba74d9d024c32f12333548f750ba70343128566,"(2780, 1775)","(400, 256)",0.9770892858505249,0.9955732822418213,0.018483996391296387,0.21494309604167938,0.09551315754652023,0.11942993849515915
chinese-018_03,iphone15pro,digital_2_vs_bonafide,digital_2,bonafide,train/attack/digital_2/iphone15pro/chinese-018_03.jpg,087dd29c5bb1a95fe9f0bf4e3d9fa51bf01f8622f5c17603333553284644b01c,train/bonafide/iphone15pro/chinese-018_03.jpg,5ccbac87a8f9ec6f864123287ba74d9d024c32f12333548f750ba70343128566,"(2780, 1775)","(400, 256)",0.9864785671234131,0.9978707432746887,0.011392176151275635,0.16504789888858795,0.06673242896795273,0.09831546992063522
chinese-018_03,iphone15pro,digital_1_vs_digital_2,digital_1,digital_2,train/attack/digital_1/iphone15pro/chinese-018_03.jpg,e465633027bc06a3d22563f11ca1141fa8451e3b4fd547315e91423d9e0dc756,train/attack/digital_2/iphone15pro/chinese-018_03.jpg,087dd29c5bb1a95fe9f0bf4e3d9fa51bf01f8622f5c17603333553284644b01c,"(2780, 1775)","(400, 256)",0.9873065948486328,0.9977514743804932,0.010444879531860352,0.159425288438797,0.06710344552993774,0.09232184290885925
chinese-018_03,scan,digital_1_vs_bonafide,digital_1,bonafide,train/attack/digital_1/scan/chinese-018_03.jpg,130bb9172d72179ee994d81c1d2c336cdf67921f5d5830d9f40424c5d75f528c,train/bonafide/scan/chinese-018_03.jpg,97caf4016b83da1998be0901f3204c3f712117ebc0193b28fe4ea27234870f73,"(1996, 1247)","(409, 256)",0.9862498641014099,0.9971117973327637,0.01086193323135376,0.1659856140613556,0.07603858411312103,0.08994702994823456
chinese-018_03,scan,digital_2_vs_bonafide,digital_2,bonafide,train/attack/digital_2/scan/chinese-018_03.jpg,c7a544a7de57c2a7d7d6423317bb537ead504551cd2754002fbfc1738f4d214a,train/bonafide/scan/chinese-018_03.jpg,97caf4016b83da1998be0901f3204c3f712117ebc0193b28fe4ea27234870f73,"(1996, 1247)","(409, 256)",0.9876565337181091,0.997933566570282,0.010277032852172852,0.15735366940498352,0.06500408798456192,0.0923495814204216
chinese-018_03,scan,digital_1_vs_digital_2,digital_1,digital_2,train/attack/digital_1/scan/chinese-018_03.jpg,130bb9172d72179ee994d81c1d2c336cdf67921f5d5830d9f40424c5d75f528c,train/attack/digital_2/scan/chinese-018_03.jpg,c7a544a7de57c2a7d7d6423317bb537ead504551cd2754002fbfc1738f4d214a,"(1996, 1247)","(409, 256)",0.9874688982963562,0.9979250431060791,0.0104561448097229,0.15908744931221008,0.06552012264728546,0.09356732666492462
chinese-020_03,huawei,digital_1_vs_bonafide,digital_1,bonafide,train/attack/digital_1/huawei/chinese-020_03.jpg,380ee8ddbfc5ca16c7b851b6aa0d0a03126b083c162a259036ff4676c358be49,train/bonafide/huawei/chinese-020_03.jpg,702a600a255558cee810d781a2a95c6be884b83488bc58efaed6e71b07c17198,"(3188, 1968)","(414, 256)",0.9841827154159546,0.99756920337677,0.01338648796081543,0.17819355428218842,0.07047142088413239,0.10772213339805603
chinese-020_03,huawei,digital_2_vs_bonafide,digital_2,bonafide,train/attack/digital_2/huawei/chinese-020_03.jpg,3f22bc5df24e8e63e25b1808552c1bb78703ec730afa99a17b028c72c9429398,train/bonafide/huawei/chinese-020_03.jpg,702a600a255558cee810d781a2a95c6be884b83488bc58efaed6e71b07c17198,"(3188, 1968)","(414, 256)",0.9854912757873535,0.9978287816047668,0.01233750581741333,0.1709614247083664,0.06674527376890182,0.10421615093946457
chinese-020_03,huawei,digital_1_vs_digital_2,digital_1,digital_2,train/attack/digital_1/huawei/chinese-020_03.jpg,380ee8ddbfc5ca16c7b851b6aa0d0a03126b083c162a259036ff4676c358be49,train/attack/digital_2/huawei/chinese-020_03.jpg,3f22bc5df24e8e63e25b1808552c1bb78703ec730afa99a17b028c72c9429398,"(3188, 1968)","(414, 256)",0.9761391878128052,0.9959673285484314,0.01982814073562622,0.21991696953773499,0.09219148010015488,0.1277254894375801
chinese-020_03,iphone15pro,digital_1_vs_bonafide,digital_1,bonafide,train/attack/digital_1/iphone15pro/chinese-020_03.jpg,5d4ed950bbe2dba0efff0fb43e8bcc020c5f7e59be58b1051f8b31e941d84aee,train/bonafide/iphone15pro/chinese-020_03.jpg,15b055f214a9db2a0edc5c8865ce95bc88dcbb72d72880a5d6f1c54c3a4c3e66,"(2794, 1765)","(405, 256)",0.9735187888145447,0.9952157139778137,0.021696925163269043,0.2303624004125595,0.09816964715719223,0.13219275325536728
chinese-020_03,iphone15pro,digital_2_vs_bonafide,digital_2,bonafide,train/attack/digital_2/iphone15pro/chinese-020_03.jpg,3dc3dd5db21844f3580f6e855d776ce558fcd547169d51487cd99b89a6dc04c6,train/bonafide/iphone15pro/chinese-020_03.jpg,15b055f214a9db2a0edc5c8865ce95bc88dcbb72d72880a5d6f1c54c3a4c3e66,"(2794, 1765)","(405, 256)",0.9758203625679016,0.9960237741470337,0.02020341157913208,0.2199266105890274,0.08920305967330933,0.13072355091571808
chinese-020_03,iphone15pro,digital_1_vs_digital_2,digital_1,digital_2,train/attack/digital_1/iphone15pro/chinese-020_03.jpg,5d4ed950bbe2dba0efff0fb43e8bcc020c5f7e59be58b1051f8b31e941d84aee,train/attack/digital_2/iphone15pro/chinese-020_03.jpg,3dc3dd5db21844f3580f6e855d776ce558fcd547169d51487cd99b89a6dc04c6,"(2794, 1765)","(405, 256)",0.9766806364059448,0.9957544803619385,0.019073843955993652,0.21608470380306244,0.09273894131183624,0.1233457624912262
chinese-020_03,scan,digital_1_vs_bonafide,digital_1,bonafide,train/attack/digital_1/scan/chinese-020_03.jpg,250eeac8aa426e133ca44c4ddb149340334857a56d1030fc5db31ff57d13bc5e,train/bonafide/scan/chinese-020_03.jpg,0cbb5a2c57ef981ad0e628ca82d792290ffcb5e10606424d3ce327e801fa7994,"(1994, 1251)","(408, 256)",0.9779771566390991,0.9960317611694336,0.018054604530334473,0.21027857065200806,0.08913999050855637,0.12113858014345169
chinese-020_03,scan,digital_2_vs_bonafide,digital_2,bonafide,train/attack/digital_2/scan/chinese-020_03.jpg,98ac74350892864f392b498701046c059ca06715674e47e5939c7036069db817,train/bonafide/scan/chinese-020_03.jpg,0cbb5a2c57ef981ad0e628ca82d792290ffcb5e10606424d3ce327e801fa7994,"(1994, 1251)","(408, 256)",0.983296275138855,0.9969512820243835,0.013655006885528564,0.1838773787021637,0.08165562897920609,0.10222174972295761
chinese-020_03,scan,digital_1_vs_digital_2,digital_1,digital_2,train/attack/digital_1/scan/chinese-020_03.jpg,250eeac8aa426e133ca44c4ddb149340334857a56d1030fc5db31ff57d13bc5e,train/attack/digital_2/scan/chinese-020_03.jpg,98ac74350892864f392b498701046c059ca06715674e47e5939c7036069db817,"(1994, 1251)","(408, 256)",0.9682455062866211,0.9946188926696777,0.02637338638305664,0.2541694641113281,0.10718060284852982,0.1469888612627983
chinese-039_03,huawei,digital_1_vs_bonafide,digital_1,bonafide,train/attack/digital_1/huawei/chinese-039_03.jpg,144f702bee700447cbc466367784e93dbcaccc6f13d9331e14735011969b50ea,train/bonafide/huawei/chinese-039_03.jpg,bf11c74cb986adfe37dfb940d3e125bdf0b4ae3efc041ea5182aff7daaaad33e,"(3190, 1968)","(414, 256)",0.9854735136032104,0.997156023979187,0.011682510375976562,0.17045727372169495,0.0757254809141159,0.09473179280757904
chinese-039_03,huawei,digital_2_vs_bonafide,digital_2,bonafide,train/attack/digital_2/huawei/chinese-039_03.jpg,4284b961ddd8389b7ab9b57f2aec9a35070687fd7a4ab93c91c68f8ca20c98e2,train/bonafide/huawei/chinese-039_03.jpg,bf11c74cb986adfe37dfb940d3e125bdf0b4ae3efc041ea5182aff7daaaad33e,"(3190, 1968)","(414, 256)",0.9758411645889282,0.995749294757843,0.019908130168914795,0.22129608690738678,0.096187524497509,0.12510856240987778
chinese-039_03,huawei,digital_1_vs_digital_2,digital_1,digital_2,train/attack/digital_1/huawei/chinese-039_03.jpg,144f702bee700447cbc466367784e93dbcaccc6f13d9331e14735011969b50ea,train/attack/digital_2/huawei/chinese-039_03.jpg,4284b961ddd8389b7ab9b57f2aec9a35070687fd7a4ab93c91c68f8ca20c98e2,"(3190, 1968)","(414, 256)",0.9759174585342407,0.9952371716499329,0.01931971311569214,0.22114770114421844,0.09974730014801025,0.12140040099620819
chinese-039_03,iphone15pro,digital_1_vs_bonafide,digital_1,bonafide,train/attack/digital_1/iphone15pro/chinese-039_03.jpg,39fb14af3422d692f63e1d1b48b8084c77b411259db2f5c7e46ff3dc4e9cdc54,train/bonafide/iphone15pro/chinese-039_03.jpg,1b2ca16b006ddbf79803eb3662676041397f48e967132be5c52f6061fd3477a1,"(2782, 1763)","(403, 256)",0.9805803298950195,0.9960901141166687,0.01550978422164917,0.19815883040428162,0.09307435154914856,0.10508447885513306
chinese-039_03,iphone15pro,digital_2_vs_bonafide,digital_2,bonafide,train/attack/digital_2/iphone15pro/chinese-039_03.jpg,0ecbfdf0d2bfc51454627792993265aa6e6d94fa53f63b3f4a44abfc242e8937,train/bonafide/iphone15pro/chinese-039_03.jpg,1b2ca16b006ddbf79803eb3662676041397f48e967132be5c52f6061fd3477a1,"(2782, 1763)","(403, 256)",0.9792695045471191,0.99689781665802,0.01762831211090088,0.20385433733463287,0.08010803908109665,0.12374629825353622
chinese-039_03,iphone15pro,digital_1_vs_digital_2,digital_1,digital_2,train/attack/digital_1/iphone15pro/chinese-039_03.jpg,39fb14af3422d692f63e1d1b48b8084c77b411259db2f5c7e46ff3dc4e9cdc54,train/attack/digital_2/iphone15pro/chinese-039_03.jpg,0ecbfdf0d2bfc51454627792993265aa6e6d94fa53f63b3f4a44abfc242e8937,"(2782, 1763)","(403, 256)",0.9811526536941528,0.9962872266769409,0.015134572982788086,0.19445757567882538,0.08737533539533615,0.10708224028348923
chinese-039_03,scan,digital_1_vs_bonafide,digital_1,bonafide,train/attack/digital_1/scan/chinese-039_03.jpg,5b27033cb34964a154bd8387cbf46d87aecfaaf406631480705ec1b639f39a68,train/bonafide/scan/chinese-039_03.jpg,e734275b34d33592d9acfd4c89acd25dec517ab28d9db51810fca72402b67b5e,"(1992, 1253)","(406, 256)",0.984839677810669,0.9969568848609924,0.012117207050323486,0.17462457716464996,0.07853786647319794,0.09608671069145203
chinese-039_03,scan,digital_2_vs_bonafide,digital_2,bonafide,train/attack/digital_2/scan/chinese-039_03.jpg,51340cd5bcf331103b482bbaa2d41825c0ab1dedd879ea1c055ac04f9c452e51,train/bonafide/scan/chinese-039_03.jpg,e734275b34d33592d9acfd4c89acd25dec517ab28d9db51810fca72402b67b5e,"(1992, 1253)","(406, 256)",0.9819247126579285,0.9975776672363281,0.015652954578399658,0.190140500664711,0.0696210190653801,0.1205194815993309
chinese-039_03,scan,digital_1_vs_digital_2,digital_1,digital_2,train/attack/digital_1/scan/chinese-039_03.jpg,5b27033cb34964a154bd8387cbf46d87aecfaaf406631480705ec1b639f39a68,train/attack/digital_2/scan/chinese-039_03.jpg,51340cd5bcf331103b482bbaa2d41825c0ab1dedd879ea1c055ac04f9c452e51,"(1992, 1253)","(406, 256)",0.9809187054634094,0.9963368773460388,0.015418171882629395,0.1956876963376999,0.08624955266714096,0.10943814367055893
chinese-064_03,huawei,digital_1_vs_bonafide,digital_1,bonafide,train/attack/digital_1/huawei/chinese-064_03.jpg,d763fe88b4b65ce2ad1c224a4601ee7aa935e709464c9bdf68d64bee5edf0995,train/bonafide/huawei/chinese-064_03.jpg,97a1a4309b4005ba4fcc9fa0bde8f6c710260005d3b5b1210aacdf8608e7c203,"(3225, 1971)","(418, 256)",0.981304407119751,0.9967138171195984,0.015409409999847412,0.19394323229789734,0.08167888224124908,0.11226435005664825
chinese-064_03,huawei,digital_2_vs_bonafide,digital_2,bonafide,train/attack/digital_2/huawei/chinese-064_03.jpg,aa57ef9692e82076f3ec50bf92b682f0631137e380d63d64feed472d400abc5a,train/bonafide/huawei/chinese-064_03.jpg,97a1a4309b4005ba4fcc9fa0bde8f6c710260005d3b5b1210aacdf8608e7c203,"(3225, 1971)","(418, 256)",0.9839245080947876,0.9963383674621582,0.012413859367370605,0.18055813014507294,0.08868054300546646,0.09187758713960648
chinese-064_03,huawei,digital_1_vs_digital_2,digital_1,digital_2,train/attack/digital_1/huawei/chinese-064_03.jpg,d763fe88b4b65ce2ad1c224a4601ee7aa935e709464c9bdf68d64bee5edf0995,train/attack/digital_2/huawei/chinese-064_03.jpg,aa57ef9692e82076f3ec50bf92b682f0631137e380d63d64feed472d400abc5a,"(3225, 1971)","(418, 256)",0.9722940325737,0.9935865998268127,0.021292567253112793,0.23548083007335663,0.11403306573629379,0.12144776433706284
chinese-064_03,iphone15pro,digital_1_vs_bonafide,digital_1,bonafide,train/attack/digital_1/iphone15pro/chinese-064_03.jpg,e929f8af4697f3f27db2b46b78297e154d950767058b732980281ccd10c48abc,train/bonafide/iphone15pro/chinese-064_03.jpg,411b899b7d06bebabb07e295f64ba2bf0581ad0f2adb6254c51afb67751256b3,"(2798, 1780)","(402, 256)",0.9746912717819214,0.9948554039001465,0.020164132118225098,0.22533637285232544,0.10253560543060303,0.12280076742172241
chinese-064_03,iphone15pro,digital_2_vs_bonafide,digital_2,bonafide,train/attack/digital_2/iphone15pro/chinese-064_03.jpg,ed31061fbeee66cfbc40b9f3e01018edf54fb6ad043305a9f94ef80043bdff39,train/bonafide/iphone15pro/chinese-064_03.jpg,411b899b7d06bebabb07e295f64ba2bf0581ad0f2adb6254c51afb67751256b3,"(2798, 1780)","(402, 256)",0.9755072593688965,0.9951325058937073,0.01962524652481079,0.22133195400238037,0.09883065521717072,0.12250129878520966
chinese-064_03,iphone15pro,digital_1_vs_digital_2,digital_1,digital_2,train/attack/digital_1/iphone15pro/chinese-064_03.jpg,e929f8af4697f3f27db2b46b78297e154d950767058b732980281ccd10c48abc,train/attack/digital_2/iphone15pro/chinese-064_03.jpg,ed31061fbeee66cfbc40b9f3e01018edf54fb6ad043305a9f94ef80043bdff39,"(2798, 1780)","(402, 256)",0.9658359289169312,0.9911807775497437,0.0253448486328125,0.26162996888160706,0.1331324428319931,0.12849752604961395
chinese-064_03,scan,digital_1_vs_bonafide,digital_1,bonafide,train/attack/digital_1/scan/chinese-064_03.jpg,dc7747a51f504ec8e209bcc316478303583b5386509968e9c4f163e4f9dc45d1,train/bonafide/scan/chinese-064_03.jpg,6c0b82eff96f82a761ac9ec1db626c1a4c69e2f1e64560edc79afa0c0fb3f134,"(1991, 1252)","(407, 256)",0.9813423156738281,0.9969850778579712,0.015642762184143066,0.1931931972503662,0.07769953459501266,0.11549366265535355
chinese-064_03,scan,digital_2_vs_bonafide,digital_2,bonafide,train/attack/digital_2/scan/chinese-064_03.jpg,e4e6ac306cb3a1ba5eda6b3a30955ea58e7b598b3bae32c440a5b4c52c3652a3,train/bonafide/scan/chinese-064_03.jpg,6c0b82eff96f82a761ac9ec1db626c1a4c69e2f1e64560edc79afa0c0fb3f134,"(1991, 1252)","(407, 256)",0.9835060834884644,0.9969817996025085,0.01347571611404419,0.18162621557712555,0.07771410048007965,0.1039121150970459
chinese-064_03,scan,digital_1_vs_digital_2,digital_1,digital_2,train/attack/digital_1/scan/chinese-064_03.jpg,dc7747a51f504ec8e209bcc316478303583b5386509968e9c4f163e4f9dc45d1,train/attack/digital_2/scan/chinese-064_03.jpg,e4e6ac306cb3a1ba5eda6b3a30955ea58e7b598b3bae32c440a5b4c52c3652a3,"(1991, 1252)","(407, 256)",0.9800429940223694,0.9959109425544739,0.015867948532104492,0.1997988373041153,0.09054229408502579,0.10925654321908951
chinese-081_03,huawei,digital_1_vs_bonafide,digital_1,bonafide,train/attack/digital_1/huawei/chinese-081_03.jpg,4b85122b138a484570a90646a3a695dfcbe043cf452677f86b570d964e4e03f3,train/bonafide/huawei/chinese-081_03.jpg,a4fdab9b948a9994f3f72f5358218bec05ce8192d58686608c791ae9aab783bb,"(3214, 1967)","(418, 256)",0.9837132692337036,0.9969766139984131,0.013263344764709473,0.18066102266311646,0.07919708639383316,0.1014639362692833
chinese-081_03,huawei,digital_2_vs_bonafide,digital_2,bonafide,train/attack/digital_2/huawei/chinese-081_03.jpg,0bd811ccd74da4d66ad703065adb2979550af4620e9b729bb8b505243ee049c5,train/bonafide/huawei/chinese-081_03.jpg,a4fdab9b948a9994f3f72f5358218bec05ce8192d58686608c791ae9aab783bb,"(3214, 1967)","(418, 256)",0.9751436710357666,0.9960463047027588,0.020902633666992188,0.22312450408935547,0.08893349021673203,0.13419101387262344
chinese-081_03,huawei,digital_1_vs_digital_2,digital_1,digital_2,train/attack/digital_1/huawei/chinese-081_03.jpg,4b85122b138a484570a90646a3a695dfcbe043cf452677f86b570d964e4e03f3,train/attack/digital_2/huawei/chinese-081_03.jpg,0bd811ccd74da4d66ad703065adb2979550af4620e9b729bb8b505243ee049c5,"(3214, 1967)","(418, 256)",0.9812953472137451,0.99652498960495,0.015229642391204834,0.19412004947662354,0.08448697626590729,0.10963307321071625
chinese-081_03,iphone15pro,digital_1_vs_bonafide,digital_1,bonafide,train/attack/digital_1/iphone15pro/chinese-081_03.jpg,553dc540683c315422a6ddad6c24729bb3d1fd63b8e4432a7de8e8bd2a26cdac,train/bonafide/iphone15pro/chinese-081_03.jpg,813e9c562c5b287912146c393359273aaee5e7abedd52c460469cd759ffcf4f0,"(2791, 1766)","(404, 256)",0.9772340655326843,0.9959714412689209,0.018737375736236572,0.21343936026096344,0.08978313952684402,0.12365622073411942
chinese-081_03,iphone15pro,digital_2_vs_bonafide,digital_2,bonafide,train/attack/digital_2/iphone15pro/chinese-081_03.jpg,dd2c598c4139c787607e93dda503f71687a66835755e89b6e5ea8419b1d6a336,train/bonafide/iphone15pro/chinese-081_03.jpg,813e9c562c5b287912146c393359273aaee5e7abedd52c460469cd759ffcf4f0,"(2791, 1766)","(404, 256)",0.9697980880737305,0.9947591423988342,0.02496105432510376,0.246171772480011,0.10333234071731567,0.1428394317626953
chinese-081_03,iphone15pro,digital_1_vs_digital_2,digital_1,digital_2,train/attack/digital_1/iphone15pro/chinese-081_03.jpg,553dc540683c315422a6ddad6c24729bb3d1fd63b8e4432a7de8e8bd2a26cdac,train/attack/digital_2/iphone15pro/chinese-081_03.jpg,dd2c598c4139c787607e93dda503f71687a66835755e89b6e5ea8419b1d6a336,"(2791, 1766)","(404, 256)",0.9790253639221191,0.9954367876052856,0.016411423683166504,0.20501624047756195,0.09628977626562119,0.10872646421194077
chinese-081_03,scan,digital_1_vs_bonafide,digital_1,bonafide,train/attack/digital_1/scan/chinese-081_03.jpg,0b4d429124bafce4c11863b931a92cf6d2f091840d35ed2c8d4d4950c38ecb95,train/bonafide/scan/chinese-081_03.jpg,dbc3f338b618ec42b7a6c09c67bbccc29dad93b2565bd503c3137bebf87b96ad,"(1997, 1253)","(408, 256)",0.9796357750892639,0.9964312314987183,0.016795456409454346,0.20351234078407288,0.08761545270681381,0.11589688807725906
chinese-081_03,scan,digital_2_vs_bonafide,digital_2,bonafide,train/attack/digital_2/scan/chinese-081_03.jpg,65e892e4fb11cad3ac58c6c973c401c1a5de62c062e1494ad8329776c0efbfdc,train/bonafide/scan/chinese-081_03.jpg,dbc3f338b618ec42b7a6c09c67bbccc29dad93b2565bd503c3137bebf87b96ad,"(1997, 1253)","(408, 256)",0.980928897857666,0.9969931840896606,0.01606428623199463,0.19564615190029144,0.07791149616241455,0.11773465573787689
chinese-081_03,scan,digital_1_vs_digital_2,digital_1,digital_2,train/attack/digital_1/scan/chinese-081_03.jpg,0b4d429124bafce4c11863b931a92cf6d2f091840d35ed2c8d4d4950c38ecb95,train/attack/digital_2/scan/chinese-081_03.jpg,65e892e4fb11cad3ac58c6c973c401c1a5de62c062e1494ad8329776c0efbfdc,"(1997, 1253)","(408, 256)",0.9859315752983093,0.9975303411483765,0.011598765850067139,0.16837917268276215,0.07201535999774933,0.09636381268501282
chinese-096_03,huawei,digital_1_vs_bonafide,digital_1,bonafide,train/attack/digital_1/huawei/chinese-096_03.jpg,8827fec2a8522e457aca30ef871bbd12438a799a6c0eac4cdc63585213fc38b1,train/bonafide/huawei/chinese-096_03.jpg,d2e5572870588d95911c0f556019f0ea675d10ed2a8825fed4d5d92fac1ced82,"(3178, 1974)","(412, 256)",0.9442348480224609,0.9860225915908813,0.04178774356842041,0.3355323374271393,0.16977420449256897,0.1657581329345703
chinese-096_03,huawei,digital_2_vs_bonafide,digital_2,bonafide,train/attack/digital_2/huawei/chinese-096_03.jpg,e34baaf7c32b2f874cfa08110e8e67e41223f072ec8178274dc523f63e46852c,train/bonafide/huawei/chinese-096_03.jpg,d2e5572870588d95911c0f556019f0ea675d10ed2a8825fed4d5d92fac1ced82,"(3178, 1974)","(412, 256)",0.9635542035102844,0.9909306168556213,0.027376413345336914,0.27124717831611633,0.13572300970554352,0.13552416861057281
chinese-096_03,huawei,digital_1_vs_digital_2,digital_1,digital_2,train/attack/digital_1/huawei/chinese-096_03.jpg,8827fec2a8522e457aca30ef871bbd12438a799a6c0eac4cdc63585213fc38b1,train/attack/digital_2/huawei/chinese-096_03.jpg,e34baaf7c32b2f874cfa08110e8e67e41223f072ec8178274dc523f63e46852c,"(3178, 1974)","(412, 256)",0.9755860567092896,0.9948853254318237,0.01929926872253418,0.22106468677520752,0.10193877667188644,0.11912591010332108
chinese-096_03,iphone15pro,digital_1_vs_bonafide,digital_1,bonafide,train/attack/digital_1/iphone15pro/chinese-096_03.jpg,0592b5cff83aad8ca4728e5a3719d9b7d6bfa33f9f057bc45364f0b72d8f959f,train/bonafide/iphone15pro/chinese-096_03.jpg,6fed50152f95400b659788633a4c39786d77665db128fed202993840def16e72,"(2801, 1764)","(406, 256)",0.9239871501922607,0.9810420274734497,0.057054877281188965,0.39551469683647156,0.19971488416194916,0.1957998126745224
chinese-096_03,iphone15pro,digital_2_vs_bonafide,digital_2,bonafide,train/attack/digital_2/iphone15pro/chinese-096_03.jpg,18ff8a3bf148ca645193f0578e94be44030dfed7edac76c92cf34f81dd5337d9,train/bonafide/iphone15pro/chinese-096_03.jpg,6fed50152f95400b659788633a4c39786d77665db128fed202993840def16e72,"(2801, 1764)","(406, 256)",0.9304024577140808,0.9830153584480286,0.052612900733947754,0.38092681765556335,0.18868154287338257,0.1922452747821808
chinese-096_03,iphone15pro,digital_1_vs_digital_2,digital_1,digital_2,train/attack/digital_1/iphone15pro/chinese-096_03.jpg,0592b5cff83aad8ca4728e5a3719d9b7d6bfa33f9f057bc45364f0b72d8f959f,train/attack/digital_2/iphone15pro/chinese-096_03.jpg,18ff8a3bf148ca645193f0578e94be44030dfed7edac76c92cf34f81dd5337d9,"(2801, 1764)","(406, 256)",0.9693803787231445,0.9941824674606323,0.024802088737487793,0.2476883977651596,0.10794176906347275,0.13974662870168686
chinese-096_03,scan,digital_1_vs_bonafide,digital_1,bonafide,train/attack/digital_1/scan/chinese-096_03.jpg,6f9076827640571117e0e6c5fe894e7bf5171f21e72ac5360800fcf66cc02619,train/bonafide/scan/chinese-096_03.jpg,d37d1878c5d756bcc043680e699df171a49ff839305653e5e8a57f9e73a9a29d,"(1995, 1251)","(408, 256)",0.9247404932975769,0.9818038940429688,0.057063400745391846,0.39317041635513306,0.19519619643688202,0.19797421991825104
chinese-096_03,scan,digital_2_vs_bonafide,digital_2,bonafide,train/attack/digital_2/scan/chinese-096_03.jpg,8d75d9648e68c9282a7ab563157e5b4f62bafef01051c39daa2af84d11e56afd,train/bonafide/scan/chinese-096_03.jpg,d37d1878c5d756bcc043680e699df171a49ff839305653e5e8a57f9e73a9a29d,"(1995, 1251)","(408, 256)",0.9256608486175537,0.9811207056045532,0.05545985698699951,0.39165911078453064,0.19877676665782928,0.19288234412670135
chinese-096_03,scan,digital_1_vs_digital_2,digital_1,digital_2,train/attack/digital_1/scan/chinese-096_03.jpg,6f9076827640571117e0e6c5fe894e7bf5171f21e72ac5360800fcf66cc02619,train/attack/digital_2/scan/chinese-096_03.jpg,8d75d9648e68c9282a7ab563157e5b4f62bafef01051c39daa2af84d11e56afd,"(1995, 1251)","(408, 256)",0.9758655428886414,0.9945670366287231,0.018701493740081787,0.21975846588611603,0.10424039512872696,0.11551807075738907
chinese-099_03,huawei,digital_1_vs_bonafide,digital_1,bonafide,train/attack/digital_1/huawei/chinese-099_03.jpg,4fc9dca7f31bd917d2ac7f2712857a5b3acf7750e4545e91a9ff524e19c3e813,train/bonafide/huawei/chinese-099_03.jpg,2d9f9ccd82c86f5b7a55cf3ad58c55b0e1866393a07b653149dc05d750fc4c48,"(3197, 1959)","(417, 256)",0.9654067754745483,0.9937193393707275,0.0283125638961792,0.2630973160266876,0.11208899319171906,0.15100832283496857
chinese-099_03,huawei,digital_2_vs_bonafide,digital_2,bonafide,train/attack/digital_2/huawei/chinese-099_03.jpg,870190f80b44dbc5e6fc8703c831341c6090558d45d5e27f21e29df7760ada0c,train/bonafide/huawei/chinese-099_03.jpg,2d9f9ccd82c86f5b7a55cf3ad58c55b0e1866393a07b653149dc05d750fc4c48,"(3197, 1959)","(417, 256)",0.9596309661865234,0.9918745756149292,0.03224360942840576,0.2843171954154968,0.12795227766036987,0.15636491775512695
chinese-099_03,huawei,digital_1_vs_digital_2,digital_1,digital_2,train/attack/digital_1/huawei/chinese-099_03.jpg,4fc9dca7f31bd917d2ac7f2712857a5b3acf7750e4545e91a9ff524e19c3e813,train/attack/digital_2/huawei/chinese-099_03.jpg,870190f80b44dbc5e6fc8703c831341c6090558d45d5e27f21e29df7760ada0c,"(3197, 1959)","(417, 256)",0.9511532783508301,0.9898083806037903,0.038655102252960205,0.31295326352119446,0.143329918384552,0.16962334513664246
chinese-099_03,iphone15pro,digital_1_vs_bonafide,digital_1,bonafide,train/attack/digital_1/iphone15pro/chinese-099_03.jpg,59512cb46a2ced6353d42a5060d305124d06e0ead46b91136fa1c404556bea50,train/bonafide/iphone15pro/chinese-099_03.jpg,1c5e140edb7d9aa32dcb5b029bfb957a4354c43b4de16055e036c1d0d591a3fb,"(2804, 1776)","(404, 256)",0.9555671215057373,0.9908884763717651,0.03532135486602783,0.2981037199497223,0.13513831794261932,0.16296540200710297
chinese-099_03,iphone15pro,digital_2_vs_bonafide,digital_2,bonafide,train/attack/digital_2/iphone15pro/chinese-099_03.jpg,f10a61656adfb042b749e248ce48c6eb59dfa598b6e89aec3cad4fd82f490f4e,train/bonafide/iphone15pro/chinese-099_03.jpg,1c5e140edb7d9aa32dcb5b029bfb957a4354c43b4de16055e036c1d0d591a3fb,"(2804, 1776)","(404, 256)",0.9483582973480225,0.9894987344741821,0.04114043712615967,0.3214412331581116,0.14495044946670532,0.17649078369140625
chinese-099_03,iphone15pro,digital_1_vs_digital_2,digital_1,digital_2,train/attack/digital_1/iphone15pro/chinese-099_03.jpg,59512cb46a2ced6353d42a5060d305124d06e0ead46b91136fa1c404556bea50,train/attack/digital_2/iphone15pro/chinese-099_03.jpg,f10a61656adfb042b749e248ce48c6eb59dfa598b6e89aec3cad4fd82f490f4e,"(2804, 1776)","(404, 256)",0.9335963129997253,0.9854003190994263,0.05180400609970093,0.36448848247528076,0.17111995816230774,0.19336852431297302
chinese-099_03,scan,digital_1_vs_bonafide,digital_1,bonafide,train/attack/digital_1/scan/chinese-099_03.jpg,425a55741d1b88cd4ab2cbae2332e9edc8ef79e682ebd8f9f0fc749a6a6a4e08,train/bonafide/scan/chinese-099_03.jpg,6c2b9d9906e3df1e2d313fea979d645b12ca466354ac19cd39f8e02acee86624,"(1992, 1251)","(407, 256)",0.9571626782417297,0.9911936521530151,0.0340309739112854,0.2960934638977051,0.13544194400310516,0.16065151989459991
chinese-099_03,scan,digital_2_vs_bonafide,digital_2,bonafide,train/attack/digital_2/scan/chinese-099_03.jpg,e37ce0f21c61875c144ae70fba7c89005baad41355d627a1e3916f2ab9b5bd62,train/bonafide/scan/chinese-099_03.jpg,6c2b9d9906e3df1e2d313fea979d645b12ca466354ac19cd39f8e02acee86624,"(1992, 1251)","(407, 256)",0.9574421048164368,0.9929046630859375,0.03546255826950073,0.29336681962013245,0.1199871152639389,0.17337970435619354
chinese-099_03,scan,digital_1_vs_digital_2,digital_1,digital_2,train/attack/digital_1/scan/chinese-099_03.jpg,425a55741d1b88cd4ab2cbae2332e9edc8ef79e682ebd8f9f0fc749a6a6a4e08,train/attack/digital_2/scan/chinese-099_03.jpg,e37ce0f21c61875c144ae70fba7c89005baad41355d627a1e3916f2ab9b5bd62,"(1992, 1251)","(407, 256)",0.9586589336395264,0.9907963275909424,0.032137393951416016,0.2878810167312622,0.1362673044204712,0.15161371231079102
chinese-102_03,huawei,digital_1_vs_bonafide,digital_1,bonafide,train/attack/digital_1/huawei/chinese-102_03.jpg,b622b18fec2b02025d45a0abcf0839692310c6cba28acec38539d42217022eee,train/bonafide/huawei/chinese-102_03.jpg,97a81578ab527c1142559502b0be65e8bb46cbc2ac7784ab0ea46ac9ed39748e,"(3196, 1974)","(414, 256)",0.9748578667640686,0.9945104122161865,0.01965254545211792,0.22652238607406616,0.106904998421669,0.11961738765239716
chinese-102_03,huawei,digital_2_vs_bonafide,digital_2,bonafide,train/attack/digital_2/huawei/chinese-102_03.jpg,d48aa5055ef580ee874cdaa80b019ad64289ccd585267d9c532b015e53811309,train/bonafide/huawei/chinese-102_03.jpg,97a81578ab527c1142559502b0be65e8bb46cbc2ac7784ab0ea46ac9ed39748e,"(3196, 1974)","(414, 256)",0.9808807373046875,0.9964232444763184,0.01554250717163086,0.1959839016199112,0.08503593504428864,0.11094796657562256
chinese-102_03,huawei,digital_1_vs_digital_2,digital_1,digital_2,train/attack/digital_1/huawei/chinese-102_03.jpg,b622b18fec2b02025d45a0abcf0839692310c6cba28acec38539d42217022eee,train/attack/digital_2/huawei/chinese-102_03.jpg,d48aa5055ef580ee874cdaa80b019ad64289ccd585267d9c532b015e53811309,"(3196, 1974)","(414, 256)",0.9693508148193359,0.9933415055274963,0.0239906907081604,0.251651406288147,0.11922960728406906,0.1324217990040779
chinese-102_03,iphone15pro,digital_1_vs_bonafide,digital_1,bonafide,train/attack/digital_1/iphone15pro/chinese-102_03.jpg,c23e56d5d08d439e9ffdd4f89901b1f1fda7682eb68dbf6fd67a28c466201cd0,train/bonafide/iphone15pro/chinese-102_03.jpg,6d6b72d0f07bd479ad9af4ba3657098312191eb18cd9b96c41a2fe5190c128fd,"(2794, 1764)","(405, 256)",0.9704848527908325,0.994257926940918,0.02377307415008545,0.24297884106636047,0.10823173820972443,0.13474710285663605
chinese-102_03,iphone15pro,digital_2_vs_bonafide,digital_2,bonafide,train/attack/digital_2/iphone15pro/chinese-102_03.jpg,91dd24853a6a428567214bf47dd6a830dadf949e3a35dc33d0d08604a1e1713b,train/bonafide/iphone15pro/chinese-102_03.jpg,6d6b72d0f07bd479ad9af4ba3657098312191eb18cd9b96c41a2fe5190c128fd,"(2794, 1764)","(405, 256)",0.979621410369873,0.9960067868232727,0.016385376453399658,0.2019340544939041,0.08974110335111618,0.11219295114278793
chinese-102_03,iphone15pro,digital_1_vs_digital_2,digital_1,digital_2,train/attack/digital_1/iphone15pro/chinese-102_03.jpg,c23e56d5d08d439e9ffdd4f89901b1f1fda7682eb68dbf6fd67a28c466201cd0,train/attack/digital_2/iphone15pro/chinese-102_03.jpg,91dd24853a6a428567214bf47dd6a830dadf949e3a35dc33d0d08604a1e1713b,"(2794, 1764)","(405, 256)",0.9741573333740234,0.9952607154846191,0.021103382110595703,0.22734937071800232,0.09760862588882446,0.12974074482917786
chinese-102_03,scan,digital_1_vs_bonafide,digital_1,bonafide,train/attack/digital_1/scan/chinese-102_03.jpg,134e076e014f11fe33747bfa9afe41b2e267a056b281805578bca688b46944c9,train/bonafide/scan/chinese-102_03.jpg,72b60d3dcd012e80cd035d3b55e29c17d31047b14f64cd8da993fa9dc0ae5b55,"(1995, 1250)","(408, 256)",0.9757422804832458,0.9952611327171326,0.01951885223388672,0.2205166518688202,0.09740985929965973,0.12310679256916046
chinese-102_03,scan,digital_2_vs_bonafide,digital_2,bonafide,train/attack/digital_2/scan/chinese-102_03.jpg,698b39b90d5a17d85c269deedd3292d83e1dd05863cd973a34ed148494367f57,train/bonafide/scan/chinese-102_03.jpg,72b60d3dcd012e80cd035d3b55e29c17d31047b14f64cd8da993fa9dc0ae5b55,"(1995, 1250)","(408, 256)",0.9721481800079346,0.9943979978561401,0.022249817848205566,0.23620718717575073,0.10590339452028275,0.130303792655468
chinese-102_03,scan,digital_1_vs_digital_2,digital_1,digital_2,train/attack/digital_1/scan/chinese-102_03.jpg,134e076e014f11fe33747bfa9afe41b2e267a056b281805578bca688b46944c9,train/attack/digital_2/scan/chinese-102_03.jpg,698b39b90d5a17d85c269deedd3292d83e1dd05863cd973a34ed148494367f57,"(1995, 1250)","(408, 256)",0.9695996046066284,0.9932639598846436,0.023664355278015137,0.24658091366291046,0.11606916040182114,0.13051175326108932
chinese-107_03,huawei,digital_1_vs_bonafide,digital_1,bonafide,train/attack/digital_1/huawei/chinese-107_03.jpg,5eca447a042b02d42f363441ced2a6f9c5204a91f8f9e753621b183606c78a49,train/bonafide/huawei/chinese-107_03.jpg,93606de55e2be2614e0053f474844339028f372f3260fb0cdbe34c407dfc70f6,"(3213, 1999)","(411, 256)",0.9814646244049072,0.9967116117477417,0.015246987342834473,0.196210116147995,0.08743901550769806,0.10877110064029694
chinese-107_03,huawei,digital_2_vs_bonafide,digital_2,bonafide,train/attack/digital_2/huawei/chinese-107_03.jpg,4200a2d62984310a7627611ca7da44c940912dae70fd46892fc968a315283840,train/bonafide/huawei/chinese-107_03.jpg,93606de55e2be2614e0053f474844339028f372f3260fb0cdbe34c407dfc70f6,"(3213, 1999)","(411, 256)",0.9925940632820129,0.9987043142318726,0.006110250949859619,0.12171170860528946,0.0512118935585022,0.07049981504678726
chinese-107_03,huawei,digital_1_vs_digital_2,digital_1,digital_2,train/attack/digital_1/huawei/chinese-107_03.jpg,5eca447a042b02d42f363441ced2a6f9c5204a91f8f9e753621b183606c78a49,train/attack/digital_2/huawei/chinese-107_03.jpg,4200a2d62984310a7627611ca7da44c940912dae70fd46892fc968a315283840,"(3213, 1999)","(411, 256)",0.9806889891624451,0.9961842894554138,0.01549530029296875,0.1998642086982727,0.09145688265562057,0.10840732604265213
chinese-107_03,iphone15pro,digital_1_vs_bonafide,digital_1,bonafide,train/attack/digital_1/iphone15pro/chinese-107_03.jpg,75c63fd051512847307d3772520a55a7bc0a136b2e746fec153bdde8a0dbc52a,train/bonafide/iphone15pro/chinese-107_03.jpg,c5e94e65ed3f2561fc5171f7c417eaf76f1d70dd77e388134ae93aaee7dd4a4a,"(2788, 1761)","(405, 256)",0.9695987701416016,0.9959093332290649,0.02631056308746338,0.25154054164886475,0.09838782250881195,0.1531527191400528
chinese-107_03,iphone15pro,digital_2_vs_bonafide,digital_2,bonafide,train/attack/digital_2/iphone15pro/chinese-107_03.jpg,fbc95f12127ec10eb13442ba64b8351dcac8b75a57395ea581d8ddef20711a63,train/bonafide/iphone15pro/chinese-107_03.jpg,c5e94e65ed3f2561fc5171f7c417eaf76f1d70dd77e388134ae93aaee7dd4a4a,"(2788, 1761)","(405, 256)",0.9782245755195618,0.9953823685646057,0.017157793045043945,0.2087639719247818,0.09619120508432388,0.11257276684045792
chinese-107_03,iphone15pro,digital_1_vs_digital_2,digital_1,digital_2,train/attack/digital_1/iphone15pro/chinese-107_03.jpg,75c63fd051512847307d3772520a55a7bc0a136b2e746fec153bdde8a0dbc52a,train/attack/digital_2/iphone15pro/chinese-107_03.jpg,fbc95f12127ec10eb13442ba64b8351dcac8b75a57395ea581d8ddef20711a63,"(2788, 1761)","(405, 256)",0.9720279574394226,0.9948611259460449,0.022833168506622314,0.24060483276844025,0.1071024164557457,0.13350241631269455
chinese-107_03,scan,digital_1_vs_bonafide,digital_1,bonafide,train/attack/digital_1/scan/chinese-107_03.jpg,f3ff68a711bc5df5f65469210892739b28d5da9df75d46d191fba4f03d9bf37e,train/bonafide/scan/chinese-107_03.jpg,4da4bc9419c7259dc9bfb353ee4d0aacd0f0bc165d343009aa6df8008a4c9125,"(1991, 1249)","(408, 256)",0.9729175567626953,0.9949944019317627,0.022076845169067383,0.2345990687608719,0.10246714949607849,0.1321319192647934
chinese-107_03,scan,digital_2_vs_bonafide,digital_2,bonafide,train/attack/digital_2/scan/chinese-107_03.jpg,7964430b5cfa7e2f959028e10a54a608c0a5c231152f62dfdfd02a5204b35990,train/bonafide/scan/chinese-107_03.jpg,4da4bc9419c7259dc9bfb353ee4d0aacd0f0bc165d343009aa6df8008a4c9125,"(1991, 1249)","(408, 256)",0.9864152669906616,0.9974489212036133,0.01103365421295166,0.1663586050271988,0.07386841624975204,0.09249018877744675
chinese-107_03,scan,digital_1_vs_digital_2,digital_1,digital_2,train/attack/digital_1/scan/chinese-107_03.jpg,f3ff68a711bc5df5f65469210892739b28d5da9df75d46d191fba4f03d9bf37e,train/attack/digital_2/scan/chinese-107_03.jpg,7964430b5cfa7e2f959028e10a54a608c0a5c231152f62dfdfd02a5204b35990,"(1991, 1249)","(408, 256)",0.9708043336868286,0.9951181411743164,0.024313807487487793,0.24715419113636017,0.10694592446088791,0.14020826667547226
chinese-NF-1014,huawei,digital_1_vs_bonafide,digital_1,bonafide,train/attack/digital_1/huawei/chinese-NF-1014.jpg,de65cfbf4c1984435b77853f6e5718a0f8bb9fa1fa872dae8dbd476316969971,train/bonafide/huawei/chinese-NF-1014.jpg,d8a18c73243cff429a81e6a8091f9bdc2a837d35d8ecbd678436a1a7d9d68322,"(3192, 1970)","(414, 256)",0.9771395921707153,0.9960085153579712,0.01886892318725586,0.21485061943531036,0.09307412803173065,0.12177649140357971
chinese-NF-1014,huawei,digital_2_vs_bonafide,digital_2,bonafide,train/attack/digital_2/huawei/chinese-NF-1014.jpg,086ce006392655d97e1e8688b4b3bda201848db8cef81cd3d986bb2165f523ca,train/bonafide/huawei/chinese-NF-1014.jpg,d8a18c73243cff429a81e6a8091f9bdc2a837d35d8ecbd678436a1a7d9d68322,"(3192, 1970)","(414, 256)",0.9677936434745789,0.9926745891571045,0.024880945682525635,0.2556419372558594,0.12464867532253265,0.13099326193332672
chinese-NF-1014,huawei,digital_1_vs_digital_2,digital_1,digital_2,train/attack/digital_1/huawei/chinese-NF-1014.jpg,de65cfbf4c1984435b77853f6e5718a0f8bb9fa1fa872dae8dbd476316969971,train/attack/digital_2/huawei/chinese-NF-1014.jpg,086ce006392655d97e1e8688b4b3bda201848db8cef81cd3d986bb2165f523ca,"(3192, 1970)","(414, 256)",0.9688115119934082,0.9939363598823547,0.025124847888946533,0.24994400143623352,0.11018673330545425,0.13975726813077927
chinese-NF-1014,iphone15pro,digital_1_vs_bonafide,digital_1,bonafide,train/attack/digital_1/iphone15pro/chinese-NF-1014.jpg,f2d4bb0ffe4deb88fbb1e507247d2a585df6778298852dd66de86a5b67f99d2f,train/bonafide/iphone15pro/chinese-NF-1014.jpg,70b3ac45082f282e17013c31ee10509af1204222b0212f318754038a5e8febfc,"(2786, 1765)","(404, 256)",0.9762477874755859,0.9958634376525879,0.019615650177001953,0.218018040060997,0.09116914123296738,0.12684889882802963
chinese-NF-1014,iphone15pro,digital_2_vs_bonafide,digital_2,bonafide,train/attack/digital_2/iphone15pro/chinese-NF-1014.jpg,6be6860437c2283e0023bda6d8b28e1f7f0e48245cafa996590b3d7f7742d6e4,train/bonafide/iphone15pro/chinese-NF-1014.jpg,70b3ac45082f282e17013c31ee10509af1204222b0212f318754038a5e8febfc,"(2786, 1765)","(404, 256)",0.956122875213623,0.9901229739189148,0.03400009870529175,0.2990760803222656,0.14653794467449188,0.15253813564777374
chinese-NF-1014,iphone15pro,digital_1_vs_digital_2,digital_1,digital_2,train/attack/digital_1/iphone15pro/chinese-NF-1014.jpg,f2d4bb0ffe4deb88fbb1e507247d2a585df6778298852dd66de86a5b67f99d2f,train/attack/digital_2/iphone15pro/chinese-NF-1014.jpg,6be6860437c2283e0023bda6d8b28e1f7f0e48245cafa996590b3d7f7742d6e4,"(2786, 1765)","(404, 256)",0.9547162055969238,0.991115391254425,0.03639918565750122,0.3030810058116913,0.13788409531116486,0.16519691050052643
chinese-NF-1014,scan,digital_1_vs_bonafide,digital_1,bonafide,train/attack/digital_1/scan/chinese-NF-1014.jpg,553fc1ffa8c54141555477519ccdce3f191c9ace0c1bb8b43c02d175965175a6,train/bonafide/scan/chinese-NF-1014.jpg,63df90a77ea2843723ea6f032d99483a5a14d500904c8efa130cb4c8a992d256,"(1991, 1251)","(407, 256)",0.9791187047958374,0.9964021444320679,0.01728343963623047,0.20435935258865356,0.08508701622486115,0.11927233636379242
chinese-NF-1014,scan,digital_2_vs_bonafide,digital_2,bonafide,train/attack/digital_2/scan/chinese-NF-1014.jpg,a8cd5c93a2e0566bee8661bdad560a72ae0401ddfefbb8ae14067afed584b06e,train/bonafide/scan/chinese-NF-1014.jpg,63df90a77ea2843723ea6f032d99483a5a14d500904c8efa130cb4c8a992d256,"(1991, 1251)","(407, 256)",0.962519645690918,0.9916850328445435,0.02916538715362549,0.2779150903224945,0.1341075450181961,0.1438075453042984
chinese-NF-1014,scan,digital_1_vs_digital_2,digital_1,digital_2,train/attack/digital_1/scan/chinese-NF-1014.jpg,553fc1ffa8c54141555477519ccdce3f191c9ace0c1bb8b43c02d175965175a6,train/attack/digital_2/scan/chinese-NF-1014.jpg,a8cd5c93a2e0566bee8661bdad560a72ae0401ddfefbb8ae14067afed584b06e,"(1991, 1251)","(407, 256)",0.9577996134757996,0.990591287612915,0.03279167413711548,0.2944627106189728,0.1404556781053543,0.15400703251361847
chinese-NF-1023,huawei,digital_1_vs_bonafide,digital_1,bonafide,train/attack/digital_1/huawei/chinese-NF-1023.jpg,5fbc98021be248bc5ca71bd748b03a441a45dc73fd5ba724cfa12b289020fcfc,train/bonafide/huawei/chinese-NF-1023.jpg,68340d4d71a441cc7b6835c2bf1f86ba2d5bdbd799f3e5fc3ba4d284a72ad37a,"(3199, 1980)","(413, 256)",0.9735889434814453,0.9945299029350281,0.020940959453582764,0.230989471077919,0.10557670146226883,0.12541276961565018
chinese-NF-1023,huawei,digital_2_vs_bonafide,digital_2,bonafide,train/attack/digital_2/huawei/chinese-NF-1023.jpg,af44a3e7f695b57b25b0d1d1fbc029ea03a7c9b821480d0d1901d7fb19def19f,train/bonafide/huawei/chinese-NF-1023.jpg,68340d4d71a441cc7b6835c2bf1f86ba2d5bdbd799f3e5fc3ba4d284a72ad37a,"(3199, 1980)","(413, 256)",0.969180166721344,0.994722306728363,0.025542140007019043,0.24980325996875763,0.10597649961709976,0.14382676035165787
chinese-NF-1023,huawei,digital_1_vs_digital_2,digital_1,digital_2,train/attack/digital_1/huawei/chinese-NF-1023.jpg,5fbc98021be248bc5ca71bd748b03a441a45dc73fd5ba724cfa12b289020fcfc,train/attack/digital_2/huawei/chinese-NF-1023.jpg,af44a3e7f695b57b25b0d1d1fbc029ea03a7c9b821480d0d1901d7fb19def19f,"(3199, 1980)","(413, 256)",0.9539246559143066,0.989920973777771,0.035996317863464355,0.3035973012447357,0.1424536257982254,0.16114367544651031
chinese-NF-1023,iphone15pro,digital_1_vs_bonafide,digital_1,bonafide,train/attack/digital_1/iphone15pro/chinese-NF-1023.jpg,67ea2514834d8ce0df68ee561c09f117ee40e74760a0b944a3e49545e7210c53,train/bonafide/iphone15pro/chinese-NF-1023.jpg,21246a569e5df8422f652b465603696ab43ca3e9ed031bc15761ac574ebcd18e,"(2787, 1776)","(401, 256)",0.96369469165802,0.9928551316261292,0.02916043996810913,0.26949241757392883,0.11981184035539627,0.14968057721853256
chinese-NF-1023,iphone15pro,digital_2_vs_bonafide,digital_2,bonafide,train/attack/digital_2/iphone15pro/chinese-NF-1023.jpg,e66457deff1eed121ef3fa8fc8c6ce58133bb07368b92c70f1b79e0c2f52fb6f,train/bonafide/iphone15pro/chinese-NF-1023.jpg,21246a569e5df8422f652b465603696ab43ca3e9ed031bc15761ac574ebcd18e,"(2787, 1776)","(401, 256)",0.9585076570510864,0.9935256838798523,0.03501802682876587,0.2886184751987457,0.11429300159215927,0.17432547360658646
chinese-NF-1023,iphone15pro,digital_1_vs_digital_2,digital_1,digital_2,train/attack/digital_1/iphone15pro/chinese-NF-1023.jpg,67ea2514834d8ce0df68ee561c09f117ee40e74760a0b944a3e49545e7210c53,train/attack/digital_2/iphone15pro/chinese-NF-1023.jpg,e66457deff1eed121ef3fa8fc8c6ce58133bb07368b92c70f1b79e0c2f52fb6f,"(2787, 1776)","(401, 256)",0.9537809491157532,0.9895058870315552,0.035724937915802,0.3043505549430847,0.14607985317707062,0.1582707017660141
chinese-NF-1023,scan,digital_1_vs_bonafide,digital_1,bonafide,train/attack/digital_1/scan/chinese-NF-1023.jpg,7afdaa3f3d728c2347aaf7826d1be6a1a129a24ed19b3a2843ac81580e8b4adb,train/bonafide/scan/chinese-NF-1023.jpg,d7c08a7e6e240dd051720cb7f40a58ca414b45c255ac14a242345db89bfbf8ab,"(1993, 1251)","(407, 256)",0.9727338552474976,0.9951573610305786,0.022423505783081055,0.2335718870162964,0.09850108623504639,0.13507080078125
chinese-NF-1023,scan,digital_2_vs_bonafide,digital_2,bonafide,train/attack/digital_2/scan/chinese-NF-1023.jpg,cfa4d1781cc8b22b92d1e28d9ae0e6bfaa2580785cd5637921e55a62edaa63fa,train/bonafide/scan/chinese-NF-1023.jpg,d7c08a7e6e240dd051720cb7f40a58ca414b45c255ac14a242345db89bfbf8ab,"(1993, 1251)","(407, 256)",0.9567552208900452,0.9915992021560669,0.03484398126602173,0.29427310824394226,0.12988145649433136,0.1643916517496109
chinese-NF-1023,scan,digital_1_vs_digital_2,digital_1,digital_2,train/attack/digital_1/scan/chinese-NF-1023.jpg,7afdaa3f3d728c2347aaf7826d1be6a1a129a24ed19b3a2843ac81580e8b4adb,train/attack/digital_2/scan/chinese-NF-1023.jpg,cfa4d1781cc8b22b92d1e28d9ae0e6bfaa2580785cd5637921e55a62edaa63fa,"(1993, 1251)","(407, 256)",0.9432371854782104,0.9877771735191345,0.04453998804092407,0.3372754454612732,0.15683694183826447,0.18043850362300873
chinese-NF-1042,huawei,digital_1_vs_bonafide,digital_1,bonafide,train/attack/digital_1/huawei/chinese-NF-1042.jpg,3ed7f7ace9302dcf2c19fb08e1aa5340b7e18389404df28ec3c08c02385df465,train/bonafide/huawei/chinese-NF-1042.jpg,5197712aa103317bbf593ce6a541c39de31a32fca1b233e74e78ad8c5d325523,"(3063, 1860)","(421, 256)",0.9743199348449707,0.9947301745414734,0.020410239696502686,0.2267002910375595,0.10310237109661102,0.12359791994094849
chinese-NF-1042,huawei,digital_2_vs_bonafide,digital_2,bonafide,train/attack/digital_2/huawei/chinese-NF-1042.jpg,a1b73c7a5c26ff19ae12da0b6b63efe73fde255cdbb7684e40e556feb2e27762,train/bonafide/huawei/chinese-NF-1042.jpg,5197712aa103317bbf593ce6a541c39de31a32fca1b233e74e78ad8c5d325523,"(3063, 1860)","(421, 256)",0.9848183393478394,0.9975083470344543,0.01269000768661499,0.1757369488477707,0.07390908151865005,0.10182786732912064
chinese-NF-1042,huawei,digital_1_vs_digital_2,digital_1,digital_2,train/attack/digital_1/huawei/chinese-NF-1042.jpg,3ed7f7ace9302dcf2c19fb08e1aa5340b7e18389404df28ec3c08c02385df465,train/attack/digital_2/huawei/chinese-NF-1042.jpg,a1b73c7a5c26ff19ae12da0b6b63efe73fde255cdbb7684e40e556feb2e27762,"(3063, 1860)","(421, 256)",0.9735896587371826,0.9956070184707642,0.022017359733581543,0.23045714199543,0.09454508125782013,0.13591206073760986
chinese-NF-1042,iphone15pro,digital_1_vs_bonafide,digital_1,bonafide,train/attack/digital_1/iphone15pro/chinese-NF-1042.jpg,bdd3104b25d21a2ad6b471a4d57a0645a7e7e19ca0db790e9e502c3be9c7b358,train/bonafide/iphone15pro/chinese-NF-1042.jpg,26900079bc33f4cfdb35cf2a8ddb91c58b2d4ff0512b0ecdbe7f72d878d31f26,"(2696, 1678)","(411, 256)",0.9562821388244629,0.9917090535163879,0.03542691469192505,0.29819798469543457,0.1336929202079773,0.16450506448745728
chinese-NF-1042,iphone15pro,digital_2_vs_bonafide,digital_2,bonafide,train/attack/digital_2/iphone15pro/chinese-NF-1042.jpg,633cd67dded5449899c70969575494b5acad15557dee03dc55dacb20a0c760ec,train/bonafide/iphone15pro/chinese-NF-1042.jpg,26900079bc33f4cfdb35cf2a8ddb91c58b2d4ff0512b0ecdbe7f72d878d31f26,"(2696, 1678)","(411, 256)",0.960837185382843,0.9941961765289307,0.033358991146087646,0.2826917767524719,0.11091304570436478,0.17177873104810715
chinese-NF-1042,iphone15pro,digital_1_vs_digital_2,digital_1,digital_2,train/attack/digital_1/iphone15pro/chinese-NF-1042.jpg,bdd3104b25d21a2ad6b471a4d57a0645a7e7e19ca0db790e9e502c3be9c7b358,train/attack/digital_2/iphone15pro/chinese-NF-1042.jpg,633cd67dded5449899c70969575494b5acad15557dee03dc55dacb20a0c760ec,"(2696, 1678)","(411, 256)",0.9511429071426392,0.9892832040786743,0.038140296936035156,0.3222350478172302,0.15907561779022217,0.16315943002700806
chinese-NF-1042,scan,digital_1_vs_bonafide,digital_1,bonafide,train/attack/digital_1/scan/chinese-NF-1042.jpg,63924a3c24476ddc4a3cb032865921f89067f11d082bd464a7fd5bfa8067f29a,train/bonafide/scan/chinese-NF-1042.jpg,24e3703ca3807f8efd76b3bb4e76d75ae760a3bc5e2f6c6906b86704f9e925ef,"(1997, 1251)","(408, 256)",0.9711316823959351,0.9950054287910461,0.023873746395111084,0.2407980114221573,0.10025493800640106,0.14054307341575623
chinese-NF-1042,scan,digital_2_vs_bonafide,digital_2,bonafide,train/attack/digital_2/scan/chinese-NF-1042.jpg,8372b4097ffd03e6297e3f0859712a177844dd1e40076cdf6b22c732f1d792ed,train/bonafide/scan/chinese-NF-1042.jpg,24e3703ca3807f8efd76b3bb4e76d75ae760a3bc5e2f6c6906b86704f9e925ef,"(1997, 1251)","(408, 256)",0.9807556867599487,0.9968485236167908,0.01609283685684204,0.19655199348926544,0.08115026354789734,0.1154017299413681
chinese-NF-1042,scan,digital_1_vs_digital_2,digital_1,digital_2,train/attack/digital_1/scan/chinese-NF-1042.jpg,63924a3c24476ddc4a3cb032865921f89067f11d082bd464a7fd5bfa8067f29a,train/attack/digital_2/scan/chinese-NF-1042.jpg,8372b4097ffd03e6297e3f0859712a177844dd1e40076cdf6b22c732f1d792ed,"(1997, 1251)","(408, 256)",0.976161777973175,0.995744526386261,0.019582748413085938,0.22010131180286407,0.09549365937709808,0.12460765242576599
chinese-NF-1059,huawei,digital_1_vs_bonafide,digital_1,bonafide,train/attack/digital_1/huawei/chinese-NF-1059.jpg,4726cca8cbf5a6de0543c4833d4968b3d17498312fa71e86cf2a496d59738f42,train/bonafide/huawei/chinese-NF-1059.jpg,86ac878373a0028b2ac4a642a9f4082dbc7f1918ecc230c75f73ded401d35c0a,"(3030, 1886)","(411, 256)",0.9633321166038513,0.9917237758636475,0.028391659259796143,0.2766880691051483,0.13714277744293213,0.1395452916622162
chinese-NF-1059,huawei,digital_2_vs_bonafide,digital_2,bonafide,train/attack/digital_2/huawei/chinese-NF-1059.jpg,e06098a43263dd322cfca085f581e6ee74891ad5cbf617a932063fae6316b33c,train/bonafide/huawei/chinese-NF-1059.jpg,86ac878373a0028b2ac4a642a9f4082dbc7f1918ecc230c75f73ded401d35c0a,"(3030, 1886)","(411, 256)",0.9901733994483948,0.9983307719230652,0.00815737247467041,0.14020289480686188,0.057995058596134186,0.08220783621072769
chinese-NF-1059,huawei,digital_1_vs_digital_2,digital_1,digital_2,train/attack/digital_1/huawei/chinese-NF-1059.jpg,4726cca8cbf5a6de0543c4833d4968b3d17498312fa71e86cf2a496d59738f42,train/attack/digital_2/huawei/chinese-NF-1059.jpg,e06098a43263dd322cfca085f581e6ee74891ad5cbf617a932063fae6316b33c,"(3030, 1886)","(411, 256)",0.960810124874115,0.9915704131126404,0.03076028823852539,0.2860325872898102,0.14004656672477722,0.14598602056503296
chinese-NF-1059,iphone15pro,digital_1_vs_bonafide,digital_1,bonafide,train/attack/digital_1/iphone15pro/chinese-NF-1059.jpg,81985ac2c671405206c4f01e23b7f1591034df3d7612fa9b67f7a88a839a667d,train/bonafide/iphone15pro/chinese-NF-1059.jpg,3abd0a8867a8fa565de178537ce1681ad101beef88f74b5c9787fc6bcea603a3,"(2636, 1608)","(419, 256)",0.9425960779190063,0.988540768623352,0.0459446907043457,0.343182235956192,0.15470978617668152,0.1884724497795105
chinese-NF-1059,iphone15pro,digital_2_vs_bonafide,digital_2,bonafide,train/attack/digital_2/iphone15pro/chinese-NF-1059.jpg,83144cfeac4b97352141d6ba946534bbf81498c55e057fbae7ed7d9017aaa010,train/bonafide/iphone15pro/chinese-NF-1059.jpg,3abd0a8867a8fa565de178537ce1681ad101beef88f74b5c9787fc6bcea603a3,"(2636, 1608)","(419, 256)",0.9794538617134094,0.9958298802375793,0.016376018524169922,0.20531964302062988,0.0967162474989891,0.10860339552164078
chinese-NF-1059,iphone15pro,digital_1_vs_digital_2,digital_1,digital_2,train/attack/digital_1/iphone15pro/chinese-NF-1059.jpg,81985ac2c671405206c4f01e23b7f1591034df3d7612fa9b67f7a88a839a667d,train/attack/digital_2/iphone15pro/chinese-NF-1059.jpg,83144cfeac4b97352141d6ba946534bbf81498c55e057fbae7ed7d9017aaa010,"(2636, 1608)","(419, 256)",0.9262908697128296,0.9851120710372925,0.05882120132446289,0.3845842778682709,0.17255663871765137,0.2120276391506195
chinese-NF-1059,scan,digital_1_vs_bonafide,digital_1,bonafide,train/attack/digital_1/scan/chinese-NF-1059.jpg,ef8f7bf5e0432462701a6f7736401bfe32531bab8af408bd25ce8c72925ff38c,train/bonafide/scan/chinese-NF-1059.jpg,595f33a21b74134fc1ea63b1b0f1b5558e6579eb4c37ed4318eba580104a4adc,"(1994, 1248)","(409, 256)",0.9641861915588379,0.993065595626831,0.028879404067993164,0.2680458724498749,0.11786649376153946,0.15017937868833542
chinese-NF-1059,scan,digital_2_vs_bonafide,digital_2,bonafide,train/attack/digital_2/scan/chinese-NF-1059.jpg,d1768ebb7b02e16f015c0285ce8cd96ec5ea07c9108c4d55125b1354998ca168,train/bonafide/scan/chinese-NF-1059.jpg,595f33a21b74134fc1ea63b1b0f1b5558e6579eb4c37ed4318eba580104a4adc,"(1994, 1248)","(409, 256)",0.9813836812973022,0.9964226484298706,0.01503896713256836,0.19405679404735565,0.08592374622821808,0.10813304781913757
chinese-NF-1059,scan,digital_1_vs_digital_2,digital_1,digital_2,train/attack/digital_1/scan/chinese-NF-1059.jpg,ef8f7bf5e0432462701a6f7736401bfe32531bab8af408bd25ce8c72925ff38c,train/attack/digital_2/scan/chinese-NF-1059.jpg,d1768ebb7b02e16f015c0285ce8cd96ec5ea07c9108c4d55125b1354998ca168,"(1994, 1248)","(409, 256)",0.9527535438537598,0.9910352230072021,0.03828167915344238,0.3094162344932556,0.13428926467895508,0.17512696981430054
chinese-NF-1067,huawei,digital_1_vs_bonafide,digital_1,bonafide,train/attack/digital_1/huawei/chinese-NF-1067.jpg,a3497cd7a54363fb7f1977fdddbce57d40b91cdd1f56c41a39dbf3ae48c1a74c,train/bonafide/huawei/chinese-NF-1067.jpg,5970d93f2847b335be53fd1849fc4abdbb537be1a073f2f52416d4ef236a2e7a,"(3035, 1893)","(410, 256)",0.9802736043930054,0.9962759017944336,0.016002297401428223,0.2003909945487976,0.08990024775266647,0.11049074679613113
chinese-NF-1067,huawei,digital_2_vs_bonafide,digital_2,bonafide,train/attack/digital_2/huawei/chinese-NF-1067.jpg,c69a4f2d84d27285a0a8922b9f2383c75c4b7e8c350f2d64d42aec5bee85644a,train/bonafide/huawei/chinese-NF-1067.jpg,5970d93f2847b335be53fd1849fc4abdbb537be1a073f2f52416d4ef236a2e7a,"(3035, 1893)","(410, 256)",0.9887788891792297,0.9977030158042908,0.008924126625061035,0.15073339641094208,0.0707867443561554,0.07994665205478668
chinese-NF-1067,huawei,digital_1_vs_digital_2,digital_1,digital_2,train/attack/digital_1/huawei/chinese-NF-1067.jpg,a3497cd7a54363fb7f1977fdddbce57d40b91cdd1f56c41a39dbf3ae48c1a74c,train/attack/digital_2/huawei/chinese-NF-1067.jpg,c69a4f2d84d27285a0a8922b9f2383c75c4b7e8c350f2d64d42aec5bee85644a,"(3035, 1893)","(410, 256)",0.974041223526001,0.9951183795928955,0.02107715606689453,0.22806814312934875,0.0989232212305069,0.12914492189884186
chinese-NF-1067,iphone15pro,digital_1_vs_bonafide,digital_1,bonafide,train/attack/digital_1/iphone15pro/chinese-NF-1067.jpg,3e58b265f7d28d08d427ca9dfc2d8b86802ea6ddeb0b2edbde8153daf6ac4c50,train/bonafide/iphone15pro/chinese-NF-1067.jpg,acb4fde58a9be350a5c0f16d0da7cedc98e90f7e1d7b0a3abbbe53452c7d9304,"(2633, 1609)","(418, 256)",0.9704397320747375,0.9946191310882568,0.024179399013519287,0.24359795451164246,0.10391652584075928,0.13968142867088318
chinese-NF-1067,iphone15pro,digital_2_vs_bonafide,digital_2,bonafide,train/attack/digital_2/iphone15pro/chinese-NF-1067.jpg,11352d7ebcd36b22745733ef5e4179b7c62722a23fd063cf4bdd2539940207c8,train/bonafide/iphone15pro/chinese-NF-1067.jpg,acb4fde58a9be350a5c0f16d0da7cedc98e90f7e1d7b0a3abbbe53452c7d9304,"(2633, 1609)","(418, 256)",0.9729490280151367,0.9936245679855347,0.02067553997039795,0.23263658583164215,0.11385896056890488,0.11877762526273727
chinese-NF-1067,iphone15pro,digital_1_vs_digital_2,digital_1,digital_2,train/attack/digital_1/iphone15pro/chinese-NF-1067.jpg,3e58b265f7d28d08d427ca9dfc2d8b86802ea6ddeb0b2edbde8153daf6ac4c50,train/attack/digital_2/iphone15pro/chinese-NF-1067.jpg,11352d7ebcd36b22745733ef5e4179b7c62722a23fd063cf4bdd2539940207c8,"(2633, 1609)","(418, 256)",0.9662928581237793,0.9927239418029785,0.02643108367919922,0.26033663749694824,0.1223900243639946,0.13794661313295364
chinese-NF-1067,scan,digital_1_vs_bonafide,digital_1,bonafide,train/attack/digital_1/scan/chinese-NF-1067.jpg,e96924deebc257a75fbbc35a63e37aa09d9716c7c57578991a54bca49d90bf72,train/bonafide/scan/chinese-NF-1067.jpg,a1cb9072b253dbb543db068337089a1ba8cb6d001008c694382c685aafa112d0,"(1997, 1247)","(409, 256)",0.9710471034049988,0.995468258857727,0.02442115545272827,0.24089817702770233,0.09589502960443497,0.14500314742326736
chinese-NF-1067,scan,digital_2_vs_bonafide,digital_2,bonafide,train/attack/digital_2/scan/chinese-NF-1067.jpg,65db7a636696a137a5379fb0abe11af340107106781b240783de6aed05dc58e1,train/bonafide/scan/chinese-NF-1067.jpg,a1cb9072b253dbb543db068337089a1ba8cb6d001008c694382c685aafa112d0,"(1997, 1247)","(409, 256)",0.9722718000411987,0.9940228462219238,0.021751046180725098,0.23567017912864685,0.11212968826293945,0.1235404908657074
chinese-NF-1067,scan,digital_1_vs_digital_2,digital_1,digital_2,train/attack/digital_1/scan/chinese-NF-1067.jpg,e96924deebc257a75fbbc35a63e37aa09d9716c7c57578991a54bca49d90bf72,train/attack/digital_2/scan/chinese-NF-1067.jpg,65db7a636696a137a5379fb0abe11af340107106781b240783de6aed05dc58e1,"(1997, 1247)","(409, 256)",0.9568374752998352,0.9923892021179199,0.03555172681808472,0.2938181757926941,0.12409739196300507,0.16972078382968903
chinese-NF-1072,huawei,digital_1_vs_bonafide,digital_1,bonafide,train/attack/digital_1/huawei/chinese-NF-1072.jpg,81885aad8c314c711f1c865962e87efbfa16b3bb5159ac8d6e954fb5be358992,train/bonafide/huawei/chinese-NF-1072.jpg,a4a548b83fd435d3e4a612ee07350b888fe3ad6999e035fded002c1c7918ca88,"(3192, 1966)","(415, 256)",0.9792113304138184,0.9961704611778259,0.01695913076400757,0.20501886308193207,0.08994380384683609,0.11507505923509598
chinese-NF-1072,huawei,digital_2_vs_bonafide,digital_2,bonafide,train/attack/digital_2/huawei/chinese-NF-1072.jpg,43c6f871b195e6e620c4ba8a0b08fbba0c1ab52895fb7862d98fa0234d8ef138,train/bonafide/huawei/chinese-NF-1072.jpg,a4a548b83fd435d3e4a612ee07350b888fe3ad6999e035fded002c1c7918ca88,"(3192, 1966)","(415, 256)",0.9712363481521606,0.9943293929100037,0.023093044757843018,0.23990172147750854,0.10670691728591919,0.13319480419158936
chinese-NF-1072,huawei,digital_1_vs_digital_2,digital_1,digital_2,train/attack/digital_1/huawei/chinese-NF-1072.jpg,81885aad8c314c711f1c865962e87efbfa16b3bb5159ac8d6e954fb5be358992,train/attack/digital_2/huawei/chinese-NF-1072.jpg,43c6f871b195e6e620c4ba8a0b08fbba0c1ab52895fb7862d98fa0234d8ef138,"(3192, 1966)","(415, 256)",0.9770702719688416,0.9960789680480957,0.01900869607925415,0.21476583182811737,0.08966119587421417,0.1251046359539032
chinese-NF-1072,iphone15pro,digital_1_vs_bonafide,digital_1,bonafide,train/attack/digital_1/iphone15pro/chinese-NF-1072.jpg,236b675e4172b7fde7779d14d053ffc09102efb8109445f3d679d8f18cbd9d42,train/bonafide/iphone15pro/chinese-NF-1072.jpg,9fde1f5c7848cf2f557c86b502f7df60fc94fae389ccf3eb5b06cfcf63a9e090,"(2790, 1767)","(404, 256)",0.9727034568786621,0.9948849678039551,0.02218151092529297,0.23529112339019775,0.10348615795373917,0.1318049654364586
chinese-NF-1072,iphone15pro,digital_2_vs_bonafide,digital_2,bonafide,train/attack/digital_2/iphone15pro/chinese-NF-1072.jpg,7807264cc9abad450721c7b699803b586031187a8cfb3b6631300ad5ecd3a0c5,train/bonafide/iphone15pro/chinese-NF-1072.jpg,9fde1f5c7848cf2f557c86b502f7df60fc94fae389ccf3eb5b06cfcf63a9e090,"(2790, 1767)","(404, 256)",0.9675770401954651,0.9935091733932495,0.025932133197784424,0.2572401463985443,0.11842959374189377,0.13881055265665054
chinese-NF-1072,iphone15pro,digital_1_vs_digital_2,digital_1,digital_2,train/attack/digital_1/iphone15pro/chinese-NF-1072.jpg,236b675e4172b7fde7779d14d053ffc09102efb8109445f3d679d8f18cbd9d42,train/attack/digital_2/iphone15pro/chinese-NF-1072.jpg,7807264cc9abad450721c7b699803b586031187a8cfb3b6631300ad5ecd3a0c5,"(2790, 1767)","(404, 256)",0.9761582612991333,0.9956181049346924,0.019459843635559082,0.21854044497013092,0.09419438987970352,0.1243460550904274
chinese-NF-1072,scan,digital_1_vs_bonafide,digital_1,bonafide,train/attack/digital_1/scan/chinese-NF-1072.jpg,664920cae0f70a44cb6184834c1e672955c0c5c559bf11001d38f01217315bc5,train/bonafide/scan/chinese-NF-1072.jpg,e3a3d9a6cfa2d5ee503bc2be44ad62b6a9aa75a0bcc2eaca28eb8d7cfd8d1b7e,"(1996, 1249)","(409, 256)",0.9805223941802979,0.9964448809623718,0.015922486782073975,0.197904571890831,0.08439148217439651,0.11351308971643448
chinese-NF-1072,scan,digital_2_vs_bonafide,digital_2,bonafide,train/attack/digital_2/scan/chinese-NF-1072.jpg,85da6bc092e299cbf6c3d9f78dfcf728485ca3d055dd929fedca222a61fd8dd5,train/bonafide/scan/chinese-NF-1072.jpg,e3a3d9a6cfa2d5ee503bc2be44ad62b6a9aa75a0bcc2eaca28eb8d7cfd8d1b7e,"(1996, 1249)","(409, 256)",0.9724893569946289,0.9957805275917053,0.023291170597076416,0.23526045680046082,0.0934329703450203,0.14182748645544052
chinese-NF-1072,scan,digital_1_vs_digital_2,digital_1,digital_2,train/attack/digital_1/scan/chinese-NF-1072.jpg,664920cae0f70a44cb6184834c1e672955c0c5c559bf11001d38f01217315bc5,train/attack/digital_2/scan/chinese-NF-1072.jpg,85da6bc092e299cbf6c3d9f78dfcf728485ca3d055dd929fedca222a61fd8dd5,"(1996, 1249)","(409, 256)",0.9782553911209106,0.9970109462738037,0.018755555152893066,0.20857112109661102,0.07850778102874756,0.13006334006786346
chinese-NF-1088,huawei,digital_1_vs_bonafide,digital_1,bonafide,train/attack/digital_1/huawei/chinese-NF-1088.jpg,9b0a499a6e3deaf0f242a414132617355e2dbbefc5c2959554ed9730a79beafb,train/bonafide/huawei/chinese-NF-1088.jpg,79ae9b6ec5ad9f145dde3e524e7fd732e536bc2ae0e6ac5db247fd595296961f,"(3036, 1884)","(412, 256)",0.9653621315956116,0.9921096563339233,0.026747524738311768,0.2632139325141907,0.12562331557273865,0.13759061694145203
chinese-NF-1088,huawei,digital_2_vs_bonafide,digital_2,bonafide,train/attack/digital_2/huawei/chinese-NF-1088.jpg,f38769dba2059f3f3b8f49fb2e025eeef67cb67ecd0ebeddfd8ddc12037ad51a,train/bonafide/huawei/chinese-NF-1088.jpg,79ae9b6ec5ad9f145dde3e524e7fd732e536bc2ae0e6ac5db247fd595296961f,"(3036, 1884)","(412, 256)",0.9540036916732788,0.9890977144241333,0.03509402275085449,0.30341482162475586,0.14768317341804504,0.15573164820671082
chinese-NF-1088,huawei,digital_1_vs_digital_2,digital_1,digital_2,train/attack/digital_1/huawei/chinese-NF-1088.jpg,9b0a499a6e3deaf0f242a414132617355e2dbbefc5c2959554ed9730a79beafb,train/attack/digital_2/huawei/chinese-NF-1088.jpg,f38769dba2059f3f3b8f49fb2e025eeef67cb67ecd0ebeddfd8ddc12037ad51a,"(3036, 1884)","(412, 256)",0.9611818790435791,0.9918303489685059,0.030648469924926758,0.27883633971214294,0.12786118686199188,0.15097515285015106
chinese-NF-1088,iphone15pro,digital_1_vs_bonafide,digital_1,bonafide,train/attack/digital_1/iphone15pro/chinese-NF-1088.jpg,f4dd53549bd649a7f8ba32c4dcde285050f59dc7510f2fcaa054d9734488d95b,train/bonafide/iphone15pro/chinese-NF-1088.jpg,a43ad79fda9e40b22d0be4d5ce5b3a910c9e8d921e74c7da36557ed49f495754,"(2630, 1611)","(417, 256)",0.966752290725708,0.9945563673973083,0.027804076671600342,0.2588101625442505,0.10544366389513016,0.15336649864912033
chinese-NF-1088,iphone15pro,digital_2_vs_bonafide,digital_2,bonafide,train/attack/digital_2/iphone15pro/chinese-NF-1088.jpg,d6c29789a177e19aa2f5e45427a1df755b2e0dc26d0bad4e1a84698ed9455d7a,train/bonafide/iphone15pro/chinese-NF-1088.jpg,a43ad79fda9e40b22d0be4d5ce5b3a910c9e8d921e74c7da36557ed49f495754,"(2630, 1611)","(417, 256)",0.9667362570762634,0.9936046600341797,0.02686840295791626,0.25997912883758545,0.12056656181812286,0.13941256701946259
chinese-NF-1088,iphone15pro,digital_1_vs_digital_2,digital_1,digital_2,train/attack/digital_1/iphone15pro/chinese-NF-1088.jpg,f4dd53549bd649a7f8ba32c4dcde285050f59dc7510f2fcaa054d9734488d95b,train/attack/digital_2/iphone15pro/chinese-NF-1088.jpg,d6c29789a177e19aa2f5e45427a1df755b2e0dc26d0bad4e1a84698ed9455d7a,"(2630, 1611)","(417, 256)",0.9661321640014648,0.9926316738128662,0.026499509811401367,0.2659359574317932,0.13409198820590973,0.13184396922588348
chinese-NF-1088,scan,digital_1_vs_bonafide,digital_1,bonafide,train/attack/digital_1/scan/chinese-NF-1088.jpg,a61ca49d692787664ad6484941c31945c53f6d10ea66bf2f2f1bfff40af80368,train/bonafide/scan/chinese-NF-1088.jpg,4140aa9501db5710779e6c281cd768f799cf0a4cfed92c66f6127f4ad5781e84,"(1995, 1247)","(409, 256)",0.9732434153556824,0.9950976967811584,0.021854281425476074,0.23153086006641388,0.09962435811758041,0.13190650194883347
chinese-NF-1088,scan,digital_2_vs_bonafide,digital_2,bonafide,train/attack/digital_2/scan/chinese-NF-1088.jpg,16845d86d8adca31f5b6488d52b0b4f50a1aae07ac99d5c546ab9a9402dac992,train/bonafide/scan/chinese-NF-1088.jpg,4140aa9501db5710779e6c281cd768f799cf0a4cfed92c66f6127f4ad5781e84,"(1995, 1247)","(409, 256)",0.9492496252059937,0.9877886772155762,0.03853905200958252,0.3205677270889282,0.15895976126194,0.16160796582698822
chinese-NF-1088,scan,digital_1_vs_digital_2,digital_1,digital_2,train/attack/digital_1/scan/chinese-NF-1088.jpg,a61ca49d692787664ad6484941c31945c53f6d10ea66bf2f2f1bfff40af80368,train/attack/digital_2/scan/chinese-NF-1088.jpg,16845d86d8adca31f5b6488d52b0b4f50a1aae07ac99d5c546ab9a9402dac992,"(1995, 1247)","(409, 256)",0.9578000903129578,0.9904088973999023,0.03260880708694458,0.2940177619457245,0.14417661726474762,0.14984114468097687
chinese-NF-1101,huawei,digital_1_vs_bonafide,digital_1,bonafide,train/attack/digital_1/huawei/chinese-NF-1101.jpg,a70654100795677fa8cfa3acb492a4226d9670e81a9535323b446e3bd89d3a85,train/bonafide/huawei/chinese-NF-1101.jpg,0a19cd966e3748042a9c2a5ff1107840eea963dcd037c31dfc63546b076a652d,"(3030, 1881)","(412, 256)",0.9804878830909729,0.9966483116149902,0.016160428524017334,0.197580948472023,0.08189940452575684,0.11568154394626617
chinese-NF-1101,huawei,digital_2_vs_bonafide,digital_2,bonafide,train/attack/digital_2/huawei/chinese-NF-1101.jpg,708240926f3cfd4565f755232b1b7a2efe2c6909ef3e23e68f403b5c5f7d00cd,train/bonafide/huawei/chinese-NF-1101.jpg,0a19cd966e3748042a9c2a5ff1107840eea963dcd037c31dfc63546b076a652d,"(3030, 1881)","(412, 256)",0.9830461740493774,0.9959232211112976,0.012877047061920166,0.18519969284534454,0.09124559164047241,0.09395410120487213
chinese-NF-1101,huawei,digital_1_vs_digital_2,digital_1,digital_2,train/attack/digital_1/huawei/chinese-NF-1101.jpg,a70654100795677fa8cfa3acb492a4226d9670e81a9535323b446e3bd89d3a85,train/attack/digital_2/huawei/chinese-NF-1101.jpg,708240926f3cfd4565f755232b1b7a2efe2c6909ef3e23e68f403b5c5f7d00cd,"(3030, 1881)","(412, 256)",0.9755950570106506,0.9954286217689514,0.01983356475830078,0.22217519581317902,0.09681609272956848,0.12535910308361053
chinese-NF-1101,iphone15pro,digital_1_vs_bonafide,digital_1,bonafide,train/attack/digital_1/iphone15pro/chinese-NF-1101.jpg,3913d701f3965857b2500ba8fcd8db7f6ae8e905d01d58256b5d8f0a95db6e2d,train/bonafide/iphone15pro/chinese-NF-1101.jpg,6c14368b43531ce31ef8e7f04722073b0f5b9f1cb8acd990b683ae96a1c0ff5c,"(2634, 1610)","(418, 256)",0.9770820140838623,0.995685875415802,0.018603861331939697,0.21620573103427887,0.09750963002443314,0.11869610100984573
chinese-NF-1101,iphone15pro,digital_2_vs_bonafide,digital_2,bonafide,train/attack/digital_2/iphone15pro/chinese-NF-1101.jpg,4b5ff718b430059e575d09674d071db5a4e31d9c4297fb594864aeb570256748,train/bonafide/iphone15pro/chinese-NF-1101.jpg,6c14368b43531ce31ef8e7f04722073b0f5b9f1cb8acd990b683ae96a1c0ff5c,"(2634, 1610)","(418, 256)",0.983554482460022,0.9972946047782898,0.013740122318267822,0.18148300051689148,0.07407356053590775,0.10740943998098373
chinese-NF-1101,iphone15pro,digital_1_vs_digital_2,digital_1,digital_2,train/attack/digital_1/iphone15pro/chinese-NF-1101.jpg,3913d701f3965857b2500ba8fcd8db7f6ae8e905d01d58256b5d8f0a95db6e2d,train/attack/digital_2/iphone15pro/chinese-NF-1101.jpg,4b5ff718b430059e575d09674d071db5a4e31d9c4297fb594864aeb570256748,"(2634, 1610)","(418, 256)",0.9774160981178284,0.9958559274673462,0.018439829349517822,0.2138141393661499,0.09341894835233688,0.12039519101381302
chinese-NF-1101,scan,digital_1_vs_bonafide,digital_1,bonafide,train/attack/digital_1/scan/chinese-NF-1101.jpg,e947310a88500b1ade158e8d4422cee47d96376da6fd3d334d1591d5a35dc4b5,train/bonafide/scan/chinese-NF-1101.jpg,537933cf3d21ee7344acdac5a61cdd3214bd377e3f5e1381e9512842ad369405,"(1998, 1245)","(410, 256)",0.9819267988204956,0.9967861771583557,0.014859378337860107,0.1901332288980484,0.08019987493753433,0.10993335396051407
chinese-NF-1101,scan,digital_2_vs_bonafide,digital_2,bonafide,train/attack/digital_2/scan/chinese-NF-1101.jpg,b89f59e0c5e0baa3bb6f5c95d98a0265b37fa2e7f12a504146f732c22fa885b1,train/bonafide/scan/chinese-NF-1101.jpg,537933cf3d21ee7344acdac5a61cdd3214bd377e3f5e1381e9512842ad369405,"(1998, 1245)","(410, 256)",0.9787290096282959,0.9966892004013062,0.017960190773010254,0.2065783441066742,0.08197641372680664,0.12460193037986755
chinese-NF-1101,scan,digital_1_vs_digital_2,digital_1,digital_2,train/attack/digital_1/scan/chinese-NF-1101.jpg,e947310a88500b1ade158e8d4422cee47d96376da6fd3d334d1591d5a35dc4b5,train/attack/digital_2/scan/chinese-NF-1101.jpg,b89f59e0c5e0baa3bb6f5c95d98a0265b37fa2e7f12a504146f732c22fa885b1,"(1998, 1245)","(410, 256)",0.9702108502388,0.9954015612602234,0.02519071102142334,0.24426867067813873,0.0962207242846489,0.14804794639348984
french-022_03,huawei,digital_1_vs_bonafide,digital_1,bonafide,train/attack/digital_1/huawei/french-022_03.jpg,bbdaa00b7f9130deb66f39e3b94372a94f6e210d26912e2aba55729181af115d,train/bonafide/huawei/french-022_03.jpg,7ac87cf27893f3dbb509fefd45b47f83f536567c551f65fa5fc575df9752360d,"(3199, 1969)","(415, 256)",0.9728416800498962,0.9933549761772156,0.020513296127319336,0.2330874651670456,0.11655529588460922,0.11653216928243637
french-022_03,huawei,digital_2_vs_bonafide,digital_2,bonafide,train/attack/digital_2/huawei/french-022_03.jpg,2bd538b283fd0fd4e683a2c601f453e9152b1ad0bc073ac13bc7a9704300778d,train/bonafide/huawei/french-022_03.jpg,7ac87cf27893f3dbb509fefd45b47f83f536567c551f65fa5fc575df9752360d,"(3199, 1969)","(415, 256)",0.9666517972946167,0.9918109774589539,0.025159180164337158,0.25865399837493896,0.12801380455493927,0.1306401938199997
french-022_03,huawei,digital_1_vs_digital_2,digital_1,digital_2,train/attack/digital_1/huawei/french-022_03.jpg,bbdaa00b7f9130deb66f39e3b94372a94f6e210d26912e2aba55729181af115d,train/attack/digital_2/huawei/french-022_03.jpg,2bd538b283fd0fd4e683a2c601f453e9152b1ad0bc073ac13bc7a9704300778d,"(3199, 1969)","(415, 256)",0.9827951192855835,0.9966261386871338,0.013831019401550293,0.1863732784986496,0.08461245894432068,0.10176081955432892
french-022_03,iphone15pro,digital_1_vs_bonafide,digital_1,bonafide,train/attack/digital_1/iphone15pro/french-022_03.jpg,cb6acb5d34284b84511072f415a3e47e18b511be762b750ca7e4d46686d315ca,train/bonafide/iphone15pro/french-022_03.jpg,6a50c3aa905b06a4f13ce2bb85fdd2cae1c84793e72971e446dfc0957e28c8c0,"(2792, 1759)","(406, 256)",0.9041750431060791,0.9765023589134216,0.07232731580734253,0.4401051700115204,0.21728011965751648,0.2228250503540039
french-022_03,iphone15pro,digital_2_vs_bonafide,digital_2,bonafide,train/attack/digital_2/iphone15pro/french-022_03.jpg,207c3d9e485a3b87c46aaa82164f4f7ccf7b41c7c7051e67df74bba14935d425,train/bonafide/iphone15pro/french-022_03.jpg,6a50c3aa905b06a4f13ce2bb85fdd2cae1c84793e72971e446dfc0957e28c8c0,"(2792, 1759)","(406, 256)",0.9050743579864502,0.9771725535392761,0.07209819555282593,0.4364340603351593,0.21371720731258392,0.22271685302257538
french-022_03,iphone15pro,digital_1_vs_digital_2,digital_1,digital_2,train/attack/digital_1/iphone15pro/french-022_03.jpg,cb6acb5d34284b84511072f415a3e47e18b511be762b750ca7e4d46686d315ca,train/attack/digital_2/iphone15pro/french-022_03.jpg,207c3d9e485a3b87c46aaa82164f4f7ccf7b41c7c7051e67df74bba14935d425,"(2792, 1759)","(406, 256)",0.9665675163269043,0.9927688241004944,0.026201307773590088,0.25940003991127014,0.12069341540336609,0.13870662450790405
french-022_03,scan,digital_1_vs_bonafide,digital_1,bonafide,train/attack/digital_1/scan/french-022_03.jpg,8d024046dc80152150573540dc56a9c4cbf4e2285ef5212b8d6ece042816e633,train/bonafide/scan/french-022_03.jpg,f0211b4fad45b1bcc2622ececc139c3467fe91f7d2bd96f52dc6ee734896354b,"(1991, 1247)","(408, 256)",0.9664509296417236,0.9928264617919922,0.026375532150268555,0.2603440582752228,0.12103280425071716,0.13931125402450562
french-022_03,scan,digital_2_vs_bonafide,digital_2,bonafide,train/attack/digital_2/scan/french-022_03.jpg,99a67a4179ca83ca9830573b3b9e792df8ffcd87ebea31f734cbb2a6adf4e73e,train/bonafide/scan/french-022_03.jpg,f0211b4fad45b1bcc2622ececc139c3467fe91f7d2bd96f52dc6ee734896354b,"(1991, 1247)","(408, 256)",0.9673161506652832,0.9931133389472961,0.02579718828201294,0.2586730122566223,0.1211378201842308,0.1375351920723915
french-022_03,scan,digital_1_vs_digital_2,digital_1,digital_2,train/attack/digital_1/scan/french-022_03.jpg,8d024046dc80152150573540dc56a9c4cbf4e2285ef5212b8d6ece042816e633,train/attack/digital_2/scan/french-022_03.jpg,99a67a4179ca83ca9830573b3b9e792df8ffcd87ebea31f734cbb2a6adf4e73e,"(1991, 1247)","(408, 256)",0.9828344583511353,0.9967027902603149,0.013868331909179688,0.18575945496559143,0.08218538761138916,0.10357406735420227
french-033_03,huawei,digital_1_vs_bonafide,digital_1,bonafide,train/attack/digital_1/huawei/french-033_03.jpg,6841f58bd426e28c70e738ff904f85e023ecf372ac91dd5cb6486ea512e1d7d0,train/bonafide/huawei/french-033_03.jpg,1b7c8bcb40dc3a0d3391082df855915221fed0e7e9a0d42cab00b8a0f22a1eec,"(3208, 1983)","(414, 256)",0.9688477516174316,0.9931877255439758,0.02433997392654419,0.2497379183769226,0.11706259846687317,0.13267531991004944
french-033_03,huawei,digital_2_vs_bonafide,digital_2,bonafide,train/attack/digital_2/huawei/french-033_03.jpg,cbfa106ffeeafdc829ba8a48b1a7da5e584cedd952f2140d164c1c24ab28d003,train/bonafide/huawei/french-033_03.jpg,1b7c8bcb40dc3a0d3391082df855915221fed0e7e9a0d42cab00b8a0f22a1eec,"(3208, 1983)","(414, 256)",0.9627169966697693,0.9914649724960327,0.028747975826263428,0.27592355012893677,0.1327356994152069,0.14318785071372986
french-033_03,huawei,digital_1_vs_digital_2,digital_1,digital_2,train/attack/digital_1/huawei/french-033_03.jpg,6841f58bd426e28c70e738ff904f85e023ecf372ac91dd5cb6486ea512e1d7d0,train/attack/digital_2/huawei/french-033_03.jpg,cbfa106ffeeafdc829ba8a48b1a7da5e584cedd952f2140d164c1c24ab28d003,"(3208, 1983)","(414, 256)",0.975148618221283,0.9943000674247742,0.01915144920349121,0.22518031299114227,0.11155607551336288,0.11362423747777939
french-033_03,iphone15pro,digital_1_vs_bonafide,digital_1,bonafide,train/attack/digital_1/iphone15pro/french-033_03.jpg,b91d43f74f77c597fe8a19a27982cd3bc90e78b3ffab008436bc0a48da4248c8,train/bonafide/iphone15pro/french-033_03.jpg,0eff35b925c9de160ff7c7c22890def943da655116b98750b3f4b77e2236cc89,"(2796, 1790)","(399, 256)",0.9588721990585327,0.9912061095237732,0.03233391046524048,0.2876683473587036,0.13265861570835114,0.15500973165035248
french-033_03,iphone15pro,digital_2_vs_bonafide,digital_2,bonafide,train/attack/digital_2/iphone15pro/french-033_03.jpg,f00f115adbeefa0163cbb80bc36e434a50f6fd3bc99190fa9dfd23091d2aa008,train/bonafide/iphone15pro/french-033_03.jpg,0eff35b925c9de160ff7c7c22890def943da655116b98750b3f4b77e2236cc89,"(2796, 1790)","(399, 256)",0.9458465576171875,0.9871331453323364,0.041286587715148926,0.3292975425720215,0.1606045961380005,0.168692946434021
french-033_03,iphone15pro,digital_1_vs_digital_2,digital_1,digital_2,train/attack/digital_1/iphone15pro/french-033_03.jpg,b91d43f74f77c597fe8a19a27982cd3bc90e78b3ffab008436bc0a48da4248c8,train/attack/digital_2/iphone15pro/french-033_03.jpg,f00f115adbeefa0163cbb80bc36e434a50f6fd3bc99190fa9dfd23091d2aa008,"(2796, 1790)","(399, 256)",0.9751678705215454,0.9952667951583862,0.02009892463684082,0.2231217622756958,0.09791550785303116,0.12520625442266464
french-033_03,scan,digital_1_vs_bonafide,digital_1,bonafide,train/attack/digital_1/scan/french-033_03.jpg,16c2c4937917f923ebf5a198f88807f5b6284912f476824b3217bd4ffe4c7e08,train/bonafide/scan/french-033_03.jpg,154ac0ba110e52b3155f21854068d06aea972b56b1a010bbc7d2a01e44d693a3,"(1998, 1247)","(410, 256)",0.9691298604011536,0.9933774471282959,0.024247586727142334,0.24898740649223328,0.1150958314538002,0.13389157503843307
french-033_03,scan,digital_2_vs_bonafide,digital_2,bonafide,train/attack/digital_2/scan/french-033_03.jpg,93d8236b26bfc3aa3f97c917486e6321279bbd637c9917b29dd2f6554876513e,train/bonafide/scan/french-033_03.jpg,154ac0ba110e52b3155f21854068d06aea972b56b1a010bbc7d2a01e44d693a3,"(1998, 1247)","(410, 256)",0.9534854888916016,0.9891097545623779,0.03562426567077637,0.30535054206848145,0.14758239686489105,0.1577681452035904
french-033_03,scan,digital_1_vs_digital_2,digital_1,digital_2,train/attack/digital_1/scan/french-033_03.jpg,16c2c4937917f923ebf5a198f88807f5b6284912f476824b3217bd4ffe4c7e08,train/attack/digital_2/scan/french-033_03.jpg,93d8236b26bfc3aa3f97c917486e6321279bbd637c9917b29dd2f6554876513e,"(1998, 1247)","(410, 256)",0.9771472215652466,0.9956038594245911,0.018456637859344482,0.21379294991493225,0.09377332031726837,0.12001962959766388
french-044_03,huawei,digital_1_vs_bonafide,digital_1,bonafide,train/attack/digital_1/huawei/french-044_03.jpg,9c605f12581fb513fede4a7eb2ae48eb416a5e72e99ae15d3f47ab202f9b475d,train/bonafide/huawei/french-044_03.jpg,801d7be8c7e44fd17f1dffbbbab64f40cf1b368434cecee2aff26e734231a1ac,"(3221, 1980)","(416, 256)",0.9705394506454468,0.9936907291412354,0.023151278495788574,0.24295690655708313,0.11284607648849487,0.13011083006858826
french-044_03,huawei,digital_2_vs_bonafide,digital_2,bonafide,train/attack/digital_2/huawei/french-044_03.jpg,ce73473b15bc0d7d4313a446cf0636d039fbc06d5a4be1cabcc5ed32a59b8491,train/bonafide/huawei/french-044_03.jpg,801d7be8c7e44fd17f1dffbbbab64f40cf1b368434cecee2aff26e734231a1ac,"(3221, 1980)","(416, 256)",0.9653129577636719,0.9926983118057251,0.027385354042053223,0.2663741409778595,0.12640316784381866,0.13997097313404083
french-044_03,huawei,digital_1_vs_digital_2,digital_1,digital_2,train/attack/digital_1/huawei/french-044_03.jpg,9c605f12581fb513fede4a7eb2ae48eb416a5e72e99ae15d3f47ab202f9b475d,train/attack/digital_2/huawei/french-044_03.jpg,ce73473b15bc0d7d4313a446cf0636d039fbc06d5a4be1cabcc5ed32a59b8491,"(3221, 1980)","(416, 256)",0.9673645496368408,0.992621898651123,0.025257349014282227,0.26035067439079285,0.1305440217256546,0.12980665266513824
french-044_03,iphone15pro,digital_1_vs_bonafide,digital_1,bonafide,train/attack/digital_1/iphone15pro/french-044_03.jpg,9be8272bca6d65b7b157be585396fdd72d741827df96e2fe46bc89a74d25b86f,train/bonafide/iphone15pro/french-044_03.jpg,43889c30222028ed18bc29389457a3b70d5edbd64825ad1fdbef4f399a1db465,"(2805, 1786)","(402, 256)",0.9466030597686768,0.9870964288711548,0.04049336910247803,0.3268108367919922,0.16180084645748138,0.1650099903345108
french-044_03,iphone15pro,digital_2_vs_bonafide,digital_2,bonafide,train/attack/digital_2/iphone15pro/french-044_03.jpg,957b50bf4a5604282612d0f604ef780c3b131b67b71ce259ce124a286c377b37,train/bonafide/iphone15pro/french-044_03.jpg,43889c30222028ed18bc29389457a3b70d5edbd64825ad1fdbef4f399a1db465,"(2805, 1786)","(402, 256)",0.9452074766159058,0.9881846308708191,0.04297715425491333,0.33110758662223816,0.15465091168880463,0.17645667493343353
french-044_03,iphone15pro,digital_1_vs_digital_2,digital_1,digital_2,train/attack/digital_1/iphone15pro/french-044_03.jpg,9be8272bca6d65b7b157be585396fdd72d741827df96e2fe46bc89a74d25b86f,train/attack/digital_2/iphone15pro/french-044_03.jpg,957b50bf4a5604282612d0f604ef780c3b131b67b71ce259ce124a286c377b37,"(2805, 1786)","(402, 256)",0.974825918674469,0.9948338866233826,0.020007967948913574,0.22462181746959686,0.10167507082223892,0.12294674664735794
french-044_03,scan,digital_1_vs_bonafide,digital_1,bonafide,train/attack/digital_1/scan/french-044_03.jpg,b7d9c497445499914502c8526caf7a7cccd36e234bfbb71bf2e80158473084ec,train/bonafide/scan/french-044_03.jpg,f91138f589afce81e2025e55682cc08294681e4978fcea5ae5ce2bc66a6e1a6b,"(1997, 1247)","(409, 256)",0.9718934297561646,0.9947673678398132,0.02287393808364868,0.2377839833498001,0.1023617535829544,0.1354222297668457
french-044_03,scan,digital_2_vs_bonafide,digital_2,bonafide,train/attack/digital_2/scan/french-044_03.jpg,399c84ec2ba8755e4943722b51a7ff5a9c0c3edc39c185552d7c5060ee844da6,train/bonafide/scan/french-044_03.jpg,f91138f589afce81e2025e55682cc08294681e4978fcea5ae5ce2bc66a6e1a6b,"(1997, 1247)","(409, 256)",0.9702144861221313,0.9932972192764282,0.023082733154296875,0.24408917129039764,0.11602511256933212,0.12806405872106552
french-044_03,scan,digital_1_vs_digital_2,digital_1,digital_2,train/attack/digital_1/scan/french-044_03.jpg,b7d9c497445499914502c8526caf7a7cccd36e234bfbb71bf2e80158473084ec,train/attack/digital_2/scan/french-044_03.jpg,399c84ec2ba8755e4943722b51a7ff5a9c0c3edc39c185552d7c5060ee844da6,"(1997, 1247)","(409, 256)",0.974089503288269,0.9945175647735596,0.020428061485290527,0.22814908623695374,0.10529693961143494,0.1228521466255188
french-068_03,huawei,digital_1_vs_bonafide,digital_1,bonafide,train/attack/digital_1/huawei/french-068_03.jpg,d6d55b31e12b98aa5e4230aec47da6ca78b2dde33bdc3f43785aa77a49f3ae97,train/bonafide/huawei/french-068_03.jpg,10a8e7215d59483d5e1a596621b2b45223f679d634f968e7633364f9badb17d2,"(3194, 1980)","(412, 256)",0.9430062770843506,0.9878825545310974,0.044876277446746826,0.34353843331336975,0.17002110183238983,0.17351733148097992
french-068_03,huawei,digital_2_vs_bonafide,digital_2,bonafide,train/attack/digital_2/huawei/french-068_03.jpg,f01a7dc238b2460b2734faf22e485127f74390804b48edf028493ff05ba8a88f,train/bonafide/huawei/french-068_03.jpg,10a8e7215d59483d5e1a596621b2b45223f679d634f968e7633364f9badb17d2,"(3194, 1980)","(412, 256)",0.9508371353149414,0.9885621070861816,0.037724971771240234,0.31762823462486267,0.15937618911266327,0.1582520455121994
french-068_03,huawei,digital_1_vs_digital_2,digital_1,digital_2,train/attack/digital_1/huawei/french-068_03.jpg,d6d55b31e12b98aa5e4230aec47da6ca78b2dde33bdc3f43785aa77a49f3ae97,train/attack/digital_2/huawei/french-068_03.jpg,f01a7dc238b2460b2734faf22e485127f74390804b48edf028493ff05ba8a88f,"(3194, 1980)","(412, 256)",0.9778929352760315,0.9953327775001526,0.017439842224121094,0.21067996323108673,0.09830731153488159,0.11237265169620514
french-068_03,iphone15pro,digital_1_vs_bonafide,digital_1,bonafide,train/attack/digital_1/iphone15pro/french-068_03.jpg,7b46abe894bb4c7a7995de7b36c36aa4cc3120a847767d01a1392271a447a46b,train/bonafide/iphone15pro/french-068_03.jpg,44396fb8a1318ac305dba61ceac895c46daea0a647bb1193046c8dc41d47b9dd,"(2803, 1784)","(402, 256)",0.9079148173332214,0.9767137765884399,0.0687989592552185,0.4360695481300354,0.22705194354057312,0.20901760458946228
french-068_03,iphone15pro,digital_2_vs_bonafide,digital_2,bonafide,train/attack/digital_2/iphone15pro/french-068_03.jpg,8a8b8532b5eca68c0d33bd7474c29baf60100e748734ba456109f57e139deab8,train/bonafide/iphone15pro/french-068_03.jpg,44396fb8a1318ac305dba61ceac895c46daea0a647bb1193046c8dc41d47b9dd,"(2803, 1784)","(402, 256)",0.9062707424163818,0.9776368141174316,0.0713660717010498,0.4410209357738495,0.22335003316402435,0.21767090260982513
french-068_03,iphone15pro,digital_1_vs_digital_2,digital_1,digital_2,train/attack/digital_1/iphone15pro/french-068_03.jpg,7b46abe894bb4c7a7995de7b36c36aa4cc3120a847767d01a1392271a447a46b,train/attack/digital_2/iphone15pro/french-068_03.jpg,8a8b8532b5eca68c0d33bd7474c29baf60100e748734ba456109f57e139deab8,"(2803, 1784)","(402, 256)",0.9722388982772827,0.9937967658042908,0.021557867527008057,0.23572692275047302,0.11139194667339325,0.12433497607707977
french-068_03,scan,digital_1_vs_bonafide,digital_1,bonafide,train/attack/digital_1/scan/french-068_03.jpg,ccb51c978ec572d47bb7a7b91436cde11cb15f33fa2d40809b45816205f9ae29,train/bonafide/scan/french-068_03.jpg,e4a7f68add0ac930e6860ffbd76af27e44d2ce600efee3d8f2a2704eb4f7b91e,"(1994, 1250)","(408, 256)",0.940200686454773,0.9877750873565674,0.047574400901794434,0.3473442792892456,0.15935222804546356,0.18799205124378204
french-068_03,scan,digital_2_vs_bonafide,digital_2,bonafide,train/attack/digital_2/scan/french-068_03.jpg,e0f615c2b8b19ed7baeb3e333e4cc8b2edb3bf552111f975a6d040f2fc7f98d7,train/bonafide/scan/french-068_03.jpg,e4a7f68add0ac930e6860ffbd76af27e44d2ce600efee3d8f2a2704eb4f7b91e,"(1994, 1250)","(408, 256)",0.9422014951705933,0.9868173003196716,0.04461580514907837,0.34400272369384766,0.16967080533504486,0.1743319183588028
french-068_03,scan,digital_1_vs_digital_2,digital_1,digital_2,train/attack/digital_1/scan/french-068_03.jpg,ccb51c978ec572d47bb7a7b91436cde11cb15f33fa2d40809b45816205f9ae29,train/attack/digital_2/scan/french-068_03.jpg,e0f615c2b8b19ed7baeb3e333e4cc8b2edb3bf552111f975a6d040f2fc7f98d7,"(1994, 1250)","(408, 256)",0.9841235876083374,0.9970456957817078,0.012922108173370361,0.1793300211429596,0.07907723635435104,0.10025278478860855
french-090_03,huawei,digital_1_vs_bonafide,digital_1,bonafide,train/attack/digital_1/huawei/french-090_03.jpg,eb174f6a2e0f2100e55a73249627144778124ab40534a7b1c06ec60cec8e99cf,train/bonafide/huawei/french-090_03.jpg,c90f9e8a275d98fff87abf86b142413c8526ad9060cb5a847ff8a30511171068,"(3027, 1885)","(411, 256)",0.9746925234794617,0.9942706227302551,0.019578099250793457,0.22519174218177795,0.10722731053829193,0.11796443164348602
french-090_03,huawei,digital_2_vs_bonafide,digital_2,bonafide,train/attack/digital_2/huawei/french-090_03.jpg,e2e989a0bc12f209d87b1fe31998f0f4ee33a157fb301f2a1742f9175e59e49e,train/bonafide/huawei/french-090_03.jpg,c90f9e8a275d98fff87abf86b142413c8526ad9060cb5a847ff8a30511171068,"(3027, 1885)","(411, 256)",0.971436619758606,0.993126630783081,0.021690011024475098,0.23903146386146545,0.11797069758176804,0.12106076627969742
french-090_03,huawei,digital_1_vs_digital_2,digital_1,digital_2,train/attack/digital_1/huawei/french-090_03.jpg,eb174f6a2e0f2100e55a73249627144778124ab40534a7b1c06ec60cec8e99cf,train/attack/digital_2/huawei/french-090_03.jpg,e2e989a0bc12f209d87b1fe31998f0f4ee33a157fb301f2a1742f9175e59e49e,"(3027, 1885)","(411, 256)",0.9808616638183594,0.9961468577384949,0.015285193920135498,0.1960677057504654,0.08805009722709656,0.10801760852336884
french-090_03,iphone15pro,digital_1_vs_bonafide,digital_1,bonafide,train/attack/digital_1/iphone15pro/french-090_03.jpg,4ffb37ad7a4aab2af35ee90dee747df60dbbe350af4c281e7e3fe92fc72d3947,train/bonafide/iphone15pro/french-090_03.jpg,c369ffe7125b5e00bb0f52c3653376556b4955103e95c8f3323a6df02175fd18,"(2646, 1616)","(419, 256)",0.9749667644500732,0.9950463771820068,0.020079612731933594,0.2238048017024994,0.09973838925361633,0.12406641244888306
french-090_03,iphone15pro,digital_2_vs_bonafide,digital_2,bonafide,train/attack/digital_2/iphone15pro/french-090_03.jpg,a029b458c787d86d7997e9af27640ceef42d4e956aba2edccaf905813e562456,train/bonafide/iphone15pro/french-090_03.jpg,c369ffe7125b5e00bb0f52c3653376556b4955103e95c8f3323a6df02175fd18,"(2646, 1616)","(419, 256)",0.9719134569168091,0.9935672283172607,0.02165377140045166,0.23913316428661346,0.1148696318268776,0.12426353245973587
french-090_03,iphone15pro,digital_1_vs_digital_2,digital_1,digital_2,train/attack/digital_1/iphone15pro/french-090_03.jpg,4ffb37ad7a4aab2af35ee90dee747df60dbbe350af4c281e7e3fe92fc72d3947,train/attack/digital_2/iphone15pro/french-090_03.jpg,a029b458c787d86d7997e9af27640ceef42d4e956aba2edccaf905813e562456,"(2646, 1616)","(419, 256)",0.9707766771316528,0.9932129383087158,0.02243626117706299,0.2444959282875061,0.11905787885189056,0.12543804943561554
french-090_03,scan,digital_1_vs_bonafide,digital_1,bonafide,train/attack/digital_1/scan/french-090_03.jpg,dbfc1af75ddd8726ac5ab5367f804142cfcb2691489f98b3b979ddc7f6dbfe11,train/bonafide/scan/french-090_03.jpg,b42e435532491b16dbe25c639f2ae145dc7250d3b2a31464664b9758da6e72cb,"(1996, 1249)","(409, 256)",0.9750502109527588,0.9949598908424377,0.019909679889678955,0.2235976755619049,0.10298124700784683,0.12061642855405807
french-090_03,scan,digital_2_vs_bonafide,digital_2,bonafide,train/attack/digital_2/scan/french-090_03.jpg,00296f5ffc59f5149e9ca6e9fa84daa8e5855fe5b7f678488ac981d4be59c855,train/bonafide/scan/french-090_03.jpg,b42e435532491b16dbe25c639f2ae145dc7250d3b2a31464664b9758da6e72cb,"(1996, 1249)","(409, 256)",0.9774503707885742,0.9952165484428406,0.017766177654266357,0.21259216964244843,0.09795156866312027,0.11464060097932816
french-090_03,scan,digital_1_vs_digital_2,digital_1,digital_2,train/attack/digital_1/scan/french-090_03.jpg,dbfc1af75ddd8726ac5ab5367f804142cfcb2691489f98b3b979ddc7f6dbfe11,train/attack/digital_2/scan/french-090_03.jpg,00296f5ffc59f5149e9ca6e9fa84daa8e5855fe5b7f678488ac981d4be59c855,"(1996, 1249)","(409, 256)",0.9821175932884216,0.996801495552063,0.014683902263641357,0.1901324838399887,0.0819111168384552,0.10822136700153351
french-091_03,huawei,digital_1_vs_bonafide,digital_1,bonafide,train/attack/digital_1/huawei/french-091_03.jpg,2c2ef1c71a864741e2e91a6a165111535b670fe7099c9e4eb1f2c3e4e8468540,train/bonafide/huawei/french-091_03.jpg,502e022672222d526cdc5436a4e622af6306aaeebb9fba99b44da58905049cf9,"(3192, 1963)","(416, 256)",0.9782342910766602,0.9951797723770142,0.016945481300354004,0.20866511762142181,0.09846170991659164,0.11020340770483017
french-091_03,huawei,digital_2_vs_bonafide,digital_2,bonafide,train/attack/digital_2/huawei/french-091_03.jpg,e11a3992a8f947d888c32ab03ae1909c0b895ac4a1348b24f0438a6742ac53bf,train/bonafide/huawei/french-091_03.jpg,502e022672222d526cdc5436a4e622af6306aaeebb9fba99b44da58905049cf9,"(3192, 1963)","(416, 256)",0.9681569337844849,0.9926856756210327,0.02452874183654785,0.252399742603302,0.12216639518737793,0.13023334741592407
french-091_03,huawei,digital_1_vs_digital_2,digital_1,digital_2,train/attack/digital_1/huawei/french-091_03.jpg,2c2ef1c71a864741e2e91a6a165111535b670fe7099c9e4eb1f2c3e4e8468540,train/attack/digital_2/huawei/french-091_03.jpg,e11a3992a8f947d888c32ab03ae1909c0b895ac4a1348b24f0438a6742ac53bf,"(3192, 1963)","(416, 256)",0.9717170000076294,0.9943391680717468,0.02262216806411743,0.2378394901752472,0.1068572923541069,0.1309821978211403
french-091_03,iphone15pro,digital_1_vs_bonafide,digital_1,bonafide,train/attack/digital_1/iphone15pro/french-091_03.jpg,2866f2af73dd82bb1b409179f92dea1f7a9d664268b243f70606ab6d115dceb0,train/bonafide/iphone15pro/french-091_03.jpg,485cbf4a54b763e5ea96acedfb6a5ad878d7c33383c67b34c90af9647385dec1,"(2802, 1788)","(401, 256)",0.9571828246116638,0.9903320074081421,0.03314918279647827,0.2926395833492279,0.13948117196559906,0.15315841138362885
french-091_03,iphone15pro,digital_2_vs_bonafide,digital_2,bonafide,train/attack/digital_2/iphone15pro/french-091_03.jpg,9cd76c3e50f30297b59028129f9359f23646b20d9c0ca7c728a9eecd02daa317,train/bonafide/iphone15pro/french-091_03.jpg,485cbf4a54b763e5ea96acedfb6a5ad878d7c33383c67b34c90af9647385dec1,"(2802, 1788)","(401, 256)",0.9480607509613037,0.9884493947029114,0.040388643741607666,0.3223055899143219,0.1521769016981125,0.1701286882162094
french-091_03,iphone15pro,digital_1_vs_digital_2,digital_1,digital_2,train/attack/digital_1/iphone15pro/french-091_03.jpg,2866f2af73dd82bb1b409179f92dea1f7a9d664268b243f70606ab6d115dceb0,train/attack/digital_2/iphone15pro/french-091_03.jpg,9cd76c3e50f30297b59028129f9359f23646b20d9c0ca7c728a9eecd02daa317,"(2802, 1788)","(401, 256)",0.9639543890953064,0.9925791025161743,0.02862471342086792,0.2685210704803467,0.12187314033508301,0.14664793014526367
french-091_03,scan,digital_1_vs_bonafide,digital_1,bonafide,train/attack/digital_1/scan/french-091_03.jpg,555123b2e7ecd3b1422f0e9be78217521f869967db184396cea160d396fee505,train/bonafide/scan/french-091_03.jpg,e1213298a4b1ce03054d2bbe4502fc236f966131202369b2edd3c36a1773a4a3,"(1994, 1247)","(409, 256)",0.9785850048065186,0.9964617490768433,0.017876744270324707,0.20738999545574188,0.0843142494559288,0.12307574599981308
french-091_03,scan,digital_2_vs_bonafide,digital_2,bonafide,train/attack/digital_2/scan/french-091_03.jpg,897f1e5386b34fabee56f96fcc78ab4de77d713b333bf5b9a2f6a1e0ed929906,train/bonafide/scan/french-091_03.jpg,e1213298a4b1ce03054d2bbe4502fc236f966131202369b2edd3c36a1773a4a3,"(1994, 1247)","(409, 256)",0.975922167301178,0.9950172901153564,0.019095122814178467,0.21944420039653778,0.0999651625752449,0.11947903782129288
french-091_03,scan,digital_1_vs_digital_2,digital_1,digital_2,train/attack/digital_1/scan/french-091_03.jpg,555123b2e7ecd3b1422f0e9be78217521f869967db184396cea160d396fee505,train/attack/digital_2/scan/french-091_03.jpg,897f1e5386b34fabee56f96fcc78ab4de77d713b333bf5b9a2f6a1e0ed929906,"(1994, 1247)","(409, 256)",0.9748527407646179,0.9954686760902405,0.02061593532562256,0.2246938794851303,0.09519864618778229,0.12949523329734802
french-097_03,huawei,digital_1_vs_bonafide,digital_1,bonafide,train/attack/digital_1/huawei/french-097_03.jpg,30d76f2586ed727faa9d0cf83cc6c30d8cbf7fb0a0739f2fae8993f452ad8947,train/bonafide/huawei/french-097_03.jpg,2ca18c254cae997528beb3b4fc7d28ac37dca782084c2a16178478adc477c8d9,"(3229, 1999)","(413, 256)",0.9734259843826294,0.995384931564331,0.02195894718170166,0.23095375299453735,0.098281130194664,0.13267262279987335
french-097_03,huawei,digital_2_vs_bonafide,digital_2,bonafide,train/attack/digital_2/huawei/french-097_03.jpg,a77c5be7bd72024bc7fd0151fdd8cd76ee3edabe05adb4fd4e657667d425316e,train/bonafide/huawei/french-097_03.jpg,2ca18c254cae997528beb3b4fc7d28ac37dca782084c2a16178478adc477c8d9,"(3229, 1999)","(413, 256)",0.9696125388145447,0.9939188957214355,0.02430635690689087,0.2465265393257141,0.11104271560907364,0.13548382371664047
french-097_03,huawei,digital_1_vs_digital_2,digital_1,digital_2,train/attack/digital_1/huawei/french-097_03.jpg,30d76f2586ed727faa9d0cf83cc6c30d8cbf7fb0a0739f2fae8993f452ad8947,train/attack/digital_2/huawei/french-097_03.jpg,a77c5be7bd72024bc7fd0151fdd8cd76ee3edabe05adb4fd4e657667d425316e,"(3229, 1999)","(413, 256)",0.9753567576408386,0.9953869581222534,0.020030200481414795,0.2224702090024948,0.09636303037405014,0.12610717862844467
french-097_03,iphone15pro,digital_1_vs_bonafide,digital_1,bonafide,train/attack/digital_1/iphone15pro/french-097_03.jpg,c36d06c7650c9759b3fb35102ded14cce6cbbc92fdcb4a564988e71c1c313b44,train/bonafide/iphone15pro/french-097_03.jpg,d7f0f0b50a1318c018214aff043180e02d4b2e90aaed73e9ba1d3b69b4502520,"(2788, 1754)","(406, 256)",0.9650060534477234,0.9929013252258301,0.02789527177810669,0.2656502425670624,0.12159740179777145,0.14405284076929092
french-097_03,iphone15pro,digital_2_vs_bonafide,digital_2,bonafide,train/attack/digital_2/iphone15pro/french-097_03.jpg,248300b6c58af2d5aea2f07ec87375e79e3d9fa496396ba4892c1e9085db39ba,train/bonafide/iphone15pro/french-097_03.jpg,d7f0f0b50a1318c018214aff043180e02d4b2e90aaed73e9ba1d3b69b4502520,"(2788, 1754)","(406, 256)",0.9618635177612305,0.9916853904724121,0.02982187271118164,0.27625682950019836,0.1289743036031723,0.14728252589702606
french-097_03,iphone15pro,digital_1_vs_digital_2,digital_1,digital_2,train/attack/digital_1/iphone15pro/french-097_03.jpg,c36d06c7650c9759b3fb35102ded14cce6cbbc92fdcb4a564988e71c1c313b44,train/attack/digital_2/iphone15pro/french-097_03.jpg,248300b6c58af2d5aea2f07ec87375e79e3d9fa496396ba4892c1e9085db39ba,"(2788, 1754)","(406, 256)",0.9716637134552002,0.9947347640991211,0.0230710506439209,0.24005480110645294,0.10495287925004959,0.13510192185640335
french-097_03,scan,digital_1_vs_bonafide,digital_1,bonafide,train/attack/digital_1/scan/french-097_03.jpg,d75f538545a7551f2284861d2752d2e6593bad036054e0be5a4b6fbaf365722f,train/bonafide/scan/french-097_03.jpg,e66081bb9f0270c9609242f5dd66ba01c2dae107ce24fdb000bd19639c19a808,"(1990, 1252)","(406, 256)",0.9705203771591187,0.9943834543228149,0.02386307716369629,0.24444878101348877,0.11100185662508011,0.13344692438840866
french-097_03,scan,digital_2_vs_bonafide,digital_2,bonafide,train/attack/digital_2/scan/french-097_03.jpg,7814a811d90bf7a743e417a76f9df73af5eb1d27a6c42e7dcc48b4991fbd441d,train/bonafide/scan/french-097_03.jpg,e66081bb9f0270c9609242f5dd66ba01c2dae107ce24fdb000bd19639c19a808,"(1990, 1252)","(406, 256)",0.9616756439208984,0.9920653104782104,0.03038966655731201,0.278238981962204,0.12623804807662964,0.15200093388557434
french-097_03,scan,digital_1_vs_digital_2,digital_1,digital_2,train/attack/digital_1/scan/french-097_03.jpg,d75f538545a7551f2284861d2752d2e6593bad036054e0be5a4b6fbaf365722f,train/attack/digital_2/scan/french-097_03.jpg,7814a811d90bf7a743e417a76f9df73af5eb1d27a6c42e7dcc48b4991fbd441d,"(1990, 1252)","(406, 256)",0.9541968107223511,0.9900858402252197,0.03588902950286865,0.3077569007873535,0.1466946005821228,0.1610623002052307
french-100_03,huawei,digital_1_vs_bonafide,digital_1,bonafide,train/attack/digital_1/huawei/french-100_03.jpg,a11acaeaf8d1f8ecb2b380bf929be5bc53ae8546899b88eb15a54405d3fda43d,train/bonafide/huawei/french-100_03.jpg,f0a8242e669e16949512abbb3e3c8f652acd85e4c4c00a753e37510bdc877c72,"(3197, 1974)","(414, 256)",0.9572722911834717,0.9923493266105652,0.035077035427093506,0.29466262459754944,0.13317713141441345,0.161485493183136
french-100_03,huawei,digital_2_vs_bonafide,digital_2,bonafide,train/attack/digital_2/huawei/french-100_03.jpg,6030ce7b501bf84e509fc11089a258714fee7c26e5ec3a1f5f318ef45d4423ff,train/bonafide/huawei/french-100_03.jpg,f0a8242e669e16949512abbb3e3c8f652acd85e4c4c00a753e37510bdc877c72,"(3197, 1974)","(414, 256)",0.9566989541053772,0.9898087978363037,0.033109843730926514,0.29529067873954773,0.1493665874004364,0.14592409133911133
french-100_03,huawei,digital_1_vs_digital_2,digital_1,digital_2,train/attack/digital_1/huawei/french-100_03.jpg,a11acaeaf8d1f8ecb2b380bf929be5bc53ae8546899b88eb15a54405d3fda43d,train/attack/digital_2/huawei/french-100_03.jpg,6030ce7b501bf84e509fc11089a258714fee7c26e5ec3a1f5f318ef45d4423ff,"(3197, 1974)","(414, 256)",0.9797199964523315,0.9965590238571167,0.016839027404785156,0.20179598033428192,0.0831349790096283,0.11866100132465363
french-100_03,iphone15pro,digital_1_vs_bonafide,digital_1,bonafide,train/attack/digital_1/iphone15pro/french-100_03.jpg,751a4633ce65d5aa1e57e477f504c952c9a78867af4a399ec0830097d02a5adf,train/bonafide/iphone15pro/french-100_03.jpg,8e4b0431c38ad173aeb72d381503233155f5dbef6b60f95e7a9c1d68d45e5a78,"(2801, 1784)","(401, 256)",0.9425477981567383,0.9864330887794495,0.04388529062271118,0.33906182646751404,0.16533973813056946,0.17372208833694458
french-100_03,iphone15pro,digital_2_vs_bonafide,digital_2,bonafide,train/attack/digital_2/iphone15pro/french-100_03.jpg,698ae1fb2942692834b0d84d07b0a02e90da12a2754521ca452ef21a56789e76,train/bonafide/iphone15pro/french-100_03.jpg,8e4b0431c38ad173aeb72d381503233155f5dbef6b60f95e7a9c1d68d45e5a78,"(2801, 1784)","(401, 256)",0.9352692365646362,0.9831099510192871,0.04784071445465088,0.36013251543045044,0.18416860699653625,0.17596390843391418
french-100_03,iphone15pro,digital_1_vs_digital_2,digital_1,digital_2,train/attack/digital_1/iphone15pro/french-100_03.jpg,751a4633ce65d5aa1e57e477f504c952c9a78867af4a399ec0830097d02a5adf,train/attack/digital_2/iphone15pro/french-100_03.jpg,698ae1fb2942692834b0d84d07b0a02e90da12a2754521ca452ef21a56789e76,"(2801, 1784)","(401, 256)",0.9782180786132812,0.9955648183822632,0.017346739768981934,0.20886336266994476,0.09421630948781967,0.11464705318212509
french-100_03,scan,digital_1_vs_bonafide,digital_1,bonafide,train/attack/digital_1/scan/french-100_03.jpg,337d2be177e6aa59acbb76a102b529d7d27259401e730a942a8330458f5014f8,train/bonafide/scan/french-100_03.jpg,830d42cf1f5488bd811e234690b975f0524429d1ec1c7c5fd861c72138569349,"(1997, 1248)","(409, 256)",0.9666570425033569,0.99435955286026,0.027702510356903076,0.2587941884994507,0.10920195281505585,0.14959223568439484
french-100_03,scan,digital_2_vs_bonafide,digital_2,bonafide,train/attack/digital_2/scan/french-100_03.jpg,cb0dc05c5ccb45168e9c420626e7e921e4f33efa6bdd2a25da341cd30934fa49,train/bonafide/scan/french-100_03.jpg,830d42cf1f5488bd811e234690b975f0524429d1ec1c7c5fd861c72138569349,"(1997, 1248)","(409, 256)",0.9484491348266602,0.9879761934280396,0.039527058601379395,0.3227623403072357,0.15511643886566162,0.1676459014415741
french-100_03,scan,digital_1_vs_digital_2,digital_1,digital_2,train/attack/digital_1/scan/french-100_03.jpg,337d2be177e6aa59acbb76a102b529d7d27259401e730a942a8330458f5014f8,train/attack/digital_2/scan/french-100_03.jpg,cb0dc05c5ccb45168e9c420626e7e921e4f33efa6bdd2a25da341cd30934fa49,"(1997, 1248)","(409, 256)",0.9695863723754883,0.992881715297699,0.023295342922210693,0.2516355812549591,0.12280331552028656,0.12883226573467255
french-118_03,huawei,digital_1_vs_bonafide,digital_1,bonafide,train/attack/digital_1/huawei/french-118_03.jpg,dff046d17e7c9f2fb0ef323819016ee2f9a3e300e3c0b5c111046b5e500a8871,train/bonafide/huawei/french-118_03.jpg,1c8a6aef70eacbba3daed493a468a7fc5cf25e5c85c7445af123e47b63131b1d,"(3194, 1975)","(414, 256)",0.9722784757614136,0.9940488338470459,0.021770358085632324,0.23570705950260162,0.11078879982233047,0.12491825968027115
french-118_03,huawei,digital_2_vs_bonafide,digital_2,bonafide,train/attack/digital_2/huawei/french-118_03.jpg,ac81287169773689f2d0f1c47816767f9f4b2804fac64f80b7a0ba43cd62bdd8,train/bonafide/huawei/french-118_03.jpg,1c8a6aef70eacbba3daed493a468a7fc5cf25e5c85c7445af123e47b63131b1d,"(3194, 1975)","(414, 256)",0.9764624238014221,0.9949278235435486,0.018465399742126465,0.21927618980407715,0.10196267813444138,0.11731351166963577
french-118_03,huawei,digital_1_vs_digital_2,digital_1,digital_2,train/attack/digital_1/huawei/french-118_03.jpg,dff046d17e7c9f2fb0ef323819016ee2f9a3e300e3c0b5c111046b5e500a8871,train/attack/digital_2/huawei/french-118_03.jpg,ac81287169773689f2d0f1c47816767f9f4b2804fac64f80b7a0ba43cd62bdd8,"(3194, 1975)","(414, 256)",0.9658414125442505,0.9928510785102844,0.027009665966033936,0.26478254795074463,0.12463342398405075,0.14014912396669388
french-118_03,iphone15pro,digital_1_vs_bonafide,digital_1,bonafide,train/attack/digital_1/iphone15pro/french-118_03.jpg,4f44ed532ccbfef5f1c434f9bb2dc7dfaefc80ea2778d25386316e6b86002dfb,train/bonafide/iphone15pro/french-118_03.jpg,1eadad96eb44f02b16cb11ccf0fe26624e6edb5dbb1a21c63fa8b9806898af3b,"(2806, 1786)","(402, 256)",0.9515196084976196,0.9886724352836609,0.03715282678604126,0.3143293261528015,0.1531248390674591,0.1612044870853424
french-118_03,iphone15pro,digital_2_vs_bonafide,digital_2,bonafide,train/attack/digital_2/iphone15pro/french-118_03.jpg,7feffab1d5c3cefd8517e544af1008f7dd4e98c8a1ac5e346be81e91d7895aa9,train/bonafide/iphone15pro/french-118_03.jpg,1eadad96eb44f02b16cb11ccf0fe26624e6edb5dbb1a21c63fa8b9806898af3b,"(2806, 1786)","(402, 256)",0.9663196206092834,0.9926917552947998,0.026372134685516357,0.2596128582954407,0.12095450609922409,0.13865835219621658
french-118_03,iphone15pro,digital_1_vs_digital_2,digital_1,digital_2,train/attack/digital_1/iphone15pro/french-118_03.jpg,4f44ed532ccbfef5f1c434f9bb2dc7dfaefc80ea2778d25386316e6b86002dfb,train/attack/digital_2/iphone15pro/french-118_03.jpg,7feffab1d5c3cefd8517e544af1008f7dd4e98c8a1ac5e346be81e91d7895aa9,"(2806, 1786)","(402, 256)",0.9671756625175476,0.9934611320495605,0.02628546953201294,0.2588662803173065,0.11695612221956253,0.141910158097744
french-118_03,scan,digital_1_vs_bonafide,digital_1,bonafide,train/attack/digital_1/scan/french-118_03.jpg,ae505b528e658c4a4331cc1896a954c7be88869d89518d0d7b47e6421968a33f,train/bonafide/scan/french-118_03.jpg,83fda07cfc9ecea0ec1af9a966beeb9e6570373f0b5410714b26f12e9133e9b6,"(1996, 1247)","(409, 256)",0.9697210788726807,0.9942694306373596,0.024548351764678955,0.2508978843688965,0.1166190505027771,0.13427883386611938
french-118_03,scan,digital_2_vs_bonafide,digital_2,bonafide,train/attack/digital_2/scan/french-118_03.jpg,e1c2b08dd1f81285b6610e4e0cfd933a59c1b04ca77998f639ad71f151f37591,train/bonafide/scan/french-118_03.jpg,83fda07cfc9ecea0ec1af9a966beeb9e6570373f0b5410714b26f12e9133e9b6,"(1996, 1247)","(409, 256)",0.9931856989860535,0.9985236525535583,0.005337953567504883,0.11682429164648056,0.05435562506318092,0.06246866658329964
french-118_03,scan,digital_1_vs_digital_2,digital_1,digital_2,train/attack/digital_1/scan/french-118_03.jpg,ae505b528e658c4a4331cc1896a954c7be88869d89518d0d7b47e6421968a33f,train/attack/digital_2/scan/french-118_03.jpg,e1c2b08dd1f81285b6610e4e0cfd933a59c1b04ca77998f639ad71f151f37591,"(1996, 1247)","(409, 256)",0.9673166275024414,0.9937147498130798,0.026398122310638428,0.25951772928237915,0.12075645476579666,0.1387612745165825
french-135_03,huawei,digital_1_vs_bonafide,digital_1,bonafide,train/attack/digital_1/huawei/french-135_03.jpg,e22960f43ad7d4a2d449384bdd5e6c3af9bb5fc428eec7329ce2c2f7eef128c9,train/bonafide/huawei/french-135_03.jpg,c028254379fcba7baa66e79d9d9132a4bc54ea4090c0049c4e720efab2a9ec97,"(3215, 1969)","(417, 256)",0.9845077991485596,0.9966630339622498,0.012155234813690186,0.179897278547287,0.09126010537147522,0.08863717317581177
french-135_03,huawei,digital_2_vs_bonafide,digital_2,bonafide,train/attack/digital_2/huawei/french-135_03.jpg,7f6942242c1dd1560288ad99af0819dbbc57c08b4e0edd4f4fc03a32efdd60d1,train/bonafide/huawei/french-135_03.jpg,c028254379fcba7baa66e79d9d9132a4bc54ea4090c0049c4e720efab2a9ec97,"(3215, 1969)","(417, 256)",0.9886544942855835,0.997787594795227,0.009133100509643555,0.15164892375469208,0.06804488599300385,0.08360403776168823
french-135_03,huawei,digital_1_vs_digital_2,digital_1,digital_2,train/attack/digital_1/huawei/french-135_03.jpg,e22960f43ad7d4a2d449384bdd5e6c3af9bb5fc428eec7329ce2c2f7eef128c9,train/attack/digital_2/huawei/french-135_03.jpg,7f6942242c1dd1560288ad99af0819dbbc57c08b4e0edd4f4fc03a32efdd60d1,"(3215, 1969)","(417, 256)",0.9842368364334106,0.996741771697998,0.012504935264587402,0.17864051461219788,0.08491584658622742,0.09372466802597046
french-135_03,iphone15pro,digital_1_vs_bonafide,digital_1,bonafide,train/attack/digital_1/iphone15pro/french-135_03.jpg,305c7ce8eca73791085a32ed563cd931f60397fc7e2f1177b4cb25f6aad5304a,train/bonafide/iphone15pro/french-135_03.jpg,0baf9527fdef5413d699b0c462d9658aca65d8fb4e64a8cb42a2c8bf234eae2c,"(2802, 1785)","(401, 256)",0.9815300703048706,0.996814489364624,0.015284419059753418,0.19268687069416046,0.08129139244556427,0.11139547824859619
french-135_03,iphone15pro,digital_2_vs_bonafide,digital_2,bonafide,train/attack/digital_2/iphone15pro/french-135_03.jpg,ad43a69357701ef8ab1937cba134c4a60668a283394765259a4d5e579956e6d6,train/bonafide/iphone15pro/french-135_03.jpg,0baf9527fdef5413d699b0c462d9658aca65d8fb4e64a8cb42a2c8bf234eae2c,"(2802, 1785)","(401, 256)",0.9779810309410095,0.9954427480697632,0.017461717128753662,0.2105194628238678,0.0970497578382492,0.11346970498561859
french-135_03,iphone15pro,digital_1_vs_digital_2,digital_1,digital_2,train/attack/digital_1/iphone15pro/french-135_03.jpg,305c7ce8eca73791085a32ed563cd931f60397fc7e2f1177b4cb25f6aad5304a,train/attack/digital_2/iphone15pro/french-135_03.jpg,ad43a69357701ef8ab1937cba134c4a60668a283394765259a4d5e579956e6d6,"(2802, 1785)","(401, 256)",0.9754397869110107,0.9947104454040527,0.019270658493041992,0.22165201604366302,0.10287318378686905,0.11877883225679398
french-135_03,scan,digital_1_vs_bonafide,digital_1,bonafide,train/attack/digital_1/scan/french-135_03.jpg,6ce4139f4c9673c911c27c807c991a5af044083441e5b63664863f186aa8ceed,train/bonafide/scan/french-135_03.jpg,6adfa2b7a24432ec22e41a22986e7ef2fdbc73d0f58d5fb88f578a063eeacfa7,"(1997, 1247)","(409, 256)",0.9749739170074463,0.99485182762146,0.019877910614013672,0.22625139355659485,0.10320211946964264,0.12304927408695221
french-135_03,scan,digital_2_vs_bonafide,digital_2,bonafide,train/attack/digital_2/scan/french-135_03.jpg,19781cae77bc6f7943cabab52eceda1763f0fcec4a92f05fbe90265eff1d1af7,train/bonafide/scan/french-135_03.jpg,6adfa2b7a24432ec22e41a22986e7ef2fdbc73d0f58d5fb88f578a063eeacfa7,"(1997, 1247)","(409, 256)",0.9753789901733398,0.9949860572814941,0.019607067108154297,0.22259125113487244,0.10241717845201492,0.12017407268285751
french-135_03,scan,digital_1_vs_digital_2,digital_1,digital_2,train/attack/digital_1/scan/french-135_03.jpg,6ce4139f4c9673c911c27c807c991a5af044083441e5b63664863f186aa8ceed,train/attack/digital_2/scan/french-135_03.jpg,19781cae77bc6f7943cabab52eceda1763f0fcec4a92f05fbe90265eff1d1af7,"(1997, 1247)","(409, 256)",0.9794724583625793,0.9961372017860413,0.016664743423461914,0.20899851620197296,0.09670019149780273,0.11229832470417023
french-NF-1020,huawei,digital_1_vs_bonafide,digital_1,bonafide,train/attack/digital_1/huawei/french-NF-1020.jpg,81c9ce0093a37fb3d7260f7dd5f3ccf29f8b7494dd36d1da1a864e29d4c27c37,train/bonafide/huawei/french-NF-1020.jpg,49b0e62262cb1c06bbe9dd3f45b8181e398677fd6a832ca947153d68df54217c,"(3197, 1966)","(416, 256)",0.9743262529373169,0.9944073557853699,0.02008110284805298,0.2279367297887802,0.10844302177429199,0.11949370801448822
french-NF-1020,huawei,digital_2_vs_bonafide,digital_2,bonafide,train/attack/digital_2/huawei/french-NF-1020.jpg,065e1a4541be1cd1dda210fe6bd858314349935fe2605c702ac09d4a63b0daba,train/bonafide/huawei/french-NF-1020.jpg,49b0e62262cb1c06bbe9dd3f45b8181e398677fd6a832ca947153d68df54217c,"(3197, 1966)","(416, 256)",0.9816526174545288,0.9954123497009277,0.013759732246398926,0.19171476364135742,0.09647338837385178,0.09524137526750565
french-NF-1020,huawei,digital_1_vs_digital_2,digital_1,digital_2,train/attack/digital_1/huawei/french-NF-1020.jpg,81c9ce0093a37fb3d7260f7dd5f3ccf29f8b7494dd36d1da1a864e29d4c27c37,train/attack/digital_2/huawei/french-NF-1020.jpg,065e1a4541be1cd1dda210fe6bd858314349935fe2605c702ac09d4a63b0daba,"(3197, 1966)","(416, 256)",0.9668443202972412,0.992717981338501,0.025873661041259766,0.2580643594264984,0.12132678925991058,0.13673757016658783
french-NF-1020,iphone15pro,digital_1_vs_bonafide,digital_1,bonafide,train/attack/digital_1/iphone15pro/french-NF-1020.jpg,c0d250073b4d393ac4ebf0866ca1a024250974ccdbf09bf1f2a48a021043d18a,train/bonafide/iphone15pro/french-NF-1020.jpg,616f0ecfcec818097ce0517160419ac12212fa3152bf035b005786ff709b4446,"(2786, 1773)","(402, 256)",0.9545748233795166,0.9910366535186768,0.036461830139160156,0.302459180355072,0.1356966644525528,0.16676251590251923
french-NF-1020,iphone15pro,digital_2_vs_bonafide,digital_2,bonafide,train/attack/digital_2/iphone15pro/french-NF-1020.jpg,def352592514eb3c4cd8ef493dcc47b8005ea934ef8b0bb41786505b7164a4a2,train/bonafide/iphone15pro/french-NF-1020.jpg,616f0ecfcec818097ce0517160419ac12212fa3152bf035b005786ff709b4446,"(2786, 1773)","(402, 256)",0.9550033807754517,0.9903017282485962,0.03529834747314453,0.300245076417923,0.14082778990268707,0.1594172865152359
french-NF-1020,iphone15pro,digital_1_vs_digital_2,digital_1,digital_2,train/attack/digital_1/iphone15pro/french-NF-1020.jpg,c0d250073b4d393ac4ebf0866ca1a024250974ccdbf09bf1f2a48a021043d18a,train/attack/digital_2/iphone15pro/french-NF-1020.jpg,def352592514eb3c4cd8ef493dcc47b8005ea934ef8b0bb41786505b7164a4a2,"(2786, 1773)","(402, 256)",0.9511520862579346,0.9893584251403809,0.03820633888244629,0.312821626663208,0.14589272439479828,0.16692890226840973
french-NF-1020,scan,digital_1_vs_bonafide,digital_1,bonafide,train/attack/digital_1/scan/french-NF-1020.jpg,19f78c225e33003ae2e43406a8c72921525012ca0b96d86cf4472fd28e4411cc,train/bonafide/scan/french-NF-1020.jpg,158a9f5838797463921fe3a087c9887a657e8c42bec7b1ae9273ad83420750c2,"(1996, 1252)","(408, 256)",0.9711552858352661,0.9942713379859924,0.02311605215072632,0.2418997436761856,0.10869665443897247,0.13320308923721313
french-NF-1020,scan,digital_2_vs_bonafide,digital_2,bonafide,train/attack/digital_2/scan/french-NF-1020.jpg,4671583b907daa212b1e89abd89027a8274ddbb9310b1acc63b57b1d52c290c3,train/bonafide/scan/french-NF-1020.jpg,158a9f5838797463921fe3a087c9887a657e8c42bec7b1ae9273ad83420750c2,"(1996, 1252)","(408, 256)",0.9684602618217468,0.9932491779327393,0.02478891611099243,0.2527015507221222,0.11683113127946854,0.13587041944265366
french-NF-1020,scan,digital_1_vs_digital_2,digital_1,digital_2,train/attack/digital_1/scan/french-NF-1020.jpg,19f78c225e33003ae2e43406a8c72921525012ca0b96d86cf4472fd28e4411cc,train/attack/digital_2/scan/french-NF-1020.jpg,4671583b907daa212b1e89abd89027a8274ddbb9310b1acc63b57b1d52c290c3,"(1996, 1252)","(408, 256)",0.9486251473426819,0.9885939359664917,0.039968788623809814,0.3254569470882416,0.15419363975524902,0.17126330733299255
french-NF-1056,huawei,digital_1_vs_bonafide,digital_1,bonafide,train/attack/digital_1/huawei/french-NF-1056.jpg,2459f8ae6cb465076f5cadca9a77534215f08deef9f4aab244bc1f164ef33a03,train/bonafide/huawei/french-NF-1056.jpg,b2114468c16e1d963bbbcd3de1b86c65ff09cee43818ce356b70f680492ea826,"(3200, 1974)","(414, 256)",0.9673988223075867,0.9918053150177002,0.024406492710113525,0.25560563802719116,0.12806256115436554,0.12754307687282562
french-NF-1056,huawei,digital_2_vs_bonafide,digital_2,bonafide,train/attack/digital_2/huawei/french-NF-1056.jpg,770a2e4021facf5dfce77b990e6c896c5d3eee75633d6f96a58efc5bc3cc0b24,train/bonafide/huawei/french-NF-1056.jpg,b2114468c16e1d963bbbcd3de1b86c65ff09cee43818ce356b70f680492ea826,"(3200, 1974)","(414, 256)",0.9392275810241699,0.983296275138855,0.04406869411468506,0.3487456440925598,0.18279697000980377,0.16594867408275604
french-NF-1056,huawei,digital_1_vs_digital_2,digital_1,digital_2,train/attack/digital_1/huawei/french-NF-1056.jpg,2459f8ae6cb465076f5cadca9a77534215f08deef9f4aab244bc1f164ef33a03,train/attack/digital_2/huawei/french-NF-1056.jpg,770a2e4021facf5dfce77b990e6c896c5d3eee75633d6f96a58efc5bc3cc0b24,"(3200, 1974)","(414, 256)",0.9342736005783081,0.9833213090896606,0.04904770851135254,0.3631294369697571,0.18264153599739075,0.18048790097236633
french-NF-1056,iphone15pro,digital_1_vs_bonafide,digital_1,bonafide,train/attack/digital_1/iphone15pro/french-NF-1056.jpg,d4d4527027d325667f30becc02a06bf9f5eaf05865615655e4647b875566b987,train/bonafide/iphone15pro/french-NF-1056.jpg,2fc1566acd7c4f1f748d6744fe16777cf04cd58625b5ee667b2c1bb582ebbc20,"(2801, 1788)","(401, 256)",0.9480774998664856,0.9872245788574219,0.03914707899093628,0.32531413435935974,0.16387295722961426,0.16144117712974548
french-NF-1056,iphone15pro,digital_2_vs_bonafide,digital_2,bonafide,train/attack/digital_2/iphone15pro/french-NF-1056.jpg,e14be90890b394c5b5d3e3b35df7f1c0832fe06e42a7705553b4faad6509a0d4,train/bonafide/iphone15pro/french-NF-1056.jpg,2fc1566acd7c4f1f748d6744fe16777cf04cd58625b5ee667b2c1bb582ebbc20,"(2801, 1788)","(401, 256)",0.947228729724884,0.9859875440597534,0.038758814334869385,0.32546231150627136,0.16750624775886536,0.157956063747406
french-NF-1056,iphone15pro,digital_1_vs_digital_2,digital_1,digital_2,train/attack/digital_1/iphone15pro/french-NF-1056.jpg,d4d4527027d325667f30becc02a06bf9f5eaf05865615655e4647b875566b987,train/attack/digital_2/iphone15pro/french-NF-1056.jpg,e14be90890b394c5b5d3e3b35df7f1c0832fe06e42a7705553b4faad6509a0d4,"(2801, 1788)","(401, 256)",0.9513275623321533,0.9880345463752747,0.03670698404312134,0.3185306191444397,0.16026899218559265,0.15826162695884705
french-NF-1056,scan,digital_1_vs_bonafide,digital_1,bonafide,train/attack/digital_1/scan/french-NF-1056.jpg,81ba7a632ceee26ba92507e1fd549218c847d2d3b1a0b0d39d0d648a6ae5e804,train/bonafide/scan/french-NF-1056.jpg,5de4234aad30a168238aa5bd0f282c908559df9d359ee01e898883ba2e482fcd,"(1997, 1247)","(409, 256)",0.955306887626648,0.989241361618042,0.03393447399139404,0.299461305141449,0.14735040068626404,0.15211090445518494
french-NF-1056,scan,digital_2_vs_bonafide,digital_2,bonafide,train/attack/digital_2/scan/french-NF-1056.jpg,0b52c8f0b3ea967eb61a98fa5d75303bff8af9823a6f099f9c178e2bd64ad3c0,train/bonafide/scan/french-NF-1056.jpg,5de4234aad30a168238aa5bd0f282c908559df9d359ee01e898883ba2e482fcd,"(1997, 1247)","(409, 256)",0.9616012573242188,0.991079568862915,0.02947831153869629,0.27784866094589233,0.13420411944389343,0.1436445415019989
french-NF-1056,scan,digital_1_vs_digital_2,digital_1,digital_2,train/attack/digital_1/scan/french-NF-1056.jpg,81ba7a632ceee26ba92507e1fd549218c847d2d3b1a0b0d39d0d648a6ae5e804,train/attack/digital_2/scan/french-NF-1056.jpg,0b52c8f0b3ea967eb61a98fa5d75303bff8af9823a6f099f9c178e2bd64ad3c0,"(1997, 1247)","(409, 256)",0.9478433132171631,0.9878897666931152,0.04004645347595215,0.3250899016857147,0.15794774889945984,0.16714215278625488
french-NF-1063,huawei,digital_1_vs_bonafide,digital_1,bonafide,train/attack/digital_1/huawei/french-NF-1063.jpg,470508d77b3fde0ec707990ecedd723e18eb1ac4cfa68005415ddb98d51a755b,train/bonafide/huawei/french-NF-1063.jpg,05e5c1f6c55cd02131c58e84ab019e7cb8890c3c0214335c4b872b5e3b9a37ea,"(3207, 1969)","(416, 256)",0.9713625907897949,0.9939464330673218,0.022583842277526855,0.23934686183929443,0.11003308743238449,0.12931377440690994
french-NF-1063,huawei,digital_2_vs_bonafide,digital_2,bonafide,train/attack/digital_2/huawei/french-NF-1063.jpg,be3f601847d0ae9390c878603cfcd74003fecb85db4c73f6f0cc7a656d2125b7,train/bonafide/huawei/french-NF-1063.jpg,05e5c1f6c55cd02131c58e84ab019e7cb8890c3c0214335c4b872b5e3b9a37ea,"(3207, 1969)","(416, 256)",0.9727309942245483,0.9934118986129761,0.020680904388427734,0.23357927799224854,0.11480413377285004,0.1187751442193985
french-NF-1063,huawei,digital_1_vs_digital_2,digital_1,digital_2,train/attack/digital_1/huawei/french-NF-1063.jpg,470508d77b3fde0ec707990ecedd723e18eb1ac4cfa68005415ddb98d51a755b,train/attack/digital_2/huawei/french-NF-1063.jpg,be3f601847d0ae9390c878603cfcd74003fecb85db4c73f6f0cc7a656d2125b7,"(3207, 1969)","(416, 256)",0.97124183177948,0.994078516960144,0.022836685180664062,0.23996199667453766,0.10884957015514374,0.13111242651939392
french-NF-1063,iphone15pro,digital_1_vs_bonafide,digital_1,bonafide,train/attack/digital_1/iphone15pro/french-NF-1063.jpg,096a0fc708f43ad6f27cacf1b664d06a8ce676b9d52c26dbec275fd8233110ef,train/bonafide/iphone15pro/french-NF-1063.jpg,4bfb9f5e87c5bcd75c8c937076e6a467fd7e7a3b1fc7e472b68fac7bfde51dc9,"(2800, 1782)","(402, 256)",0.9624139070510864,0.9911283254623413,0.028714418411254883,0.2741895318031311,0.1333242803812027,0.1408652514219284
french-NF-1063,iphone15pro,digital_2_vs_bonafide,digital_2,bonafide,train/attack/digital_2/iphone15pro/french-NF-1063.jpg,305d0d93b89cb5693947534b09b28275c31e0e2f8fa92edc40777a26ab619073,train/bonafide/iphone15pro/french-NF-1063.jpg,4bfb9f5e87c5bcd75c8c937076e6a467fd7e7a3b1fc7e472b68fac7bfde51dc9,"(2800, 1782)","(402, 256)",0.9583088159561157,0.9893739223480225,0.03106510639190674,0.2918345630168915,0.14768177270889282,0.14415279030799866
french-NF-1063,iphone15pro,digital_1_vs_digital_2,digital_1,digital_2,train/attack/digital_1/iphone15pro/french-NF-1063.jpg,096a0fc708f43ad6f27cacf1b664d06a8ce676b9d52c26dbec275fd8233110ef,train/attack/digital_2/iphone15pro/french-NF-1063.jpg,305d0d93b89cb5693947534b09b28275c31e0e2f8fa92edc40777a26ab619073,"(2800, 1782)","(402, 256)",0.9574571847915649,0.9906487464904785,0.033191561698913574,0.29435205459594727,0.13793189823627472,0.15642015635967255
french-NF-1063,scan,digital_1_vs_bonafide,digital_1,bonafide,train/attack/digital_1/scan/french-NF-1063.jpg,76e819f7131d3ec5e4a3f595eada782e91f39ddebb7d95ef3a4868995ab0761c,train/bonafide/scan/french-NF-1063.jpg,971f783d712f92f40802d2be31eef472e52e5b816a7a4b5e397f1e43943e5153,"(1993, 1248)","(408, 256)",0.9672801494598389,0.992942214012146,0.02566206455230713,0.25617748498916626,0.11958831548690796,0.1365891695022583
french-NF-1063,scan,digital_2_vs_bonafide,digital_2,bonafide,train/attack/digital_2/scan/french-NF-1063.jpg,406a838843945212019381a658e56c7682c6a4791b2ed5887349da20aba441f1,train/bonafide/scan/french-NF-1063.jpg,971f783d712f92f40802d2be31eef472e52e5b816a7a4b5e397f1e43943e5153,"(1993, 1248)","(408, 256)",0.9649045467376709,0.9919250011444092,0.02702045440673828,0.26498156785964966,0.12709692120552063,0.13788464665412903
french-NF-1063,scan,digital_1_vs_digital_2,digital_1,digital_2,train/attack/digital_1/scan/french-NF-1063.jpg,76e819f7131d3ec5e4a3f595eada782e91f39ddebb7d95ef3a4868995ab0761c,train/attack/digital_2/scan/french-NF-1063.jpg,406a838843945212019381a658e56c7682c6a4791b2ed5887349da20aba441f1,"(1993, 1248)","(408, 256)",0.9742941856384277,0.9954582452774048,0.02116405963897705,0.22750526666641235,0.09602892398834229,0.13147634267807007
french-NF-1095,huawei,digital_1_vs_bonafide,digital_1,bonafide,train/attack/digital_1/huawei/french-NF-1095.jpg,64cdd32211d3a6476c5d8c1a506d9a27a1e54e5434d542eb0bd130a8081a2ffe,train/bonafide/huawei/french-NF-1095.jpg,98e471a347929801491b716f0088299e50c94c07eec27d512838ee33b3c7f3b2,"(3028, 1882)","(411, 256)",0.9476138949394226,0.9894369840621948,0.04182308912277222,0.3252657949924469,0.14716610312461853,0.17809969186782837
french-NF-1095,huawei,digital_2_vs_bonafide,digital_2,bonafide,train/attack/digital_2/huawei/french-NF-1095.jpg,b84a541146b1b1cf323cd506c35735f3c40501da842c5dc086714d7a7a627e92,train/bonafide/huawei/french-NF-1095.jpg,98e471a347929801491b716f0088299e50c94c07eec27d512838ee33b3c7f3b2,"(3028, 1882)","(411, 256)",0.9366858601570129,0.9864922165870667,0.04980635643005371,0.3571772277355194,0.1656201034784317,0.1915571242570877
french-NF-1095,huawei,digital_1_vs_digital_2,digital_1,digital_2,train/attack/digital_1/huawei/french-NF-1095.jpg,64cdd32211d3a6476c5d8c1a506d9a27a1e54e5434d542eb0bd130a8081a2ffe,train/attack/digital_2/huawei/french-NF-1095.jpg,b84a541146b1b1cf323cd506c35735f3c40501da842c5dc086714d7a7a627e92,"(3028, 1882)","(411, 256)",0.9545032382011414,0.9905365109443665,0.0360332727432251,0.3016534447669983,0.1376011073589325,0.1640523374080658
french-NF-1095,iphone15pro,digital_1_vs_bonafide,digital_1,bonafide,train/attack/digital_1/iphone15pro/french-NF-1095.jpg,34ecc7c2d309f8a1494fee5668a1ff2e2ef64f794766c1dd316f36d0ab2b682e,train/bonafide/iphone15pro/french-NF-1095.jpg,d8c3521aeeb26b03bc33a89daa21b0a87804528c0e68f1b0cc38e9e2286b4fcc,"(2626, 1601)","(419, 256)",0.9677280187606812,0.9937211871147156,0.025993168354034424,0.25620269775390625,0.11417119950056076,0.1420314982533455
french-NF-1095,iphone15pro,digital_2_vs_bonafide,digital_2,bonafide,train/attack/digital_2/iphone15pro/french-NF-1095.jpg,3ef7794e9d292da5ea9da00b674bfefc90aa8699a6dcb8d4f17a95daf2482bab,train/bonafide/iphone15pro/french-NF-1095.jpg,d8c3521aeeb26b03bc33a89daa21b0a87804528c0e68f1b0cc38e9e2286b4fcc,"(2626, 1601)","(419, 256)",0.9592564105987549,0.9919137358665466,0.03265732526779175,0.28657132387161255,0.1278172880411148,0.15875403583049774
french-NF-1095,iphone15pro,digital_1_vs_digital_2,digital_1,digital_2,train/attack/digital_1/iphone15pro/french-NF-1095.jpg,34ecc7c2d309f8a1494fee5668a1ff2e2ef64f794766c1dd316f36d0ab2b682e,train/attack/digital_2/iphone15pro/french-NF-1095.jpg,3ef7794e9d292da5ea9da00b674bfefc90aa8699a6dcb8d4f17a95daf2482bab,"(2626, 1601)","(419, 256)",0.96256023645401,0.993322491645813,0.03076225519180298,0.2737528383731842,0.11591389775276184,0.15783894062042236
french-NF-1095,scan,digital_1_vs_bonafide,digital_1,bonafide,train/attack/digital_1/scan/french-NF-1095.jpg,b21800c41ef36961b4126bafa8e889c6a6bf79635b12ab623f438ee2ccfcdde3,train/bonafide/scan/french-NF-1095.jpg,876e3d8315c327403223e4ac7eaba4514697c0e078698b6ee0a54c61eb9af647,"(1997, 1247)","(409, 256)",0.9465264081954956,0.9886902570724487,0.042163848876953125,0.3273441195487976,0.15174102783203125,0.17560309171676636
french-NF-1095,scan,digital_2_vs_bonafide,digital_2,bonafide,train/attack/digital_2/scan/french-NF-1095.jpg,e99016e5d89650270dd7e1e11dc91b59ecafa36e513489d7aaa744d43ae89ab5,train/bonafide/scan/french-NF-1095.jpg,876e3d8315c327403223e4ac7eaba4514697c0e078698b6ee0a54c61eb9af647,"(1997, 1247)","(409, 256)",0.9401080012321472,0.9869407415390015,0.04683274030685425,0.3490733802318573,0.1683313250541687,0.1807420551776886
french-NF-1095,scan,digital_1_vs_digital_2,digital_1,digital_2,train/attack/digital_1/scan/french-NF-1095.jpg,b21800c41ef36961b4126bafa8e889c6a6bf79635b12ab623f438ee2ccfcdde3,train/attack/digital_2/scan/french-NF-1095.jpg,e99016e5d89650270dd7e1e11dc91b59ecafa36e513489d7aaa744d43ae89ab5,"(1997, 1247)","(409, 256)",0.9570716023445129,0.9929165840148926,0.03584498167037964,0.294675350189209,0.1220470741391182,0.1726282760500908
french-NF-1110,huawei,digital_1_vs_bonafide,digital_1,bonafide,train/attack/digital_1/huawei/french-NF-1110.jpg,e806eba28147e95d1da00355a896d395e861f238ef8ac19673b34cdcfd9a3ee9,train/bonafide/huawei/french-NF-1110.jpg,7e4c76213f6d1ffb45d6e87df22e75044e6f6e12d39b2a6a2ab790c56647b5ce,"(3207, 1976)","(415, 256)",0.9573783874511719,0.9913504123687744,0.03397202491760254,0.2919646203517914,0.13184650242328644,0.16011811792850494
french-NF-1110,huawei,digital_2_vs_bonafide,digital_2,bonafide,train/attack/digital_2/huawei/french-NF-1110.jpg,c20dea4265521283f13cf41f5e000dbc5ce06e91dbc3b1ee69fc1a01e467ced7,train/bonafide/huawei/french-NF-1110.jpg,7e4c76213f6d1ffb45d6e87df22e75044e6f6e12d39b2a6a2ab790c56647b5ce,"(3207, 1976)","(415, 256)",0.9740699529647827,0.9947150349617004,0.020645081996917725,0.22961334884166718,0.10605026036500931,0.12356308847665787
french-NF-1110,huawei,digital_1_vs_digital_2,digital_1,digital_2,train/attack/digital_1/huawei/french-NF-1110.jpg,e806eba28147e95d1da00355a896d395e861f238ef8ac19673b34cdcfd9a3ee9,train/attack/digital_2/huawei/french-NF-1110.jpg,c20dea4265521283f13cf41f5e000dbc5ce06e91dbc3b1ee69fc1a01e467ced7,"(3207, 1976)","(415, 256)",0.9569607973098755,0.9915033578872681,0.03454256057739258,0.2948773205280304,0.13501904904842377,0.15985827147960663
french-NF-1110,iphone15pro,digital_1_vs_bonafide,digital_1,bonafide,train/attack/digital_1/iphone15pro/french-NF-1110.jpg,bccb312bfd81fb8ece8931d8f78b38d3f173e017a83fbcca4d6053239bc4adf3,train/bonafide/iphone15pro/french-NF-1110.jpg,453fbdbcea252a4ea04b4af5a34d6251d7cd4f7cc052a5ff1de66c89e8cadbf7,"(2800, 1784)","(401, 256)",0.9398122429847717,0.9874941110610962,0.04768186807632446,0.34723082184791565,0.15862034261226654,0.1886104792356491
french-NF-1110,iphone15pro,digital_2_vs_bonafide,digital_2,bonafide,train/attack/digital_2/iphone15pro/french-NF-1110.jpg,05c006dae0fb76be5ba0f36684d259512995a6ba8df1689032c4e6955c713032,train/bonafide/iphone15pro/french-NF-1110.jpg,453fbdbcea252a4ea04b4af5a34d6251d7cd4f7cc052a5ff1de66c89e8cadbf7,"(2800, 1784)","(401, 256)",0.9407578706741333,0.986285924911499,0.04552805423736572,0.34766051173210144,0.16777297854423523,0.1798875331878662
french-NF-1110,iphone15pro,digital_1_vs_digital_2,digital_1,digital_2,train/attack/digital_1/iphone15pro/french-NF-1110.jpg,bccb312bfd81fb8ece8931d8f78b38d3f173e017a83fbcca4d6053239bc4adf3,train/attack/digital_2/iphone15pro/french-NF-1110.jpg,05c006dae0fb76be5ba0f36684d259512995a6ba8df1689032c4e6955c713032,"(2800, 1784)","(401, 256)",0.9209519624710083,0.982785165309906,0.061833202838897705,0.3991258144378662,0.18612785637378693,0.21299795806407928
french-NF-1110,scan,digital_1_vs_bonafide,digital_1,bonafide,train/attack/digital_1/scan/french-NF-1110.jpg,35133079489e3c99394d3929913005bde343934e8947880c913224ceac5d82c4,train/bonafide/scan/french-NF-1110.jpg,2b691e609efa50dc889d677f9062eb40cc94acc1287bd8a6a8ce0263035c2563,"(1994, 1249)","(408, 256)",0.9544883966445923,0.9929962754249573,0.03850787878036499,0.302074670791626,0.11952271312475204,0.18255195766687393
french-NF-1110,scan,digital_2_vs_bonafide,digital_2,bonafide,train/attack/digital_2/scan/french-NF-1110.jpg,fd67866a0d66a906da37fa60e193d78a470a08eb1273f518ba485816f959ebcb,train/bonafide/scan/french-NF-1110.jpg,2b691e609efa50dc889d677f9062eb40cc94acc1287bd8a6a8ce0263035c2563,"(1994, 1249)","(408, 256)",0.9633997678756714,0.9925910234451294,0.029191255569458008,0.27065256237983704,0.1227419376373291,0.14791062474250793
french-NF-1110,scan,digital_1_vs_digital_2,digital_1,digital_2,train/attack/digital_1/scan/french-NF-1110.jpg,35133079489e3c99394d3929913005bde343934e8947880c913224ceac5d82c4,train/attack/digital_2/scan/french-NF-1110.jpg,fd67866a0d66a906da37fa60e193d78a470a08eb1273f518ba485816f959ebcb,"(1994, 1249)","(408, 256)",0.939952552318573,0.9897360801696777,0.049783527851104736,0.3466346859931946,0.1432783305644989,0.20335635542869568
french-NM-1070,huawei,digital_1_vs_bonafide,digital_1,bonafide,train/attack/digital_1/huawei/french-NM-1070.jpg,2655312b378174beab16f1f70a211a30a914cb607745c9829b124a329b9fb045,train/bonafide/huawei/french-NM-1070.jpg,edc8a920af1f5f6c128bd073b97ad6d9f6fc8b2c55b334839b3263db4ddcb0ae,"(3201, 1963)","(417, 256)",0.9744582176208496,0.9957294464111328,0.021271228790283203,0.22631357610225677,0.09272381663322449,0.1335897594690323
french-NM-1070,huawei,digital_2_vs_bonafide,digital_2,bonafide,train/attack/digital_2/huawei/french-NM-1070.jpg,4cbe88e0789321af583a2ba9fff0dbf2b5570a1899cccb18830de6bc092ef097,train/bonafide/huawei/french-NM-1070.jpg,edc8a920af1f5f6c128bd073b97ad6d9f6fc8b2c55b334839b3263db4ddcb0ae,"(3201, 1963)","(417, 256)",0.9783156514167786,0.9960211515426636,0.01770550012588501,0.20850835740566254,0.09036985039710999,0.11813850700855255
french-NM-1070,huawei,digital_1_vs_digital_2,digital_1,digital_2,train/attack/digital_1/huawei/french-NM-1070.jpg,2655312b378174beab16f1f70a211a30a914cb607745c9829b124a329b9fb045,train/attack/digital_2/huawei/french-NM-1070.jpg,4cbe88e0789321af583a2ba9fff0dbf2b5570a1899cccb18830de6bc092ef097,"(3201, 1963)","(417, 256)",0.9595321416854858,0.9922037720680237,0.03267163038253784,0.2844950258731842,0.12506213784217834,0.15943288803100586
french-NM-1070,iphone15pro,digital_1_vs_bonafide,digital_1,bonafide,train/attack/digital_1/iphone15pro/french-NM-1070.jpg,581234a91cfb4873ee82c28a17e00985c8ea4c9399768b0e1682ac7ef7eab7b6,train/bonafide/iphone15pro/french-NM-1070.jpg,1cf61a9bfb9e29045fa4c7965d5ea6178fa75b79f59f7179b8738cbc78d22a0b,"(2785, 1774)","(401, 256)",0.9661417007446289,0.993800699710846,0.02765899896621704,0.2619709074497223,0.11267684400081635,0.14929406344890594
french-NM-1070,iphone15pro,digital_2_vs_bonafide,digital_2,bonafide,train/attack/digital_2/iphone15pro/french-NM-1070.jpg,e789240d84c33afa0d417f8b699de0ba3576a2b9f156f8a4d693dcc518246a94,train/bonafide/iphone15pro/french-NM-1070.jpg,1cf61a9bfb9e29045fa4c7965d5ea6178fa75b79f59f7179b8738cbc78d22a0b,"(2785, 1774)","(401, 256)",0.9444838166236877,0.9881594777107239,0.04367566108703613,0.3337081968784332,0.15410317480564117,0.17960502207279205
french-NM-1070,iphone15pro,digital_1_vs_digital_2,digital_1,digital_2,train/attack/digital_1/iphone15pro/french-NM-1070.jpg,581234a91cfb4873ee82c28a17e00985c8ea4c9399768b0e1682ac7ef7eab7b6,train/attack/digital_2/iphone15pro/french-NM-1070.jpg,e789240d84c33afa0d417f8b699de0ba3576a2b9f156f8a4d693dcc518246a94,"(2785, 1774)","(401, 256)",0.9304862022399902,0.9859681129455566,0.055481910705566406,0.37593892216682434,0.1694330871105194,0.20650583505630493
french-NM-1070,scan,digital_1_vs_bonafide,digital_1,bonafide,train/attack/digital_1/scan/french-NM-1070.jpg,f3c7a2d3ded77a16a08e88e19d156b5e5b43d46dda845649efab9ac2ee7ce84e,train/bonafide/scan/french-NM-1070.jpg,b1dab74e96315bca2e6e9532005755733e1f1f834a7048414563024482260673,"(1996, 1250)","(408, 256)",0.9674497842788696,0.9936531782150269,0.026203393936157227,0.257240891456604,0.12150420248508453,0.13573668897151947
french-NM-1070,scan,digital_2_vs_bonafide,digital_2,bonafide,train/attack/digital_2/scan/french-NM-1070.jpg,37a8ce399c0156c9253ceb771377f776f4ddd811f8b50431f8c912968ee4bccd,train/bonafide/scan/french-NM-1070.jpg,b1dab74e96315bca2e6e9532005755733e1f1f834a7048414563024482260673,"(1996, 1250)","(408, 256)",0.9664651155471802,0.9939025640487671,0.027437448501586914,0.25897926092147827,0.11053269356489182,0.14844656735658646
french-NM-1070,scan,digital_1_vs_digital_2,digital_1,digital_2,train/attack/digital_1/scan/french-NM-1070.jpg,f3c7a2d3ded77a16a08e88e19d156b5e5b43d46dda845649efab9ac2ee7ce84e,train/attack/digital_2/scan/french-NM-1070.jpg,37a8ce399c0156c9253ceb771377f776f4ddd811f8b50431f8c912968ee4bccd,"(1996, 1250)","(408, 256)",0.9531091451644897,0.9920778274536133,0.038968682289123535,0.30802759528160095,0.13552285730838776,0.1725047379732132
french-NM-1104,huawei,digital_1_vs_bonafide,digital_1,bonafide,train/attack/digital_1/huawei/french-NM-1104.jpg,b0347a66aa6c34e1ed1cd674546703fca3e9baec6b2f72de364290b8d40dfc91,train/bonafide/huawei/french-NM-1104.jpg,7dcedd3aa10391023ea5f449341f25bdb3058e3302ac39c832bf3583058d6b68,"(3196, 1969)","(415, 256)",0.9661076068878174,0.9922177195549011,0.02611011266708374,0.2612665891647339,0.12497734278440475,0.13628924638032913
french-NM-1104,huawei,digital_2_vs_bonafide,digital_2,bonafide,train/attack/digital_2/huawei/french-NM-1104.jpg,a1af5e50fab2c8b3f00670ea9f571e1bef1d21acd3a371b59d6010d2993a4e2a,train/bonafide/huawei/french-NM-1104.jpg,7dcedd3aa10391023ea5f449341f25bdb3058e3302ac39c832bf3583058d6b68,"(3196, 1969)","(415, 256)",0.9547219276428223,0.9904401898384094,0.03571826219558716,0.3032464385032654,0.1404363214969635,0.16281011700630188
french-NM-1104,huawei,digital_1_vs_digital_2,digital_1,digital_2,train/attack/digital_1/huawei/french-NM-1104.jpg,b0347a66aa6c34e1ed1cd674546703fca3e9baec6b2f72de364290b8d40dfc91,train/attack/digital_2/huawei/french-NM-1104.jpg,a1af5e50fab2c8b3f00670ea9f571e1bef1d21acd3a371b59d6010d2993a4e2a,"(3196, 1969)","(415, 256)",0.9737451672554016,0.9949895739555359,0.021244406700134277,0.22969309985637665,0.10156697779893875,0.1281261220574379
french-NM-1104,iphone15pro,digital_1_vs_bonafide,digital_1,bonafide,train/attack/digital_1/iphone15pro/french-NM-1104.jpg,62168b4a0d526e744d99402bb68e77f5234b28f1afb97a454797f4c75c73eacc,train/bonafide/iphone15pro/french-NM-1104.jpg,69626040c085cb3d0a7379bac22166b7a0a83e0221f8e88c3c9c9bde2b3ad0cf,"(2785, 1777)","(401, 256)",0.9585753679275513,0.991844654083252,0.033269286155700684,0.28783637285232544,0.13052049279212952,0.15731588006019592
french-NM-1104,iphone15pro,digital_2_vs_bonafide,digital_2,bonafide,train/attack/digital_2/iphone15pro/french-NM-1104.jpg,8138e631ef45d9616e1533f3de2a7459f2ff9f7610a22c62cbb9be5b4bed6bca,train/bonafide/iphone15pro/french-NM-1104.jpg,69626040c085cb3d0a7379bac22166b7a0a83e0221f8e88c3c9c9bde2b3ad0cf,"(2785, 1777)","(401, 256)",0.9514962434768677,0.9904874563217163,0.03899121284484863,0.31147611141204834,0.1383019983768463,0.17317411303520203
french-NM-1104,iphone15pro,digital_1_vs_digital_2,digital_1,digital_2,train/attack/digital_1/iphone15pro/french-NM-1104.jpg,62168b4a0d526e744d99402bb68e77f5234b28f1afb97a454797f4c75c73eacc,train/attack/digital_2/iphone15pro/french-NM-1104.jpg,8138e631ef45d9616e1533f3de2a7459f2ff9f7610a22c62cbb9be5b4bed6bca,"(2785, 1777)","(401, 256)",0.9622676968574524,0.9929277300834656,0.030660033226013184,0.27472013235092163,0.12011293321847916,0.15460719913244247
french-NM-1104,scan,digital_1_vs_bonafide,digital_1,bonafide,train/attack/digital_1/scan/french-NM-1104.jpg,ef83dbd5710a3daca8aa6cdf830fa98ec2d9ad2891237c7ef9324e996f4494ce,train/bonafide/scan/french-NM-1104.jpg,363c36998e7dcbf811ecb97a5aa80df3e471f1fc6d8802edfe86c8fab2cdfe58,"(1997, 1249)","(409, 256)",0.9659332633018494,0.9930158853530884,0.027082622051239014,0.2613638639450073,0.11965431272983551,0.14170955121517181
french-NM-1104,scan,digital_2_vs_bonafide,digital_2,bonafide,train/attack/digital_2/scan/french-NM-1104.jpg,c0454d255e183f7435d8025f04e57b4389dea345c5c6fd88b38322f3ca811a86,train/bonafide/scan/french-NM-1104.jpg,363c36998e7dcbf811ecb97a5aa80df3e471f1fc6d8802edfe86c8fab2cdfe58,"(1997, 1249)","(409, 256)",0.9553737640380859,0.9908349514007568,0.0354611873626709,0.29915204644203186,0.13643310964107513,0.16271893680095673
french-NM-1104,scan,digital_1_vs_digital_2,digital_1,digital_2,train/attack/digital_1/scan/french-NM-1104.jpg,ef83dbd5710a3daca8aa6cdf830fa98ec2d9ad2891237c7ef9324e996f4494ce,train/attack/digital_2/scan/french-NM-1104.jpg,c0454d255e183f7435d8025f04e57b4389dea345c5c6fd88b38322f3ca811a86,"(1997, 1249)","(409, 256)",0.9730203151702881,0.9950853586196899,0.022065043449401855,0.23230187594890594,0.0991586446762085,0.13314323127269745
indian-012_03,huawei,digital_1_vs_bonafide,digital_1,bonafide,train/attack/digital_1/huawei/indian-012_03.jpg,2035edd3c2d86cc4da20b0340684a404ea9832f172b3dbd580149250b9181e55,train/bonafide/huawei/indian-012_03.jpg,6a2b97baa36275579ea8d60e0498a820bb1b1554a8d4a1634af9a0eef562fac4,"(3198, 1973)","(414, 256)",0.985768735408783,0.9973047971725464,0.011536061763763428,0.16953043639659882,0.0749938040971756,0.09453663229942322
indian-012_03,huawei,digital_2_vs_bonafide,digital_2,bonafide,train/attack/digital_2/huawei/indian-012_03.jpg,061f182a135e8975056fe732ad12b2a57a2b0751c1b38abf0442b6231be0269c,train/bonafide/huawei/indian-012_03.jpg,6a2b97baa36275579ea8d60e0498a820bb1b1554a8d4a1634af9a0eef562fac4,"(3198, 1973)","(414, 256)",0.9419081211090088,0.9862937331199646,0.04438561201095581,0.3408745527267456,0.16557961702346802,0.1752949357032776
indian-012_03,huawei,digital_1_vs_digital_2,digital_1,digital_2,train/attack/digital_1/huawei/indian-012_03.jpg,2035edd3c2d86cc4da20b0340684a404ea9832f172b3dbd580149250b9181e55,train/attack/digital_2/huawei/indian-012_03.jpg,061f182a135e8975056fe732ad12b2a57a2b0751c1b38abf0442b6231be0269c,"(3198, 1973)","(414, 256)",0.9443390965461731,0.9877071380615234,0.04336804151535034,0.3342433571815491,0.1577451080083847,0.17649824917316437
indian-012_03,iphone15pro,digital_1_vs_bonafide,digital_1,bonafide,train/attack/digital_1/iphone15pro/indian-012_03.jpg,54f7f508e98bfef10ecec0008bfd2364852340d8a45af4a03b928742c5d88f5e,train/bonafide/iphone15pro/indian-012_03.jpg,a27eb74ba2d0b507c24195a86dc85febb621ee7a7a56309f50ce03703b4a4f6e,"(2789, 1766)","(404, 256)",0.9840174913406372,0.9966795444488525,0.012662053108215332,0.1815744936466217,0.08678445965051651,0.0947900339961052
indian-012_03,iphone15pro,digital_2_vs_bonafide,digital_2,bonafide,train/attack/digital_2/iphone15pro/indian-012_03.jpg,c1277eec0f3bc21ce8b54a1d857cc9e5e8df6a3b8d82e28d14bfa23f69249512,train/bonafide/iphone15pro/indian-012_03.jpg,a27eb74ba2d0b507c24195a86dc85febb621ee7a7a56309f50ce03703b4a4f6e,"(2789, 1766)","(404, 256)",0.9226683378219604,0.978408694267273,0.0557403564453125,0.3945213258266449,0.211603581905365,0.1829177439212799
indian-012_03,iphone15pro,digital_1_vs_digital_2,digital_1,digital_2,train/attack/digital_1/iphone15pro/indian-012_03.jpg,54f7f508e98bfef10ecec0008bfd2364852340d8a45af4a03b928742c5d88f5e,train/attack/digital_2/iphone15pro/indian-012_03.jpg,c1277eec0f3bc21ce8b54a1d857cc9e5e8df6a3b8d82e28d14bfa23f69249512,"(2789, 1766)","(404, 256)",0.9239227771759033,0.9829174280166626,0.05899465084075928,0.39006999135017395,0.18512099981307983,0.20494899153709412
indian-012_03,scan,digital_1_vs_bonafide,digital_1,bonafide,train/attack/digital_1/scan/indian-012_03.jpg,47462a2521fc278a6d699026c157072edf341a9f0867d5e323731a0b2703a75e,train/bonafide/scan/indian-012_03.jpg,f96311d3d13f50000c6583eced4b0cf84ff010b2a55b356ebd791062f5ff38f6,"(1993, 1255)","(406, 256)",0.9711472392082214,0.9944808483123779,0.023333609104156494,0.24029120802879333,0.10521823912858963,0.1350729689002037
indian-012_03,scan,digital_2_vs_bonafide,digital_2,bonafide,train/attack/digital_2/scan/indian-012_03.jpg,5a2bcab6866a5bc106ab10d63fbaeafedab2a6c3a26b34d2eec912aa0fc98dae,train/bonafide/scan/indian-012_03.jpg,f96311d3d13f50000c6583eced4b0cf84ff010b2a55b356ebd791062f5ff38f6,"(1993, 1255)","(406, 256)",0.9229303598403931,0.982871413230896,0.05994105339050293,0.3950945734977722,0.19027665257453918,0.20481792092323303
indian-012_03,scan,digital_1_vs_digital_2,digital_1,digital_2,train/attack/digital_1/scan/indian-012_03.jpg,47462a2521fc278a6d699026c157072edf341a9f0867d5e323731a0b2703a75e,train/attack/digital_2/scan/indian-012_03.jpg,5a2bcab6866a5bc106ab10d63fbaeafedab2a6c3a26b34d2eec912aa0fc98dae,"(1993, 1255)","(406, 256)",0.923907995223999,0.9840364456176758,0.06012845039367676,0.39330968260765076,0.18550483882427216,0.2078048437833786
indian-037_03,huawei,digital_1_vs_bonafide,digital_1,bonafide,train/attack/digital_1/huawei/indian-037_03.jpg,4f741148c9cc5be28e2b9a4bdf0342a52306639be669d3efbbca86fdbd76320a,train/bonafide/huawei/indian-037_03.jpg,9cb4fe5e6ae03412351d169747558a1f2274908ff267064794f523d472d7c885,"(3036, 1885)","(412, 256)",0.9541603326797485,0.9903504848480225,0.036190152168273926,0.3055521249771118,0.14111651480197906,0.16443561017513275
indian-037_03,huawei,digital_2_vs_bonafide,digital_2,bonafide,train/attack/digital_2/huawei/indian-037_03.jpg,69982f9ca8cd15977d7db03ef5ea5842045e4e9e7016886feb5496ecdbd2ba3b,train/bonafide/huawei/indian-037_03.jpg,9cb4fe5e6ae03412351d169747558a1f2274908ff267064794f523d472d7c885,"(3036, 1885)","(412, 256)",0.9647649526596069,0.990368664264679,0.02560371160507202,0.2659681439399719,0.13922004401683807,0.12674809992313385
indian-037_03,huawei,digital_1_vs_digital_2,digital_1,digital_2,train/attack/digital_1/huawei/indian-037_03.jpg,4f741148c9cc5be28e2b9a4bdf0342a52306639be669d3efbbca86fdbd76320a,train/attack/digital_2/huawei/indian-037_03.jpg,69982f9ca8cd15977d7db03ef5ea5842045e4e9e7016886feb5496ecdbd2ba3b,"(3036, 1885)","(412, 256)",0.9722816944122314,0.993678092956543,0.021396398544311523,0.2367512434720993,0.11329858005046844,0.12345266342163086
indian-037_03,iphone15pro,digital_1_vs_bonafide,digital_1,bonafide,train/attack/digital_1/iphone15pro/indian-037_03.jpg,e2384ddad3e0aab41a766f4a0ce34a0c15357b1f10fbd6372380730122f5be9e,train/bonafide/iphone15pro/indian-037_03.jpg,2945de2ac1b5a4f36942fde16473ef70492d7ca37bb6a597c79cd50a7437bd2c,"(2629, 1612)","(417, 256)",0.9624977707862854,0.9906815886497498,0.028183817863464355,0.27674561738967896,0.1373623162508011,0.13938330113887787
indian-037_03,iphone15pro,digital_2_vs_bonafide,digital_2,bonafide,train/attack/digital_2/iphone15pro/indian-037_03.jpg,6631d40a64fdfff4772f5fb7df49047c540a0d7ab6a64cdf3e0aa27309c272c7,train/bonafide/iphone15pro/indian-037_03.jpg,2945de2ac1b5a4f36942fde16473ef70492d7ca37bb6a597c79cd50a7437bd2c,"(2629, 1612)","(417, 256)",0.9512730240821838,0.9880606532096863,0.03678762912750244,0.3198836147785187,0.15927959978580475,0.16060401499271393
indian-037_03,iphone15pro,digital_1_vs_digital_2,digital_1,digital_2,train/attack/digital_1/iphone15pro/indian-037_03.jpg,e2384ddad3e0aab41a766f4a0ce34a0c15357b1f10fbd6372380730122f5be9e,train/attack/digital_2/iphone15pro/indian-037_03.jpg,6631d40a64fdfff4772f5fb7df49047c540a0d7ab6a64cdf3e0aa27309c272c7,"(2629, 1612)","(417, 256)",0.9725070595741272,0.9944984316825867,0.021991372108459473,0.23644018173217773,0.10748574882745743,0.1289544329047203
indian-037_03,scan,digital_1_vs_bonafide,digital_1,bonafide,train/attack/digital_1/scan/indian-037_03.jpg,2a9e2c25cf2480cf20aaedfe4a26c69e786ccb4cdffda6738ea6ce524153b1fa,train/bonafide/scan/indian-037_03.jpg,79064e6b087ce48d429ff748eb364aeb061c9e220f0f31453bdf651cee997500,"(1992, 1250)","(407, 256)",0.9681645631790161,0.9929376840591431,0.024773120880126953,0.2545183002948761,0.1202842965722084,0.1342340037226677
indian-037_03,scan,digital_2_vs_bonafide,digital_2,bonafide,train/attack/digital_2/scan/indian-037_03.jpg,7b2ba9e297f676a4e2de7640462cc0b84d9e640c7610dc96870de9587710d1a9,train/bonafide/scan/indian-037_03.jpg,79064e6b087ce48d429ff748eb364aeb061c9e220f0f31453bdf651cee997500,"(1992, 1250)","(407, 256)",0.9765763878822327,0.9945141673088074,0.017937779426574707,0.21771475672721863,0.10539678484201431,0.11231797188520432
indian-037_03,scan,digital_1_vs_digital_2,digital_1,digital_2,train/attack/digital_1/scan/indian-037_03.jpg,2a9e2c25cf2480cf20aaedfe4a26c69e786ccb4cdffda6738ea6ce524153b1fa,train/attack/digital_2/scan/indian-037_03.jpg,7b2ba9e297f676a4e2de7640462cc0b84d9e640c7610dc96870de9587710d1a9,"(1992, 1250)","(407, 256)",0.9856116771697998,0.9974180459976196,0.011806368827819824,0.16992464661598206,0.07218766957521439,0.09773697704076767
indian-038_03,huawei,digital_1_vs_bonafide,digital_1,bonafide,train/attack/digital_1/huawei/indian-038_03.jpg,40868a91790ef850322a084a859efbd6cb11660f6139a45b4b59566e97239af0,train/bonafide/huawei/indian-038_03.jpg,b241f980b4461c4d3c9da7f2144314f4bf71122c1e4f72451ee978f4826a3b42,"(3201, 1980)","(413, 256)",0.9305753707885742,0.9762696027755737,0.04569423198699951,0.37718838453292847,0.22337228059768677,0.1538161039352417
indian-038_03,huawei,digital_2_vs_bonafide,digital_2,bonafide,train/attack/digital_2/huawei/indian-038_03.jpg,e393d4d2d4de7e3cb5bde6eaa5977afedd666024e9c8c147cf406cc032339bc9,train/bonafide/huawei/indian-038_03.jpg,b241f980b4461c4d3c9da7f2144314f4bf71122c1e4f72451ee978f4826a3b42,"(3201, 1980)","(413, 256)",0.949721097946167,0.9872198700904846,0.03749877214431763,0.31995853781700134,0.16558131575584412,0.15437722206115723
indian-038_03,huawei,digital_1_vs_digital_2,digital_1,digital_2,train/attack/digital_1/huawei/indian-038_03.jpg,40868a91790ef850322a084a859efbd6cb11660f6139a45b4b59566e97239af0,train/attack/digital_2/huawei/indian-038_03.jpg,e393d4d2d4de7e3cb5bde6eaa5977afedd666024e9c8c147cf406cc032339bc9,"(3201, 1980)","(413, 256)",0.9518337249755859,0.9878169894218445,0.035983264446258545,0.3107970654964447,0.15622743964195251,0.1545696258544922
indian-038_03,iphone15pro,digital_1_vs_bonafide,digital_1,bonafide,train/attack/digital_1/iphone15pro/indian-038_03.jpg,fc2228bb2565e25c57c3fb6a55dff5346717f71bcd81f5ee36b0d7472997bc77,train/bonafide/iphone15pro/indian-038_03.jpg,30f4413f6d5fb0c6e29f47c5231b229c5f1f67ac96dff4ebfdb4d9d9352d367d,"(2802, 1780)","(402, 256)",0.9376735687255859,0.9817922115325928,0.044118642807006836,0.35730618238449097,0.19653454422950745,0.16077163815498352
indian-038_03,iphone15pro,digital_2_vs_bonafide,digital_2,bonafide,train/attack/digital_2/iphone15pro/indian-038_03.jpg,dd93f57d17db2784c0b06b1ec619ad2d6e4362f21beebd804fd2619346dfe814,train/bonafide/iphone15pro/indian-038_03.jpg,30f4413f6d5fb0c6e29f47c5231b229c5f1f67ac96dff4ebfdb4d9d9352d367d,"(2802, 1780)","(402, 256)",0.8459633588790894,0.942990243434906,0.09702688455581665,0.560835599899292,0.3436335325241089,0.2172020673751831
indian-038_03,iphone15pro,digital_1_vs_digital_2,digital_1,digital_2,train/attack/digital_1/iphone15pro/indian-038_03.jpg,fc2228bb2565e25c57c3fb6a55dff5346717f71bcd81f5ee36b0d7472997bc77,train/attack/digital_2/iphone15pro/indian-038_03.jpg,dd93f57d17db2784c0b06b1ec619ad2d6e4362f21beebd804fd2619346dfe814,"(2802, 1780)","(402, 256)",0.9036956429481506,0.976665198802948,0.07296955585479736,0.4397171437740326,0.21672749519348145,0.22298964858055115
indian-038_03,scan,digital_1_vs_bonafide,digital_1,bonafide,train/attack/digital_1/scan/indian-038_03.jpg,41631a9ac9c98565a452d241474d4354d98c343c26a50d7e5df70a825848fbc9,train/bonafide/scan/indian-038_03.jpg,e4ba1ac82e02014bf89f24520cce6a0b3d1a6b478406ad4afe7e33174ba299cb,"(1992, 1247)","(408, 256)",0.9589532613754272,0.9892504215240479,0.030297160148620605,0.2868456244468689,0.1469128429889679,0.139932781457901
indian-038_03,scan,digital_2_vs_bonafide,digital_2,bonafide,train/attack/digital_2/scan/indian-038_03.jpg,287921a6e30a2d3407405237c572dd66f350e3a0ade422fab42a9a2a979ea70e,train/bonafide/scan/indian-038_03.jpg,e4ba1ac82e02014bf89f24520cce6a0b3d1a6b478406ad4afe7e33174ba299cb,"(1992, 1247)","(408, 256)",0.951768159866333,0.9880675077438354,0.03629934787750244,0.31446951627731323,0.16296236217021942,0.1515071541070938
indian-038_03,scan,digital_1_vs_digital_2,digital_1,digital_2,train/attack/digital_1/scan/indian-038_03.jpg,41631a9ac9c98565a452d241474d4354d98c343c26a50d7e5df70a825848fbc9,train/attack/digital_2/scan/indian-038_03.jpg,287921a6e30a2d3407405237c572dd66f350e3a0ade422fab42a9a2a979ea70e,"(1992, 1247)","(408, 256)",0.958299994468689,0.9899357557296753,0.03163576126098633,0.2955840826034546,0.14816981554031372,0.14741426706314087
indian-094_03,huawei,digital_1_vs_bonafide,digital_1,bonafide,train/attack/digital_1/huawei/indian-094_03.jpg,5f8a57461b1a4e227d52949c910015a1faa292a39728afcc9460d79a1b1ad222,train/bonafide/huawei/indian-094_03.jpg,8acb9db6575772690290bccfa33d3d740b92c8edd9356d37cd100cb28a4e72d8,"(3184, 1967)","(414, 256)",0.9674444198608398,0.9923354387283325,0.024891018867492676,0.2566108703613281,0.12815289199352264,0.12845797836780548
indian-094_03,huawei,digital_2_vs_bonafide,digital_2,bonafide,train/attack/digital_2/huawei/indian-094_03.jpg,b994fc85bf13962d260d4d0ec94a6598222544dca4afb7b5c5d0b995961c3f04,train/bonafide/huawei/indian-094_03.jpg,8acb9db6575772690290bccfa33d3d740b92c8edd9356d37cd100cb28a4e72d8,"(3184, 1967)","(414, 256)",0.8932888507843018,0.9703537821769714,0.07706493139266968,0.4619923532009125,0.24392440915107727,0.2180679440498352
indian-094_03,huawei,digital_1_vs_digital_2,digital_1,digital_2,train/attack/digital_1/huawei/indian-094_03.jpg,5f8a57461b1a4e227d52949c910015a1faa292a39728afcc9460d79a1b1ad222,train/attack/digital_2/huawei/indian-094_03.jpg,b994fc85bf13962d260d4d0ec94a6598222544dca4afb7b5c5d0b995961c3f04,"(3184, 1967)","(414, 256)",0.9240726232528687,0.983124852180481,0.059052228927612305,0.39089593291282654,0.18973436951637268,0.20116156339645386
indian-094_03,iphone15pro,digital_1_vs_bonafide,digital_1,bonafide,train/attack/digital_1/iphone15pro/indian-094_03.jpg,db0b2b3d1b1b7150b7a898711cd9d7c33a17920d86197ab180dbe8773269d081,train/bonafide/iphone15pro/indian-094_03.jpg,3ab5f88c0062489133d61b85956c24a070ed893c3948fbee2c4d6cf23b944967,"(2803, 1778)","(403, 256)",0.9257774353027344,0.9819886684417725,0.056211233139038086,0.38904350996017456,0.19777941703796387,0.1912640929222107
indian-094_03,iphone15pro,digital_2_vs_bonafide,digital_2,bonafide,train/attack/digital_2/iphone15pro/indian-094_03.jpg,8289d7db8f891a24e29261ff9643fc4ffa2dab5d5c01caa5b8ebba3e33f97a4a,train/bonafide/iphone15pro/indian-094_03.jpg,3ab5f88c0062489133d61b85956c24a070ed893c3948fbee2c4d6cf23b944967,"(2803, 1778)","(403, 256)",0.8387590646743774,0.9644469022750854,0.125687837600708,0.568328857421875,0.266855925321579,0.301472932100296
indian-094_03,iphone15pro,digital_1_vs_digital_2,digital_1,digital_2,train/attack/digital_1/iphone15pro/indian-094_03.jpg,db0b2b3d1b1b7150b7a898711cd9d7c33a17920d86197ab180dbe8773269d081,train/attack/digital_2/iphone15pro/indian-094_03.jpg,8289d7db8f891a24e29261ff9643fc4ffa2dab5d5c01caa5b8ebba3e33f97a4a,"(2803, 1778)","(403, 256)",0.9153754711151123,0.9842516779899597,0.06887620687484741,0.4185344874858856,0.18934452533721924,0.22918996214866638
indian-094_03,scan,digital_1_vs_bonafide,digital_1,bonafide,train/attack/digital_1/scan/indian-094_03.jpg,64dac1afa02548f5411d09f26a0f8f8acb2b4a6f3179a68639418a7c3743d2a5,train/bonafide/scan/indian-094_03.jpg,6c03306f9dd82f2998904633261006c613b14914e42e2d3ba19efc7952fff826,"(1992, 1247)","(408, 256)",0.9686951637268066,0.993854284286499,0.025159120559692383,0.25030672550201416,0.11137025058269501,0.13893647491931915
indian-094_03,scan,digital_2_vs_bonafide,digital_2,bonafide,train/attack/digital_2/scan/indian-094_03.jpg,97d8bf3aa5cc6f1e1b73897935412880338a6ba2df38459de08a59793eb80415,train/bonafide/scan/indian-094_03.jpg,6c03306f9dd82f2998904633261006c613b14914e42e2d3ba19efc7952fff826,"(1992, 1247)","(408, 256)",0.9432513117790222,0.9879804849624634,0.04472917318344116,0.3436511754989624,0.16574379801750183,0.17790737748146057
indian-094_03,scan,digital_1_vs_digital_2,digital_1,digital_2,train/attack/digital_1/scan/indian-094_03.jpg,64dac1afa02548f5411d09f26a0f8f8acb2b4a6f3179a68639418a7c3743d2a5,train/attack/digital_2/scan/indian-094_03.jpg,97d8bf3aa5cc6f1e1b73897935412880338a6ba2df38459de08a59793eb80415,"(1992, 1247)","(408, 256)",0.9630864858627319,0.9927164316177368,0.029629945755004883,0.27859824895858765,0.12992152571678162,0.14867672324180603
indian-108_03,huawei,digital_1_vs_bonafide,digital_1,bonafide,train/attack/digital_1/huawei/indian-108_03.jpg,a75e37261d57edb82e96f97766882878aa4109fb0cfb5a5b4e9065d133544600,train/bonafide/huawei/indian-108_03.jpg,39b80db56e70ffec2cb751bb7c7a089a26d0712c3db48b796688319f391d5e5d,"(3193, 1970)","(414, 256)",0.9720289707183838,0.9951216578483582,0.023092687129974365,0.2370542585849762,0.09926954656839371,0.1377847120165825
indian-108_03,huawei,digital_2_vs_bonafide,digital_2,bonafide,train/attack/digital_2/huawei/indian-108_03.jpg,cf4d09524508443a601794bcf1eb78828cb32124d330048669f2c660d54b2143,train/bonafide/huawei/indian-108_03.jpg,39b80db56e70ffec2cb751bb7c7a089a26d0712c3db48b796688319f391d5e5d,"(3193, 1970)","(414, 256)",0.9529397487640381,0.988726019859314,0.03578627109527588,0.308215856552124,0.15322494506835938,0.15499091148376465
indian-108_03,huawei,digital_1_vs_digital_2,digital_1,digital_2,train/attack/digital_1/huawei/indian-108_03.jpg,a75e37261d57edb82e96f97766882878aa4109fb0cfb5a5b4e9065d133544600,train/attack/digital_2/huawei/indian-108_03.jpg,cf4d09524508443a601794bcf1eb78828cb32124d330048669f2c660d54b2143,"(3193, 1970)","(414, 256)",0.9701850414276123,0.9926329851150513,0.022447943687438965,0.2445840835571289,0.12312868237495422,0.12145540118217468
indian-108_03,iphone15pro,digital_1_vs_bonafide,digital_1,bonafide,train/attack/digital_1/iphone15pro/indian-108_03.jpg,77c9461f30cdc53bc3e28c07cf17c914fbc1ed4d09d7996acb5b8445f8bbf25e,train/bonafide/iphone15pro/indian-108_03.jpg,1bcae110b00f1f89d825e84181963848d047d5310f6b18da99b0b6b3df263b5c,"(2794, 1786)","(400, 256)",0.9854245185852051,0.9973281621932983,0.011903643608093262,0.17075608670711517,0.07330501079559326,0.09745107591152191
indian-108_03,iphone15pro,digital_2_vs_bonafide,digital_2,bonafide,train/attack/digital_2/iphone15pro/indian-108_03.jpg,5be8657f2e1573e9c68e0fbb087dacae233a8ddd575778f05711cd5099098144,train/bonafide/iphone15pro/indian-108_03.jpg,1bcae110b00f1f89d825e84181963848d047d5310f6b18da99b0b6b3df263b5c,"(2794, 1786)","(400, 256)",0.9568192958831787,0.9904974102973938,0.03367811441421509,0.2943360209465027,0.14019228518009186,0.15414373576641083
indian-108_03,iphone15pro,digital_1_vs_digital_2,digital_1,digital_2,train/attack/digital_1/iphone15pro/indian-108_03.jpg,77c9461f30cdc53bc3e28c07cf17c914fbc1ed4d09d7996acb5b8445f8bbf25e,train/attack/digital_2/iphone15pro/indian-108_03.jpg,5be8657f2e1573e9c68e0fbb087dacae233a8ddd575778f05711cd5099098144,"(2794, 1786)","(400, 256)",0.9576560854911804,0.989419162273407,0.03176307678222656,0.2916364073753357,0.14872384071350098,0.14291256666183472
indian-108_03,scan,digital_1_vs_bonafide,digital_1,bonafide,train/attack/digital_1/scan/indian-108_03.jpg,da90895421cb9d8ecc199e5eefde27215f1269e867b08476c252d15b5c7a44c6,train/bonafide/scan/indian-108_03.jpg,54502988fe1989828a4888e98e3e952304828be09def9756b97b29fd86819517,"(1996, 1253)","(407, 256)",0.9772006869316101,0.9952934980392456,0.018092811107635498,0.21375611424446106,0.09847450256347656,0.1152816116809845
indian-108_03,scan,digital_2_vs_bonafide,digital_2,bonafide,train/attack/digital_2/scan/indian-108_03.jpg,acafe632e0d91d7e431e5158e912a4a30681d32049df62c610be207956771718,train/bonafide/scan/indian-108_03.jpg,54502988fe1989828a4888e98e3e952304828be09def9756b97b29fd86819517,"(1996, 1253)","(407, 256)",0.9462555050849915,0.9896754026412964,0.04341989755630493,0.3283105790615082,0.14813648164272308,0.1801740974187851
indian-108_03,scan,digital_1_vs_digital_2,digital_1,digital_2,train/attack/digital_1/scan/indian-108_03.jpg,da90895421cb9d8ecc199e5eefde27215f1269e867b08476c252d15b5c7a44c6,train/attack/digital_2/scan/indian-108_03.jpg,acafe632e0d91d7e431e5158e912a4a30681d32049df62c610be207956771718,"(1996, 1253)","(407, 256)",0.9554957151412964,0.9905434846878052,0.03504776954650879,0.29844334721565247,0.1388520449399948,0.15959130227565765
indian-NF-1006,huawei,digital_1_vs_bonafide,digital_1,bonafide,train/attack/digital_1/huawei/indian-NF-1006.jpg,2ce8d2055903a092371bf2ce94d139f811ac40339fc72cb042354bc54dbd7afc,train/bonafide/huawei/indian-NF-1006.jpg,585a6312099271482f1e807da2175b54f4f028ddb09e1b29257acdd1ec5e8ec9,"(3207, 1977)","(415, 256)",0.9681764245033264,0.9917947053909302,0.02361828088760376,0.25317907333374023,0.12873680889606476,0.12444226443767548
indian-NF-1006,huawei,digital_2_vs_bonafide,digital_2,bonafide,train/attack/digital_2/huawei/indian-NF-1006.jpg,21172342687f8249323de1569898309e0b9716de3184321579561b5743b4b7be,train/bonafide/huawei/indian-NF-1006.jpg,585a6312099271482f1e807da2175b54f4f028ddb09e1b29257acdd1ec5e8ec9,"(3207, 1977)","(415, 256)",0.9860923886299133,0.9974507093429565,0.011358320713043213,0.1678888350725174,0.0725119486451149,0.0953768864274025
indian-NF-1006,huawei,digital_1_vs_digital_2,digital_1,digital_2,train/attack/digital_1/huawei/indian-NF-1006.jpg,2ce8d2055903a092371bf2ce94d139f811ac40339fc72cb042354bc54dbd7afc,train/attack/digital_2/huawei/indian-NF-1006.jpg,21172342687f8249323de1569898309e0b9716de3184321579561b5743b4b7be,"(3207, 1977)","(415, 256)",0.9678507447242737,0.9918572902679443,0.024006545543670654,0.2535797953605652,0.12761448323726654,0.12596531212329865
indian-NF-1006,iphone15pro,digital_1_vs_bonafide,digital_1,bonafide,train/attack/digital_1/iphone15pro/indian-NF-1006.jpg,85d4e1fb889622919b2e595ddecef8ed1085d64b4e4e534b0d15f854d0589220,train/bonafide/iphone15pro/indian-NF-1006.jpg,5f060bbca4306d9f56d4450580209bd22a27370402ef0de9695e245d287a66ce,"(2799, 1785)","(401, 256)",0.9510987401008606,0.9874189496040344,0.03632020950317383,0.31376007199287415,0.15873835980892181,0.15502171218395233
indian-NF-1006,iphone15pro,digital_2_vs_bonafide,digital_2,bonafide,train/attack/digital_2/iphone15pro/indian-NF-1006.jpg,f9f17cd2345864b96a53120df3db7e2bc23ed6ed411e840f755cbb9127095463,train/bonafide/iphone15pro/indian-NF-1006.jpg,5f060bbca4306d9f56d4450580209bd22a27370402ef0de9695e245d287a66ce,"(2799, 1785)","(401, 256)",0.9784353971481323,0.9955593347549438,0.017123937606811523,0.20898935198783875,0.09928146749734879,0.10970788449048996
indian-NF-1006,iphone15pro,digital_1_vs_digital_2,digital_1,digital_2,train/attack/digital_1/iphone15pro/indian-NF-1006.jpg,85d4e1fb889622919b2e595ddecef8ed1085d64b4e4e534b0d15f854d0589220,train/attack/digital_2/iphone15pro/indian-NF-1006.jpg,f9f17cd2345864b96a53120df3db7e2bc23ed6ed411e840f755cbb9127095463,"(2799, 1785)","(401, 256)",0.9529891014099121,0.9886038899421692,0.03561478853225708,0.3104577958583832,0.15547515451908112,0.15498264133930206
indian-NF-1006,scan,digital_1_vs_bonafide,digital_1,bonafide,train/attack/digital_1/scan/indian-NF-1006.jpg,1a0e393c4c73a7db5de8ac55173094d87d03a4385895773afe7416ea50f9fa84,train/bonafide/scan/indian-NF-1006.jpg,4f8c26b0bc20a58e84134e0103b40f54bb4511dd1409dfe1553be4eb6fec339d,"(1994, 1249)","(408, 256)",0.9594844579696655,0.9883914589881897,0.02890700101852417,0.2848280072212219,0.15289564430713654,0.1319323629140854
indian-NF-1006,scan,digital_2_vs_bonafide,digital_2,bonafide,train/attack/digital_2/scan/indian-NF-1006.jpg,c7fb42306b3d2917d55fad128742d264a18d33031099bc735952fefe5ea49678,train/bonafide/scan/indian-NF-1006.jpg,4f8c26b0bc20a58e84134e0103b40f54bb4511dd1409dfe1553be4eb6fec339d,"(1994, 1249)","(408, 256)",0.9771407246589661,0.9953095316886902,0.01816880702972412,0.21399515867233276,0.09761900454759598,0.11637615412473679
indian-NF-1006,scan,digital_1_vs_digital_2,digital_1,digital_2,train/attack/digital_1/scan/indian-NF-1006.jpg,1a0e393c4c73a7db5de8ac55173094d87d03a4385895773afe7416ea50f9fa84,train/attack/digital_2/scan/indian-NF-1006.jpg,c7fb42306b3d2917d55fad128742d264a18d33031099bc735952fefe5ea49678,"(1994, 1249)","(408, 256)",0.951992392539978,0.9890269637107849,0.037034571170806885,0.31040939688682556,0.15020832419395447,0.1602010726928711
indian-NF-1025,huawei,digital_1_vs_bonafide,digital_1,bonafide,train/attack/digital_1/huawei/indian-NF-1025.jpg,66c4ee0b0744b6690516e48063d6a1dbadda19c035796b1c3715c5a8c06c99bc,train/bonafide/huawei/indian-NF-1025.jpg,2a6763bf194dd340d336c79d12291c5556e46047916bf229ae58cf7c80ca1882,"(3046, 1890)","(412, 256)",0.962306559085846,0.9916870594024658,0.029380500316619873,0.2749534547328949,0.12963464856147766,0.14531880617141724
indian-NF-1025,huawei,digital_2_vs_bonafide,digital_2,bonafide,train/attack/digital_2/huawei/indian-NF-1025.jpg,a37f910ac75bfb0be99d90d8d1da51f08a5edb24dd3482cbbc10321d6b70ea75,train/bonafide/huawei/indian-NF-1025.jpg,2a6763bf194dd340d336c79d12291c5556e46047916bf229ae58cf7c80ca1882,"(3046, 1890)","(412, 256)",0.9018161296844482,0.9761989116668701,0.07438278198242188,0.45300954580307007,0.22865141928195953,0.22435812652111053
indian-NF-1025,huawei,digital_1_vs_digital_2,digital_1,digital_2,train/attack/digital_1/huawei/indian-NF-1025.jpg,66c4ee0b0744b6690516e48063d6a1dbadda19c035796b1c3715c5a8c06c99bc,train/attack/digital_2/huawei/indian-NF-1025.jpg,a37f910ac75bfb0be99d90d8d1da51f08a5edb24dd3482cbbc10321d6b70ea75,"(3046, 1890)","(412, 256)",0.9179781079292297,0.979619026184082,0.061640918254852295,0.41286489367485046,0.2092864215373993,0.20357847213745117
indian-NF-1025,iphone15pro,digital_1_vs_bonafide,digital_1,bonafide,train/attack/digital_1/iphone15pro/indian-NF-1025.jpg,770059d242291f6a8f4ef755ae9cb16aa37068134ea174bcb4e9b059be226d19,train/bonafide/iphone15pro/indian-NF-1025.jpg,76b8e03b75015499b6f5285ca46b70d33a45c8efa26314c2b67cbdad0944d27d,"(2625, 1601)","(419, 256)",0.9831573963165283,0.9959090352058411,0.012751638889312744,0.18355011940002441,0.09045538306236267,0.09309473633766174
indian-NF-1025,iphone15pro,digital_2_vs_bonafide,digital_2,bonafide,train/attack/digital_2/iphone15pro/indian-NF-1025.jpg,481aa85c73d6775b075685c71160314a998800b47987ef2d45540be8d7f668c2,train/bonafide/iphone15pro/indian-NF-1025.jpg,76b8e03b75015499b6f5285ca46b70d33a45c8efa26314c2b67cbdad0944d27d,"(2625, 1601)","(419, 256)",0.8784441947937012,0.967263400554657,0.08881920576095581,0.5058630704879761,0.2718934714794159,0.23396959900856018
indian-NF-1025,iphone15pro,digital_1_vs_digital_2,digital_1,digital_2,train/attack/digital_1/iphone15pro/indian-NF-1025.jpg,770059d242291f6a8f4ef755ae9cb16aa37068134ea174bcb4e9b059be226d19,train/attack/digital_2/iphone15pro/indian-NF-1025.jpg,481aa85c73d6775b075685c71160314a998800b47987ef2d45540be8d7f668c2,"(2625, 1601)","(419, 256)",0.8718432188034058,0.9667627811431885,0.09491956233978271,0.5182124376296997,0.27375373244285583,0.24445870518684387
indian-NF-1025,scan,digital_1_vs_bonafide,digital_1,bonafide,train/attack/digital_1/scan/indian-NF-1025.jpg,98a96cc3a3ba607fe874647f1ebda909f093233c7d6caf0bfa184b0b142604f2,train/bonafide/scan/indian-NF-1025.jpg,905a2f7ec5ec470866ea18c0b702a2cf07cd35983cc15f9ec5f206f7aecce716,"(1995, 1249)","(408, 256)",0.9587295651435852,0.99191814661026,0.033188581466674805,0.2873416543006897,0.12723682820796967,0.16010482609272003
indian-NF-1025,scan,digital_2_vs_bonafide,digital_2,bonafide,train/attack/digital_2/scan/indian-NF-1025.jpg,819d0daf68e0a67b2847e4d10e0c359665dc757f12a969a77471fe13aceb7492,train/bonafide/scan/indian-NF-1025.jpg,905a2f7ec5ec470866ea18c0b702a2cf07cd35983cc15f9ec5f206f7aecce716,"(1995, 1249)","(408, 256)",0.9745140075683594,0.9946885704994202,0.02017456293106079,0.22587934136390686,0.10343490540981293,0.12244443595409393
indian-NF-1025,scan,digital_1_vs_digital_2,digital_1,digital_2,train/attack/digital_1/scan/indian-NF-1025.jpg,98a96cc3a3ba607fe874647f1ebda909f093233c7d6caf0bfa184b0b142604f2,train/attack/digital_2/scan/indian-NF-1025.jpg,819d0daf68e0a67b2847e4d10e0c359665dc757f12a969a77471fe13aceb7492,"(1995, 1249)","(408, 256)",0.9572237730026245,0.992451548576355,0.03522777557373047,0.29273703694343567,0.12363993376493454,0.16909710317850113
indian-NF-1039,huawei,digital_1_vs_bonafide,digital_1,bonafide,train/attack/digital_1/huawei/indian-NF-1039.jpg,873872b03d1bbf596553ff8b860fb9e61b9d1a01bbab1bc5e3d91453ed2f7a77,train/bonafide/huawei/indian-NF-1039.jpg,c68350fd5c895fc68a5aa8386996da6abf62f2f31fa71d8c4722b019b3e264b4,"(3217, 1984)","(415, 256)",0.9488170146942139,0.9871261715888977,0.03830915689468384,0.3203447461128235,0.16133910417556763,0.15900564193725586
indian-NF-1039,huawei,digital_2_vs_bonafide,digital_2,bonafide,train/attack/digital_2/huawei/indian-NF-1039.jpg,a7f7c97ef4afe2701654ba10108adcb8011c4b5acc827eaf4fa4031fade3fe27,train/bonafide/huawei/indian-NF-1039.jpg,c68350fd5c895fc68a5aa8386996da6abf62f2f31fa71d8c4722b019b3e264b4,"(3217, 1984)","(415, 256)",0.9895361661911011,0.9977702498435974,0.008234083652496338,0.14469759166240692,0.06685633957386017,0.07784125208854675
indian-NF-1039,huawei,digital_1_vs_digital_2,digital_1,digital_2,train/attack/digital_1/huawei/indian-NF-1039.jpg,873872b03d1bbf596553ff8b860fb9e61b9d1a01bbab1bc5e3d91453ed2f7a77,train/attack/digital_2/huawei/indian-NF-1039.jpg,a7f7c97ef4afe2701654ba10108adcb8011c4b5acc827eaf4fa4031fade3fe27,"(3217, 1984)","(415, 256)",0.9461479187011719,0.9859660267829895,0.03981810808181763,0.328734427690506,0.16808684170246124,0.16064758598804474
indian-NF-1039,iphone15pro,digital_1_vs_bonafide,digital_1,bonafide,train/attack/digital_1/iphone15pro/indian-NF-1039.jpg,8f2d79190de3b2afdf10bfda44a59a2339646b293d14f4250cb4ca5b5a4ad2cd,train/bonafide/iphone15pro/indian-NF-1039.jpg,5f8025af2746343e5a2c3b087e1c3c703cd8a439e2d26f94310fd0713882e6a0,"(2801, 1768)","(405, 256)",0.9525842666625977,0.989107608795166,0.03652334213256836,0.310482919216156,0.1550763100385666,0.15540660917758942
indian-NF-1039,iphone15pro,digital_2_vs_bonafide,digital_2,bonafide,train/attack/digital_2/iphone15pro/indian-NF-1039.jpg,c3d6816f8921e6c27caaf7f3a7d6494cf30b32b9f050ed8481bcfbd3d6add2a6,train/bonafide/iphone15pro/indian-NF-1039.jpg,5f8025af2746343e5a2c3b087e1c3c703cd8a439e2d26f94310fd0713882e6a0,"(2801, 1768)","(405, 256)",0.9831881523132324,0.9964717030525208,0.01328355073928833,0.1852993369102478,0.08469092100858688,0.10060841590166092
indian-NF-1039,iphone15pro,digital_1_vs_digital_2,digital_1,digital_2,train/attack/digital_1/iphone15pro/indian-NF-1039.jpg,8f2d79190de3b2afdf10bfda44a59a2339646b293d14f4250cb4ca5b5a4ad2cd,train/attack/digital_2/iphone15pro/indian-NF-1039.jpg,c3d6816f8921e6c27caaf7f3a7d6494cf30b32b9f050ed8481bcfbd3d6add2a6,"(2801, 1768)","(405, 256)",0.9440543055534363,0.9860970377922058,0.04204273223876953,0.3409351408481598,0.1766449213027954,0.16429021954536438
indian-NF-1039,scan,digital_1_vs_bonafide,digital_1,bonafide,train/attack/digital_1/scan/indian-NF-1039.jpg,7703d521fcf17193e0ee61d2ec56afe9f2f2e8607046ed0b46cee700bbab25ad,train/bonafide/scan/indian-NF-1039.jpg,1f34c084fdeb6c26d56d96615d05543f4b868da8e374b9a9a17dc9c768e235a7,"(1994, 1248)","(409, 256)",0.9575278162956238,0.9897189140319824,0.03219109773635864,0.2979618012905121,0.15334539115428925,0.14461641013622284
indian-NF-1039,scan,digital_2_vs_bonafide,digital_2,bonafide,train/attack/digital_2/scan/indian-NF-1039.jpg,128df62fa0e2066456214071fa5d1bdf24641fe42cc50d881ca7d0851735bc27,train/bonafide/scan/indian-NF-1039.jpg,1f34c084fdeb6c26d56d96615d05543f4b868da8e374b9a9a17dc9c768e235a7,"(1994, 1248)","(409, 256)",0.984184741973877,0.9970616698265076,0.012876927852630615,0.1797320395708084,0.08038882166147232,0.09934321790933609
indian-NF-1039,scan,digital_1_vs_digital_2,digital_1,digital_2,train/attack/digital_1/scan/indian-NF-1039.jpg,7703d521fcf17193e0ee61d2ec56afe9f2f2e8607046ed0b46cee700bbab25ad,train/attack/digital_2/scan/indian-NF-1039.jpg,128df62fa0e2066456214071fa5d1bdf24641fe42cc50d881ca7d0851735bc27,"(1994, 1248)","(409, 256)",0.9576492309570312,0.9893972873687744,0.031748056411743164,0.293276846408844,0.14871746301651,0.14455938339233398
indian-NF-1075,huawei,digital_1_vs_bonafide,digital_1,bonafide,train/attack/digital_1/huawei/indian-NF-1075.jpg,872ccb5e376c236965590a27c360a7c9b1856224e38725acbdfac100c7808dfd,train/bonafide/huawei/indian-NF-1075.jpg,f740daedb2926a2d10817efd3b0251dd2f7a64af899b41eb345490ec8dc090b6,"(3203, 1979)","(414, 256)",0.9650709629058838,0.9930526614189148,0.027981698513031006,0.265672504901886,0.11848561465740204,0.14718689024448395
indian-NF-1075,huawei,digital_2_vs_bonafide,digital_2,bonafide,train/attack/digital_2/huawei/indian-NF-1075.jpg,686334f2523f4a141bc5ac9a3a422c0fe7c8a246c269cc89e6710d2cbfa47621,train/bonafide/huawei/indian-NF-1075.jpg,f740daedb2926a2d10817efd3b0251dd2f7a64af899b41eb345490ec8dc090b6,"(3203, 1979)","(414, 256)",0.9358059167861938,0.9867117404937744,0.050905823707580566,0.36264288425445557,0.17593146860599518,0.1867114156484604
indian-NF-1075,huawei,digital_1_vs_digital_2,digital_1,digital_2,train/attack/digital_1/huawei/indian-NF-1075.jpg,872ccb5e376c236965590a27c360a7c9b1856224e38725acbdfac100c7808dfd,train/attack/digital_2/huawei/indian-NF-1075.jpg,686334f2523f4a141bc5ac9a3a422c0fe7c8a246c269cc89e6710d2cbfa47621,"(3203, 1979)","(414, 256)",0.9230644702911377,0.980621337890625,0.057556867599487305,0.40079954266548157,0.21175572276115417,0.1890438199043274
indian-NF-1075,iphone15pro,digital_1_vs_bonafide,digital_1,bonafide,train/attack/digital_1/iphone15pro/indian-NF-1075.jpg,4ebd88ce79e8072d9004197887608db05145a48dc14c177582c80c4d310a7770,train/bonafide/iphone15pro/indian-NF-1075.jpg,ab8c1bc62b7171e1b09cd8aec48930d060cc5d6a46ec2b7ac32efb64d7c602b3,"(2795, 1789)","(399, 256)",0.9718314409255981,0.9934821724891663,0.021650731563568115,0.24044238030910492,0.118787482380867,0.12165489792823792
indian-NF-1075,iphone15pro,digital_2_vs_bonafide,digital_2,bonafide,train/attack/digital_2/iphone15pro/indian-NF-1075.jpg,dacfed24048147d74b3fb945a9988eae3d069be15b68df698e0c65f4ada47868,train/bonafide/iphone15pro/indian-NF-1075.jpg,ab8c1bc62b7171e1b09cd8aec48930d060cc5d6a46ec2b7ac32efb64d7c602b3,"(2795, 1789)","(399, 256)",0.9114643335342407,0.9774689674377441,0.06600463390350342,0.43128278851509094,0.22969049215316772,0.20159229636192322
indian-NF-1075,iphone15pro,digital_1_vs_digital_2,digital_1,digital_2,train/attack/digital_1/iphone15pro/indian-NF-1075.jpg,4ebd88ce79e8072d9004197887608db05145a48dc14c177582c80c4d310a7770,train/attack/digital_2/iphone15pro/indian-NF-1075.jpg,dacfed24048147d74b3fb945a9988eae3d069be15b68df698e0c65f4ada47868,"(2795, 1789)","(399, 256)",0.9125295877456665,0.9758176803588867,0.06328809261322021,0.4220939874649048,0.22671476006507874,0.19537922739982605
indian-NF-1075,scan,digital_1_vs_bonafide,digital_1,bonafide,train/attack/digital_1/scan/indian-NF-1075.jpg,dcef2892e441f4d12b8d2537e719a5d76d6c7ed136c16c61bc11b6e62effe32a,train/bonafide/scan/indian-NF-1075.jpg,a4274708863803d8d2ef0bc689ee24a600ee007ff14efaed66e08a86dc16b034,"(1992, 1249)","(408, 256)",0.9683241844177246,0.9934725761413574,0.025148391723632812,0.2533036768436432,0.11743286997079849,0.1358708068728447
indian-NF-1075,scan,digital_2_vs_bonafide,digital_2,bonafide,train/attack/digital_2/scan/indian-NF-1075.jpg,2b4e9f6f11dbb986f8e931e5af9edfbb163f9a3d564bc837cbb640f6a0af061d,train/bonafide/scan/indian-NF-1075.jpg,a4274708863803d8d2ef0bc689ee24a600ee007ff14efaed66e08a86dc16b034,"(1992, 1249)","(408, 256)",0.9740236401557922,0.9948269724845886,0.020803332328796387,0.2279922366142273,0.10220247507095337,0.12578976154327393
indian-NF-1075,scan,digital_1_vs_digital_2,digital_1,digital_2,train/attack/digital_1/scan/indian-NF-1075.jpg,dcef2892e441f4d12b8d2537e719a5d76d6c7ed136c16c61bc11b6e62effe32a,train/attack/digital_2/scan/indian-NF-1075.jpg,2b4e9f6f11dbb986f8e931e5af9edfbb163f9a3d564bc837cbb640f6a0af061d,"(1992, 1249)","(408, 256)",0.9602128863334656,0.9918986558914185,0.03168576955795288,0.2830396592617035,0.1284407526254654,0.1545989066362381
indian-NF-1096,huawei,digital_1_vs_bonafide,digital_1,bonafide,train/attack/digital_1/huawei/indian-NF-1096.jpg,80981eef5524abd91e8205a9365579d23b71c7d745e4d8e939804466ecd33b0d,train/bonafide/huawei/indian-NF-1096.jpg,8cea3bd763421b396211eac4828ddcacf7e07e9c43d7d47e834050aaad4fc3d4,"(3215, 1975)","(416, 256)",0.9436761140823364,0.9844372272491455,0.04076111316680908,0.3363073170185089,0.1773567497730255,0.1589505672454834
indian-NF-1096,huawei,digital_2_vs_bonafide,digital_2,bonafide,train/attack/digital_2/huawei/indian-NF-1096.jpg,72fc6b3ca774b3603399b5addd4a6a8c62d98f03ff876af00ad53280e862d388,train/bonafide/huawei/indian-NF-1096.jpg,8cea3bd763421b396211eac4828ddcacf7e07e9c43d7d47e834050aaad4fc3d4,"(3215, 1975)","(416, 256)",0.8888382315635681,0.9690611362457275,0.08022290468215942,0.47794365882873535,0.2590571343898773,0.21888652443885803
indian-NF-1096,huawei,digital_1_vs_digital_2,digital_1,digital_2,train/attack/digital_1/huawei/indian-NF-1096.jpg,80981eef5524abd91e8205a9365579d23b71c7d745e4d8e939804466ecd33b0d,train/attack/digital_2/huawei/indian-NF-1096.jpg,72fc6b3ca774b3603399b5addd4a6a8c62d98f03ff876af00ad53280e862d388,"(3215, 1975)","(416, 256)",0.9400700330734253,0.9876281023025513,0.04755806922912598,0.35101816058158875,0.1664820909500122,0.18453606963157654
indian-NF-1096,iphone15pro,digital_1_vs_bonafide,digital_1,bonafide,train/attack/digital_1/iphone15pro/indian-NF-1096.jpg,76ccbaca2e2df95592dfe1f8d3fbf557048e67273dc699b0df5eb26ad7cbfff5,train/bonafide/iphone15pro/indian-NF-1096.jpg,ab1e7c2e83e4574fced8a4f35cb9aef2f137d24dda9a5808c9bb8ad2db42cbf4,"(2797, 1787)","(400, 256)",0.9386796951293945,0.9877793788909912,0.04909968376159668,0.3531967103481293,0.15951113402843475,0.19368557631969452
indian-NF-1096,iphone15pro,digital_2_vs_bonafide,digital_2,bonafide,train/attack/digital_2/iphone15pro/indian-NF-1096.jpg,e1f3f21aa0279f110344fd0820d38238c6c99227567e4f32be3f7dde244ae1ca,train/bonafide/iphone15pro/indian-NF-1096.jpg,ab1e7c2e83e4574fced8a4f35cb9aef2f137d24dda9a5808c9bb8ad2db42cbf4,"(2797, 1787)","(400, 256)",0.8804458379745483,0.9637565612792969,0.08331072330474854,0.5021436214447021,0.28921011090278625,0.2129335105419159
indian-NF-1096,iphone15pro,digital_1_vs_digital_2,digital_1,digital_2,train/attack/digital_1/iphone15pro/indian-NF-1096.jpg,76ccbaca2e2df95592dfe1f8d3fbf557048e67273dc699b0df5eb26ad7cbfff5,train/attack/digital_2/iphone15pro/indian-NF-1096.jpg,e1f3f21aa0279f110344fd0820d38238c6c99227567e4f32be3f7dde244ae1ca,"(2797, 1787)","(400, 256)",0.9070038795471191,0.9730851054191589,0.0660812258720398,0.4368418753147125,0.24364455044269562,0.1931973248720169
indian-NF-1096,scan,digital_1_vs_bonafide,digital_1,bonafide,train/attack/digital_1/scan/indian-NF-1096.jpg,27d35a765ac5481b1b0aa756e29a425654bfbb83be1730bc1a09920a6d91bd5e,train/bonafide/scan/indian-NF-1096.jpg,dbc3e7e104756d320577edb549bfa7ae67a0bd7643b93a9ca7d1ea2bb5613e90,"(1992, 1254)","(406, 256)",0.9423495531082153,0.9881614446640015,0.04581189155578613,0.34295129776000977,0.15826629102230072,0.18468500673770905
indian-NF-1096,scan,digital_2_vs_bonafide,digital_2,bonafide,train/attack/digital_2/scan/indian-NF-1096.jpg,cd60a9339e614cc218fcfc0cc68f222d98a396c7358a6ec8b4fe25a9f199f4c6,train/bonafide/scan/indian-NF-1096.jpg,dbc3e7e104756d320577edb549bfa7ae67a0bd7643b93a9ca7d1ea2bb5613e90,"(1992, 1254)","(406, 256)",0.8726255893707275,0.9668056964874268,0.09418010711669922,0.5113959908485413,0.2689683437347412,0.24242764711380005
indian-NF-1096,scan,digital_1_vs_digital_2,digital_1,digital_2,train/attack/digital_1/scan/indian-NF-1096.jpg,27d35a765ac5481b1b0aa756e29a425654bfbb83be1730bc1a09920a6d91bd5e,train/attack/digital_2/scan/indian-NF-1096.jpg,cd60a9339e614cc218fcfc0cc68f222d98a396c7358a6ec8b4fe25a9f199f4c6,"(1992, 1254)","(406, 256)",0.9016103148460388,0.9760526418685913,0.07444232702255249,0.44500792026519775,0.2225581556558609,0.22244976460933685
indian-NM-1058,huawei,digital_1_vs_bonafide,digital_1,bonafide,train/attack/digital_1/huawei/indian-NM-1058.jpg,90d8675646417e67568fb8b3e70a73f8d98097539316f310325ff7ba774afc77,train/bonafide/huawei/indian-NM-1058.jpg,48d32587a3a1cab6d889786d8af28063002e95327e5d3155fe3bc47dbb54f9e7,"(3188, 1980)","(412, 256)",0.9797614812850952,0.9958072900772095,0.016045808792114258,0.20124763250350952,0.09157713502645493,0.1096704974770546
indian-NM-1058,huawei,digital_2_vs_bonafide,digital_2,bonafide,train/attack/digital_2/huawei/indian-NM-1058.jpg,e507df7bb5638c710fc5e7250e4806e84453d5e79b1afb678f152291f1a40dd2,train/bonafide/huawei/indian-NM-1058.jpg,48d32587a3a1cab6d889786d8af28063002e95327e5d3155fe3bc47dbb54f9e7,"(3188, 1980)","(412, 256)",0.9762764573097229,0.9951268434524536,0.018850386142730713,0.21828025579452515,0.09931465983390808,0.11896559596061707
indian-NM-1058,huawei,digital_1_vs_digital_2,digital_1,digital_2,train/attack/digital_1/huawei/indian-NM-1058.jpg,90d8675646417e67568fb8b3e70a73f8d98097539316f310325ff7ba774afc77,train/attack/digital_2/huawei/indian-NM-1058.jpg,e507df7bb5638c710fc5e7250e4806e84453d5e79b1afb678f152291f1a40dd2,"(3188, 1980)","(412, 256)",0.9698201417922974,0.9941071271896362,0.024286985397338867,0.2458566576242447,0.10901478677988052,0.13684187084436417
indian-NM-1058,iphone15pro,digital_1_vs_bonafide,digital_1,bonafide,train/attack/digital_1/iphone15pro/indian-NM-1058.jpg,890baee6e6a24cc418c37457db6e1ff00a889fea84e097d2ee26711a2a7d3a91,train/bonafide/iphone15pro/indian-NM-1058.jpg,e017d13e4cdad0e65ca062f6735e38ebbe22e7b1fc6e3ce47ef600ca1dbb4626,"(2814, 1768)","(407, 256)",0.9329317808151245,0.9818120002746582,0.04888021945953369,0.38112643361091614,0.19842417538166046,0.18270225822925568
indian-NM-1058,iphone15pro,digital_2_vs_bonafide,digital_2,bonafide,train/attack/digital_2/iphone15pro/indian-NM-1058.jpg,6b9e66076c6ff5e039a71db53ecc66fb03e7abed37eb41cec65e07c90d8599ed,train/bonafide/iphone15pro/indian-NM-1058.jpg,e017d13e4cdad0e65ca062f6735e38ebbe22e7b1fc6e3ce47ef600ca1dbb4626,"(2814, 1768)","(407, 256)",0.9548329710960388,0.9884728193283081,0.03363984823226929,0.30315524339675903,0.15243257582187653,0.1507226675748825
indian-NM-1058,iphone15pro,digital_1_vs_digital_2,digital_1,digital_2,train/attack/digital_1/iphone15pro/indian-NM-1058.jpg,890baee6e6a24cc418c37457db6e1ff00a889fea84e097d2ee26711a2a7d3a91,train/attack/digital_2/iphone15pro/indian-NM-1058.jpg,6b9e66076c6ff5e039a71db53ecc66fb03e7abed37eb41cec65e07c90d8599ed,"(2814, 1768)","(407, 256)",0.9484283328056335,0.9859728813171387,0.03754454851150513,0.3279518783092499,0.17252129316329956,0.15543058514595032
indian-NM-1058,scan,digital_1_vs_bonafide,digital_1,bonafide,train/attack/digital_1/scan/indian-NM-1058.jpg,fc2a669191dd5656a293040a48afd9b98361f3a9c878e86098b36fd32c455177,train/bonafide/scan/indian-NM-1058.jpg,992c4b25cbbbd618581b80cb8ca0d9bd1fca0333266bd424c0e2fe6909932513,"(1999, 1246)","(410, 256)",0.9662512540817261,0.9923311471939087,0.026079893112182617,0.27184420824050903,0.13272038102149963,0.1391238272190094
indian-NM-1058,scan,digital_2_vs_bonafide,digital_2,bonafide,train/attack/digital_2/scan/indian-NM-1058.jpg,581c9d6b61b40b70e22b9db083a783c961cdd0c5b2ca4a37b24242f18f21ed30,train/bonafide/scan/indian-NM-1058.jpg,992c4b25cbbbd618581b80cb8ca0d9bd1fca0333266bd424c0e2fe6909932513,"(1999, 1246)","(410, 256)",0.9611983299255371,0.991451621055603,0.030253291130065918,0.27861320972442627,0.13111460208892822,0.14749860763549805
indian-NM-1058,scan,digital_1_vs_digital_2,digital_1,digital_2,train/attack/digital_1/scan/indian-NM-1058.jpg,fc2a669191dd5656a293040a48afd9b98361f3a9c878e86098b36fd32c455177,train/attack/digital_2/scan/indian-NM-1058.jpg,581c9d6b61b40b70e22b9db083a783c961cdd0c5b2ca4a37b24242f18f21ed30,"(1999, 1246)","(410, 256)",0.9260023832321167,0.9815968871116638,0.05559450387954712,0.39372965693473816,0.20021431148052216,0.193515345454216
persian-010_03,huawei,digital_1_vs_bonafide,digital_1,bonafide,train/attack/digital_1/huawei/persian-010_03.jpg,08caa673febb699c6fcc4a17ce94a442807215d4f3e5ed5c10d16487fc0b1475,train/bonafide/huawei/persian-010_03.jpg,f909e1fa8bbf7d7569b45df05b39d23e7a8642c7ef1f13a7a6ef7e42369a7492,"(3198, 1973)","(414, 256)",0.989963710308075,0.9980985522270203,0.008134841918945312,0.14276789128780365,0.06492634117603302,0.07784155011177063
persian-010_03,huawei,digital_2_vs_bonafide,digital_2,bonafide,train/attack/digital_2/huawei/persian-010_03.jpg,25ed2a778db83be650e0c4c15ce22eb551b16036dd1eddcdaab83d057c1cde25,train/bonafide/huawei/persian-010_03.jpg,f909e1fa8bbf7d7569b45df05b39d23e7a8642c7ef1f13a7a6ef7e42369a7492,"(3198, 1973)","(414, 256)",0.9836300611495972,0.9959664344787598,0.012336373329162598,0.1854228973388672,0.09318970888853073,0.09223318845033646
persian-010_03,huawei,digital_1_vs_digital_2,digital_1,digital_2,train/attack/digital_1/huawei/persian-010_03.jpg,08caa673febb699c6fcc4a17ce94a442807215d4f3e5ed5c10d16487fc0b1475,train/attack/digital_2/huawei/persian-010_03.jpg,25ed2a778db83be650e0c4c15ce22eb551b16036dd1eddcdaab83d057c1cde25,"(3198, 1973)","(414, 256)",0.9850838780403137,0.9967969655990601,0.011713087558746338,0.1742382049560547,0.08016712218523026,0.09407108277082443
persian-010_03,iphone15pro,digital_1_vs_bonafide,digital_1,bonafide,train/attack/digital_1/iphone15pro/persian-010_03.jpg,4fdaf3e93efdf185eba6da6a48fdd76a1a1aec407f309baf143df31ca316c22b,train/bonafide/iphone15pro/persian-010_03.jpg,9631fbef4c2756fe8a5c5952a244e630f2a60909bc54cf0cc2bfee84860ae47b,"(2801, 1785)","(401, 256)",0.9893717765808105,0.9980157613754272,0.0086439847946167,0.1458047777414322,0.06301899999380112,0.08278577774763107
persian-010_03,iphone15pro,digital_2_vs_bonafide,digital_2,bonafide,train/attack/digital_2/iphone15pro/persian-010_03.jpg,bd81408b46a152dde8a4ab5411d103cab6636ba5dd4d86ae2b61b381569ec35e,train/bonafide/iphone15pro/persian-010_03.jpg,9631fbef4c2756fe8a5c5952a244e630f2a60909bc54cf0cc2bfee84860ae47b,"(2801, 1785)","(401, 256)",0.9841383099555969,0.997008740901947,0.012870430946350098,0.17855116724967957,0.08060010522603989,0.09795106202363968
persian-010_03,iphone15pro,digital_1_vs_digital_2,digital_1,digital_2,train/attack/digital_1/iphone15pro/persian-010_03.jpg,4fdaf3e93efdf185eba6da6a48fdd76a1a1aec407f309baf143df31ca316c22b,train/attack/digital_2/iphone15pro/persian-010_03.jpg,bd81408b46a152dde8a4ab5411d103cab6636ba5dd4d86ae2b61b381569ec35e,"(2801, 1785)","(401, 256)",0.983862042427063,0.9969505071640015,0.013088464736938477,0.17998820543289185,0.08085339516401291,0.09913481026887894
persian-010_03,scan,digital_1_vs_bonafide,digital_1,bonafide,train/attack/digital_1/scan/persian-010_03.jpg,e0a8a9391f91e9ec53b80601ad28e6d81b602383509dffbc718ff40ea6a5ba1e,train/bonafide/scan/persian-010_03.jpg,c4436b83e5a457f9429c49bc735e34b355c9e2d9ef39fdc34d5c39c0e3398e44,"(1992, 1253)","(406, 256)",0.9870206117630005,0.9975559115409851,0.01053529977798462,0.16111794114112854,0.0704663097858429,0.09065163135528564
persian-010_03,scan,digital_2_vs_bonafide,digital_2,bonafide,train/attack/digital_2/scan/persian-010_03.jpg,a0058267cda11b63892092136c6917664b80e8db437127f7ba671c275b43502f,train/bonafide/scan/persian-010_03.jpg,c4436b83e5a457f9429c49bc735e34b355c9e2d9ef39fdc34d5c39c0e3398e44,"(1992, 1253)","(406, 256)",0.9863470196723938,0.9964281320571899,0.010081112384796143,0.16634981334209442,0.08988510072231293,0.0764647126197815
persian-010_03,scan,digital_1_vs_digital_2,digital_1,digital_2,train/attack/digital_1/scan/persian-010_03.jpg,e0a8a9391f91e9ec53b80601ad28e6d81b602383509dffbc718ff40ea6a5ba1e,train/attack/digital_2/scan/persian-010_03.jpg,a0058267cda11b63892092136c6917664b80e8db437127f7ba671c275b43502f,"(1992, 1253)","(406, 256)",0.9820005893707275,0.9957702159881592,0.01376962661743164,0.19073660671710968,0.10004505515098572,0.09069155156612396
persian-045_03,huawei,digital_1_vs_bonafide,digital_1,bonafide,train/attack/digital_1/huawei/persian-045_03.jpg,51ff1e1512c7ed651a2ef39cd890e2b5e8c0bbde83510346e8e2748bce75e06d,train/bonafide/huawei/persian-045_03.jpg,25231cbb62f5c2a455f997bf6ef42ca0e8e2b13a50eff1abd39f5c1dc732d39f,"(3194, 1962)","(416, 256)",0.9813838601112366,0.9964490532875061,0.015065193176269531,0.19295728206634521,0.084432452917099,0.10852482914924622
persian-045_03,huawei,digital_2_vs_bonafide,digital_2,bonafide,train/attack/digital_2/huawei/persian-045_03.jpg,360af0073b8ae62e980f49b9e5e18a1d1bc1b1b5813d83c782820b3be715068b,train/bonafide/huawei/persian-045_03.jpg,25231cbb62f5c2a455f997bf6ef42ca0e8e2b13a50eff1abd39f5c1dc732d39f,"(3194, 1962)","(416, 256)",0.9825345277786255,0.9966977834701538,0.01416325569152832,0.18689826130867004,0.08132296800613403,0.10557529330253601
persian-045_03,huawei,digital_1_vs_digital_2,digital_1,digital_2,train/attack/digital_1/huawei/persian-045_03.jpg,51ff1e1512c7ed651a2ef39cd890e2b5e8c0bbde83510346e8e2748bce75e06d,train/attack/digital_2/huawei/persian-045_03.jpg,360af0073b8ae62e980f49b9e5e18a1d1bc1b1b5813d83c782820b3be715068b,"(3194, 1962)","(416, 256)",0.9824893474578857,0.9973939657211304,0.014904618263244629,0.18714027106761932,0.07265915721654892,0.1144811138510704
persian-045_03,iphone15pro,digital_1_vs_bonafide,digital_1,bonafide,train/attack/digital_1/iphone15pro/persian-045_03.jpg,5367b998dc32ee27b7ce59bde0f7bebe6fda2f38fc16c00abb7a43c2002c40b5,train/bonafide/iphone15pro/persian-045_03.jpg,6bcda5e9f544ae53a9e2f805e987b9bc9dacf5010c427e9319881c071bc3e94a,"(2795, 1783)","(401, 256)",0.9816158413887024,0.9962738752365112,0.014658033847808838,0.19231007993221283,0.08736195415258408,0.10494812577962875
persian-045_03,iphone15pro,digital_2_vs_bonafide,digital_2,bonafide,train/attack/digital_2/iphone15pro/persian-045_03.jpg,115ed64d791a4dc8afbdb306146a8834baa535cc3d24127f9df3393708460274,train/bonafide/iphone15pro/persian-045_03.jpg,6bcda5e9f544ae53a9e2f805e987b9bc9dacf5010c427e9319881c071bc3e94a,"(2795, 1783)","(401, 256)",0.9853916168212891,0.9969515800476074,0.01155996322631836,0.17149710655212402,0.08051060140132904,0.09098650515079498
persian-045_03,iphone15pro,digital_1_vs_digital_2,digital_1,digital_2,train/attack/digital_1/iphone15pro/persian-045_03.jpg,5367b998dc32ee27b7ce59bde0f7bebe6fda2f38fc16c00abb7a43c2002c40b5,train/attack/digital_2/iphone15pro/persian-045_03.jpg,115ed64d791a4dc8afbdb306146a8834baa535cc3d24127f9df3393708460274,"(2795, 1783)","(401, 256)",0.9857818484306335,0.9971523880958557,0.011370539665222168,0.16863256692886353,0.07572092115879059,0.09291164577007294
persian-045_03,scan,digital_1_vs_bonafide,digital_1,bonafide,train/attack/digital_1/scan/persian-045_03.jpg,f843bc6626338d7efb76e8aaaa1a48dc19cb7ab61eaa77b424086dbb910c6648,train/bonafide/scan/persian-045_03.jpg,ed1929118325d9e2eaa4f69f58ba51a1fdd6cf83c083ed3c194bfd93eb0407ca,"(1999, 1245)","(411, 256)",0.9836849570274353,0.9969109296798706,0.013225972652435303,0.18064165115356445,0.07861203700304031,0.10202961415052414
persian-045_03,scan,digital_2_vs_bonafide,digital_2,bonafide,train/attack/digital_2/scan/persian-045_03.jpg,6781a76dc77a874d7317a518a220cf03bde5233dae64024132b9b6a4ccad2b19,train/bonafide/scan/persian-045_03.jpg,ed1929118325d9e2eaa4f69f58ba51a1fdd6cf83c083ed3c194bfd93eb0407ca,"(1999, 1245)","(411, 256)",0.9850554466247559,0.9969973564147949,0.011941909790039062,0.17289386689662933,0.07793989777565002,0.09495396912097931
persian-045_03,scan,digital_1_vs_digital_2,digital_1,digital_2,train/attack/digital_1/scan/persian-045_03.jpg,f843bc6626338d7efb76e8aaaa1a48dc19cb7ab61eaa77b424086dbb910c6648,train/attack/digital_2/scan/persian-045_03.jpg,6781a76dc77a874d7317a518a220cf03bde5233dae64024132b9b6a4ccad2b19,"(1999, 1245)","(411, 256)",0.9806941747665405,0.995700478553772,0.015006303787231445,0.1964995265007019,0.09299357235431671,0.10350595414638519
persian-069_03,huawei,digital_1_vs_bonafide,digital_1,bonafide,train/attack/digital_1/huawei/persian-069_03.jpg,5e9c45947f68f4d849e14f12d31aace00e746934d85162e8b8b713f44758967d,train/bonafide/huawei/persian-069_03.jpg,8cb344674890ffee199d5ee7fe83adcd74ece40219f0346dbb788e600b761f9d,"(3200, 1980)","(413, 256)",0.986761212348938,0.9973468780517578,0.010585665702819824,0.1633271872997284,0.07368980348110199,0.0896373838186264
persian-069_03,huawei,digital_2_vs_bonafide,digital_2,bonafide,train/attack/digital_2/huawei/persian-069_03.jpg,a5910f53e39c9b1a676759a466f514f31d98e83950e9efaac470f83f7584a450,train/bonafide/huawei/persian-069_03.jpg,8cb344674890ffee199d5ee7fe83adcd74ece40219f0346dbb788e600b761f9d,"(3200, 1980)","(413, 256)",0.9887423515319824,0.9973825216293335,0.008640170097351074,0.1502978503704071,0.07253757119178772,0.07776027917861938
persian-069_03,huawei,digital_1_vs_digital_2,digital_1,digital_2,train/attack/digital_1/huawei/persian-069_03.jpg,5e9c45947f68f4d849e14f12d31aace00e746934d85162e8b8b713f44758967d,train/attack/digital_2/huawei/persian-069_03.jpg,a5910f53e39c9b1a676759a466f514f31d98e83950e9efaac470f83f7584a450,"(3200, 1980)","(413, 256)",0.9879181385040283,0.9976848363876343,0.009766697883605957,0.1555429995059967,0.06830621510744095,0.08723678439855576
persian-069_03,iphone15pro,digital_1_vs_bonafide,digital_1,bonafide,train/attack/digital_1/iphone15pro/persian-069_03.jpg,4c10c22a117eb6a7c65f25cc68dae43cac7ac43bb0e6af6467313e290441de35,train/bonafide/iphone15pro/persian-069_03.jpg,f00d8b56afffe5563d8532e0368c0e9ed19f1391bb0e03977e8de162c82a8eac,"(2801, 1786)","(401, 256)",0.9723678231239319,0.9940041899681091,0.021636366844177246,0.2351173758506775,0.11006885021924973,0.12504852563142776
persian-069_03,iphone15pro,digital_2_vs_bonafide,digital_2,bonafide,train/attack/digital_2/iphone15pro/persian-069_03.jpg,9b5e043b03698c5ef9bb6b92e05b912e07b5e3fa020e82730a82fee89e6af585,train/bonafide/iphone15pro/persian-069_03.jpg,f00d8b56afffe5563d8532e0368c0e9ed19f1391bb0e03977e8de162c82a8eac,"(2801, 1786)","(401, 256)",0.9817475080490112,0.9957275390625,0.01398003101348877,0.19108155369758606,0.09254319220781326,0.0985383614897728
persian-069_03,iphone15pro,digital_1_vs_digital_2,digital_1,digital_2,train/attack/digital_1/iphone15pro/persian-069_03.jpg,4c10c22a117eb6a7c65f25cc68dae43cac7ac43bb0e6af6467313e290441de35,train/attack/digital_2/iphone15pro/persian-069_03.jpg,9b5e043b03698c5ef9bb6b92e05b912e07b5e3fa020e82730a82fee89e6af585,"(2801, 1786)","(401, 256)",0.9824342727661133,0.9963756799697876,0.013941407203674316,0.18755140900611877,0.08540481328964233,0.10214659571647644
persian-069_03,scan,digital_1_vs_bonafide,digital_1,bonafide,train/attack/digital_1/scan/persian-069_03.jpg,fd1867e00805ad083141e988316049b507b3284f5b4fc0cb0f9cdafecf6e7bf5,train/bonafide/scan/persian-069_03.jpg,4bb7f2272a7925c14a9c1d4fd4d04572fe8aea688a0a312ec2896c4b6a5cedc9,"(1994, 1250)","(408, 256)",0.9752331376075745,0.9950472712516785,0.019814133644104004,0.22600074112415314,0.10392313450574875,0.12207760661840439
persian-069_03,scan,digital_2_vs_bonafide,digital_2,bonafide,train/attack/digital_2/scan/persian-069_03.jpg,7bab8140053e3d1b7b4ae6a978379a7efe54b98e6858f6df94c11449addcb0da,train/bonafide/scan/persian-069_03.jpg,4bb7f2272a7925c14a9c1d4fd4d04572fe8aea688a0a312ec2896c4b6a5cedc9,"(1994, 1250)","(408, 256)",0.9864389300346375,0.9972323179244995,0.01079338788986206,0.16712671518325806,0.07704100012779236,0.0900857150554657
persian-069_03,scan,digital_1_vs_digital_2,digital_1,digital_2,train/attack/digital_1/scan/persian-069_03.jpg,fd1867e00805ad083141e988316049b507b3284f5b4fc0cb0f9cdafecf6e7bf5,train/attack/digital_2/scan/persian-069_03.jpg,7bab8140053e3d1b7b4ae6a978379a7efe54b98e6858f6df94c11449addcb0da,"(1994, 1250)","(408, 256)",0.9863201975822449,0.9973552227020264,0.011035025119781494,0.1657692939043045,0.07340399920940399,0.09236529469490051
persian-087_03,huawei,digital_1_vs_bonafide,digital_1,bonafide,train/attack/digital_1/huawei/persian-087_03.jpg,d4e0b0e44af4b53a652106186428d54bb88aee97641f8c85b22cf7724eb68320,train/bonafide/huawei/persian-087_03.jpg,812709d1d28bebc5d4e073d9ee134caeaa64bd7f632e199c88c6ea2fe1c61724,"(3199, 1976)","(414, 256)",0.9887922406196594,0.9973669052124023,0.00857466459274292,0.14976081252098083,0.07256922125816345,0.07719159126281738
persian-087_03,huawei,digital_2_vs_bonafide,digital_2,bonafide,train/attack/digital_2/huawei/persian-087_03.jpg,cc8f6170475465c946be3edc409c0afd4bc8c396a76599e5b9a932935f68319c,train/bonafide/huawei/persian-087_03.jpg,812709d1d28bebc5d4e073d9ee134caeaa64bd7f632e199c88c6ea2fe1c61724,"(3199, 1976)","(414, 256)",0.9918200969696045,0.9984076023101807,0.006587505340576172,0.12795035541057587,0.05652988702058792,0.07142046838998795
persian-087_03,huawei,digital_1_vs_digital_2,digital_1,digital_2,train/attack/digital_1/huawei/persian-087_03.jpg,d4e0b0e44af4b53a652106186428d54bb88aee97641f8c85b22cf7724eb68320,train/attack/digital_2/huawei/persian-087_03.jpg,cc8f6170475465c946be3edc409c0afd4bc8c396a76599e5b9a932935f68319c,"(3199, 1976)","(414, 256)",0.9888795614242554,0.997729480266571,0.008849918842315674,0.149133563041687,0.06748425215482712,0.0816493108868599
persian-087_03,iphone15pro,digital_1_vs_bonafide,digital_1,bonafide,train/attack/digital_1/iphone15pro/persian-087_03.jpg,5903a629d0e0fbdd643ed70afa88946980649307b1ce7818184dfc44fcb154b7,train/bonafide/iphone15pro/persian-087_03.jpg,804dd37ec17a83ea13d1609a24376489cfbc9e3cab92dda6666937e6f6820de6,"(2791, 1785)","(400, 256)",0.9850771427154541,0.9966810941696167,0.011603951454162598,0.17433202266693115,0.0834033265709877,0.09092869609594345
persian-087_03,iphone15pro,digital_2_vs_bonafide,digital_2,bonafide,train/attack/digital_2/iphone15pro/persian-087_03.jpg,4c07af758fe904112c8cdad5177bf17695727cebe356c5e2affbf5a7461791ae,train/bonafide/iphone15pro/persian-087_03.jpg,804dd37ec17a83ea13d1609a24376489cfbc9e3cab92dda6666937e6f6820de6,"(2791, 1785)","(400, 256)",0.9879137277603149,0.9971767663955688,0.009263038635253906,0.1557495892047882,0.07562825083732605,0.08012133836746216
persian-087_03,iphone15pro,digital_1_vs_digital_2,digital_1,digital_2,train/attack/digital_1/iphone15pro/persian-087_03.jpg,5903a629d0e0fbdd643ed70afa88946980649307b1ce7818184dfc44fcb154b7,train/attack/digital_2/iphone15pro/persian-087_03.jpg,4c07af758fe904112c8cdad5177bf17695727cebe356c5e2affbf5a7461791ae,"(2791, 1785)","(400, 256)",0.9849793314933777,0.9964216351509094,0.011442303657531738,0.17636555433273315,0.08861418068408966,0.0877513736486435
persian-087_03,scan,digital_1_vs_bonafide,digital_1,bonafide,train/attack/digital_1/scan/persian-087_03.jpg,0949da061a3bdebecf1675c4546f96c7ad0549f37a8966a628f6650eed9c3c03,train/bonafide/scan/persian-087_03.jpg,2c6408369482dc6c61e0dc491942f94bbb21159922ffab8f933ec1cda8f5406b,"(1993, 1249)","(408, 256)",0.9821832180023193,0.9963853359222412,0.014202117919921875,0.1888810694217682,0.08515708893537521,0.10372398048639297
persian-087_03,scan,digital_2_vs_bonafide,digital_2,bonafide,train/attack/digital_2/scan/persian-087_03.jpg,018a20b28b058bf249e30b6fdbe17ed46b7c1bd311f46b6dfee49c63c603ccaf,train/bonafide/scan/persian-087_03.jpg,2c6408369482dc6c61e0dc491942f94bbb21159922ffab8f933ec1cda8f5406b,"(1993, 1249)","(408, 256)",0.9884570837020874,0.9974477291107178,0.008990645408630371,0.15194979310035706,0.07148512452840805,0.080464668571949
persian-087_03,scan,digital_1_vs_digital_2,digital_1,digital_2,train/attack/digital_1/scan/persian-087_03.jpg,0949da061a3bdebecf1675c4546f96c7ad0549f37a8966a628f6650eed9c3c03,train/attack/digital_2/scan/persian-087_03.jpg,018a20b28b058bf249e30b6fdbe17ed46b7c1bd311f46b6dfee49c63c603ccaf,"(1993, 1249)","(408, 256)",0.9819791316986084,0.9960449934005737,0.014065861701965332,0.1899086982011795,0.08896993845701218,0.10093875974416733
persian-122_03,huawei,digital_1_vs_bonafide,digital_1,bonafide,train/attack/digital_1/huawei/persian-122_03.jpg,ecffcaf87d942d263f8792fd73ff8a915e54ef9f55f40af182ca3527923505f7,train/bonafide/huawei/persian-122_03.jpg,4100adb23279995464243abe566686e3d5f0d440731581badf2335036a9b4b16,"(3207, 1968)","(417, 256)",0.9843970537185669,0.9964457154273987,0.012048661708831787,0.1777564436197281,0.08511386811733246,0.09264257550239563
persian-122_03,huawei,digital_2_vs_bonafide,digital_2,bonafide,train/attack/digital_2/huawei/persian-122_03.jpg,1cf831062c4de575cd5a97faee599d50eca243e6e0fca986f398208b77b043ca,train/bonafide/huawei/persian-122_03.jpg,4100adb23279995464243abe566686e3d5f0d440731581badf2335036a9b4b16,"(3207, 1968)","(417, 256)",0.9899189472198486,0.9976675510406494,0.007748603820800781,0.1422097533941269,0.07056597620248795,0.07164377719163895
persian-122_03,huawei,digital_1_vs_digital_2,digital_1,digital_2,train/attack/digital_1/huawei/persian-122_03.jpg,ecffcaf87d942d263f8792fd73ff8a915e54ef9f55f40af182ca3527923505f7,train/attack/digital_2/huawei/persian-122_03.jpg,1cf831062c4de575cd5a97faee599d50eca243e6e0fca986f398208b77b043ca,"(3207, 1968)","(417, 256)",0.9791233539581299,0.9947414398193359,0.015618085861206055,0.20618955790996552,0.10667592287063599,0.09951363503932953
persian-122_03,iphone15pro,digital_1_vs_bonafide,digital_1,bonafide,train/attack/digital_1/iphone15pro/persian-122_03.jpg,3d65ac82f22b414202b49213aadcb2a95cb1061b79a7779143140f75fff599ac,train/bonafide/iphone15pro/persian-122_03.jpg,7c03d6b26da5e6a7521025887aee24c421c69ef03da0fb4fa281cce4c2a6e085,"(2805, 1786)","(402, 256)",0.9747255444526672,0.9941003322601318,0.0193747878074646,0.2252715826034546,0.10876338183879852,0.11650820076465607
persian-122_03,iphone15pro,digital_2_vs_bonafide,digital_2,bonafide,train/attack/digital_2/iphone15pro/persian-122_03.jpg,ccc07017747444fddcb82cb590b03f0f135ed64d5ce74049472dbd8265fb5cae,train/bonafide/iphone15pro/persian-122_03.jpg,7c03d6b26da5e6a7521025887aee24c421c69ef03da0fb4fa281cce4c2a6e085,"(2805, 1786)","(402, 256)",0.9865777492523193,0.9969069957733154,0.010329246520996094,0.16409489512443542,0.08141535520553589,0.08267953991889954
persian-122_03,iphone15pro,digital_1_vs_digital_2,digital_1,digital_2,train/attack/digital_1/iphone15pro/persian-122_03.jpg,3d65ac82f22b414202b49213aadcb2a95cb1061b79a7779143140f75fff599ac,train/attack/digital_2/iphone15pro/persian-122_03.jpg,ccc07017747444fddcb82cb590b03f0f135ed64d5ce74049472dbd8265fb5cae,"(2805, 1786)","(402, 256)",0.9740042686462402,0.9940208196640015,0.02001655101776123,0.229187473654747,0.11252092570066452,0.11666654795408249
persian-122_03,scan,digital_1_vs_bonafide,digital_1,bonafide,train/attack/digital_1/scan/persian-122_03.jpg,f764d1633e2950ccdfd8f33d11da25df72e0db4a108cd2c440ee0559a1336931,train/bonafide/scan/persian-122_03.jpg,ec893c0abb95d4b7e60b0871e0a03bc685f8d6ba3f85765c8d8c32b3dffc0002,"(1992, 1250)","(407, 256)",0.9779479503631592,0.9952635765075684,0.01731562614440918,0.21001169085502625,0.09734653681516647,0.11266515403985977
persian-122_03,scan,digital_2_vs_bonafide,digital_2,bonafide,train/attack/digital_2/scan/persian-122_03.jpg,bc7c58e43606dab2c3bef6278b8ff674cd17c6dc6988579e28eca44b04b007a1,train/bonafide/scan/persian-122_03.jpg,ec893c0abb95d4b7e60b0871e0a03bc685f8d6ba3f85765c8d8c32b3dffc0002,"(1992, 1250)","(407, 256)",0.988508939743042,0.9976470470428467,0.009138107299804688,0.15372522175312042,0.07387688010931015,0.07984834164381027
persian-122_03,scan,digital_1_vs_digital_2,digital_1,digital_2,train/attack/digital_1/scan/persian-122_03.jpg,f764d1633e2950ccdfd8f33d11da25df72e0db4a108cd2c440ee0559a1336931,train/attack/digital_2/scan/persian-122_03.jpg,bc7c58e43606dab2c3bef6278b8ff674cd17c6dc6988579e28eca44b04b007a1,"(1992, 1250)","(407, 256)",0.9782934188842773,0.9957322478294373,0.017438828945159912,0.21001222729682922,0.0958482176065445,0.11416400969028473
persian-NF-1001,huawei,digital_1_vs_bonafide,digital_1,bonafide,train/attack/digital_1/huawei/persian-NF-1001.jpg,4bf92613e13f62c15bd7746c1a3f7433bbb779b205ab60710ec0bbf191334abe,train/bonafide/huawei/persian-NF-1001.jpg,381c1dae260bd1c540ce4cbd0f73cea40345c57cb45fbb3205005c29402c6371,"(3026, 1886)","(410, 256)",0.9806673526763916,0.995714008808136,0.015046656131744385,0.1966542899608612,0.09263747185468674,0.10401681810617447
persian-NF-1001,huawei,digital_2_vs_bonafide,digital_2,bonafide,train/attack/digital_2/huawei/persian-NF-1001.jpg,a9458e8357a8765d91175af4ef5c2632283f87a9dc1a370d4d35d24787da426d,train/bonafide/huawei/persian-NF-1001.jpg,381c1dae260bd1c540ce4cbd0f73cea40345c57cb45fbb3205005c29402c6371,"(3026, 1886)","(410, 256)",0.9861694574356079,0.9974330067634583,0.011263549327850342,0.1672397255897522,0.07282067090272903,0.09441905468702316
persian-NF-1001,huawei,digital_1_vs_digital_2,digital_1,digital_2,train/attack/digital_1/huawei/persian-NF-1001.jpg,4bf92613e13f62c15bd7746c1a3f7433bbb779b205ab60710ec0bbf191334abe,train/attack/digital_2/huawei/persian-NF-1001.jpg,a9458e8357a8765d91175af4ef5c2632283f87a9dc1a370d4d35d24787da426d,"(3026, 1886)","(410, 256)",0.9782931804656982,0.9948691129684448,0.016575932502746582,0.20888371765613556,0.10178057849407196,0.1071031391620636
persian-NF-1001,iphone15pro,digital_1_vs_bonafide,digital_1,bonafide,train/attack/digital_1/iphone15pro/persian-NF-1001.jpg,590d17f70e9d1620d5a86ac8815644f5beb7ea6103a1427bf15278d9e9cbe96a,train/bonafide/iphone15pro/persian-NF-1001.jpg,76e878faa40234025a6b0f6f1809c88000f0fc1c0b27ceb00db9eb03a355727d,"(2638, 1609)","(419, 256)",0.9632788896560669,0.9933276176452637,0.030048727989196777,0.2711997330188751,0.11586496233940125,0.15533477067947388
persian-NF-1001,iphone15pro,digital_2_vs_bonafide,digital_2,bonafide,train/attack/digital_2/iphone15pro/persian-NF-1001.jpg,8481221fdb3a3b0642425dea648d575928ef592d7f4ec9ab9aba9bda279884ef,train/bonafide/iphone15pro/persian-NF-1001.jpg,76e878faa40234025a6b0f6f1809c88000f0fc1c0b27ceb00db9eb03a355727d,"(2638, 1609)","(419, 256)",0.9769213199615479,0.9959945678710938,0.0190732479095459,0.2149001657962799,0.08950652182102203,0.12539364397525787
persian-NF-1001,iphone15pro,digital_1_vs_digital_2,digital_1,digital_2,train/attack/digital_1/iphone15pro/persian-NF-1001.jpg,590d17f70e9d1620d5a86ac8815644f5beb7ea6103a1427bf15278d9e9cbe96a,train/attack/digital_2/iphone15pro/persian-NF-1001.jpg,8481221fdb3a3b0642425dea648d575928ef592d7f4ec9ab9aba9bda279884ef,"(2638, 1609)","(419, 256)",0.9645289182662964,0.9932833909988403,0.028754472732543945,0.2664046287536621,0.11629725992679596,0.15010736882686615
persian-NF-1001,scan,digital_1_vs_bonafide,digital_1,bonafide,train/attack/digital_1/scan/persian-NF-1001.jpg,ff57740ca7321b65d8f5c6f2830ba415e28e559ce705ada7b786492aca310da3,train/bonafide/scan/persian-NF-1001.jpg,7f3c783ede6424f0cb831a8c2d6f137f57be1a3a51b9fec2eb7198a63e895c54,"(1995, 1253)","(407, 256)",0.9758532047271729,0.9956194162368774,0.01976621150970459,0.21979594230651855,0.09360041469335556,0.126195527613163
persian-NF-1001,scan,digital_2_vs_bonafide,digital_2,bonafide,train/attack/digital_2/scan/persian-NF-1001.jpg,9b97766a3395abd11512b222a739a24617ba7f7ba16925e4c5fcfad5aca25b29,train/bonafide/scan/persian-NF-1001.jpg,7f3c783ede6424f0cb831a8c2d6f137f57be1a3a51b9fec2eb7198a63e895c54,"(1995, 1253)","(407, 256)",0.9887734651565552,0.997855007648468,0.009081542491912842,0.1499069184064865,0.06552327424287796,0.08438364416360855
persian-NF-1001,scan,digital_1_vs_digital_2,digital_1,digital_2,train/attack/digital_1/scan/persian-NF-1001.jpg,ff57740ca7321b65d8f5c6f2830ba415e28e559ce705ada7b786492aca310da3,train/attack/digital_2/scan/persian-NF-1001.jpg,9b97766a3395abd11512b222a739a24617ba7f7ba16925e4c5fcfad5aca25b29,"(1995, 1253)","(407, 256)",0.9705701470375061,0.9948053956031799,0.024235248565673828,0.2427564114332199,0.10194416344165802,0.1408122479915619
persian-NF-1031,huawei,digital_1_vs_bonafide,digital_1,bonafide,train/attack/digital_1/huawei/persian-NF-1031.jpg,40621190af653587ab43721431c15706ee8d421c21828cfc003773584d3d0ce0,train/bonafide/huawei/persian-NF-1031.jpg,f9624e51fd109633ef8e439e489e242bb649f9512529f7fcbc81923629f71ae8,"(3034, 1893)","(410, 256)",0.9868132472038269,0.9974210262298584,0.010607779026031494,0.16257725656032562,0.07242101430892944,0.09015624225139618
persian-NF-1031,huawei,digital_2_vs_bonafide,digital_2,bonafide,train/attack/digital_2/huawei/persian-NF-1031.jpg,860dfa9b3bd84e853f77081c6c6ebb4a5766ec3cdf5a48a0515b35862f4dd978,train/bonafide/huawei/persian-NF-1031.jpg,f9624e51fd109633ef8e439e489e242bb649f9512529f7fcbc81923629f71ae8,"(3034, 1893)","(410, 256)",0.9886753559112549,0.9980218410491943,0.009346485137939453,0.15049710869789124,0.0630127564072609,0.08748435229063034
persian-NF-1031,huawei,digital_1_vs_digital_2,digital_1,digital_2,train/attack/digital_1/huawei/persian-NF-1031.jpg,40621190af653587ab43721431c15706ee8d421c21828cfc003773584d3d0ce0,train/attack/digital_2/huawei/persian-NF-1031.jpg,860dfa9b3bd84e853f77081c6c6ebb4a5766ec3cdf5a48a0515b35862f4dd978,"(3034, 1893)","(410, 256)",0.9845288395881653,0.9966216087341309,0.012092769145965576,0.17605791985988617,0.08238507807254791,0.09367284178733826
persian-NF-1031,iphone15pro,digital_1_vs_bonafide,digital_1,bonafide,train/attack/digital_1/iphone15pro/persian-NF-1031.jpg,f7c6cf68a609bdc9f51597e7d9bdbf09bd535521d4214653c0c6fa1f5f069235,train/bonafide/iphone15pro/persian-NF-1031.jpg,8c4d81165534a5f077dc4b676975f74a7608c26c7cf0cc499e09db78ce89d778,"(2640, 1609)","(420, 256)",0.9732205271720886,0.9942893981933594,0.021068871021270752,0.23174794018268585,0.10873503237962723,0.12301290780305862
persian-NF-1031,iphone15pro,digital_2_vs_bonafide,digital_2,bonafide,train/attack/digital_2/iphone15pro/persian-NF-1031.jpg,5a26c65f1e93635cfb37bfb42883015736f28b6f60c013d5babef5f523a637ec,train/bonafide/iphone15pro/persian-NF-1031.jpg,8c4d81165534a5f077dc4b676975f74a7608c26c7cf0cc499e09db78ce89d778,"(2640, 1609)","(420, 256)",0.9828405380249023,0.9970239400863647,0.014183402061462402,0.1852700114250183,0.07719922065734863,0.10807079076766968
persian-NF-1031,iphone15pro,digital_1_vs_digital_2,digital_1,digital_2,train/attack/digital_1/iphone15pro/persian-NF-1031.jpg,f7c6cf68a609bdc9f51597e7d9bdbf09bd535521d4214653c0c6fa1f5f069235,train/attack/digital_2/iphone15pro/persian-NF-1031.jpg,5a26c65f1e93635cfb37bfb42883015736f28b6f60c013d5babef5f523a637ec,"(2640, 1609)","(420, 256)",0.9731040000915527,0.9943499565124512,0.021245956420898438,0.23239091038703918,0.10769880563020706,0.12469210475683212
persian-NF-1031,scan,digital_1_vs_bonafide,digital_1,bonafide,train/attack/digital_1/scan/persian-NF-1031.jpg,6f8941759d285314cd48cd125ed9f65e6d7a48fe516f59aed2cff0b230a19dd0,train/bonafide/scan/persian-NF-1031.jpg,233c11c0e12e2ce3c81eba8ce309ec37b82048a4bcdbb0f10ca37064a3f32ce6,"(1994, 1249)","(408, 256)",0.9823321104049683,0.9961883425712585,0.013856232166290283,0.18829883635044098,0.0873107835650444,0.10098805278539658
persian-NF-1031,scan,digital_2_vs_bonafide,digital_2,bonafide,train/attack/digital_2/scan/persian-NF-1031.jpg,d71a47c70d631d010d97cd14c5b327e8826a7bc16cf167ab1255d6e531aa0309,train/bonafide/scan/persian-NF-1031.jpg,233c11c0e12e2ce3c81eba8ce309ec37b82048a4bcdbb0f10ca37064a3f32ce6,"(1994, 1249)","(408, 256)",0.986713707447052,0.9973104000091553,0.010596692562103271,0.16477425396442413,0.0764278769493103,0.08834637701511383
persian-NF-1031,scan,digital_1_vs_digital_2,digital_1,digital_2,train/attack/digital_1/scan/persian-NF-1031.jpg,6f8941759d285314cd48cd125ed9f65e6d7a48fe516f59aed2cff0b230a19dd0,train/attack/digital_2/scan/persian-NF-1031.jpg,d71a47c70d631d010d97cd14c5b327e8826a7bc16cf167ab1255d6e531aa0309,"(1994, 1249)","(408, 256)",0.9732147455215454,0.9935733079910278,0.020358562469482422,0.23181729018688202,0.11541377753019333,0.11640351265668869
persian-NF-1034,huawei,digital_1_vs_bonafide,digital_1,bonafide,train/attack/digital_1/huawei/persian-NF-1034.jpg,d071139f62fb815ba2aef8944863093f9f07f325f8d0faca3282c11c3c8df2df,train/bonafide/huawei/persian-NF-1034.jpg,8b42715f7ce69eaf6389f6c6815e30383c4458725e85a44aa715d55484983b69,"(3200, 1973)","(415, 256)",0.9757790565490723,0.9948275089263916,0.019048452377319336,0.22020310163497925,0.10187620669603348,0.11832689493894577
persian-NF-1034,huawei,digital_2_vs_bonafide,digital_2,bonafide,train/attack/digital_2/huawei/persian-NF-1034.jpg,9615900e5c94bc6e9a3048cbe631917be93df8dbef7327ac6837e4e8d0560ecf,train/bonafide/huawei/persian-NF-1034.jpg,8b42715f7ce69eaf6389f6c6815e30383c4458725e85a44aa715d55484983b69,"(3200, 1973)","(415, 256)",0.9892630577087402,0.9976527690887451,0.008389711380004883,0.14692643284797668,0.07009176909923553,0.07683466374874115
persian-NF-1034,huawei,digital_1_vs_digital_2,digital_1,digital_2,train/attack/digital_1/huawei/persian-NF-1034.jpg,d071139f62fb815ba2aef8944863093f9f07f325f8d0faca3282c11c3c8df2df,train/attack/digital_2/huawei/persian-NF-1034.jpg,9615900e5c94bc6e9a3048cbe631917be93df8dbef7327ac6837e4e8d0560ecf,"(3200, 1973)","(415, 256)",0.9754256010055542,0.9949843883514404,0.01955878734588623,0.2217266708612442,0.10055644810199738,0.12117022275924683
persian-NF-1034,iphone15pro,digital_1_vs_bonafide,digital_1,bonafide,train/attack/digital_1/iphone15pro/persian-NF-1034.jpg,946491da8ad40360a93e708536a2055f0c33c9e19195547945eef4de09b32499,train/bonafide/iphone15pro/persian-NF-1034.jpg,4b2e5c1099524d340517ec168b8533457343ca185a25b7fc3e90ab28b5d1c9db,"(2793, 1789)","(399, 256)",0.9676181077957153,0.9930583238601685,0.025440216064453125,0.255513995885849,0.11896294355392456,0.13655105233192444
persian-NF-1034,iphone15pro,digital_2_vs_bonafide,digital_2,bonafide,train/attack/digital_2/iphone15pro/persian-NF-1034.jpg,f457fa896c336bcfe212a9b9c8c9f2e7491eefcbf9f78b89f364ff79fcae4010,train/bonafide/iphone15pro/persian-NF-1034.jpg,4b2e5c1099524d340517ec168b8533457343ca185a25b7fc3e90ab28b5d1c9db,"(2793, 1789)","(399, 256)",0.9783403873443604,0.9953948855400085,0.017054498195648193,0.20933648943901062,0.09752236306667328,0.11181412637233734
persian-NF-1034,iphone15pro,digital_1_vs_digital_2,digital_1,digital_2,train/attack/digital_1/iphone15pro/persian-NF-1034.jpg,946491da8ad40360a93e708536a2055f0c33c9e19195547945eef4de09b32499,train/attack/digital_2/iphone15pro/persian-NF-1034.jpg,f457fa896c336bcfe212a9b9c8c9f2e7491eefcbf9f78b89f364ff79fcae4010,"(2793, 1789)","(399, 256)",0.9638376235961914,0.9927066564559937,0.028869032859802246,0.2689332664012909,0.12077897787094116,0.14815428853034973
persian-NF-1034,scan,digital_1_vs_bonafide,digital_1,bonafide,train/attack/digital_1/scan/persian-NF-1034.jpg,d88f822194ab05c630fb07c30d0c44411d6db6c6a98e22b805ca66442f91db1c,train/bonafide/scan/persian-NF-1034.jpg,c9998b265ec57ea04578f1ba5422e260c466c0c24ec53d5daf6dc84135db01b8,"(1993, 1247)","(409, 256)",0.9743224382400513,0.9946162104606628,0.020293772220611572,0.2272840440273285,0.10508689284324646,0.12219715118408203
persian-NF-1034,scan,digital_2_vs_bonafide,digital_2,bonafide,train/attack/digital_2/scan/persian-NF-1034.jpg,7d7704c7057c52b78bcfd91a9968cc764296c36ceb0e5a5a7f925bd7c91c3e05,train/bonafide/scan/persian-NF-1034.jpg,c9998b265ec57ea04578f1ba5422e260c466c0c24ec53d5daf6dc84135db01b8,"(1993, 1247)","(409, 256)",0.9856433272361755,0.9971411228179932,0.011497795581817627,0.17298786342144012,0.08309730887413025,0.08989055454730988
persian-NF-1034,scan,digital_1_vs_digital_2,digital_1,digital_2,train/attack/digital_1/scan/persian-NF-1034.jpg,d88f822194ab05c630fb07c30d0c44411d6db6c6a98e22b805ca66442f91db1c,train/attack/digital_2/scan/persian-NF-1034.jpg,7d7704c7057c52b78bcfd91a9968cc764296c36ceb0e5a5a7f925bd7c91c3e05,"(1993, 1247)","(409, 256)",0.9700871706008911,0.9938968420028687,0.02380967140197754,0.2452031522989273,0.11191178113222122,0.13329137116670609
persian-NF-1043,huawei,digital_1_vs_bonafide,digital_1,bonafide,train/attack/digital_1/huawei/persian-NF-1043.jpg,ab3febe9d1f813ff7839d3a8953937287569dbbd3b2c1b60b1a6eecd7a2e996d,train/bonafide/huawei/persian-NF-1043.jpg,6cc4179ee10087d9e248f153a37cbf0992b8ab0e5965aadf2456ae084fca84e8,"(3193, 1972)","(414, 256)",0.9829282760620117,0.996684193611145,0.0137559175491333,0.18478700518608093,0.0814589336514473,0.10332807153463364
persian-NF-1043,huawei,digital_2_vs_bonafide,digital_2,bonafide,train/attack/digital_2/huawei/persian-NF-1043.jpg,ac0099fd7cded78a9ec00b59366ac2610787a45e2ad50e7d1264c3c8e5471315,train/bonafide/huawei/persian-NF-1043.jpg,6cc4179ee10087d9e248f153a37cbf0992b8ab0e5965aadf2456ae084fca84e8,"(3193, 1972)","(414, 256)",0.9858751893043518,0.9978036880493164,0.0119284987449646,0.16878142952919006,0.06875825673341751,0.10002317279577255
persian-NF-1043,huawei,digital_1_vs_digital_2,digital_1,digital_2,train/attack/digital_1/huawei/persian-NF-1043.jpg,ab3febe9d1f813ff7839d3a8953937287569dbbd3b2c1b60b1a6eecd7a2e996d,train/attack/digital_2/huawei/persian-NF-1043.jpg,ac0099fd7cded78a9ec00b59366ac2610787a45e2ad50e7d1264c3c8e5471315,"(3193, 1972)","(414, 256)",0.9789912104606628,0.9955133199691772,0.016522109508514404,0.2056870460510254,0.09612295776605606,0.10956408828496933
persian-NF-1043,iphone15pro,digital_1_vs_bonafide,digital_1,bonafide,train/attack/digital_1/iphone15pro/persian-NF-1043.jpg,b46f2b2b6f7d4e1331d8238667fcf747a91babacd70300e6c8374e3e14823767,train/bonafide/iphone15pro/persian-NF-1043.jpg,8328b2a93f82ad64d728f0e821d853d296f5c737d9db05afb878cbaad238fe93,"(2797, 1778)","(402, 256)",0.9718964099884033,0.994361162185669,0.022464752197265625,0.2407831996679306,0.11096861958503723,0.12981458008289337
persian-NF-1043,iphone15pro,digital_2_vs_bonafide,digital_2,bonafide,train/attack/digital_2/iphone15pro/persian-NF-1043.jpg,1e9436852b57b39a8f176f8836ed01c52ee9fd84f4bae0207c37feef02df8959,train/bonafide/iphone15pro/persian-NF-1043.jpg,8328b2a93f82ad64d728f0e821d853d296f5c737d9db05afb878cbaad238fe93,"(2797, 1778)","(402, 256)",0.9819126129150391,0.9963880181312561,0.014475405216217041,0.19031983613967896,0.08499594032764435,0.1053238958120346
persian-NF-1043,iphone15pro,digital_1_vs_digital_2,digital_1,digital_2,train/attack/digital_1/iphone15pro/persian-NF-1043.jpg,b46f2b2b6f7d4e1331d8238667fcf747a91babacd70300e6c8374e3e14823767,train/attack/digital_2/iphone15pro/persian-NF-1043.jpg,1e9436852b57b39a8f176f8836ed01c52ee9fd84f4bae0207c37feef02df8959,"(2797, 1778)","(402, 256)",0.9674321413040161,0.9929323196411133,0.025500178337097168,0.25763168931007385,0.12333899736404419,0.13429269194602966
persian-NF-1043,scan,digital_1_vs_bonafide,digital_1,bonafide,train/attack/digital_1/scan/persian-NF-1043.jpg,a9d09dff80f1373813b1a38a3e57becc7266d6163115b69afe85cfb1b5d5b31d,train/bonafide/scan/persian-NF-1043.jpg,d8bffc22606322880c1dec137011c54ddcf2ed99ef45f08189245e784b9b7cb4,"(1993, 1251)","(407, 256)",0.9696241617202759,0.9938148856163025,0.02419072389602661,0.24940702319145203,0.11954307556152344,0.1298639476299286
persian-NF-1043,scan,digital_2_vs_bonafide,digital_2,bonafide,train/attack/digital_2/scan/persian-NF-1043.jpg,3f60a921e166c1ac9ae252039cfe44b89886134d741eb5344d40aeb231796b3d,train/bonafide/scan/persian-NF-1043.jpg,d8bffc22606322880c1dec137011c54ddcf2ed99ef45f08189245e784b9b7cb4,"(1993, 1251)","(407, 256)",0.9837958812713623,0.9966259002685547,0.012830018997192383,0.1803174614906311,0.08271694928407669,0.09760051220655441
persian-NF-1043,scan,digital_1_vs_digital_2,digital_1,digital_2,train/attack/digital_1/scan/persian-NF-1043.jpg,a9d09dff80f1373813b1a38a3e57becc7266d6163115b69afe85cfb1b5d5b31d,train/attack/digital_2/scan/persian-NF-1043.jpg,3f60a921e166c1ac9ae252039cfe44b89886134d741eb5344d40aeb231796b3d,"(1993, 1251)","(407, 256)",0.967612624168396,0.9932196736335754,0.025607049465179443,0.25602462887763977,0.1213514432311058,0.13467318564653397
persian-NF-1079,huawei,digital_1_vs_bonafide,digital_1,bonafide,train/attack/digital_1/huawei/persian-NF-1079.jpg,5f6acfaab07565426b84b5fa2f5296be8352f78d706df893fa3fb21b4ed7b103,train/bonafide/huawei/persian-NF-1079.jpg,ca94c034ffc7b09a9924b41eedd2bbfe0daaef299c094dda8537db6494a3cdca,"(3223, 1980)","(416, 256)",0.9851276278495789,0.9972537755966187,0.012126147747039795,0.1733807623386383,0.0774722546339035,0.0959085077047348
persian-NF-1079,huawei,digital_2_vs_bonafide,digital_2,bonafide,train/attack/digital_2/huawei/persian-NF-1079.jpg,c5b5c945c3cc203b74d9dfb786eebcd93b516e14395161635d4d20a99b0ca4c9,train/bonafide/huawei/persian-NF-1079.jpg,ca94c034ffc7b09a9924b41eedd2bbfe0daaef299c094dda8537db6494a3cdca,"(3223, 1980)","(416, 256)",0.9880492687225342,0.9972468018531799,0.009197533130645752,0.15589435398578644,0.08054008334875107,0.07535427063703537
persian-NF-1079,huawei,digital_1_vs_digital_2,digital_1,digital_2,train/attack/digital_1/huawei/persian-NF-1079.jpg,5f6acfaab07565426b84b5fa2f5296be8352f78d706df893fa3fb21b4ed7b103,train/attack/digital_2/huawei/persian-NF-1079.jpg,c5b5c945c3cc203b74d9dfb786eebcd93b516e14395161635d4d20a99b0ca4c9,"(3223, 1980)","(416, 256)",0.9857262372970581,0.9971729516983032,0.011446714401245117,0.16897453367710114,0.07569948583841324,0.0932750478386879
persian-NF-1079,iphone15pro,digital_1_vs_bonafide,digital_1,bonafide,train/attack/digital_1/iphone15pro/persian-NF-1079.jpg,79b0d52087d1f6ce3e183995bf1a57c86f8fb7807b47ec4c2d9631d2e98bb53c,train/bonafide/iphone15pro/persian-NF-1079.jpg,dc850dfd140b1f6025c37398ee81dea9ecf74fae3bf52ff22839a3408d8e607e,"(2789, 1788)","(399, 256)",0.9792184829711914,0.995185911655426,0.01596742868423462,0.20663507282733917,0.10404298454523087,0.1025920882821083
persian-NF-1079,iphone15pro,digital_2_vs_bonafide,digital_2,bonafide,train/attack/digital_2/iphone15pro/persian-NF-1079.jpg,c8286f374f5833004c4328f659f0ef4ea924e7d2b095d51fddd4cb96c3187d79,train/bonafide/iphone15pro/persian-NF-1079.jpg,dc850dfd140b1f6025c37398ee81dea9ecf74fae3bf52ff22839a3408d8e607e,"(2789, 1788)","(399, 256)",0.9813100099563599,0.9960928559303284,0.014782845973968506,0.1968739777803421,0.09642276167869568,0.10045121610164642
persian-NF-1079,iphone15pro,digital_1_vs_digital_2,digital_1,digital_2,train/attack/digital_1/iphone15pro/persian-NF-1079.jpg,79b0d52087d1f6ce3e183995bf1a57c86f8fb7807b47ec4c2d9631d2e98bb53c,train/attack/digital_2/iphone15pro/persian-NF-1079.jpg,c8286f374f5833004c4328f659f0ef4ea924e7d2b095d51fddd4cb96c3187d79,"(2789, 1788)","(399, 256)",0.9892787337303162,0.9980136156082153,0.00873488187789917,0.1464737355709076,0.06314994394779205,0.08332379162311554
persian-NF-1079,scan,digital_1_vs_bonafide,digital_1,bonafide,train/attack/digital_1/scan/persian-NF-1079.jpg,803aa5b5f64cc872928f4b84986d68debe2686ead77581d87d8b6e475fb22fe2,train/bonafide/scan/persian-NF-1079.jpg,3c1be7ad884b19e025f328ef2c2688a399fc5ec4fdc50c2d739427102b610109,"(1998, 1251)","(408, 256)",0.9714850187301636,0.9944097995758057,0.02292478084564209,0.24309435486793518,0.1151139959692955,0.12798035889863968
persian-NF-1079,scan,digital_2_vs_bonafide,digital_2,bonafide,train/attack/digital_2/scan/persian-NF-1079.jpg,0195388579bcbe66921211885fb2450d0eee9554975bdcd91f5aa83cde61b2d1,train/bonafide/scan/persian-NF-1079.jpg,3c1be7ad884b19e025f328ef2c2688a399fc5ec4fdc50c2d739427102b610109,"(1998, 1251)","(408, 256)",0.9761592149734497,0.9952822923660278,0.019123077392578125,0.2201465517282486,0.10082405805587769,0.11932249367237091
persian-NF-1079,scan,digital_1_vs_digital_2,digital_1,digital_2,train/attack/digital_1/scan/persian-NF-1079.jpg,803aa5b5f64cc872928f4b84986d68debe2686ead77581d87d8b6e475fb22fe2,train/attack/digital_2/scan/persian-NF-1079.jpg,0195388579bcbe66921211885fb2450d0eee9554975bdcd91f5aa83cde61b2d1,"(1998, 1251)","(408, 256)",0.9874873757362366,0.9978448152542114,0.010357439517974854,0.15916632115840912,0.06821466982364655,0.09095165133476257
persian-NF-1108,huawei,digital_1_vs_bonafide,digital_1,bonafide,train/attack/digital_1/huawei/persian-NF-1108.jpg,857a2440b8bcf1687feae8079d93c1f7a9feddb52477d526f331f96bdbd299e2,train/bonafide/huawei/persian-NF-1108.jpg,ec93e4a44df20507b3b7d64cff02c8593ba8d2221391324a0c589648fd5d8e39,"(3205, 1976)","(415, 256)",0.9838219881057739,0.99676114320755,0.012939155101776123,0.180210679769516,0.08133230358362198,0.09887837618589401
persian-NF-1108,huawei,digital_2_vs_bonafide,digital_2,bonafide,train/attack/digital_2/huawei/persian-NF-1108.jpg,b4a905cd0eaae7ffd356b58affceb49f0318ba65812b36c6992f4fa36936c3b5,train/bonafide/huawei/persian-NF-1108.jpg,ec93e4a44df20507b3b7d64cff02c8593ba8d2221391324a0c589648fd5d8e39,"(3205, 1976)","(415, 256)",0.9893226027488708,0.9976208806037903,0.008298277854919434,0.1465734839439392,0.06972597539424896,0.07684750854969025
persian-NF-1108,huawei,digital_1_vs_digital_2,digital_1,digital_2,train/attack/digital_1/huawei/persian-NF-1108.jpg,857a2440b8bcf1687feae8079d93c1f7a9feddb52477d526f331f96bdbd299e2,train/attack/digital_2/huawei/persian-NF-1108.jpg,b4a905cd0eaae7ffd356b58affceb49f0318ba65812b36c6992f4fa36936c3b5,"(3205, 1976)","(415, 256)",0.9801046252250671,0.9961801767349243,0.016075551509857178,0.19947682321071625,0.08741769194602966,0.11205913126468658
persian-NF-1108,iphone15pro,digital_1_vs_bonafide,digital_1,bonafide,train/attack/digital_1/iphone15pro/persian-NF-1108.jpg,2098d3be2021fa163d8157c96130611a760b23a38f34e577a0066b575ae22e0b,train/bonafide/iphone15pro/persian-NF-1108.jpg,011a0321bdda379336e8d1a343944bfc405748d48e066cd4ed432192ec17fb4e,"(2797, 1776)","(403, 256)",0.9842715263366699,0.9970206618309021,0.012749135494232178,0.17741738259792328,0.07732822000980377,0.1000891625881195
persian-NF-1108,iphone15pro,digital_2_vs_bonafide,digital_2,bonafide,train/attack/digital_2/iphone15pro/persian-NF-1108.jpg,25928ac4e658a61124c2fde92c4d70b6ddf8d6d2f5b8b1017f44c8e93b1a3a19,train/bonafide/iphone15pro/persian-NF-1108.jpg,011a0321bdda379336e8d1a343944bfc405748d48e066cd4ed432192ec17fb4e,"(2797, 1776)","(403, 256)",0.9886158108711243,0.9978272318840027,0.009211421012878418,0.1509523242712021,0.06593014299869537,0.08502218127250671
persian-NF-1108,iphone15pro,digital_1_vs_digital_2,digital_1,digital_2,train/attack/digital_1/iphone15pro/persian-NF-1108.jpg,2098d3be2021fa163d8157c96130611a760b23a38f34e577a0066b575ae22e0b,train/attack/digital_2/iphone15pro/persian-NF-1108.jpg,25928ac4e658a61124c2fde92c4d70b6ddf8d6d2f5b8b1017f44c8e93b1a3a19,"(2797, 1776)","(403, 256)",0.9802160263061523,0.9961792230606079,0.015963196754455566,0.19911029934883118,0.08760567754507065,0.11150462180376053
persian-NF-1108,scan,digital_1_vs_bonafide,digital_1,bonafide,train/attack/digital_1/scan/persian-NF-1108.jpg,08da0df9fdff289dc2da3a3faab9ad2d888fa3fe7b9712caf5abfd2e32933bd6,train/bonafide/scan/persian-NF-1108.jpg,b7aec8eaa6e423c28d3970cde0ad3966ef0a8c280790465fff54267a13d28615,"(1996, 1249)","(409, 256)",0.9797297716140747,0.9952775835990906,0.01554781198501587,0.20139046013355255,0.09718473255634308,0.10420572757720947
persian-NF-1108,scan,digital_2_vs_bonafide,digital_2,bonafide,train/attack/digital_2/scan/persian-NF-1108.jpg,e31c8f5ea884fb5b53e5a833e610674227e51c539f4ab625b0bd53ac992055c7,train/bonafide/scan/persian-NF-1108.jpg,b7aec8eaa6e423c28d3970cde0ad3966ef0a8c280790465fff54267a13d28615,"(1996, 1249)","(409, 256)",0.9857754707336426,0.9964731335639954,0.010697662830352783,0.16873551905155182,0.08401290327310562,0.0847226157784462
persian-NF-1108,scan,digital_1_vs_digital_2,digital_1,digital_2,train/attack/digital_1/scan/persian-NF-1108.jpg,08da0df9fdff289dc2da3a3faab9ad2d888fa3fe7b9712caf5abfd2e32933bd6,train/attack/digital_2/scan/persian-NF-1108.jpg,e31c8f5ea884fb5b53e5a833e610674227e51c539f4ab625b0bd53ac992055c7,"(1996, 1249)","(409, 256)",0.9771625995635986,0.9945813417434692,0.017418742179870605,0.2137168049812317,0.10412400960922241,0.10959279537200928
persian-NM-1010,huawei,digital_1_vs_bonafide,digital_1,bonafide,train/attack/digital_1/huawei/persian-NM-1010.jpg,d8f4a655cdc33fb97d6bf9252b71cafc7064fb0d6c5255e4f1ca8d6f6b0b725e,train/bonafide/huawei/persian-NM-1010.jpg,611db91d9eb56b3b56aace9dd6c9a4e84f747183f24a5a9bb7b36adf3bbf9e9f,"(3206, 1965)","(417, 256)",0.9753656983375549,0.9959841370582581,0.020618438720703125,0.2219654768705368,0.08962161093950272,0.1323438659310341
persian-NM-1010,huawei,digital_2_vs_bonafide,digital_2,bonafide,train/attack/digital_2/huawei/persian-NM-1010.jpg,09348f2873aabc16e9a78a8aee44794cfcaec87a947f0d1cbdb70e1c4b60eef3,train/bonafide/huawei/persian-NM-1010.jpg,611db91d9eb56b3b56aace9dd6c9a4e84f747183f24a5a9bb7b36adf3bbf9e9f,"(3206, 1965)","(417, 256)",0.9749470353126526,0.9946697950363159,0.01972275972366333,0.22384370863437653,0.10436844825744629,0.11947526037693024
persian-NM-1010,huawei,digital_1_vs_digital_2,digital_1,digital_2,train/attack/digital_1/huawei/persian-NM-1010.jpg,d8f4a655cdc33fb97d6bf9252b71cafc7064fb0d6c5255e4f1ca8d6f6b0b725e,train/attack/digital_2/huawei/persian-NM-1010.jpg,09348f2873aabc16e9a78a8aee44794cfcaec87a947f0d1cbdb70e1c4b60eef3,"(3206, 1965)","(417, 256)",0.9785621166229248,0.9966790080070496,0.018116891384124756,0.20706439018249512,0.08301616460084915,0.12404822558164597
persian-NM-1010,iphone15pro,digital_1_vs_bonafide,digital_1,bonafide,train/attack/digital_1/iphone15pro/persian-NM-1010.jpg,4b476abaef96fd51640d994c3890cf8730ec5bdcfd6cece97a0ed2b8d3a7bcde,train/bonafide/iphone15pro/persian-NM-1010.jpg,a2fa06c82503fb1632bf79128e04591863a9804a0ce40d9b53265fbcac28fe00,"(2788, 1790)","(398, 256)",0.9758548736572266,0.9944350123405457,0.018580138683319092,0.21976011991500854,0.10549922287464142,0.11426089704036713
persian-NM-1010,iphone15pro,digital_2_vs_bonafide,digital_2,bonafide,train/attack/digital_2/iphone15pro/persian-NM-1010.jpg,1a73a5c707e89e857d587fe853e3f24e97b6d1fdc72157f6c5e92d120dbeb6da,train/bonafide/iphone15pro/persian-NM-1010.jpg,a2fa06c82503fb1632bf79128e04591863a9804a0ce40d9b53265fbcac28fe00,"(2788, 1790)","(398, 256)",0.9723324775695801,0.994121789932251,0.0217893123626709,0.23560792207717896,0.11092578619718552,0.12468213587999344
persian-NM-1010,iphone15pro,digital_1_vs_digital_2,digital_1,digital_2,train/attack/digital_1/iphone15pro/persian-NM-1010.jpg,4b476abaef96fd51640d994c3890cf8730ec5bdcfd6cece97a0ed2b8d3a7bcde,train/attack/digital_2/iphone15pro/persian-NM-1010.jpg,1a73a5c707e89e857d587fe853e3f24e97b6d1fdc72157f6c5e92d120dbeb6da,"(2788, 1790)","(398, 256)",0.9719895124435425,0.9938542246818542,0.021864712238311768,0.23695334792137146,0.1134026050567627,0.12355074286460876
persian-NM-1010,scan,digital_1_vs_bonafide,digital_1,bonafide,train/attack/digital_1/scan/persian-NM-1010.jpg,cdfbeb88506990d2734dcefdf800f538c47d019f322b7296b8e7c5bc1c6e786c,train/bonafide/scan/persian-NM-1010.jpg,2956dea58a7f0ad0d6f91cb216f6eec04d05a18417513af849f71c871bf3182e,"(1991, 1253)","(406, 256)",0.9784599542617798,0.995495080947876,0.01703512668609619,0.20782175660133362,0.09571321308612823,0.11210854351520538
persian-NM-1010,scan,digital_2_vs_bonafide,digital_2,bonafide,train/attack/digital_2/scan/persian-NM-1010.jpg,8555771745c2662a5aaf3596094d42716e8e5bdfb5469e0fe26f3be4450a515c,train/bonafide/scan/persian-NM-1010.jpg,2956dea58a7f0ad0d6f91cb216f6eec04d05a18417513af849f71c871bf3182e,"(1991, 1253)","(406, 256)",0.9757203459739685,0.9947925806045532,0.019072234630584717,0.2203620970249176,0.10232134163379669,0.11804075539112091
persian-NM-1010,scan,digital_1_vs_digital_2,digital_1,digital_2,train/attack/digital_1/scan/persian-NM-1010.jpg,cdfbeb88506990d2734dcefdf800f538c47d019f322b7296b8e7c5bc1c6e786c,train/attack/digital_2/scan/persian-NM-1010.jpg,8555771745c2662a5aaf3596094d42716e8e5bdfb5469e0fe26f3be4450a515c,"(1991, 1253)","(406, 256)",0.9797059297561646,0.9961374998092651,0.016431570053100586,0.2017219513654709,0.08802878111600876,0.11369317024946213
persian-NM-1074,huawei,digital_1_vs_bonafide,digital_1,bonafide,train/attack/digital_1/huawei/persian-NM-1074.jpg,4d732a78b261f9036fbb4ac6a0815e982a8bca38b28ed550fa8a366f830736da,train/bonafide/huawei/persian-NM-1074.jpg,5945262f725fcba79c8460340dd5ce7800c4c7c1a0710d6574792b9277edaa79,"(3196, 1972)","(414, 256)",0.9774367809295654,0.9948370456695557,0.017400264739990234,0.21320101618766785,0.10394802689552307,0.10925298929214478
persian-NM-1074,huawei,digital_2_vs_bonafide,digital_2,bonafide,train/attack/digital_2/huawei/persian-NM-1074.jpg,91f92dc058cfaab52c3d36316f4919b00b4904b0c1ea3325592d068cd15193ac,train/bonafide/huawei/persian-NM-1074.jpg,5945262f725fcba79c8460340dd5ce7800c4c7c1a0710d6574792b9277edaa79,"(3196, 1972)","(414, 256)",0.9818959832191467,0.9959707260131836,0.014074742794036865,0.19090060889720917,0.09013596177101135,0.10076464712619781
persian-NM-1074,huawei,digital_1_vs_digital_2,digital_1,digital_2,train/attack/digital_1/huawei/persian-NM-1074.jpg,4d732a78b261f9036fbb4ac6a0815e982a8bca38b28ed550fa8a366f830736da,train/attack/digital_2/huawei/persian-NM-1074.jpg,91f92dc058cfaab52c3d36316f4919b00b4904b0c1ea3325592d068cd15193ac,"(3196, 1972)","(414, 256)",0.9763073325157166,0.9951530694961548,0.018845736980438232,0.22023139894008636,0.10292814671993256,0.11730325222015381
persian-NM-1074,iphone15pro,digital_1_vs_bonafide,digital_1,bonafide,train/attack/digital_1/iphone15pro/persian-NM-1074.jpg,8544b03447a4567e2faa089d4a799ae9e842f79fe2860b85110c4f215438071a,train/bonafide/iphone15pro/persian-NM-1074.jpg,10e186df002fe2b78977eebde7b2460d5d509ade6505ea9de0e3efcbe80ddc51,"(2850, 1812)","(402, 256)",0.9722054600715637,0.9940007925033569,0.021795332431793213,0.23822030425071716,0.11367449164390564,0.12454581260681152
persian-NM-1074,iphone15pro,digital_2_vs_bonafide,digital_2,bonafide,train/attack/digital_2/iphone15pro/persian-NM-1074.jpg,fd44aad2289e16977d973d35a1a1fb2c929c946ca0531b8de1a932f12b5986d6,train/bonafide/iphone15pro/persian-NM-1074.jpg,10e186df002fe2b78977eebde7b2460d5d509ade6505ea9de0e3efcbe80ddc51,"(2850, 1812)","(402, 256)",0.9697418212890625,0.9933311939239502,0.023589372634887695,0.2470262050628662,0.11800678819417953,0.12901941686868668
persian-NM-1074,iphone15pro,digital_1_vs_digital_2,digital_1,digital_2,train/attack/digital_1/iphone15pro/persian-NM-1074.jpg,8544b03447a4567e2faa089d4a799ae9e842f79fe2860b85110c4f215438071a,train/attack/digital_2/iphone15pro/persian-NM-1074.jpg,fd44aad2289e16977d973d35a1a1fb2c929c946ca0531b8de1a932f12b5986d6,"(2850, 1812)","(402, 256)",0.967937171459198,0.9936810731887817,0.02574390172958374,0.25349369645118713,0.11258552968502045,0.1409081667661667
persian-NM-1074,scan,digital_1_vs_bonafide,digital_1,bonafide,train/attack/digital_1/scan/persian-NM-1074.jpg,7c02bae8133e815a7e549637ec862c243a5150c49aaa3aad9a6b37628c07f8be,train/bonafide/scan/persian-NM-1074.jpg,ed2093c0034471abf1d5c67adaceb03639fcdbb300f0b20c7ae8c6d5e51ba917,"(1996, 1245)","(410, 256)",0.9743669033050537,0.994439959526062,0.0200730562210083,0.22772695124149323,0.10970961302518845,0.11801733821630478
persian-NM-1074,scan,digital_2_vs_bonafide,digital_2,bonafide,train/attack/digital_2/scan/persian-NM-1074.jpg,43f41a0c4c536ace3209a9d58f1663a374117fcad23cb092cd8dc3154f075541,train/bonafide/scan/persian-NM-1074.jpg,ed2093c0034471abf1d5c67adaceb03639fcdbb300f0b20c7ae8c6d5e51ba917,"(1996, 1245)","(410, 256)",0.9700440168380737,0.9931225776672363,0.023078560829162598,0.24506227672100067,0.11974173039197922,0.12532054632902145
persian-NM-1074,scan,digital_1_vs_digital_2,digital_1,digital_2,train/attack/digital_1/scan/persian-NM-1074.jpg,7c02bae8133e815a7e549637ec862c243a5150c49aaa3aad9a6b37628c07f8be,train/attack/digital_2/scan/persian-NM-1074.jpg,43f41a0c4c536ace3209a9d58f1663a374117fcad23cb092cd8dc3154f075541,"(1996, 1245)","(410, 256)",0.981035053730011,0.9967916011810303,0.015756547451019287,0.19515036046504974,0.08033818006515503,0.11481218039989471
portugal-004_03,huawei,digital_1_vs_bonafide,digital_1,bonafide,train/attack/digital_1/huawei/portugal-004_03.jpg,7ff9b5c72c15d907b1c4a92eaedc4da781f35b1770d19e22e39ae05b37f351a9,train/bonafide/huawei/portugal-004_03.jpg,6c6ac448f248ac7adc5b9e0e3679fa7d6adecde1dfaa7999ee8dc4af81ecb0ae,"(3201, 1982)","(413, 256)",0.9849457740783691,0.9969083666801453,0.011962592601776123,0.17406079173088074,0.08007947355508804,0.0939813181757927
portugal-004_03,huawei,digital_2_vs_bonafide,digital_2,bonafide,train/attack/digital_2/huawei/portugal-004_03.jpg,fb457f3cfa63ca4eb2e96dd3eeaef36e30cea4e852761e3c2358014c70ed94f5,train/bonafide/huawei/portugal-004_03.jpg,6c6ac448f248ac7adc5b9e0e3679fa7d6adecde1dfaa7999ee8dc4af81ecb0ae,"(3201, 1982)","(413, 256)",0.9890353679656982,0.9975651502609253,0.00852978229522705,0.14814317226409912,0.07013113051652908,0.07801204174757004
portugal-004_03,huawei,digital_1_vs_digital_2,digital_1,digital_2,train/attack/digital_1/huawei/portugal-004_03.jpg,7ff9b5c72c15d907b1c4a92eaedc4da781f35b1770d19e22e39ae05b37f351a9,train/attack/digital_2/huawei/portugal-004_03.jpg,fb457f3cfa63ca4eb2e96dd3eeaef36e30cea4e852761e3c2358014c70ed94f5,"(3201, 1982)","(413, 256)",0.9886752367019653,0.9978274703025818,0.009152233600616455,0.15080447494983673,0.0664205327630043,0.08438394218683243
portugal-004_03,iphone15pro,digital_1_vs_bonafide,digital_1,bonafide,train/attack/digital_1/iphone15pro/portugal-004_03.jpg,6d926b9649c6308fea7927209dc0e2d06ce52b2221353df32b776e531054530a,train/bonafide/iphone15pro/portugal-004_03.jpg,7dded80e119f745b3795b02e6d104035a2943669272de113be54b46a5bead3d8,"(2843, 1797)","(405, 256)",0.9872545599937439,0.9975554943084717,0.010300934314727783,0.15974535048007965,0.07002890110015869,0.08971644937992096
portugal-004_03,iphone15pro,digital_2_vs_bonafide,digital_2,bonafide,train/attack/digital_2/iphone15pro/portugal-004_03.jpg,c633f50fdda83ee32a381f5f2a718e0003b537a1d10090151416ae6cc1c8b887,train/bonafide/iphone15pro/portugal-004_03.jpg,7dded80e119f745b3795b02e6d104035a2943669272de113be54b46a5bead3d8,"(2843, 1797)","(405, 256)",0.990463137626648,0.9981704950332642,0.007707357406616211,0.1382352113723755,0.061617303639650345,0.07661790773272514
portugal-004_03,iphone15pro,digital_1_vs_digital_2,digital_1,digital_2,train/attack/digital_1/iphone15pro/portugal-004_03.jpg,6d926b9649c6308fea7927209dc0e2d06ce52b2221353df32b776e531054530a,train/attack/digital_2/iphone15pro/portugal-004_03.jpg,c633f50fdda83ee32a381f5f2a718e0003b537a1d10090151416ae6cc1c8b887,"(2843, 1797)","(405, 256)",0.9906742572784424,0.9984880089759827,0.007813751697540283,0.1370278149843216,0.05717151612043381,0.07985629886388779
portugal-004_03,scan,digital_1_vs_bonafide,digital_1,bonafide,train/attack/digital_1/scan/portugal-004_03.jpg,4fe6e458dfe1e0892ef34c462d2d9966ee897173f0b4936f367e136a4bc8b72f,train/bonafide/scan/portugal-004_03.jpg,707ab88f9cd52877eceefe0f1b35e5b81134ce4e41822765eeacfa57bab9bb59,"(1995, 1251)","(408, 256)",0.9850298762321472,0.9966349005699158,0.011605024337768555,0.17331597208976746,0.08238981664180756,0.0909261554479599
portugal-004_03,scan,digital_2_vs_bonafide,digital_2,bonafide,train/attack/digital_2/scan/portugal-004_03.jpg,2c7c81c2b303da66f32b7faecb98419464ffc673ac735795a342d6cec287294c,train/bonafide/scan/portugal-004_03.jpg,707ab88f9cd52877eceefe0f1b35e5b81134ce4e41822765eeacfa57bab9bb59,"(1995, 1251)","(408, 256)",0.9893178343772888,0.9976328015327454,0.008314967155456543,0.14620862901210785,0.06900094449520111,0.07720768451690674
portugal-004_03,scan,digital_1_vs_digital_2,digital_1,digital_2,train/attack/digital_1/scan/portugal-004_03.jpg,4fe6e458dfe1e0892ef34c462d2d9966ee897173f0b4936f367e136a4bc8b72f,train/attack/digital_2/scan/portugal-004_03.jpg,2c7c81c2b303da66f32b7faecb98419464ffc673ac735795a342d6cec287294c,"(1995, 1251)","(408, 256)",0.9887182712554932,0.9978516101837158,0.009133338928222656,0.15034474432468414,0.06559395045042038,0.08475079387426376
portugal-026_03,huawei,digital_1_vs_bonafide,digital_1,bonafide,train/attack/digital_1/huawei/portugal-026_03.jpg,37a0dfe324c637b92b88345f439553fa35df8be9c36961bf72f36265c0e9b045,train/bonafide/huawei/portugal-026_03.jpg,6206b2e8c94c5a400f10723e38b56c189e4ccc4158f98f31af6b405f6039a1af,"(3195, 1967)","(415, 256)",0.9823120832443237,0.9961369037628174,0.013824820518493652,0.1881018579006195,0.08794902265071869,0.10015283524990082
portugal-026_03,huawei,digital_2_vs_bonafide,digital_2,bonafide,train/attack/digital_2/huawei/portugal-026_03.jpg,72e0a3a3f4e5e3e9022203e0739d87bd7fc89eb374beb0dc9caaf9725fb9d900,train/bonafide/huawei/portugal-026_03.jpg,6206b2e8c94c5a400f10723e38b56c189e4ccc4158f98f31af6b405f6039a1af,"(3195, 1967)","(415, 256)",0.9857327938079834,0.9970877170562744,0.011354923248291016,0.1689380258321762,0.07645915448665619,0.09247887134552002
portugal-026_03,huawei,digital_1_vs_digital_2,digital_1,digital_2,train/attack/digital_1/huawei/portugal-026_03.jpg,37a0dfe324c637b92b88345f439553fa35df8be9c36961bf72f36265c0e9b045,train/attack/digital_2/huawei/portugal-026_03.jpg,72e0a3a3f4e5e3e9022203e0739d87bd7fc89eb374beb0dc9caaf9725fb9d900,"(3195, 1967)","(415, 256)",0.9791350364685059,0.9956449270248413,0.01650989055633545,0.20427902042865753,0.09334360808134079,0.11093541234731674
portugal-026_03,iphone15pro,digital_1_vs_bonafide,digital_1,bonafide,train/attack/digital_1/iphone15pro/portugal-026_03.jpg,289cba33af05d24da209e6c25571d3d1e6dc25ea474e693e335f53d588299a01,train/bonafide/iphone15pro/portugal-026_03.jpg,5b2212cfb2ef9d988fdd57a9d9b1d74b0373aae010e0f271234152611835d632,"(2883, 1794)","(411, 256)",0.9821115732192993,0.9963133931159973,0.014201819896697998,0.1898614913225174,0.08836597204208374,0.10149551928043365
portugal-026_03,iphone15pro,digital_2_vs_bonafide,digital_2,bonafide,train/attack/digital_2/iphone15pro/portugal-026_03.jpg,5d4c4a02c9868d33dd1363d396ddb31e69edb4f69c195ad2ab78db0f5ff53d53,train/bonafide/iphone15pro/portugal-026_03.jpg,5b2212cfb2ef9d988fdd57a9d9b1d74b0373aae010e0f271234152611835d632,"(2883, 1794)","(411, 256)",0.9841930866241455,0.996566653251648,0.012373566627502441,0.1778881847858429,0.08286529034376144,0.09502289444208145
portugal-026_03,iphone15pro,digital_1_vs_digital_2,digital_1,digital_2,train/attack/digital_1/iphone15pro/portugal-026_03.jpg,289cba33af05d24da209e6c25571d3d1e6dc25ea474e693e335f53d588299a01,train/attack/digital_2/iphone15pro/portugal-026_03.jpg,5d4c4a02c9868d33dd1363d396ddb31e69edb4f69c195ad2ab78db0f5ff53d53,"(2883, 1794)","(411, 256)",0.986240029335022,0.9968612194061279,0.010621190071105957,0.1673402190208435,0.08183726668357849,0.08550295233726501
portugal-026_03,scan,digital_1_vs_bonafide,digital_1,bonafide,train/attack/digital_1/scan/portugal-026_03.jpg,4ed253c84c4ae8b9cba6c8660208a40e731061f3087dab74680e58fda3a6c83d,train/bonafide/scan/portugal-026_03.jpg,565518581c315227dbeddb79a65e015cdce8502a932cf358c289b4ca20e465be,"(1993, 1246)","(409, 256)",0.9760178327560425,0.9955024719238281,0.019484639167785645,0.2197069674730301,0.09640628099441528,0.12330068647861481
portugal-026_03,scan,digital_2_vs_bonafide,digital_2,bonafide,train/attack/digital_2/scan/portugal-026_03.jpg,0333a0aaf509d232381a072f2ead59da318e3753ba23f573a014388a00ea5062,train/bonafide/scan/portugal-026_03.jpg,565518581c315227dbeddb79a65e015cdce8502a932cf358c289b4ca20e465be,"(1993, 1246)","(409, 256)",0.9830548763275146,0.9968249797821045,0.013770103454589844,0.1847095787525177,0.08178021013736725,0.10292936861515045
portugal-026_03,scan,digital_1_vs_digital_2,digital_1,digital_2,train/attack/digital_1/scan/portugal-026_03.jpg,4ed253c84c4ae8b9cba6c8660208a40e731061f3087dab74680e58fda3a6c83d,train/attack/digital_2/scan/portugal-026_03.jpg,0333a0aaf509d232381a072f2ead59da318e3753ba23f573a014388a00ea5062,"(1993, 1246)","(409, 256)",0.9885724782943726,0.9980006217956543,0.009428143501281738,0.15466809272766113,0.07261832803487778,0.08204976469278336
portugal-042_03,huawei,digital_1_vs_bonafide,digital_1,bonafide,train/attack/digital_1/huawei/portugal-042_03.jpg,d179374e7b87e0f83cd257e176c3d2dc91df3b83c69d142a607661baec6c32e9,train/bonafide/huawei/portugal-042_03.jpg,ab73a5b947d76e47a40b97438c160997e0086efc5d12d0969a1c1459cba77cb1,"(3206, 1963)","(418, 256)",0.9544039964675903,0.9894919395446777,0.0350879430770874,0.30382639169692993,0.1452183872461319,0.15860800445079803
portugal-042_03,huawei,digital_2_vs_bonafide,digital_2,bonafide,train/attack/digital_2/huawei/portugal-042_03.jpg,0027b6ab91698b9e30334db9865a857fdaaab1ff102fba8c4df4fd9a4fd07488,train/bonafide/huawei/portugal-042_03.jpg,ab73a5b947d76e47a40b97438c160997e0086efc5d12d0969a1c1459cba77cb1,"(3206, 1963)","(418, 256)",0.9787031412124634,0.995202898979187,0.016499757766723633,0.20703496038913727,0.10013667494058609,0.10689828544855118
portugal-042_03,huawei,digital_1_vs_digital_2,digital_1,digital_2,train/attack/digital_1/huawei/portugal-042_03.jpg,d179374e7b87e0f83cd257e176c3d2dc91df3b83c69d142a607661baec6c32e9,train/attack/digital_2/huawei/portugal-042_03.jpg,0027b6ab91698b9e30334db9865a857fdaaab1ff102fba8c4df4fd9a4fd07488,"(3206, 1963)","(418, 256)",0.9527963399887085,0.9896423816680908,0.036846041679382324,0.3112572729587555,0.1468777358531952,0.1643795371055603
portugal-042_03,iphone15pro,digital_1_vs_bonafide,digital_1,bonafide,train/attack/digital_1/iphone15pro/portugal-042_03.jpg,6e7df82dafe7aa3481b61c7d624542e0e2b0872a237e816bd070232bee8c184c,train/bonafide/iphone15pro/portugal-042_03.jpg,b97aacf183cd48cd681e44a73b4218de5831b1d869a62b3930d864fa024c2132,"(2861, 1818)","(402, 256)",0.9421663284301758,0.9842758774757385,0.042109549045562744,0.34020331501960754,0.1784043163061142,0.16179899871349335
portugal-042_03,iphone15pro,digital_2_vs_bonafide,digital_2,bonafide,train/attack/digital_2/iphone15pro/portugal-042_03.jpg,693af7ab88dcf36bd9d979a1780b239dee3a50110c556c8dd2e8398300af61e7,train/bonafide/iphone15pro/portugal-042_03.jpg,b97aacf183cd48cd681e44a73b4218de5831b1d869a62b3930d864fa024c2132,"(2861, 1818)","(402, 256)",0.9473329782485962,0.9874005913734436,0.04006761312484741,0.3272716701030731,0.16349057853221893,0.1637810915708542
portugal-042_03,iphone15pro,digital_1_vs_digital_2,digital_1,digital_2,train/attack/digital_1/iphone15pro/portugal-042_03.jpg,6e7df82dafe7aa3481b61c7d624542e0e2b0872a237e816bd070232bee8c184c,train/attack/digital_2/iphone15pro/portugal-042_03.jpg,693af7ab88dcf36bd9d979a1780b239dee3a50110c556c8dd2e8398300af61e7,"(2861, 1818)","(402, 256)",0.9312270283699036,0.9832355380058289,0.05200850963592529,0.3742712736129761,0.18415464460849762,0.19011662900447845
portugal-042_03,scan,digital_1_vs_bonafide,digital_1,bonafide,train/attack/digital_1/scan/portugal-042_03.jpg,43b5d6240d791579b5b5c8ada9946f5632140e6f144b79c11f77189c10c4f495,train/bonafide/scan/portugal-042_03.jpg,4200c20e20273a8361a58eb821b6468f6d5afb33c6982aba8e43ad813ab718a3,"(1997, 1251)","(408, 256)",0.9359892010688782,0.9822065830230713,0.046217381954193115,0.3585047423839569,0.18865008652210236,0.16985465586185455
portugal-042_03,scan,digital_2_vs_bonafide,digital_2,bonafide,train/attack/digital_2/scan/portugal-042_03.jpg,f5ee563c7c8de23e7eb23453a6c3b097b4fdd5bd4184dcdd0d9a7389d27c71fa,train/bonafide/scan/portugal-042_03.jpg,4200c20e20273a8361a58eb821b6468f6d5afb33c6982aba8e43ad813ab718a3,"(1997, 1251)","(408, 256)",0.9388338923454285,0.9844475984573364,0.04561370611190796,0.3583807647228241,0.18563269078731537,0.17274807393550873
portugal-042_03,scan,digital_1_vs_digital_2,digital_1,digital_2,train/attack/digital_1/scan/portugal-042_03.jpg,43b5d6240d791579b5b5c8ada9946f5632140e6f144b79c11f77189c10c4f495,train/attack/digital_2/scan/portugal-042_03.jpg,f5ee563c7c8de23e7eb23453a6c3b097b4fdd5bd4184dcdd0d9a7389d27c71fa,"(1997, 1251)","(408, 256)",0.888975203037262,0.9716119170188904,0.08263671398162842,0.48156094551086426,0.24483458697795868,0.23672635853290558
portugal-061_03,huawei,digital_1_vs_bonafide,digital_1,bonafide,train/attack/digital_1/huawei/portugal-061_03.jpg,3f2704df9c7f11cb9513de55b3d05ea175a145f58dbb2024c4b9c2a0e399bd9c,train/bonafide/huawei/portugal-061_03.jpg,904b3ac79e66be9367fb14954ab1d516752b32cc6df4c99376b59d366de37b9a,"(3192, 1976)","(413, 256)",0.9617506861686707,0.9911129474639893,0.029362261295318604,0.2870689630508423,0.14456620812416077,0.14250275492668152
portugal-061_03,huawei,digital_2_vs_bonafide,digital_2,bonafide,train/attack/digital_2/huawei/portugal-061_03.jpg,6c3164119d65523b565546f17bdcb8d44948a3b5630c141f656d1b8b7a673ac1,train/bonafide/huawei/portugal-061_03.jpg,904b3ac79e66be9367fb14954ab1d516752b32cc6df4c99376b59d366de37b9a,"(3192, 1976)","(413, 256)",0.9794719815254211,0.9954957962036133,0.01602381467819214,0.20638787746429443,0.10138971358537674,0.1049981638789177
portugal-061_03,huawei,digital_1_vs_digital_2,digital_1,digital_2,train/attack/digital_1/huawei/portugal-061_03.jpg,3f2704df9c7f11cb9513de55b3d05ea175a145f58dbb2024c4b9c2a0e399bd9c,train/attack/digital_2/huawei/portugal-061_03.jpg,6c3164119d65523b565546f17bdcb8d44948a3b5630c141f656d1b8b7a673ac1,"(3192, 1976)","(413, 256)",0.9649147987365723,0.9920048713684082,0.027090072631835938,0.2675907015800476,0.12807150185108185,0.13951919972896576
portugal-061_03,iphone15pro,digital_1_vs_bonafide,digital_1,bonafide,train/attack/digital_1/iphone15pro/portugal-061_03.jpg,d38c0967982be0090a813e88f53104ca7d3ee99cc0dcfec27130c0e51de6c556,train/bonafide/iphone15pro/portugal-061_03.jpg,79a490915004fd973032c50f67f4aca980ca6f10c168e31bfcf7eb60185cac5b,"(2845, 1803)","(403, 256)",0.9548981189727783,0.9888603687286377,0.033962249755859375,0.3026493787765503,0.15484264492988586,0.14780673384666443
portugal-061_03,iphone15pro,digital_2_vs_bonafide,digital_2,bonafide,train/attack/digital_2/iphone15pro/portugal-061_03.jpg,87ad6e3f9025f9d3709335be9ec88edce9ae3d3d847eaf85b4fbb00a58714acf,train/bonafide/iphone15pro/portugal-061_03.jpg,79a490915004fd973032c50f67f4aca980ca6f10c168e31bfcf7eb60185cac5b,"(2845, 1803)","(403, 256)",0.9790769219398499,0.9946585297584534,0.015581607818603516,0.20552632212638855,0.10583840310573578,0.09968791902065277
portugal-061_03,iphone15pro,digital_1_vs_digital_2,digital_1,digital_2,train/attack/digital_1/iphone15pro/portugal-061_03.jpg,d38c0967982be0090a813e88f53104ca7d3ee99cc0dcfec27130c0e51de6c556,train/attack/digital_2/iphone15pro/portugal-061_03.jpg,87ad6e3f9025f9d3709335be9ec88edce9ae3d3d847eaf85b4fbb00a58714acf,"(2845, 1803)","(403, 256)",0.964935302734375,0.9915638566017151,0.026628553867340088,0.2654050290584564,0.13119934499263763,0.1342056840658188
portugal-061_03,scan,digital_1_vs_bonafide,digital_1,bonafide,train/attack/digital_1/scan/portugal-061_03.jpg,ea8f8f8742f061d7b061bd744cb65a1c96f912c512a0ff9cde9ee088766c5150,train/bonafide/scan/portugal-061_03.jpg,eb00aba4cafc85c5551f9f118662c877888441b8f692dd90586fd29d787adf89,"(1998, 1246)","(410, 256)",0.9661240577697754,0.9920859336853027,0.025961875915527344,0.2644179165363312,0.1339138150215149,0.13050410151481628
portugal-061_03,scan,digital_2_vs_bonafide,digital_2,bonafide,train/attack/digital_2/scan/portugal-061_03.jpg,234c767013b09eb915a1edd0ddb1e4d7e2d0b5084551a12aabe5c181f8ba0e4d,train/bonafide/scan/portugal-061_03.jpg,eb00aba4cafc85c5551f9f118662c877888441b8f692dd90586fd29d787adf89,"(1998, 1246)","(410, 256)",0.987506628036499,0.9972552061080933,0.009748578071594238,0.16158528625965118,0.0795275941491127,0.08205769211053848
portugal-061_03,scan,digital_1_vs_digital_2,digital_1,digital_2,train/attack/digital_1/scan/portugal-061_03.jpg,ea8f8f8742f061d7b061bd744cb65a1c96f912c512a0ff9cde9ee088766c5150,train/attack/digital_2/scan/portugal-061_03.jpg,234c767013b09eb915a1edd0ddb1e4d7e2d0b5084551a12aabe5c181f8ba0e4d,"(1998, 1246)","(410, 256)",0.9712883234024048,0.993351936340332,0.022063612937927246,0.23999565839767456,0.11656007915735245,0.12343557924032211
portugal-066_03,huawei,digital_1_vs_bonafide,digital_1,bonafide,train/attack/digital_1/huawei/portugal-066_03.jpg,fb1b354571a0be587ac3ba6f7511fb9015f20c8b4e9c244aafe5a8566e5be3c8,train/bonafide/huawei/portugal-066_03.jpg,bfaf2622a34c3ee64c5efa5e239ff95bc0da2cb55299100ecfa1dc41bfc62a88,"(3225, 2001)","(412, 256)",0.98566734790802,0.9971404075622559,0.01147305965423584,0.17147240042686462,0.07913657277822495,0.09233582764863968
portugal-066_03,huawei,digital_2_vs_bonafide,digital_2,bonafide,train/attack/digital_2/huawei/portugal-066_03.jpg,a4b5eb2944c22c93c79d6706980092974cd0fbf06a0d75fafdbc1adb4d5ea9d5,train/bonafide/huawei/portugal-066_03.jpg,bfaf2622a34c3ee64c5efa5e239ff95bc0da2cb55299100ecfa1dc41bfc62a88,"(3225, 2001)","(412, 256)",0.9830217361450195,0.9969635009765625,0.013941764831542969,0.1843716949224472,0.07799645513296127,0.10637523978948593
portugal-066_03,huawei,digital_1_vs_digital_2,digital_1,digital_2,train/attack/digital_1/huawei/portugal-066_03.jpg,fb1b354571a0be587ac3ba6f7511fb9015f20c8b4e9c244aafe5a8566e5be3c8,train/attack/digital_2/huawei/portugal-066_03.jpg,a4b5eb2944c22c93c79d6706980092974cd0fbf06a0d75fafdbc1adb4d5ea9d5,"(3225, 2001)","(412, 256)",0.9701392650604248,0.9935320615768433,0.023392796516418457,0.24528203904628754,0.1154966726899147,0.12978536635637283
portugal-066_03,iphone15pro,digital_1_vs_bonafide,digital_1,bonafide,train/attack/digital_1/iphone15pro/portugal-066_03.jpg,a9dbd4c4626d93e9d66f7619e0f95f5b9fd66d2141148867f172194e23fb232c,train/bonafide/iphone15pro/portugal-066_03.jpg,93d2cdbd50ba2b7913334a5fd6e5c6a17ae391636841d8cd0b23bb825f55aa07,"(2868, 1796)","(408, 256)",0.9819673895835876,0.9967526197433472,0.014785230159759521,0.18998906016349792,0.0806482657790184,0.10934079438447952
portugal-066_03,iphone15pro,digital_2_vs_bonafide,digital_2,bonafide,train/attack/digital_2/iphone15pro/portugal-066_03.jpg,2b1ffa3eaa5aa58482aac3277fbe01ead195498e1d161ca27a09750103263ff4,train/bonafide/iphone15pro/portugal-066_03.jpg,93d2cdbd50ba2b7913334a5fd6e5c6a17ae391636841d8cd0b23bb825f55aa07,"(2868, 1796)","(408, 256)",0.9894169569015503,0.9977694749832153,0.008352518081665039,0.14559297263622284,0.06735381484031677,0.07823915779590607
portugal-066_03,iphone15pro,digital_1_vs_digital_2,digital_1,digital_2,train/attack/digital_1/iphone15pro/portugal-066_03.jpg,a9dbd4c4626d93e9d66f7619e0f95f5b9fd66d2141148867f172194e23fb232c,train/attack/digital_2/iphone15pro/portugal-066_03.jpg,2b1ffa3eaa5aa58482aac3277fbe01ead195498e1d161ca27a09750103263ff4,"(2868, 1796)","(408, 256)",0.9755574464797974,0.9941268563270569,0.01856940984725952,0.221378892660141,0.10901179164648056,0.11236710101366043
portugal-066_03,scan,digital_1_vs_bonafide,digital_1,bonafide,train/attack/digital_1/scan/portugal-066_03.jpg,67e8d10fea2733355ddb552174315e01e3e207dd6eae9fa467b0b093043ba50e,train/bonafide/scan/portugal-066_03.jpg,3360f3cb8d2ee36ed74017b62ea3beade8699d95e39861fc97ba6df1abe7aed4,"(1997, 1247)","(409, 256)",0.9808602333068848,0.9962053298950195,0.015345096588134766,0.1960734724998474,0.08838970959186554,0.10768376290798187
portugal-066_03,scan,digital_2_vs_bonafide,digital_2,bonafide,train/attack/digital_2/scan/portugal-066_03.jpg,f6cd3f5f1433ebc901a406c220bb819de61e8d61f9dd11667b1644bcf4984036,train/bonafide/scan/portugal-066_03.jpg,3360f3cb8d2ee36ed74017b62ea3beade8699d95e39861fc97ba6df1abe7aed4,"(1997, 1247)","(409, 256)",0.9891856908798218,0.9980221390724182,0.008836448192596436,0.1470717340707779,0.06306131929159164,0.08401041477918625
portugal-066_03,scan,digital_1_vs_digital_2,digital_1,digital_2,train/attack/digital_1/scan/portugal-066_03.jpg,67e8d10fea2733355ddb552174315e01e3e207dd6eae9fa467b0b093043ba50e,train/attack/digital_2/scan/portugal-066_03.jpg,f6cd3f5f1433ebc901a406c220bb819de61e8d61f9dd11667b1644bcf4984036,"(1997, 1247)","(409, 256)",0.9726048707962036,0.9938754439353943,0.021270573139190674,0.234493225812912,0.11238071322441101,0.12211251258850098
portugal-070_03,huawei,digital_1_vs_bonafide,digital_1,bonafide,train/attack/digital_1/huawei/portugal-070_03.jpg,b0601d7a90f3936e8876f86ebe57aaedc30abd13bbaf94de60e22fe6e9e60942,train/bonafide/huawei/portugal-070_03.jpg,042d81310bf608d8357ebbc593f6ebc6b8db66523679232ce36fbe2b584c705d,"(3027, 1886)","(410, 256)",0.9845012426376343,0.9965279698371887,0.012026727199554443,0.1760716587305069,0.08333727717399597,0.09273438155651093
portugal-070_03,huawei,digital_2_vs_bonafide,digital_2,bonafide,train/attack/digital_2/huawei/portugal-070_03.jpg,d3da4b7f249321e3704a26702da656012b01f4b2abe3af9011694fe5a8ea4613,train/bonafide/huawei/portugal-070_03.jpg,042d81310bf608d8357ebbc593f6ebc6b8db66523679232ce36fbe2b584c705d,"(3027, 1886)","(410, 256)",0.9817925691604614,0.995387077331543,0.013594508171081543,0.19150866568088531,0.09647440910339355,0.09503425657749176
portugal-070_03,huawei,digital_1_vs_digital_2,digital_1,digital_2,train/attack/digital_1/huawei/portugal-070_03.jpg,b0601d7a90f3936e8876f86ebe57aaedc30abd13bbaf94de60e22fe6e9e60942,train/attack/digital_2/huawei/portugal-070_03.jpg,d3da4b7f249321e3704a26702da656012b01f4b2abe3af9011694fe5a8ea4613,"(3027, 1886)","(410, 256)",0.9813138842582703,0.9957760572433472,0.014462172985076904,0.1938430368900299,0.09226123243570328,0.10158180445432663
portugal-070_03,iphone15pro,digital_1_vs_bonafide,digital_1,bonafide,train/attack/digital_1/iphone15pro/portugal-070_03.jpg,c87ab076f8612fd705ff1c0015793aa8620482d1c1f1a2220fdb44c5d878fdd0,train/bonafide/iphone15pro/portugal-070_03.jpg,80b4fbfdca5f20e1fbc45ae3eb3578b25fc972f19a0ef2a5982afc3028da2b41,"(2638, 1613)","(418, 256)",0.9777606725692749,0.9959549307823181,0.018194258213043213,0.21108222007751465,0.09010101109743118,0.12098120898008347
portugal-070_03,iphone15pro,digital_2_vs_bonafide,digital_2,bonafide,train/attack/digital_2/iphone15pro/portugal-070_03.jpg,19b3f71ffad46d75292cac73f5978f58ec840bd710a5a46f73ca178a667c1ef5,train/bonafide/iphone15pro/portugal-070_03.jpg,80b4fbfdca5f20e1fbc45ae3eb3578b25fc972f19a0ef2a5982afc3028da2b41,"(2638, 1613)","(418, 256)",0.9822750091552734,0.9969348311424255,0.0146598219871521,0.18854646384716034,0.07859042286872864,0.1099560409784317
portugal-070_03,iphone15pro,digital_1_vs_digital_2,digital_1,digital_2,train/attack/digital_1/iphone15pro/portugal-070_03.jpg,c87ab076f8612fd705ff1c0015793aa8620482d1c1f1a2220fdb44c5d878fdd0,train/attack/digital_2/iphone15pro/portugal-070_03.jpg,19b3f71ffad46d75292cac73f5978f58ec840bd710a5a46f73ca178a667c1ef5,"(2638, 1613)","(418, 256)",0.9819420576095581,0.9966779947280884,0.014735937118530273,0.1900457739830017,0.08152366429567337,0.10852210968732834
portugal-070_03,scan,digital_1_vs_bonafide,digital_1,bonafide,train/attack/digital_1/scan/portugal-070_03.jpg,f1f53a38822ea293980b9d933a20cf324bb9901a75a0feb2375a8ce66d3192e5,train/bonafide/scan/portugal-070_03.jpg,c8ac7d6770b1bc03ddf3485ccf65fa92da024ca142e1dc58118bf76cbc641a7f,"(1996, 1250)","(408, 256)",0.9821842312812805,0.9965533018112183,0.014369070529937744,0.189605712890625,0.08419573307037354,0.10540997982025146
portugal-070_03,scan,digital_2_vs_bonafide,digital_2,bonafide,train/attack/digital_2/scan/portugal-070_03.jpg,7783e66422af39bddd2487b901cfb577e8faee1de018c86d81e84d385e49c2d3,train/bonafide/scan/portugal-070_03.jpg,c8ac7d6770b1bc03ddf3485ccf65fa92da024ca142e1dc58118bf76cbc641a7f,"(1996, 1250)","(408, 256)",0.9808125495910645,0.9956220388412476,0.014809489250183105,0.19601307809352875,0.09373995661735535,0.1022731214761734
portugal-070_03,scan,digital_1_vs_digital_2,digital_1,digital_2,train/attack/digital_1/scan/portugal-070_03.jpg,f1f53a38822ea293980b9d933a20cf324bb9901a75a0feb2375a8ce66d3192e5,train/attack/digital_2/scan/portugal-070_03.jpg,7783e66422af39bddd2487b901cfb577e8faee1de018c86d81e84d385e49c2d3,"(1996, 1250)","(408, 256)",0.9796297550201416,0.9963017106056213,0.016671955585479736,0.2033402919769287,0.0882011279463768,0.11513916403055191
portugal-105_03,huawei,digital_1_vs_bonafide,digital_1,bonafide,train/attack/digital_1/huawei/portugal-105_03.jpg,e3f76428170cf27c74024cf7f5be432cac8eb2dbbbed84e1bde9beead87c25f4,train/bonafide/huawei/portugal-105_03.jpg,77a0c0c49f4d92724b8b798d754cb1faf4cd695dc618797e253f5ba70e8add22,"(3200, 1964)","(417, 256)",0.9847360849380493,0.9972140192985535,0.01247793436050415,0.1755746454000473,0.07803535461425781,0.09753929078578949
portugal-105_03,huawei,digital_2_vs_bonafide,digital_2,bonafide,train/attack/digital_2/huawei/portugal-105_03.jpg,84bf5cea40342d9581ec897b2d5c67d50d85f66b97da9345eadf82af182baa1e,train/bonafide/huawei/portugal-105_03.jpg,77a0c0c49f4d92724b8b798d754cb1faf4cd695dc618797e253f5ba70e8add22,"(3200, 1964)","(417, 256)",0.987939715385437,0.9979685544967651,0.010028839111328125,0.15642085671424866,0.06633250415325165,0.09008835256099701
portugal-105_03,huawei,digital_1_vs_digital_2,digital_1,digital_2,train/attack/digital_1/huawei/portugal-105_03.jpg,e3f76428170cf27c74024cf7f5be432cac8eb2dbbbed84e1bde9beead87c25f4,train/attack/digital_2/huawei/portugal-105_03.jpg,84bf5cea40342d9581ec897b2d5c67d50d85f66b97da9345eadf82af182baa1e,"(3200, 1964)","(417, 256)",0.9887852072715759,0.9979501366615295,0.009164929389953613,0.149771586060524,0.06417980045080185,0.08559178560972214
portugal-105_03,iphone15pro,digital_1_vs_bonafide,digital_1,bonafide,train/attack/digital_1/iphone15pro/portugal-105_03.jpg,9b9da728b7a22737c62f0033d7076615a652f45c953ce1ccae2032d6e3295084,train/bonafide/iphone15pro/portugal-105_03.jpg,82510cbe1a88b4bd7068899700cdb1fa57d090da70ed4b4ae87bd2fb736e5058,"(2855, 1805)","(404, 256)",0.9715845584869385,0.9939383864402771,0.022353827953338623,0.24094286561012268,0.11412566155195236,0.12681720405817032
portugal-105_03,iphone15pro,digital_2_vs_bonafide,digital_2,bonafide,train/attack/digital_2/iphone15pro/portugal-105_03.jpg,55a18187a47b7574191390d9d25f60b5b9f75af9b79c4920a998821c56da7161,train/bonafide/iphone15pro/portugal-105_03.jpg,82510cbe1a88b4bd7068899700cdb1fa57d090da70ed4b4ae87bd2fb736e5058,"(2855, 1805)","(404, 256)",0.975084125995636,0.99460369348526,0.019519567489624023,0.22748307883739471,0.10948894917964935,0.11799412965774536
portugal-105_03,iphone15pro,digital_1_vs_digital_2,digital_1,digital_2,train/attack/digital_1/iphone15pro/portugal-105_03.jpg,9b9da728b7a22737c62f0033d7076615a652f45c953ce1ccae2032d6e3295084,train/attack/digital_2/iphone15pro/portugal-105_03.jpg,55a18187a47b7574191390d9d25f60b5b9f75af9b79c4920a998821c56da7161,"(2855, 1805)","(404, 256)",0.9874748587608337,0.9976582527160645,0.010183393955230713,0.15851837396621704,0.06858843564987183,0.08992993831634521
portugal-105_03,scan,digital_1_vs_bonafide,digital_1,bonafide,train/attack/digital_1/scan/portugal-105_03.jpg,8e6f334529cc659e33f4058e1838a0d8ed0fd1e2b01565016506ca78c234c90f,train/bonafide/scan/portugal-105_03.jpg,f72f9712a7cbaf5e09a095cfa282384eff2da07d5ed83ef960a9bc0c2bac4e5e,"(1992, 1248)","(408, 256)",0.9836782217025757,0.9964420199394226,0.012763798236846924,0.18175575137138367,0.08633041381835938,0.09542533755302429
portugal-105_03,scan,digital_2_vs_bonafide,digital_2,bonafide,train/attack/digital_2/scan/portugal-105_03.jpg,f34aceeb8f2eb62d1ba3c15dd66c2460a64a2467100119b240328ce3688f6f16,train/bonafide/scan/portugal-105_03.jpg,f72f9712a7cbaf5e09a095cfa282384eff2da07d5ed83ef960a9bc0c2bac4e5e,"(1992, 1248)","(408, 256)",0.9866797924041748,0.9969751238822937,0.010295331478118896,0.16463488340377808,0.07974068820476532,0.08489419519901276
portugal-105_03,scan,digital_1_vs_digital_2,digital_1,digital_2,train/attack/digital_1/scan/portugal-105_03.jpg,8e6f334529cc659e33f4058e1838a0d8ed0fd1e2b01565016506ca78c234c90f,train/attack/digital_2/scan/portugal-105_03.jpg,f34aceeb8f2eb62d1ba3c15dd66c2460a64a2467100119b240328ce3688f6f16,"(1992, 1248)","(408, 256)",0.9871447682380676,0.9976803660392761,0.010535597801208496,0.16035450994968414,0.0681174248456955,0.09223708510398865
portugal-125_03,huawei,digital_1_vs_bonafide,digital_1,bonafide,train/attack/digital_1/huawei/portugal-125_03.jpg,42163c15d7d8ee2e26026f05b6018d48451c008d0dda31d886de3a27117e5617,train/bonafide/huawei/portugal-125_03.jpg,09c8b5374afb520a9e7dddff6de11ad82c2680946352fc51f62a7682f71e0796,"(3033, 1879)","(413, 256)",0.9840723276138306,0.9969806671142578,0.012908339500427246,0.17925003170967102,0.07835996150970459,0.10089007019996643
portugal-125_03,huawei,digital_2_vs_bonafide,digital_2,bonafide,train/attack/digital_2/huawei/portugal-125_03.jpg,e2c78ccc9ce02d36f82cf7f72d5f4ab586acc7b46316ecbd2c849f651f5e9fbf,train/bonafide/huawei/portugal-125_03.jpg,09c8b5374afb520a9e7dddff6de11ad82c2680946352fc51f62a7682f71e0796,"(3033, 1879)","(413, 256)",0.989772617816925,0.9981688261032104,0.0083962082862854,0.14337381720542908,0.06114165112376213,0.08223216608166695
portugal-125_03,huawei,digital_1_vs_digital_2,digital_1,digital_2,train/attack/digital_1/huawei/portugal-125_03.jpg,42163c15d7d8ee2e26026f05b6018d48451c008d0dda31d886de3a27117e5617,train/attack/digital_2/huawei/portugal-125_03.jpg,e2c78ccc9ce02d36f82cf7f72d5f4ab586acc7b46316ecbd2c849f651f5e9fbf,"(3033, 1879)","(413, 256)",0.9792658090591431,0.9959529638290405,0.01668715476989746,0.20374302566051483,0.08997678011655807,0.11376624554395676
portugal-125_03,iphone15pro,digital_1_vs_bonafide,digital_1,bonafide,train/attack/digital_1/iphone15pro/portugal-125_03.jpg,6ac55928f24107fe26cec25357ab312770ba12f4f9a35d387e92ea955bc47268,train/bonafide/iphone15pro/portugal-125_03.jpg,ae284df63eacaf29b9c33807c3b3d8f29ccbf5763a312b1c28c612a192b37028,"(2634, 1611)","(418, 256)",0.9739649295806885,0.9950623512268066,0.021097421646118164,0.23111076653003693,0.10409464687108994,0.127016119658947
portugal-125_03,iphone15pro,digital_2_vs_bonafide,digital_2,bonafide,train/attack/digital_2/iphone15pro/portugal-125_03.jpg,88647382e6b8767ea334e85b40bab139b2cfe423f549d90425f243550f5d165c,train/bonafide/iphone15pro/portugal-125_03.jpg,ae284df63eacaf29b9c33807c3b3d8f29ccbf5763a312b1c28c612a192b37028,"(2634, 1611)","(418, 256)",0.9869753122329712,0.9974914789199829,0.010516166687011719,0.1623287945985794,0.07332399487495422,0.08900479972362518
portugal-125_03,iphone15pro,digital_1_vs_digital_2,digital_1,digital_2,train/attack/digital_1/iphone15pro/portugal-125_03.jpg,6ac55928f24107fe26cec25357ab312770ba12f4f9a35d387e92ea955bc47268,train/attack/digital_2/iphone15pro/portugal-125_03.jpg,88647382e6b8767ea334e85b40bab139b2cfe423f549d90425f243550f5d165c,"(2634, 1611)","(418, 256)",0.9747244119644165,0.9950099587440491,0.02028554677963257,0.22566595673561096,0.10062335431575775,0.1250426024198532
portugal-125_03,scan,digital_1_vs_bonafide,digital_1,bonafide,train/attack/digital_1/scan/portugal-125_03.jpg,9720558bd407dcf5fdf0b4ad464261e93e69091ae9783888edb06c3aad085a71,train/bonafide/scan/portugal-125_03.jpg,2a07d28daeb2204fa4d628b3d9c9f13b71c455e577db2a9e823179f8a6f30b02,"(1999, 1245)","(411, 256)",0.9834237694740295,0.996593713760376,0.013169944286346436,0.18286967277526855,0.08327716588973999,0.09959250688552856
portugal-125_03,scan,digital_2_vs_bonafide,digital_2,bonafide,train/attack/digital_2/scan/portugal-125_03.jpg,2f480eea1d4a6617ed971adad956089790f1108a796b24afe778c630fba1d544,train/bonafide/scan/portugal-125_03.jpg,2a07d28daeb2204fa4d628b3d9c9f13b71c455e577db2a9e823179f8a6f30b02,"(1999, 1245)","(411, 256)",0.9867455363273621,0.9969841241836548,0.010238587856292725,0.16300824284553528,0.07868742942810059,0.08432081341743469
portugal-125_03,scan,digital_1_vs_digital_2,digital_1,digital_2,train/attack/digital_1/scan/portugal-125_03.jpg,9720558bd407dcf5fdf0b4ad464261e93e69091ae9783888edb06c3aad085a71,train/attack/digital_2/scan/portugal-125_03.jpg,2f480eea1d4a6617ed971adad956089790f1108a796b24afe778c630fba1d544,"(1999, 1245)","(411, 256)",0.9752144813537598,0.9948967695236206,0.01968228816986084,0.22282950580120087,0.1010386124253273,0.12179089337587357
portugal-143_03,huawei,digital_1_vs_bonafide,digital_1,bonafide,train/attack/digital_1/huawei/portugal-143_03.jpg,8feab87dec29879a2a91e42599394350d3076c138095f4f7f519db7f74c7da89,train/bonafide/huawei/portugal-143_03.jpg,d58d9a1f7cde91222c6fe3151173d0b6ebbb0ed629b6400bd435535a20a2b27b,"(3026, 1883)","(411, 256)",0.9799594879150391,0.9956632852554321,0.015703797340393066,0.20021267235279083,0.09313357621431351,0.10707909613847733
portugal-143_03,huawei,digital_2_vs_bonafide,digital_2,bonafide,train/attack/digital_2/huawei/portugal-143_03.jpg,8d40fc7f28f4706c4c8b07a8f79a3512f4bc14fd792b81316446099dbf4b2fd0,train/bonafide/huawei/portugal-143_03.jpg,d58d9a1f7cde91222c6fe3151173d0b6ebbb0ed629b6400bd435535a20a2b27b,"(3026, 1883)","(411, 256)",0.9805482625961304,0.9959392547607422,0.015390992164611816,0.20000283420085907,0.09442580491304398,0.1055770292878151
portugal-143_03,huawei,digital_1_vs_digital_2,digital_1,digital_2,train/attack/digital_1/huawei/portugal-143_03.jpg,8feab87dec29879a2a91e42599394350d3076c138095f4f7f519db7f74c7da89,train/attack/digital_2/huawei/portugal-143_03.jpg,8d40fc7f28f4706c4c8b07a8f79a3512f4bc14fd792b81316446099dbf4b2fd0,"(3026, 1883)","(411, 256)",0.9781174659729004,0.9957630038261414,0.017645537853240967,0.21150366961956024,0.09645438939332962,0.11504928022623062
portugal-143_03,iphone15pro,digital_1_vs_bonafide,digital_1,bonafide,train/attack/digital_1/iphone15pro/portugal-143_03.jpg,5a743fdfc26ec6f90fdf35d6faf46eec34d2a9a5b42c4097fb2e1e7eb3576c40,train/bonafide/iphone15pro/portugal-143_03.jpg,91d549362c279a9bd6bf4acdd3da43347f4fb173efb86132f9a3846155e133c7,"(2633, 1621)","(415, 256)",0.9749240875244141,0.9943611025810242,0.019437015056610107,0.2241601049900055,0.1071486845612526,0.1170114204287529
portugal-143_03,iphone15pro,digital_2_vs_bonafide,digital_2,bonafide,train/attack/digital_2/iphone15pro/portugal-143_03.jpg,e5f068bbf747825965acc5035591b7d966eaeb3b6f08c258bcc61226fdf941c0,train/bonafide/iphone15pro/portugal-143_03.jpg,91d549362c279a9bd6bf4acdd3da43347f4fb173efb86132f9a3846155e133c7,"(2633, 1621)","(415, 256)",0.978306770324707,0.9955933690071106,0.017286598682403564,0.20840992033481598,0.09413716197013855,0.11427275836467743
portugal-143_03,iphone15pro,digital_1_vs_digital_2,digital_1,digital_2,train/attack/digital_1/iphone15pro/portugal-143_03.jpg,5a743fdfc26ec6f90fdf35d6faf46eec34d2a9a5b42c4097fb2e1e7eb3576c40,train/attack/digital_2/iphone15pro/portugal-143_03.jpg,e5f068bbf747825965acc5035591b7d966eaeb3b6f08c258bcc61226fdf941c0,"(2633, 1621)","(415, 256)",0.9794648289680481,0.99626624584198,0.016801416873931885,0.20267879962921143,0.08672206103801727,0.11595673859119415
portugal-143_03,scan,digital_1_vs_bonafide,digital_1,bonafide,train/attack/digital_1/scan/portugal-143_03.jpg,3086e3d4538b2c586942ff21592d4a5a0d503009806b1f248451f16e8ed9507d,train/bonafide/scan/portugal-143_03.jpg,c72ae8804cb24e36f6ee4ebf94fed7fea31dcbdb5f1dcff6e8ec36820613fbe2,"(1995, 1247)","(409, 256)",0.9743998050689697,0.9944559931755066,0.020056188106536865,0.22674328088760376,0.10591103881597519,0.12083224207162857
portugal-143_03,scan,digital_2_vs_bonafide,digital_2,bonafide,train/attack/digital_2/scan/portugal-143_03.jpg,fe516b828de6bdc58b6896e8ad12024bf3370b422618a2005fb93dd9b3be58be,train/bonafide/scan/portugal-143_03.jpg,c72ae8804cb24e36f6ee4ebf94fed7fea31dcbdb5f1dcff6e8ec36820613fbe2,"(1995, 1247)","(409, 256)",0.9673718810081482,0.9924666285514832,0.02509474754333496,0.2554644048213959,0.12280775606632233,0.13265664875507355
portugal-143_03,scan,digital_1_vs_digital_2,digital_1,digital_2,train/attack/digital_1/scan/portugal-143_03.jpg,3086e3d4538b2c586942ff21592d4a5a0d503009806b1f248451f16e8ed9507d,train/attack/digital_2/scan/portugal-143_03.jpg,fe516b828de6bdc58b6896e8ad12024bf3370b422618a2005fb93dd9b3be58be,"(1995, 1247)","(409, 256)",0.9752990007400513,0.9946531057357788,0.01935410499572754,0.2225991040468216,0.10452578216791153,0.11807332187891006
portugal-172_03,huawei,digital_1_vs_bonafide,digital_1,bonafide,train/attack/digital_1/huawei/portugal-172_03.jpg,8f041da1ec2a38f01fa8f6f5ea4a0376ca0e35b012cb77b97f5f9698ff3135c6,train/bonafide/huawei/portugal-172_03.jpg,aaf01ca19f2d6f8f832677d152f0501d3914d31fb62503ab894509de6c9e8e16,"(3022, 1882)","(411, 256)",0.9846447706222534,0.9970351457595825,0.012390375137329102,0.1772250533103943,0.0808800607919693,0.09634499251842499
portugal-172_03,huawei,digital_2_vs_bonafide,digital_2,bonafide,train/attack/digital_2/huawei/portugal-172_03.jpg,9e8edc5e772bdb31fb99abdb7e1931ac8849ed169af0145ee8161013db01014f,train/bonafide/huawei/portugal-172_03.jpg,aaf01ca19f2d6f8f832677d152f0501d3914d31fb62503ab894509de6c9e8e16,"(3022, 1882)","(411, 256)",0.9904223680496216,0.9979552030563354,0.007532835006713867,0.1392844021320343,0.06556525081396103,0.07371915131807327
portugal-172_03,huawei,digital_1_vs_digital_2,digital_1,digital_2,train/attack/digital_1/huawei/portugal-172_03.jpg,8f041da1ec2a38f01fa8f6f5ea4a0376ca0e35b012cb77b97f5f9698ff3135c6,train/attack/digital_2/huawei/portugal-172_03.jpg,9e8edc5e772bdb31fb99abdb7e1931ac8849ed169af0145ee8161013db01014f,"(3022, 1882)","(411, 256)",0.9907342195510864,0.9984740614891052,0.007739841938018799,0.13655905425548553,0.05619222670793533,0.0803668275475502
portugal-172_03,iphone15pro,digital_1_vs_bonafide,digital_1,bonafide,train/attack/digital_1/iphone15pro/portugal-172_03.jpg,eedd4c21950d547a884a85f0c03c21a560262c4c2f07bc53bebed5ab86dd9746,train/bonafide/iphone15pro/portugal-172_03.jpg,d8ece948c4b85be0156c10d040abb775b1b80817d8959c19e4eb1ade69273636,"(2633, 1604)","(420, 256)",0.97503262758255,0.9948410987854004,0.019808471202850342,0.2244253158569336,0.10317789018154144,0.12124742567539215
portugal-172_03,iphone15pro,digital_2_vs_bonafide,digital_2,bonafide,train/attack/digital_2/iphone15pro/portugal-172_03.jpg,1084b41153dea642db98c98cee2c96c29806da859bc59a3fc9ba1f1599ed8855,train/bonafide/iphone15pro/portugal-172_03.jpg,d8ece948c4b85be0156c10d040abb775b1b80817d8959c19e4eb1ade69273636,"(2633, 1604)","(420, 256)",0.9836858510971069,0.9970525503158569,0.01336669921875,0.1812565177679062,0.07779215276241302,0.10346436500549316
portugal-172_03,iphone15pro,digital_1_vs_digital_2,digital_1,digital_2,train/attack/digital_1/iphone15pro/portugal-172_03.jpg,eedd4c21950d547a884a85f0c03c21a560262c4c2f07bc53bebed5ab86dd9746,train/attack/digital_2/iphone15pro/portugal-172_03.jpg,1084b41153dea642db98c98cee2c96c29806da859bc59a3fc9ba1f1599ed8855,"(2633, 1604)","(420, 256)",0.9866051077842712,0.9972575306892395,0.010652422904968262,0.16377858817577362,0.07427329570055008,0.08950529247522354
portugal-172_03,scan,digital_1_vs_bonafide,digital_1,bonafide,train/attack/digital_1/scan/portugal-172_03.jpg,4ed123a2fa0483f544b21576413e047daa003abaa418f73a141baa6035ad3e74,train/bonafide/scan/portugal-172_03.jpg,effef43c828de4ee93ef8acb72c96872cf8030bd6de55d981ae7a3d6133db036,"(1995, 1252)","(407, 256)",0.9847409129142761,0.9969930052757263,0.012252092361450195,0.1758018434047699,0.08121868222951889,0.09458316117525101
portugal-172_03,scan,digital_2_vs_bonafide,digital_2,bonafide,train/attack/digital_2/scan/portugal-172_03.jpg,e89ddcea993ec3723c9a756b26f3f86c235cc855ea8e64b42bdae0d208a0b165,train/bonafide/scan/portugal-172_03.jpg,effef43c828de4ee93ef8acb72c96872cf8030bd6de55d981ae7a3d6133db036,"(1995, 1252)","(407, 256)",0.9875060319900513,0.9971878528594971,0.0096818208694458,0.15824612975120544,0.0759119763970375,0.08233415335416794
portugal-172_03,scan,digital_1_vs_digital_2,digital_1,digital_2,train/attack/digital_1/scan/portugal-172_03.jpg,4ed123a2fa0483f544b21576413e047daa003abaa418f73a141baa6035ad3e74,train/attack/digital_2/scan/portugal-172_03.jpg,e89ddcea993ec3723c9a756b26f3f86c235cc855ea8e64b42bdae0d208a0b165,"(1995, 1252)","(407, 256)",0.989574670791626,0.998321533203125,0.008746862411499023,0.14492744207382202,0.05924706906080246,0.08568037301301956
portugal-NF-1016,huawei,digital_1_vs_bonafide,digital_1,bonafide,train/attack/digital_1/huawei/portugal-NF-1016.jpg,939bbb5ac4bb5c8d000c62a1cef3b54471105bec87ce36d0381fbd5046e02541,train/bonafide/huawei/portugal-NF-1016.jpg,e783c78ef493cf51534fe6a09c398e83d16444e06ea12f3a2ecdba88636904c2,"(3198, 1967)","(416, 256)",0.9805892705917358,0.99609375,0.01550447940826416,0.19740130007266998,0.08944624662399292,0.10795505344867706
portugal-NF-1016,huawei,digital_2_vs_bonafide,digital_2,bonafide,train/attack/digital_2/huawei/portugal-NF-1016.jpg,a5c7acbb83111a2abc0186be498b3281bf61a9545b6d848b8c40061d4671a5ba,train/bonafide/huawei/portugal-NF-1016.jpg,e783c78ef493cf51534fe6a09c398e83d16444e06ea12f3a2ecdba88636904c2,"(3198, 1967)","(416, 256)",0.9846540689468384,0.9970871806144714,0.012433111667633057,0.17728456854820251,0.08086554706096649,0.09641902148723602
portugal-NF-1016,huawei,digital_1_vs_digital_2,digital_1,digital_2,train/attack/digital_1/huawei/portugal-NF-1016.jpg,939bbb5ac4bb5c8d000c62a1cef3b54471105bec87ce36d0381fbd5046e02541,train/attack/digital_2/huawei/portugal-NF-1016.jpg,a5c7acbb83111a2abc0186be498b3281bf61a9545b6d848b8c40061d4671a5ba,"(3198, 1967)","(416, 256)",0.980336606502533,0.9955081939697266,0.015171587467193604,0.19888097047805786,0.09566828608512878,0.10321268439292908
portugal-NF-1016,iphone15pro,digital_1_vs_bonafide,digital_1,bonafide,train/attack/digital_1/iphone15pro/portugal-NF-1016.jpg,eba11297daa364b211bbbb969c669349d538cc7d31a37999cfd757ec1d6c971a,train/bonafide/iphone15pro/portugal-NF-1016.jpg,57fce34bec95ce7a2f1d1cbb6080d2499d5c29f74170f8badd211a76bf3f2902,"(2852, 1811)","(403, 256)",0.975996732711792,0.9951770305633545,0.0191802978515625,0.22075723111629486,0.10583117604255676,0.1149260550737381
portugal-NF-1016,iphone15pro,digital_2_vs_bonafide,digital_2,bonafide,train/attack/digital_2/iphone15pro/portugal-NF-1016.jpg,45f6bf35b70e33d474d2458068d8170ebd716159af1cf326f7489497977a82f4,train/bonafide/iphone15pro/portugal-NF-1016.jpg,57fce34bec95ce7a2f1d1cbb6080d2499d5c29f74170f8badd211a76bf3f2902,"(2852, 1811)","(403, 256)",0.9788380861282349,0.995518684387207,0.016680598258972168,0.20898213982582092,0.1038917750120163,0.10509036481380463
portugal-NF-1016,iphone15pro,digital_1_vs_digital_2,digital_1,digital_2,train/attack/digital_1/iphone15pro/portugal-NF-1016.jpg,eba11297daa364b211bbbb969c669349d538cc7d31a37999cfd757ec1d6c971a,train/attack/digital_2/iphone15pro/portugal-NF-1016.jpg,45f6bf35b70e33d474d2458068d8170ebd716159af1cf326f7489497977a82f4,"(2852, 1811)","(403, 256)",0.9713103771209717,0.9933629035949707,0.022052526473999023,0.2397373914718628,0.11526349931955338,0.12447389215230942
portugal-NF-1016,scan,digital_1_vs_bonafide,digital_1,bonafide,train/attack/digital_1/scan/portugal-NF-1016.jpg,34ecfba1fe2a82ce7393d0c12790d2ca0ee9e7ccbf05d86f50adc6472e7621f1,train/bonafide/scan/portugal-NF-1016.jpg,653957e0d6201784894d23079b63679b3b3ea481b40fc4069a75ec658f6a6e8c,"(1990, 1250)","(407, 256)",0.9772886037826538,0.9958259463310242,0.01853734254837036,0.21312636137008667,0.09161010384559631,0.12151625752449036
portugal-NF-1016,scan,digital_2_vs_bonafide,digital_2,bonafide,train/attack/digital_2/scan/portugal-NF-1016.jpg,05f59b071801a0e6fd1af3d58d87df10046c1ecd61bb1f0581f71f09649582d9,train/bonafide/scan/portugal-NF-1016.jpg,653957e0d6201784894d23079b63679b3b3ea481b40fc4069a75ec658f6a6e8c,"(1990, 1250)","(407, 256)",0.9854307174682617,0.9971137642860413,0.011683046817779541,0.17097899317741394,0.07799700647592545,0.0929819867014885
portugal-NF-1016,scan,digital_1_vs_digital_2,digital_1,digital_2,train/attack/digital_1/scan/portugal-NF-1016.jpg,34ecfba1fe2a82ce7393d0c12790d2ca0ee9e7ccbf05d86f50adc6472e7621f1,train/attack/digital_2/scan/portugal-NF-1016.jpg,05f59b071801a0e6fd1af3d58d87df10046c1ecd61bb1f0581f71f09649582d9,"(1990, 1250)","(407, 256)",0.9774888753890991,0.9953452348709106,0.017856359481811523,0.2124129831790924,0.0971069484949112,0.11530603468418121
portugal-NF-1022,huawei,digital_1_vs_bonafide,digital_1,bonafide,train/attack/digital_1/huawei/portugal-NF-1022.jpg,847e801bfe053c01ed6078ed2890acdb8fdeef0c0b2202ad3f4ba245af9b7f50,train/bonafide/huawei/portugal-NF-1022.jpg,2fa58a865aa31e32c8f4dd402b69e5c12eba0e68d71b7b144a3ea5184c3d26a4,"(3193, 1969)","(415, 256)",0.9818633794784546,0.9962599277496338,0.0143965482711792,0.1910790354013443,0.08771038800477982,0.10336864739656448
portugal-NF-1022,huawei,digital_2_vs_bonafide,digital_2,bonafide,train/attack/digital_2/huawei/portugal-NF-1022.jpg,fc2696f75abb560b0bbad60c900f70ed38b8f2530741eac3ac5a5050874756b7,train/bonafide/huawei/portugal-NF-1022.jpg,2fa58a865aa31e32c8f4dd402b69e5c12eba0e68d71b7b144a3ea5184c3d26a4,"(3193, 1969)","(415, 256)",0.9858037233352661,0.99684077501297,0.011037051677703857,0.16850414872169495,0.0796360895037651,0.08886805921792984
portugal-NF-1022,huawei,digital_1_vs_digital_2,digital_1,digital_2,train/attack/digital_1/huawei/portugal-NF-1022.jpg,847e801bfe053c01ed6078ed2890acdb8fdeef0c0b2202ad3f4ba245af9b7f50,train/attack/digital_2/huawei/portugal-NF-1022.jpg,fc2696f75abb560b0bbad60c900f70ed38b8f2530741eac3ac5a5050874756b7,"(3193, 1969)","(415, 256)",0.9770599603652954,0.9944636821746826,0.017403721809387207,0.21468093991279602,0.10567886382341385,0.10900207608938217
portugal-NF-1022,iphone15pro,digital_1_vs_bonafide,digital_1,bonafide,train/attack/digital_1/iphone15pro/portugal-NF-1022.jpg,aca52b7bfabd2a3d8db7f7792a8d2cc4d6234b71494ee09e288da21af612df71,train/bonafide/iphone15pro/portugal-NF-1022.jpg,13cdde663f3849d64cf0d3d2366e39ab14e4a19f1207614f7f7e381a3f27f164,"(2844, 1812)","(401, 256)",0.9859991669654846,0.9968847036361694,0.010885536670684814,0.16744519770145416,0.0798240453004837,0.08762115240097046
portugal-NF-1022,iphone15pro,digital_2_vs_bonafide,digital_2,bonafide,train/attack/digital_2/iphone15pro/portugal-NF-1022.jpg,0c9c95a07fda3f1204f966f8e5d25799213fd3467aeeb68cf349c236bc69a848,train/bonafide/iphone15pro/portugal-NF-1022.jpg,13cdde663f3849d64cf0d3d2366e39ab14e4a19f1207614f7f7e381a3f27f164,"(2844, 1812)","(401, 256)",0.9879199266433716,0.9975961446762085,0.009676218032836914,0.15545639395713806,0.06949599087238312,0.08596040308475494
portugal-NF-1022,iphone15pro,digital_1_vs_digital_2,digital_1,digital_2,train/attack/digital_1/iphone15pro/portugal-NF-1022.jpg,aca52b7bfabd2a3d8db7f7792a8d2cc4d6234b71494ee09e288da21af612df71,train/attack/digital_2/iphone15pro/portugal-NF-1022.jpg,0c9c95a07fda3f1204f966f8e5d25799213fd3467aeeb68cf349c236bc69a848,"(2844, 1812)","(401, 256)",0.9842662811279297,0.9964271783828735,0.012160897254943848,0.17742449045181274,0.08483613282442093,0.09258835762739182
portugal-NF-1022,scan,digital_1_vs_bonafide,digital_1,bonafide,train/attack/digital_1/scan/portugal-NF-1022.jpg,465a7bafadde9ce7c62f7b18d9298d77a27ccb37d7feca574fd8c9d002438476,train/bonafide/scan/portugal-NF-1022.jpg,7647a7f66fad07af8575ba31a9c130ae861ea43b39d8284b5d1f0a0973b02fcb,"(1995, 1245)","(410, 256)",0.9794086217880249,0.9956296682357788,0.016221046447753906,0.2046135812997818,0.09610532969236374,0.10850825160741806
portugal-NF-1022,scan,digital_2_vs_bonafide,digital_2,bonafide,train/attack/digital_2/scan/portugal-NF-1022.jpg,b9b9344f81bd8e9feb310c6da2a4446f2160d0e57d8a6c00badf26d82a14c3d1,train/bonafide/scan/portugal-NF-1022.jpg,7647a7f66fad07af8575ba31a9c130ae861ea43b39d8284b5d1f0a0973b02fcb,"(1995, 1245)","(410, 256)",0.9858819246292114,0.9971156716346741,0.011233747005462646,0.16808801889419556,0.07615166157484055,0.09193635731935501
portugal-NF-1022,scan,digital_1_vs_digital_2,digital_1,digital_2,train/attack/digital_1/scan/portugal-NF-1022.jpg,465a7bafadde9ce7c62f7b18d9298d77a27ccb37d7feca574fd8c9d002438476,train/attack/digital_2/scan/portugal-NF-1022.jpg,b9b9344f81bd8e9feb310c6da2a4446f2160d0e57d8a6c00badf26d82a14c3d1,"(1995, 1245)","(410, 256)",0.9815995693206787,0.9961329698562622,0.014533400535583496,0.19309192895889282,0.08952589333057404,0.10356603562831879
portugal-NF-1024,huawei,digital_1_vs_bonafide,digital_1,bonafide,train/attack/digital_1/huawei/portugal-NF-1024.jpg,9834a82a59c7494f7946fbfabdc006bb465c07a20de18fefd8f8c857ff16a4ea,train/bonafide/huawei/portugal-NF-1024.jpg,73b41d2916a47f5e484a06939a51ba5d56dedc0e78e525af5eef3f6966412bc1,"(3212, 1976)","(416, 256)",0.9796034693717957,0.9956785440444946,0.016075074672698975,0.20227114856243134,0.09329091757535934,0.10898023098707199
portugal-NF-1024,huawei,digital_2_vs_bonafide,digital_2,bonafide,train/attack/digital_2/huawei/portugal-NF-1024.jpg,d55e6d01170ea656d0bae6e372c474a23cee6e4cbd2e9ab9df20c5c2fb1870b6,train/bonafide/huawei/portugal-NF-1024.jpg,73b41d2916a47f5e484a06939a51ba5d56dedc0e78e525af5eef3f6966412bc1,"(3212, 1976)","(416, 256)",0.9891402721405029,0.9982561469078064,0.009115874767303467,0.14737488329410553,0.059151943773031235,0.0882229395210743
portugal-NF-1024,huawei,digital_1_vs_digital_2,digital_1,digital_2,train/attack/digital_1/huawei/portugal-NF-1024.jpg,9834a82a59c7494f7946fbfabdc006bb465c07a20de18fefd8f8c857ff16a4ea,train/attack/digital_2/huawei/portugal-NF-1024.jpg,d55e6d01170ea656d0bae6e372c474a23cee6e4cbd2e9ab9df20c5c2fb1870b6,"(3212, 1976)","(416, 256)",0.9778661727905273,0.9954176545143127,0.0175514817237854,0.21069084107875824,0.09583257138729095,0.11485826969146729
portugal-NF-1024,iphone15pro,digital_1_vs_bonafide,digital_1,bonafide,train/attack/digital_1/iphone15pro/portugal-NF-1024.jpg,f0c13e9f19d65fd558c6b120d000c2c1577af63465c2b1a04a97620b9471f9c3,train/bonafide/iphone15pro/portugal-NF-1024.jpg,4cb4a5ef67b7e4c4ae225974d2a32490e08b6562954a8c6146f001178c538a2f,"(2852, 1812)","(402, 256)",0.9727867841720581,0.9937597513198853,0.02097296714782715,0.23516127467155457,0.116841159760952,0.11832011491060257
portugal-NF-1024,iphone15pro,digital_2_vs_bonafide,digital_2,bonafide,train/attack/digital_2/iphone15pro/portugal-NF-1024.jpg,c7e9792680ec4bc6faf27b12291cea7fe289012a001d80584b404a44b7d090a1,train/bonafide/iphone15pro/portugal-NF-1024.jpg,4cb4a5ef67b7e4c4ae225974d2a32490e08b6562954a8c6146f001178c538a2f,"(2852, 1812)","(402, 256)",0.9873680472373962,0.9976953268051147,0.010327279567718506,0.1594463586807251,0.06871289759874344,0.09073346108198166
portugal-NF-1024,iphone15pro,digital_1_vs_digital_2,digital_1,digital_2,train/attack/digital_1/iphone15pro/portugal-NF-1024.jpg,f0c13e9f19d65fd558c6b120d000c2c1577af63465c2b1a04a97620b9471f9c3,train/attack/digital_2/iphone15pro/portugal-NF-1024.jpg,c7e9792680ec4bc6faf27b12291cea7fe289012a001d80584b404a44b7d090a1,"(2852, 1812)","(402, 256)",0.9722817540168762,0.9939455986022949,0.0216638445854187,0.23606272041797638,0.1125531867146492,0.12350953370332718
portugal-NF-1024,scan,digital_1_vs_bonafide,digital_1,bonafide,train/attack/digital_1/scan/portugal-NF-1024.jpg,0793aed2f3a06edd56a88f6756317593b74f999715fb53fff9502d317cf8f1a5,train/bonafide/scan/portugal-NF-1024.jpg,2cd75f036c993b20f01531e2cefdd41b916708e7473710ba3a0272b77c7989f3,"(1990, 1253)","(406, 256)",0.9776322841644287,0.9952453374862671,0.01761305332183838,0.2115098536014557,0.0977989211678505,0.1137109324336052
portugal-NF-1024,scan,digital_2_vs_bonafide,digital_2,bonafide,train/attack/digital_2/scan/portugal-NF-1024.jpg,476825841045a33196facd287e398f0bd889a4059a7138cac205cdefefecdba1,train/bonafide/scan/portugal-NF-1024.jpg,2cd75f036c993b20f01531e2cefdd41b916708e7473710ba3a0272b77c7989f3,"(1990, 1253)","(406, 256)",0.9867383241653442,0.9972933530807495,0.010555028915405273,0.16341233253479004,0.07602562755346298,0.08738670498132706
portugal-NF-1024,scan,digital_1_vs_digital_2,digital_1,digital_2,train/attack/digital_1/scan/portugal-NF-1024.jpg,0793aed2f3a06edd56a88f6756317593b74f999715fb53fff9502d317cf8f1a5,train/attack/digital_2/scan/portugal-NF-1024.jpg,476825841045a33196facd287e398f0bd889a4059a7138cac205cdefefecdba1,"(1990, 1253)","(406, 256)",0.9806966781616211,0.9963762760162354,0.015679597854614258,0.19688163697719574,0.08593396842479706,0.11094766855239868
portugal-NF-1026,huawei,digital_1_vs_bonafide,digital_1,bonafide,train/attack/digital_1/huawei/portugal-NF-1026.jpg,e929dc2edefd5513351507136b99fd9168df73b5420f35625479a04b3a8ceaf8,train/bonafide/huawei/portugal-NF-1026.jpg,812a38695c07b8ed659a7d3dc8d3164a33cd0dc9635e63f0797713ec62367dac,"(3194, 1979)","(413, 256)",0.9862666130065918,0.9975982904434204,0.011331677436828613,0.16574642062187195,0.06933552026748657,0.09641090035438538
portugal-NF-1026,huawei,digital_2_vs_bonafide,digital_2,bonafide,train/attack/digital_2/huawei/portugal-NF-1026.jpg,95aa0d717f7dfb66c31cba33cf627048092b839667082c01f368ba223bfdeb1d,train/bonafide/huawei/portugal-NF-1026.jpg,812a38695c07b8ed659a7d3dc8d3164a33cd0dc9635e63f0797713ec62367dac,"(3194, 1979)","(413, 256)",0.9854356050491333,0.996983528137207,0.01154792308807373,0.17153620719909668,0.0782935693860054,0.09324263781309128
portugal-NF-1026,huawei,digital_1_vs_digital_2,digital_1,digital_2,train/attack/digital_1/huawei/portugal-NF-1026.jpg,e929dc2edefd5513351507136b99fd9168df73b5420f35625479a04b3a8ceaf8,train/attack/digital_2/huawei/portugal-NF-1026.jpg,95aa0d717f7dfb66c31cba33cf627048092b839667082c01f368ba223bfdeb1d,"(3194, 1979)","(413, 256)",0.9881125688552856,0.9978176951408386,0.009705126285552979,0.15491265058517456,0.06712470203638077,0.08778794854879379
portugal-NF-1026,iphone15pro,digital_1_vs_bonafide,digital_1,bonafide,train/attack/digital_1/iphone15pro/portugal-NF-1026.jpg,d4f3f562ef0079ea34c83fc3f8c9f1033d394503be647a31c1be943a68bc0aad,train/bonafide/iphone15pro/portugal-NF-1026.jpg,932595207b54f28991e15104f119dd1487e5867493b115c2ad43c9a0e0a9c8d9,"(2852, 1808)","(403, 256)",0.9741393327713013,0.9943052530288696,0.02016592025756836,0.22753192484378815,0.10691744089126587,0.12061448395252228
portugal-NF-1026,iphone15pro,digital_2_vs_bonafide,digital_2,bonafide,train/attack/digital_2/iphone15pro/portugal-NF-1026.jpg,a1164bbcd7570a89e993b1ba144fe69d643005a4b282f1d935bb20ee51efbca7,train/bonafide/iphone15pro/portugal-NF-1026.jpg,932595207b54f28991e15104f119dd1487e5867493b115c2ad43c9a0e0a9c8d9,"(2852, 1808)","(403, 256)",0.9721852540969849,0.9941389560699463,0.021953701972961426,0.23944494128227234,0.11348891258239746,0.12595602869987488
portugal-NF-1026,iphone15pro,digital_1_vs_digital_2,digital_1,digital_2,train/attack/digital_1/iphone15pro/portugal-NF-1026.jpg,d4f3f562ef0079ea34c83fc3f8c9f1033d394503be647a31c1be943a68bc0aad,train/attack/digital_2/iphone15pro/portugal-NF-1026.jpg,a1164bbcd7570a89e993b1ba144fe69d643005a4b282f1d935bb20ee51efbca7,"(2852, 1808)","(403, 256)",0.9789648652076721,0.9957018494606018,0.016736984252929688,0.20795951783657074,0.09673040360212326,0.11122911423444748
portugal-NF-1026,scan,digital_1_vs_bonafide,digital_1,bonafide,train/attack/digital_1/scan/portugal-NF-1026.jpg,082f19cf0b9a6d87d787828299d3dc74b4d2d8ecb1ef377cb708417cebaa6768,train/bonafide/scan/portugal-NF-1026.jpg,ccf02504907595ffb81375f4e9dd0f05f9141356e981a734b415da96c9d604e9,"(1995, 1257)","(406, 256)",0.9750373959541321,0.9946278929710388,0.01959049701690674,0.2234591245651245,0.10368243604898453,0.11977668851613998
portugal-NF-1026,scan,digital_2_vs_bonafide,digital_2,bonafide,train/attack/digital_2/scan/portugal-NF-1026.jpg,643b6d776d1db2aa53163662f317d2345d32320281598f9107a5807b4776c18b,train/bonafide/scan/portugal-NF-1026.jpg,ccf02504907595ffb81375f4e9dd0f05f9141356e981a734b415da96c9d604e9,"(1995, 1257)","(406, 256)",0.9795465469360352,0.995693564414978,0.01614701747894287,0.20478767156600952,0.09713856130838394,0.10764911025762558
portugal-NF-1026,scan,digital_1_vs_digital_2,digital_1,digital_2,train/attack/digital_1/scan/portugal-NF-1026.jpg,082f19cf0b9a6d87d787828299d3dc74b4d2d8ecb1ef377cb708417cebaa6768,train/attack/digital_2/scan/portugal-NF-1026.jpg,643b6d776d1db2aa53163662f317d2345d32320281598f9107a5807b4776c18b,"(1995, 1257)","(406, 256)",0.9836134910583496,0.9967545866966248,0.013141095638275146,0.18337053060531616,0.0847519263625145,0.09861860424280167
portugal-NF-1041,huawei,digital_1_vs_bonafide,digital_1,bonafide,train/attack/digital_1/huawei/portugal-NF-1041.jpg,81ada891f4a2eaedaac25a6979bb751434cbeb74408c2b211af48920f74a7d49,train/bonafide/huawei/portugal-NF-1041.jpg,8e669a54da72479f94157ded90cba258f3036580b4c040739b13c04c3c2d8280,"(3200, 1977)","(414, 256)",0.9829682111740112,0.9968279004096985,0.013859689235687256,0.1846771091222763,0.07971064001321793,0.10496646910905838
portugal-NF-1041,huawei,digital_2_vs_bonafide,digital_2,bonafide,train/attack/digital_2/huawei/portugal-NF-1041.jpg,2d06bac282e90121df676ee9ade20aaf9271644eba9beb7cbac08c397736cef0,train/bonafide/huawei/portugal-NF-1041.jpg,8e669a54da72479f94157ded90cba258f3036580b4c040739b13c04c3c2d8280,"(3200, 1977)","(414, 256)",0.9887808561325073,0.9978318214416504,0.009050965309143066,0.1498250663280487,0.06590786576271057,0.08391720056533813
portugal-NF-1041,huawei,digital_1_vs_digital_2,digital_1,digital_2,train/attack/digital_1/huawei/portugal-NF-1041.jpg,81ada891f4a2eaedaac25a6979bb751434cbeb74408c2b211af48920f74a7d49,train/attack/digital_2/huawei/portugal-NF-1041.jpg,2d06bac282e90121df676ee9ade20aaf9271644eba9beb7cbac08c397736cef0,"(3200, 1977)","(414, 256)",0.9725542068481445,0.9941803216934204,0.02162611484527588,0.23431433737277985,0.10788694769144058,0.12642738968133926
portugal-NF-1041,iphone15pro,digital_1_vs_bonafide,digital_1,bonafide,train/attack/digital_1/iphone15pro/portugal-NF-1041.jpg,1021051e44d65720b37f0813aac8bccb396ed7e6ae8bbbc8a16d7216024640e7,train/bonafide/iphone15pro/portugal-NF-1041.jpg,7c4847a1e38c474fe8d5538158409bf7fad3ad586fc2fa2eadebe296a491c9a8,"(2851, 1806)","(404, 256)",0.979077935218811,0.9953215718269348,0.01624363660812378,0.20472896099090576,0.0970349833369255,0.10769397765398026
portugal-NF-1041,iphone15pro,digital_2_vs_bonafide,digital_2,bonafide,train/attack/digital_2/iphone15pro/portugal-NF-1041.jpg,35d8448e2ab0463c70f131fc8ab90993d1464f4e75e34cdee26b22ec725079d3,train/bonafide/iphone15pro/portugal-NF-1041.jpg,7c4847a1e38c474fe8d5538158409bf7fad3ad586fc2fa2eadebe296a491c9a8,"(2851, 1806)","(404, 256)",0.9814479947090149,0.9964278340339661,0.014979839324951172,0.19337110221385956,0.08510609716176987,0.10826500505208969
portugal-NF-1041,iphone15pro,digital_1_vs_digital_2,digital_1,digital_2,train/attack/digital_1/iphone15pro/portugal-NF-1041.jpg,1021051e44d65720b37f0813aac8bccb396ed7e6ae8bbbc8a16d7216024640e7,train/attack/digital_2/iphone15pro/portugal-NF-1041.jpg,35d8448e2ab0463c70f131fc8ab90993d1464f4e75e34cdee26b22ec725079d3,"(2851, 1806)","(404, 256)",0.968014121055603,0.992490291595459,0.024476170539855957,0.2530728578567505,0.12257429212331772,0.13049856573343277
portugal-NF-1041,scan,digital_1_vs_bonafide,digital_1,bonafide,train/attack/digital_1/scan/portugal-NF-1041.jpg,b95bc7f3fab7589bbacfcef0509d2d20b638edfb731206557798c891b80c445b,train/bonafide/scan/portugal-NF-1041.jpg,4e79921493dc4e0868bc5872775d44b4cc3ec145b32f663ea37754fd81b44548,"(1998, 1246)","(410, 256)",0.9829715490341187,0.9970272183418274,0.01405566930770874,0.1845715045928955,0.07717690616846085,0.10739459842443466
portugal-NF-1041,scan,digital_2_vs_bonafide,digital_2,bonafide,train/attack/digital_2/scan/portugal-NF-1041.jpg,ba5aafbec4f08e95e8e6fee4a9412a0ae41cfc4aa6dd63ca8d0f84e41dadb2e5,train/bonafide/scan/portugal-NF-1041.jpg,4e79921493dc4e0868bc5872775d44b4cc3ec145b32f663ea37754fd81b44548,"(1998, 1246)","(410, 256)",0.987354040145874,0.9978265762329102,0.010472536087036133,0.15959271788597107,0.06641708314418793,0.09317563474178314
portugal-NF-1041,scan,digital_1_vs_digital_2,digital_1,digital_2,train/attack/digital_1/scan/portugal-NF-1041.jpg,b95bc7f3fab7589bbacfcef0509d2d20b638edfb731206557798c891b80c445b,train/attack/digital_2/scan/portugal-NF-1041.jpg,ba5aafbec4f08e95e8e6fee4a9412a0ae41cfc4aa6dd63ca8d0f84e41dadb2e5,"(1998, 1246)","(410, 256)",0.975088357925415,0.9951657652854919,0.020077407360076904,0.22381378710269928,0.09897118806838989,0.12484259903430939
portugal-NF-1083,huawei,digital_1_vs_bonafide,digital_1,bonafide,train/attack/digital_1/huawei/portugal-NF-1083.jpg,f9fad3a960b05dce313cc45c3309a8edd3845a468114c85cdbef9128abc751d7,train/bonafide/huawei/portugal-NF-1083.jpg,4c6883228f760bbdbe27a79d7e7fe9687d210e4c6df8216c37203897f1b03be9,"(3035, 1886)","(411, 256)",0.9691113233566284,0.9946454763412476,0.02553415298461914,0.24862627685070038,0.10366856306791306,0.14495771378278732
portugal-NF-1083,huawei,digital_2_vs_bonafide,digital_2,bonafide,train/attack/digital_2/huawei/portugal-NF-1083.jpg,3daa94e6fe021af675a9f196a68c9fe5bfcb242322070771a9f7b528c0967bb5,train/bonafide/huawei/portugal-NF-1083.jpg,4c6883228f760bbdbe27a79d7e7fe9687d210e4c6df8216c37203897f1b03be9,"(3035, 1886)","(411, 256)",0.9921272397041321,0.9983803033828735,0.006253063678741455,0.1263657659292221,0.05956980958580971,0.0667959563434124
portugal-NF-1083,huawei,digital_1_vs_digital_2,digital_1,digital_2,train/attack/digital_1/huawei/portugal-NF-1083.jpg,f9fad3a960b05dce313cc45c3309a8edd3845a468114c85cdbef9128abc751d7,train/attack/digital_2/huawei/portugal-NF-1083.jpg,3daa94e6fe021af675a9f196a68c9fe5bfcb242322070771a9f7b528c0967bb5,"(3035, 1886)","(411, 256)",0.965125560760498,0.9933870434761047,0.02826148271560669,0.2649306356906891,0.11556561291217804,0.14936502277851105
portugal-NF-1083,iphone15pro,digital_1_vs_bonafide,digital_1,bonafide,train/attack/digital_1/iphone15pro/portugal-NF-1083.jpg,807c88cb5cd92dbaf1901e1e4c4f9cb3b23f563ca17a610926c106f6f764e3df,train/bonafide/iphone15pro/portugal-NF-1083.jpg,c288b53274e29ee99e2eba63a33935efb0ebed53e071815f4e5d23a0b6062d2e,"(2634, 1617)","(417, 256)",0.9606224894523621,0.9918164014816284,0.031193912029266357,0.28387436270713806,0.1322532445192337,0.15162111818790436
portugal-NF-1083,iphone15pro,digital_2_vs_bonafide,digital_2,bonafide,train/attack/digital_2/iphone15pro/portugal-NF-1083.jpg,0de3f993aea2542f6bc6163eb4eb859bdf10d5657c17e2cab281762bc81e0551,train/bonafide/iphone15pro/portugal-NF-1083.jpg,c288b53274e29ee99e2eba63a33935efb0ebed53e071815f4e5d23a0b6062d2e,"(2634, 1617)","(417, 256)",0.9660477638244629,0.9918981790542603,0.025850415229797363,0.2611069679260254,0.12752211093902588,0.1335848569869995
portugal-NF-1083,iphone15pro,digital_1_vs_digital_2,digital_1,digital_2,train/attack/digital_1/iphone15pro/portugal-NF-1083.jpg,807c88cb5cd92dbaf1901e1e4c4f9cb3b23f563ca17a610926c106f6f764e3df,train/attack/digital_2/iphone15pro/portugal-NF-1083.jpg,0de3f993aea2542f6bc6163eb4eb859bdf10d5657c17e2cab281762bc81e0551,"(2634, 1617)","(417, 256)",0.9474021196365356,0.9882899522781372,0.04088783264160156,0.32539695501327515,0.15520599484443665,0.1701909601688385
portugal-NF-1083,scan,digital_1_vs_bonafide,digital_1,bonafide,train/attack/digital_1/scan/portugal-NF-1083.jpg,b072d0dae3d1b3cb0d6fbcc8e4d61c38955e2bbe9d4b058ee3f540d25a330469,train/bonafide/scan/portugal-NF-1083.jpg,f90c49b15c1d953896ef0d1184c609e94b2a4e012e1a3685bf09b936b5e3be19,"(1995, 1246)","(409, 256)",0.970522403717041,0.9944290518760681,0.0239066481590271,0.24345016479492188,0.10665109753608704,0.13679906725883484
portugal-NF-1083,scan,digital_2_vs_bonafide,digital_2,bonafide,train/attack/digital_2/scan/portugal-NF-1083.jpg,94251c15bb4201d2d6e44c167b5c4551d94fac20d3e85408a804b34cf50bd818,train/bonafide/scan/portugal-NF-1083.jpg,f90c49b15c1d953896ef0d1184c609e94b2a4e012e1a3685bf09b936b5e3be19,"(1995, 1246)","(409, 256)",0.9751993417739868,0.9945666790008545,0.019367337226867676,0.22289599478244781,0.10480662435293198,0.11808937042951584
portugal-NF-1083,scan,digital_1_vs_digital_2,digital_1,digital_2,train/attack/digital_1/scan/portugal-NF-1083.jpg,b072d0dae3d1b3cb0d6fbcc8e4d61c38955e2bbe9d4b058ee3f540d25a330469,train/attack/digital_2/scan/portugal-NF-1083.jpg,94251c15bb4201d2d6e44c167b5c4551d94fac20d3e85408a804b34cf50bd818,"(1995, 1246)","(409, 256)",0.9606393575668335,0.9916150569915771,0.030975699424743652,0.2818348705768585,0.1320992112159729,0.14973565936088562
portugal-NF-1086,huawei,digital_1_vs_bonafide,digital_1,bonafide,train/attack/digital_1/huawei/portugal-NF-1086.jpg,64b4290d4ead74cb71b379703c140f7a8168a96727bcecd57b8c40c7b2c72831,train/bonafide/huawei/portugal-NF-1086.jpg,ba6aecd16a92765371b3718b140c1cfff7a7bba0be077342981eb5df3a41bff7,"(3202, 1965)","(417, 256)",0.9713732004165649,0.9941854476928711,0.022812247276306152,0.2419610172510147,0.1115460991859436,0.1304149180650711
portugal-NF-1086,huawei,digital_2_vs_bonafide,digital_2,bonafide,train/attack/digital_2/huawei/portugal-NF-1086.jpg,98d6df5d2b0b2794a29464eedbc034b6028c20ca2515048ac3020d8370f89a36,train/bonafide/huawei/portugal-NF-1086.jpg,ba6aecd16a92765371b3718b140c1cfff7a7bba0be077342981eb5df3a41bff7,"(3202, 1965)","(417, 256)",0.9876914024353027,0.9975911378860474,0.009899735450744629,0.1571192890405655,0.06960892677307129,0.0875103622674942
portugal-NF-1086,huawei,digital_1_vs_digital_2,digital_1,digital_2,train/attack/digital_1/huawei/portugal-NF-1086.jpg,64b4290d4ead74cb71b379703c140f7a8168a96727bcecd57b8c40c7b2c72831,train/attack/digital_2/huawei/portugal-NF-1086.jpg,98d6df5d2b0b2794a29464eedbc034b6028c20ca2515048ac3020d8370f89a36,"(3202, 1965)","(417, 256)",0.974877119064331,0.9946780800819397,0.019800961017608643,0.22585853934288025,0.10575628280639648,0.12010225653648376
portugal-NF-1086,iphone15pro,digital_1_vs_bonafide,digital_1,bonafide,train/attack/digital_1/iphone15pro/portugal-NF-1086.jpg,9a36cc768720569688d452a06e73871f2355a25cada6ea00d4a4fa4165356fdf,train/bonafide/iphone15pro/portugal-NF-1086.jpg,0ac3d2bd12feb6e5fffd85423743c409c80fd0f6fd494b8410617dd91062e94d,"(2855, 1780)","(410, 256)",0.9777165055274963,0.9958141446113586,0.018097639083862305,0.21270520985126495,0.09487409889698029,0.11783111095428467
portugal-NF-1086,iphone15pro,digital_2_vs_bonafide,digital_2,bonafide,train/attack/digital_2/iphone15pro/portugal-NF-1086.jpg,04e101829a33eddc16578121deb163741aea650ebc86063299a87172389da989,train/bonafide/iphone15pro/portugal-NF-1086.jpg,0ac3d2bd12feb6e5fffd85423743c409c80fd0f6fd494b8410617dd91062e94d,"(2855, 1780)","(410, 256)",0.9842422008514404,0.9968745708465576,0.012632369995117188,0.1779467761516571,0.07952907681465149,0.09841769933700562
portugal-NF-1086,iphone15pro,digital_1_vs_digital_2,digital_1,digital_2,train/attack/digital_1/iphone15pro/portugal-NF-1086.jpg,9a36cc768720569688d452a06e73871f2355a25cada6ea00d4a4fa4165356fdf,train/attack/digital_2/iphone15pro/portugal-NF-1086.jpg,04e101829a33eddc16578121deb163741aea650ebc86063299a87172389da989,"(2855, 1780)","(410, 256)",0.978054404258728,0.9960213899612427,0.01796698570251465,0.21295933425426483,0.09535166621208191,0.11760766804218292
portugal-NF-1086,scan,digital_1_vs_bonafide,digital_1,bonafide,train/attack/digital_1/scan/portugal-NF-1086.jpg,e5d36dcfa007be49e43eebd6c88b560f67e68635e45080b23f940227545313b2,train/bonafide/scan/portugal-NF-1086.jpg,0fa704429654a189d9d9a6d2c757acdebc5d674211c9f3eaa8792d2df6cda69c,"(1993, 1249)","(408, 256)",0.9797419309616089,0.9953399896621704,0.015598058700561523,0.20217716693878174,0.09703328460454941,0.10514388233423233
portugal-NF-1086,scan,digital_2_vs_bonafide,digital_2,bonafide,train/attack/digital_2/scan/portugal-NF-1086.jpg,88e5150954d188353db65f8bb75730c0eb96c2724e67f1c3a7b68c18aad71273,train/bonafide/scan/portugal-NF-1086.jpg,0fa704429654a189d9d9a6d2c757acdebc5d674211c9f3eaa8792d2df6cda69c,"(1993, 1249)","(408, 256)",0.9830636382102966,0.9960501194000244,0.012986481189727783,0.18424272537231445,0.08971516042947769,0.09452756494283676
portugal-NF-1086,scan,digital_1_vs_digital_2,digital_1,digital_2,train/attack/digital_1/scan/portugal-NF-1086.jpg,e5d36dcfa007be49e43eebd6c88b560f67e68635e45080b23f940227545313b2,train/attack/digital_2/scan/portugal-NF-1086.jpg,88e5150954d188353db65f8bb75730c0eb96c2724e67f1c3a7b68c18aad71273,"(1993, 1249)","(408, 256)",0.9789090156555176,0.9953300952911377,0.016421079635620117,0.207210972905159,0.09910766035318375,0.10810331255197525
portugal-NF-1105,huawei,digital_1_vs_bonafide,digital_1,bonafide,train/attack/digital_1/huawei/portugal-NF-1105.jpg,8b5d1be1be21f72b1eebd1ba5a5964dbbb2fce53f8bc828046584cf9713c595d,train/bonafide/huawei/portugal-NF-1105.jpg,e954a5c7366b462c986e7417cf1df07ea84d9330c74f9a250a811fca0b2fa4d7,"(3222, 1993)","(413, 256)",0.973322868347168,0.9946264028549194,0.021303534507751465,0.2309977263212204,0.10367144644260406,0.12732627987861633
portugal-NF-1105,huawei,digital_2_vs_bonafide,digital_2,bonafide,train/attack/digital_2/huawei/portugal-NF-1105.jpg,5606570a8aef997c5b596a45e8e6dfddd99dee1e9af243b0e78552d3c52517f6,train/bonafide/huawei/portugal-NF-1105.jpg,e954a5c7366b462c986e7417cf1df07ea84d9330c74f9a250a811fca0b2fa4d7,"(3222, 1993)","(413, 256)",0.9797776937484741,0.9957553148269653,0.01597762107849121,0.20252445340156555,0.09424442797899246,0.10828002542257309
portugal-NF-1105,huawei,digital_1_vs_digital_2,digital_1,digital_2,train/attack/digital_1/huawei/portugal-NF-1105.jpg,8b5d1be1be21f72b1eebd1ba5a5964dbbb2fce53f8bc828046584cf9713c595d,train/attack/digital_2/huawei/portugal-NF-1105.jpg,5606570a8aef997c5b596a45e8e6dfddd99dee1e9af243b0e78552d3c52517f6,"(3222, 1993)","(413, 256)",0.9704288840293884,0.9940330982208252,0.023604214191436768,0.24459730088710785,0.11090370267629623,0.13369359821081161
portugal-NF-1105,iphone15pro,digital_1_vs_bonafide,digital_1,bonafide,train/attack/digital_1/iphone15pro/portugal-NF-1105.jpg,84b0258962321ffd1e8736af63fca1ce2a09658dd8b724e5f4e9c55e43f416c8,train/bonafide/iphone15pro/portugal-NF-1105.jpg,e23edff80aac60200b069e484e452595c5c80404f74d5db4ce519fd4c7365e1a,"(2850, 1802)","(404, 256)",0.972022294998169,0.9943432807922363,0.022320985794067383,0.23743443191051483,0.10761110484600067,0.12982332706451416
portugal-NF-1105,iphone15pro,digital_2_vs_bonafide,digital_2,bonafide,train/attack/digital_2/iphone15pro/portugal-NF-1105.jpg,d4e2aca316dab3c7d7cff823b262d733675a14c63e29e39297c1fcd9f7b1b26e,train/bonafide/iphone15pro/portugal-NF-1105.jpg,e23edff80aac60200b069e484e452595c5c80404f74d5db4ce519fd4c7365e1a,"(2850, 1802)","(404, 256)",0.9770997762680054,0.9953601956367493,0.018260419368743896,0.21484053134918213,0.09785596281290054,0.11698456853628159
portugal-NF-1105,iphone15pro,digital_1_vs_digital_2,digital_1,digital_2,train/attack/digital_1/iphone15pro/portugal-NF-1105.jpg,84b0258962321ffd1e8736af63fca1ce2a09658dd8b724e5f4e9c55e43f416c8,train/attack/digital_2/iphone15pro/portugal-NF-1105.jpg,d4e2aca316dab3c7d7cff823b262d733675a14c63e29e39297c1fcd9f7b1b26e,"(2850, 1802)","(404, 256)",0.9740398526191711,0.9943569898605347,0.020317137241363525,0.22786614298820496,0.10623925179243088,0.12162689119577408
portugal-NF-1105,scan,digital_1_vs_bonafide,digital_1,bonafide,train/attack/digital_1/scan/portugal-NF-1105.jpg,bde4b4a2147da093097bfab93be1e5c44405d5868b700d5e3f58c01eaa55de8d,train/bonafide/scan/portugal-NF-1105.jpg,34d20bcdeffac26a90e785e3c25a9b169bbc572c75fcf85c74c3a42fa38fd17d,"(1995, 1253)","(407, 256)",0.977472186088562,0.9956785440444946,0.018206357955932617,0.21359115839004517,0.09585742652416229,0.11773373186588287
portugal-NF-1105,scan,digital_2_vs_bonafide,digital_2,bonafide,train/attack/digital_2/scan/portugal-NF-1105.jpg,53dc92fea7759b025f57cff74bf2f73c2237cb06cb492a60de2b0e32c91706b5,train/bonafide/scan/portugal-NF-1105.jpg,34d20bcdeffac26a90e785e3c25a9b169bbc572c75fcf85c74c3a42fa38fd17d,"(1995, 1253)","(407, 256)",0.9866085052490234,0.9976547956466675,0.011046290397644043,0.16427770256996155,0.0692175030708313,0.09506019949913025
portugal-NF-1105,scan,digital_1_vs_digital_2,digital_1,digital_2,train/attack/digital_1/scan/portugal-NF-1105.jpg,bde4b4a2147da093097bfab93be1e5c44405d5868b700d5e3f58c01eaa55de8d,train/attack/digital_2/scan/portugal-NF-1105.jpg,53dc92fea7759b025f57cff74bf2f73c2237cb06cb492a60de2b0e32c91706b5,"(1995, 1253)","(407, 256)",0.9722660183906555,0.9949561357498169,0.022690117359161377,0.23570826649665833,0.10131736099720001,0.1343909054994583
portugal-NF-1107,huawei,digital_1_vs_bonafide,digital_1,bonafide,train/attack/digital_1/huawei/portugal-NF-1107.jpg,9c620680923a2f5e2dbd3702aa333a527708f5755d0f95e538ee6fec87efe75c,train/bonafide/huawei/portugal-NF-1107.jpg,e4b53843e20bb0248d435044207af5bd6b29d318b6f88addae90ab868b333040,"(3201, 1969)","(416, 256)",0.9751408100128174,0.9944878816604614,0.019347071647644043,0.22370752692222595,0.10701052099466324,0.11669700592756271
portugal-NF-1107,huawei,digital_2_vs_bonafide,digital_2,bonafide,train/attack/digital_2/huawei/portugal-NF-1107.jpg,076f3a596b634ba6dedae49b7ba5d13ecc232de08a6ebcf91d6ec11bbc343fea,train/bonafide/huawei/portugal-NF-1107.jpg,e4b53843e20bb0248d435044207af5bd6b29d318b6f88addae90ab868b333040,"(3201, 1969)","(416, 256)",0.9790107011795044,0.9956256747245789,0.016614973545074463,0.20528867840766907,0.09375396370887756,0.1115347146987915
portugal-NF-1107,huawei,digital_1_vs_digital_2,digital_1,digital_2,train/attack/digital_1/huawei/portugal-NF-1107.jpg,9c620680923a2f5e2dbd3702aa333a527708f5755d0f95e538ee6fec87efe75c,train/attack/digital_2/huawei/portugal-NF-1107.jpg,076f3a596b634ba6dedae49b7ba5d13ecc232de08a6ebcf91d6ec11bbc343fea,"(3201, 1969)","(416, 256)",0.972602128982544,0.9950610399246216,0.022458910942077637,0.23611260950565338,0.10301488637924194,0.13309772312641144
portugal-NF-1107,iphone15pro,digital_1_vs_bonafide,digital_1,bonafide,train/attack/digital_1/iphone15pro/portugal-NF-1107.jpg,2b1d7249d28fa8a953c1dde35219f81bc4011fb5734c8a724a17d7b0f5d87bd2,train/bonafide/iphone15pro/portugal-NF-1107.jpg,cd4110c86c1ce29e20d46be06ed8e2cf610fa52f43b47f2aebd9a8592fb6d1b8,"(2842, 1803)","(403, 256)",0.9645830988883972,0.9905369281768799,0.025953829288482666,0.2669934928417206,0.1382094919681549,0.12878400087356567
portugal-NF-1107,iphone15pro,digital_2_vs_bonafide,digital_2,bonafide,train/attack/digital_2/iphone15pro/portugal-NF-1107.jpg,f6e9c63ac2cedfcd6da119d976ed0797565ec2cb93a0eb3119522554b2c940c1,train/bonafide/iphone15pro/portugal-NF-1107.jpg,cd4110c86c1ce29e20d46be06ed8e2cf610fa52f43b47f2aebd9a8592fb6d1b8,"(2842, 1803)","(403, 256)",0.9724664092063904,0.9945459365844727,0.022079527378082275,0.2346893697977066,0.10486631095409393,0.12982305884361267
portugal-NF-1107,iphone15pro,digital_1_vs_digital_2,digital_1,digital_2,train/attack/digital_1/iphone15pro/portugal-NF-1107.jpg,2b1d7249d28fa8a953c1dde35219f81bc4011fb5734c8a724a17d7b0f5d87bd2,train/attack/digital_2/iphone15pro/portugal-NF-1107.jpg,f6e9c63ac2cedfcd6da119d976ed0797565ec2cb93a0eb3119522554b2c940c1,"(2842, 1803)","(403, 256)",0.9653629064559937,0.9923582673072815,0.026995360851287842,0.2638019621372223,0.12569087743759155,0.13811108469963074
portugal-NF-1107,scan,digital_1_vs_bonafide,digital_1,bonafide,train/attack/digital_1/scan/portugal-NF-1107.jpg,46f1eb2507959719e412f8d8ad8cbab6bff17fa628c4758abe7bb4032f6b2f45,train/bonafide/scan/portugal-NF-1107.jpg,5a79c3e86ae441fa1f1e6bf74dc7a641e70259833c8e2d25d1502c1a13a45eb7,"(1998, 1244)","(411, 256)",0.9570842981338501,0.9902619123458862,0.03317761421203613,0.2931588292121887,0.14017583429813385,0.15298299491405487
portugal-NF-1107,scan,digital_2_vs_bonafide,digital_2,bonafide,train/attack/digital_2/scan/portugal-NF-1107.jpg,7aebc1df5e82923c5bce209b02df63928c4d711bd651ea3eaed87ab043c8e2ec,train/bonafide/scan/portugal-NF-1107.jpg,5a79c3e86ae441fa1f1e6bf74dc7a641e70259833c8e2d25d1502c1a13a45eb7,"(1998, 1244)","(411, 256)",0.9669456481933594,0.993464469909668,0.026518821716308594,0.25894519686698914,0.11588209122419357,0.14306310564279556
portugal-NF-1107,scan,digital_1_vs_digital_2,digital_1,digital_2,train/attack/digital_1/scan/portugal-NF-1107.jpg,46f1eb2507959719e412f8d8ad8cbab6bff17fa628c4758abe7bb4032f6b2f45,train/attack/digital_2/scan/portugal-NF-1107.jpg,7aebc1df5e82923c5bce209b02df63928c4d711bd651ea3eaed87ab043c8e2ec,"(1998, 1244)","(411, 256)",0.951697587966919,0.9906821250915527,0.03898453712463379,0.3114633560180664,0.1366337090730667,0.1748296469449997
portugal-NM-1091,huawei,digital_1_vs_bonafide,digital_1,bonafide,train/attack/digital_1/huawei/portugal-NM-1091.jpg,e57e5c9444d0abfc60752a54b5387d02be191c73a09bd400ca6dbdf992c7f4ad,train/bonafide/huawei/portugal-NM-1091.jpg,30f98cf7140ef7f913f77fe9b87825a287d9a07cb0006bcb89a3a094e39828cb,"(3209, 1973)","(416, 256)",0.9404784440994263,0.9821363687515259,0.04165792465209961,0.3450450003147125,0.18910880386829376,0.15593619644641876
portugal-NM-1091,huawei,digital_2_vs_bonafide,digital_2,bonafide,train/attack/digital_2/huawei/portugal-NM-1091.jpg,f176848d80da82f39d6373eed6ecb416c61f96d8daa2a030f66667d0e28244c5,train/bonafide/huawei/portugal-NM-1091.jpg,30f98cf7140ef7f913f77fe9b87825a287d9a07cb0006bcb89a3a094e39828cb,"(3209, 1973)","(416, 256)",0.9808704257011414,0.9954380393028259,0.01456761360168457,0.19633625447750092,0.09566929936408997,0.10066695511341095
portugal-NM-1091,huawei,digital_1_vs_digital_2,digital_1,digital_2,train/attack/digital_1/huawei/portugal-NM-1091.jpg,e57e5c9444d0abfc60752a54b5387d02be191c73a09bd400ca6dbdf992c7f4ad,train/attack/digital_2/huawei/portugal-NM-1091.jpg,f176848d80da82f39d6373eed6ecb416c61f96d8daa2a030f66667d0e28244c5,"(3209, 1973)","(416, 256)",0.9601681232452393,0.9892274141311646,0.029059290885925293,0.2825588285923004,0.14721348881721497,0.13534533977508545
portugal-NM-1091,iphone15pro,digital_1_vs_bonafide,digital_1,bonafide,train/attack/digital_1/iphone15pro/portugal-NM-1091.jpg,b570803a4542030e1aac20cf79a4f7d0aa2faa5b3af0faad25709bc494d0183c,train/bonafide/iphone15pro/portugal-NM-1091.jpg,cc4a1e9ce9d236f5b95fa01ab28e4ec5277360ee8654b79114e785ce23083038,"(2835, 1794)","(404, 256)",0.9446768760681152,0.9867515563964844,0.04207468032836914,0.3332057595252991,0.16379757225513458,0.1694081872701645
portugal-NM-1091,iphone15pro,digital_2_vs_bonafide,digital_2,bonafide,train/attack/digital_2/iphone15pro/portugal-NM-1091.jpg,007bf834ca40381d3dfca676190cfdce114a16c76808787a726fa22218a10f1a,train/bonafide/iphone15pro/portugal-NM-1091.jpg,cc4a1e9ce9d236f5b95fa01ab28e4ec5277360ee8654b79114e785ce23083038,"(2835, 1794)","(404, 256)",0.9750069975852966,0.995448887348175,0.020441889762878418,0.22384808957576752,0.09556984156370163,0.1282782480120659
portugal-NM-1091,iphone15pro,digital_1_vs_digital_2,digital_1,digital_2,train/attack/digital_1/iphone15pro/portugal-NM-1091.jpg,b570803a4542030e1aac20cf79a4f7d0aa2faa5b3af0faad25709bc494d0183c,train/attack/digital_2/iphone15pro/portugal-NM-1091.jpg,007bf834ca40381d3dfca676190cfdce114a16c76808787a726fa22218a10f1a,"(2835, 1794)","(404, 256)",0.9702069759368896,0.9933510422706604,0.023144066333770752,0.24425403773784637,0.11601131409406662,0.12824272364377975
portugal-NM-1091,scan,digital_1_vs_bonafide,digital_1,bonafide,train/attack/digital_1/scan/portugal-NM-1091.jpg,d179a3c54f68837ced1ed7cc41f97ef588531d9715f17bb1eccd7ba50d2a0f53,train/bonafide/scan/portugal-NM-1091.jpg,08295ebaad5b77948c43da4950b8a0048a45ca5af7cdd3872ff5b8721a6cb416,"(1993, 1248)","(408, 256)",0.9495946764945984,0.986964225769043,0.03736954927444458,0.3192419707775116,0.16258151829242706,0.15666045248508453
portugal-NM-1091,scan,digital_2_vs_bonafide,digital_2,bonafide,train/attack/digital_2/scan/portugal-NM-1091.jpg,246aec1556a34f1eb284d2f9dcc43b864b7f84990786c277819d2694968c930b,train/bonafide/scan/portugal-NM-1091.jpg,08295ebaad5b77948c43da4950b8a0048a45ca5af7cdd3872ff5b8721a6cb416,"(1993, 1248)","(408, 256)",0.9683106541633606,0.9931656122207642,0.024854958057403564,0.25175896286964417,0.11745168268680573,0.13430728018283844
portugal-NM-1091,scan,digital_1_vs_digital_2,digital_1,digital_2,train/attack/digital_1/scan/portugal-NM-1091.jpg,d179a3c54f68837ced1ed7cc41f97ef588531d9715f17bb1eccd7ba50d2a0f53,train/attack/digital_2/scan/portugal-NM-1091.jpg,246aec1556a34f1eb284d2f9dcc43b864b7f84990786c277819d2694968c930b,"(1993, 1248)","(408, 256)",0.9735260605812073,0.9948209524154663,0.021294891834259033,0.23224502801895142,0.10617943108081818,0.12606559693813324
portugal-NM-1102,huawei,digital_1_vs_bonafide,digital_1,bonafide,train/attack/digital_1/huawei/portugal-NM-1102.jpg,f9edfa02d7a034f6757da3c22875adbc61d43cb52b024cd6fc41368fc8229a7e,train/bonafide/huawei/portugal-NM-1102.jpg,b2e80e84ff87a346d35183f5593fe5968fdaa30e2e5f25eb3c3c5c6285c0b6dc,"(3221, 2004)","(411, 256)",0.9760799407958984,0.9945510625839233,0.018471121788024902,0.21882638335227966,0.10465563088655472,0.11417075246572495
portugal-NM-1102,huawei,digital_2_vs_bonafide,digital_2,bonafide,train/attack/digital_2/huawei/portugal-NM-1102.jpg,7658da5356b66e69195cc6c98e08d93e46dfda8098ced93ddde93d2038aa2773,train/bonafide/huawei/portugal-NM-1102.jpg,b2e80e84ff87a346d35183f5593fe5968fdaa30e2e5f25eb3c3c5c6285c0b6dc,"(3221, 2004)","(411, 256)",0.9852901697158813,0.9972645044326782,0.011974334716796875,0.1718769371509552,0.07559210062026978,0.09628483653068542
portugal-NM-1102,huawei,digital_1_vs_digital_2,digital_1,digital_2,train/attack/digital_1/huawei/portugal-NM-1102.jpg,f9edfa02d7a034f6757da3c22875adbc61d43cb52b024cd6fc41368fc8229a7e,train/attack/digital_2/huawei/portugal-NM-1102.jpg,7658da5356b66e69195cc6c98e08d93e46dfda8098ced93ddde93d2038aa2773,"(3221, 2004)","(411, 256)",0.979193925857544,0.996046781539917,0.016852855682373047,0.2040366530418396,0.08929232507944107,0.11474432796239853
portugal-NM-1102,iphone15pro,digital_1_vs_bonafide,digital_1,bonafide,train/attack/digital_1/iphone15pro/portugal-NM-1102.jpg,17608913d227d7322abac9cc10e6415f5d77b6fe1e36763f2a31e0488adb4dcc,train/bonafide/iphone15pro/portugal-NM-1102.jpg,672a2f6424eadaed9da32e3d8083c91da33f85321539e785b08f20cecc8d3e1c,"(2842, 1801)","(403, 256)",0.9749167561531067,0.9948487281799316,0.01993197202682495,0.22784799337387085,0.11043860018253326,0.11740939319133759
portugal-NM-1102,iphone15pro,digital_2_vs_bonafide,digital_2,bonafide,train/attack/digital_2/iphone15pro/portugal-NM-1102.jpg,31bb651bfe18572299d8f0b9c4981c7b14b8a75839103df7f18bb53d8ca08480,train/bonafide/iphone15pro/portugal-NM-1102.jpg,672a2f6424eadaed9da32e3d8083c91da33f85321539e785b08f20cecc8d3e1c,"(2842, 1801)","(403, 256)",0.9768104553222656,0.9948285222053528,0.018018066883087158,0.215789332985878,0.10200855880975723,0.11378077417612076
portugal-NM-1102,iphone15pro,digital_1_vs_digital_2,digital_1,digital_2,train/attack/digital_1/iphone15pro/portugal-NM-1102.jpg,17608913d227d7322abac9cc10e6415f5d77b6fe1e36763f2a31e0488adb4dcc,train/attack/digital_2/iphone15pro/portugal-NM-1102.jpg,31bb651bfe18572299d8f0b9c4981c7b14b8a75839103df7f18bb53d8ca08480,"(2842, 1801)","(403, 256)",0.9781696200370789,0.9959713220596313,0.01780170202255249,0.2161901444196701,0.10346334427595139,0.11272680014371872
portugal-NM-1102,scan,digital_1_vs_bonafide,digital_1,bonafide,train/attack/digital_1/scan/portugal-NM-1102.jpg,1149ea7dd3a51645b5794a64acdf31de83e3a479ba4234b616ecd42859a61a25,train/bonafide/scan/portugal-NM-1102.jpg,ee021bed4adce8d64ba71a98e0f3607c0198a0f823442f84bd3d6085ce6cbaf2,"(1991, 1250)","(407, 256)",0.9697979688644409,0.9930956959724426,0.02329772710800171,0.2458660900592804,0.1176307424902916,0.1282353475689888
portugal-NM-1102,scan,digital_2_vs_bonafide,digital_2,bonafide,train/attack/digital_2/scan/portugal-NM-1102.jpg,8139502c8ae81584eccb9be1540a42f41fd73721f5abca7d9f9dfc522d26437d,train/bonafide/scan/portugal-NM-1102.jpg,ee021bed4adce8d64ba71a98e0f3607c0198a0f823442f84bd3d6085ce6cbaf2,"(1991, 1250)","(407, 256)",0.9609434008598328,0.9910731315612793,0.030129730701446533,0.279922217130661,0.13426260650157928,0.14565961062908173
portugal-NM-1102,scan,digital_1_vs_digital_2,digital_1,digital_2,train/attack/digital_1/scan/portugal-NM-1102.jpg,1149ea7dd3a51645b5794a64acdf31de83e3a479ba4234b616ecd42859a61a25,train/attack/digital_2/scan/portugal-NM-1102.jpg,8139502c8ae81584eccb9be1540a42f41fd73721f5abca7d9f9dfc522d26437d,"(1991, 1250)","(407, 256)",0.9770089983940125,0.9953715205192566,0.01836252212524414,0.21461664140224457,0.09653191268444061,0.11808472871780396
russian-002_03,huawei,digital_1_vs_bonafide,digital_1,bonafide,train/attack/digital_1/huawei/russian-002_03.jpg,2b38faa8cb49b2ddba15db8d31239376613239726e95af7a7d843c425a2065d7,train/bonafide/huawei/russian-002_03.jpg,a9baa43b7f9053ca2aa017badd43eecbcfd1e604d35404f0ec29251b6248665b,"(3189, 1968)","(414, 256)",0.9832218885421753,0.9962305426597595,0.013008654117584229,0.18364784121513367,0.08682925999164581,0.09681858122348785
russian-002_03,huawei,digital_2_vs_bonafide,digital_2,bonafide,train/attack/digital_2/huawei/russian-002_03.jpg,7a326a4aaf4326ed20996d938bacf5bb2f97eadcd813bbbc385f726a0fc309f4,train/bonafide/huawei/russian-002_03.jpg,a9baa43b7f9053ca2aa017badd43eecbcfd1e604d35404f0ec29251b6248665b,"(3189, 1968)","(414, 256)",0.9908007383346558,0.9984371662139893,0.007636427879333496,0.13637900352478027,0.05767275393009186,0.07870624959468842
russian-002_03,huawei,digital_1_vs_digital_2,digital_1,digital_2,train/attack/digital_1/huawei/russian-002_03.jpg,2b38faa8cb49b2ddba15db8d31239376613239726e95af7a7d843c425a2065d7,train/attack/digital_2/huawei/russian-002_03.jpg,7a326a4aaf4326ed20996d938bacf5bb2f97eadcd813bbbc385f726a0fc309f4,"(3189, 1968)","(414, 256)",0.9870857000350952,0.9973223209381104,0.010236620903015137,0.16300109028816223,0.07442761212587357,0.08857347816228867
russian-002_03,iphone15pro,digital_1_vs_bonafide,digital_1,bonafide,train/attack/digital_1/iphone15pro/russian-002_03.jpg,0d67a86494e3d4cce4f124980b0f17754ea1846d02296ebcf9a9d9c039520a2c,train/bonafide/iphone15pro/russian-002_03.jpg,f86ef3d5960d29105821a2d2aa1eca9d9efd4ce0eb1bbdb2b3707759d35d02ee,"(2832, 1802)","(402, 256)",0.9763548374176025,0.995611310005188,0.01925647258758545,0.21751852333545685,0.09414394944906235,0.1233745738863945
russian-002_03,iphone15pro,digital_2_vs_bonafide,digital_2,bonafide,train/attack/digital_2/iphone15pro/russian-002_03.jpg,2559758bed45a2464237f84bf813fcc7bb874456b3aff0842490c1e6cd3739e3,train/bonafide/iphone15pro/russian-002_03.jpg,f86ef3d5960d29105821a2d2aa1eca9d9efd4ce0eb1bbdb2b3707759d35d02ee,"(2832, 1802)","(402, 256)",0.9892573952674866,0.9979530572891235,0.008695662021636963,0.14662228524684906,0.06402578204870224,0.08259650319814682
russian-002_03,iphone15pro,digital_1_vs_digital_2,digital_1,digital_2,train/attack/digital_1/iphone15pro/russian-002_03.jpg,0d67a86494e3d4cce4f124980b0f17754ea1846d02296ebcf9a9d9c039520a2c,train/attack/digital_2/iphone15pro/russian-002_03.jpg,2559758bed45a2464237f84bf813fcc7bb874456b3aff0842490c1e6cd3739e3,"(2832, 1802)","(402, 256)",0.9817965626716614,0.9964777827262878,0.014681220054626465,0.19081100821495056,0.08472751826047897,0.10608348995447159
russian-002_03,scan,digital_1_vs_bonafide,digital_1,bonafide,train/attack/digital_1/scan/russian-002_03.jpg,23fed9109663e74437f2dab8b6cc0c768aa018051a970f45ba5376ceadcdbe5b,train/bonafide/scan/russian-002_03.jpg,aca584cf6c8887880ea7a5874f589c77b92f1da8d84c28230990b65a59bb62d7,"(1993, 1249)","(408, 256)",0.9811718463897705,0.9966426491737366,0.015470802783966064,0.1944383680820465,0.08382853120565414,0.11060983687639236
russian-002_03,scan,digital_2_vs_bonafide,digital_2,bonafide,train/attack/digital_2/scan/russian-002_03.jpg,edece47360c9423bf53da98d01e5feb70cbe0ea4ef0c3d08f65d39a675c1971c,train/bonafide/scan/russian-002_03.jpg,aca584cf6c8887880ea7a5874f589c77b92f1da8d84c28230990b65a59bb62d7,"(1993, 1249)","(408, 256)",0.9853010177612305,0.9972386360168457,0.011937618255615234,0.17147202789783478,0.07438641786575317,0.0970856100320816
russian-002_03,scan,digital_1_vs_digital_2,digital_1,digital_2,train/attack/digital_1/scan/russian-002_03.jpg,23fed9109663e74437f2dab8b6cc0c768aa018051a970f45ba5376ceadcdbe5b,train/attack/digital_2/scan/russian-002_03.jpg,edece47360c9423bf53da98d01e5feb70cbe0ea4ef0c3d08f65d39a675c1971c,"(1993, 1249)","(408, 256)",0.9778857231140137,0.9951086044311523,0.017222881317138672,0.21054738759994507,0.10110138356685638,0.10944600403308868
russian-027_03,huawei,digital_1_vs_bonafide,digital_1,bonafide,train/attack/digital_1/huawei/russian-027_03.jpg,0fc55e9e74ca62b46c77748727d1579b9b13e6dbdc46b04f16ad10907a1d0251,train/bonafide/huawei/russian-027_03.jpg,d62db7b5a58f42f2cf1db45e25dda706771b8f87ca88b313de97d57164fadc87,"(3195, 1981)","(412, 256)",0.9905738234519958,0.9978982210159302,0.007324397563934326,0.13742579519748688,0.06547395139932632,0.07195184379816055
russian-027_03,huawei,digital_2_vs_bonafide,digital_2,bonafide,train/attack/digital_2/huawei/russian-027_03.jpg,3995f4560a9a298f1de1d1f22de33728968b152af15c9769c5fb62c208ff3440,train/bonafide/huawei/russian-027_03.jpg,d62db7b5a58f42f2cf1db45e25dda706771b8f87ca88b313de97d57164fadc87,"(3195, 1981)","(412, 256)",0.9924914240837097,0.9983842372894287,0.005892813205718994,0.12286746501922607,0.05755283311009407,0.065314631909132
russian-027_03,huawei,digital_1_vs_digital_2,digital_1,digital_2,train/attack/digital_1/huawei/russian-027_03.jpg,0fc55e9e74ca62b46c77748727d1579b9b13e6dbdc46b04f16ad10907a1d0251,train/attack/digital_2/huawei/russian-027_03.jpg,3995f4560a9a298f1de1d1f22de33728968b152af15c9769c5fb62c208ff3440,"(3195, 1981)","(412, 256)",0.9886501431465149,0.997464656829834,0.008814513683319092,0.15137477219104767,0.07347722351551056,0.07789754867553711
russian-027_03,iphone15pro,digital_1_vs_bonafide,digital_1,bonafide,train/attack/digital_1/iphone15pro/russian-027_03.jpg,dfde642ea92461277b77e29ac6bfc227766bb03e83a4de7958d7cd448b061fa3,train/bonafide/iphone15pro/russian-027_03.jpg,fb624929b3c1b1b75dd196b2e291031f620dcff3ae8b738f7db62c5a29dc1c29,"(2839, 1798)","(404, 256)",0.9881036877632141,0.9977819919586182,0.009678304195404053,0.15432316064834595,0.06675783544778824,0.08756532520055771
russian-027_03,iphone15pro,digital_2_vs_bonafide,digital_2,bonafide,train/attack/digital_2/iphone15pro/russian-027_03.jpg,abc25ce7b70718afbe2198a266ce061d45f9e12a270434ec19507aad100c1cd9,train/bonafide/iphone15pro/russian-027_03.jpg,fb624929b3c1b1b75dd196b2e291031f620dcff3ae8b738f7db62c5a29dc1c29,"(2839, 1798)","(404, 256)",0.9868417382240295,0.9976459741592407,0.010804235935211182,0.1622297763824463,0.06869418174028397,0.09353559464216232
russian-027_03,iphone15pro,digital_1_vs_digital_2,digital_1,digital_2,train/attack/digital_1/iphone15pro/russian-027_03.jpg,dfde642ea92461277b77e29ac6bfc227766bb03e83a4de7958d7cd448b061fa3,train/attack/digital_2/iphone15pro/russian-027_03.jpg,abc25ce7b70718afbe2198a266ce061d45f9e12a270434ec19507aad100c1cd9,"(2839, 1798)","(404, 256)",0.9887831807136536,0.9979912042617798,0.00920802354812622,0.14990681409835815,0.06386961042881012,0.08603720366954803
russian-027_03,scan,digital_1_vs_bonafide,digital_1,bonafide,train/attack/digital_1/scan/russian-027_03.jpg,64a18a4a65cb616a8747ae731bd4549cbfdacc8d458380d58b1f0870e6d7499d,train/bonafide/scan/russian-027_03.jpg,d9dec1ad015064fa6a8f2b6ff87cfe6abaebef173a192d651ecb90f24c9d774b,"(1995, 1246)","(409, 256)",0.9900404810905457,0.9977225065231323,0.00768202543258667,0.14126059412956238,0.06788545101881027,0.0733751431107521
russian-027_03,scan,digital_2_vs_bonafide,digital_2,bonafide,train/attack/digital_2/scan/russian-027_03.jpg,81baffcba720f5bb9394a47cdbf5dba870ceb6e57387051b13db7c80bc94c201,train/bonafide/scan/russian-027_03.jpg,d9dec1ad015064fa6a8f2b6ff87cfe6abaebef173a192d651ecb90f24c9d774b,"(1995, 1246)","(409, 256)",0.9889602661132812,0.9977114200592041,0.008751153945922852,0.1487850546836853,0.06802865862846375,0.08075639605522156
russian-027_03,scan,digital_1_vs_digital_2,digital_1,digital_2,train/attack/digital_1/scan/russian-027_03.jpg,64a18a4a65cb616a8747ae731bd4549cbfdacc8d458380d58b1f0870e6d7499d,train/attack/digital_2/scan/russian-027_03.jpg,81baffcba720f5bb9394a47cdbf5dba870ceb6e57387051b13db7c80bc94c201,"(1995, 1246)","(409, 256)",0.989818811416626,0.9979307651519775,0.008111953735351562,0.142706960439682,0.06433265656232834,0.07837430387735367
russian-082_03,huawei,digital_1_vs_bonafide,digital_1,bonafide,train/attack/digital_1/huawei/russian-082_03.jpg,af05b7de206a33a9a08ca80d6647d3b1bfb55aa476b86b4e58a6bbe2bdb31d5f,train/bonafide/huawei/russian-082_03.jpg,992e6174063de935913073a5953c7e36216a2f95dc72343e7eb810809fa42c91,"(3203, 1983)","(413, 256)",0.9820848703384399,0.9963429570198059,0.014258086681365967,0.1893310397863388,0.0855657160282135,0.1037653237581253
russian-082_03,huawei,digital_2_vs_bonafide,digital_2,bonafide,train/attack/digital_2/huawei/russian-082_03.jpg,fa8ebc1d1f068c31141c17b34f51f0ac4cfb46a3681c72d263209595230cfbd8,train/bonafide/huawei/russian-082_03.jpg,992e6174063de935913073a5953c7e36216a2f95dc72343e7eb810809fa42c91,"(3203, 1983)","(413, 256)",0.9835211634635925,0.9961485862731934,0.01262742280960083,0.18220460414886475,0.0902005210518837,0.09200408309698105
russian-082_03,huawei,digital_1_vs_digital_2,digital_1,digital_2,train/attack/digital_1/huawei/russian-082_03.jpg,af05b7de206a33a9a08ca80d6647d3b1bfb55aa476b86b4e58a6bbe2bdb31d5f,train/attack/digital_2/huawei/russian-082_03.jpg,fa8ebc1d1f068c31141c17b34f51f0ac4cfb46a3681c72d263209595230cfbd8,"(3203, 1983)","(413, 256)",0.9810333251953125,0.9960281252861023,0.014994800090789795,0.19510503113269806,0.09218472987413406,0.102920301258564
russian-082_03,iphone15pro,digital_1_vs_bonafide,digital_1,bonafide,train/attack/digital_1/iphone15pro/russian-082_03.jpg,0c3f2348a5383b2c4646ef04be543af2810e62d6e54ee6094d1d6dd61ce6deaf,train/bonafide/iphone15pro/russian-082_03.jpg,391cb66e0ef407bf5b26ac35e7e47fbe0af48c2bdf1c7a3ea95e09d3d9407a9b,"(2830, 1798)","(402, 256)",0.9710733294487,0.9938175678253174,0.02274423837661743,0.2405415028333664,0.11122579127550125,0.12931571155786514
russian-082_03,iphone15pro,digital_2_vs_bonafide,digital_2,bonafide,train/attack/digital_2/iphone15pro/russian-082_03.jpg,11eeae0976c5c0d577ea621759e6dd21932f90220b787111eca595d56d13345d,train/bonafide/iphone15pro/russian-082_03.jpg,391cb66e0ef407bf5b26ac35e7e47fbe0af48c2bdf1c7a3ea95e09d3d9407a9b,"(2830, 1798)","(402, 256)",0.9703424572944641,0.9930485486984253,0.02270609140396118,0.2435547113418579,0.11801467835903168,0.12554003298282623
russian-082_03,iphone15pro,digital_1_vs_digital_2,digital_1,digital_2,train/attack/digital_1/iphone15pro/russian-082_03.jpg,0c3f2348a5383b2c4646ef04be543af2810e62d6e54ee6094d1d6dd61ce6deaf,train/attack/digital_2/iphone15pro/russian-082_03.jpg,11eeae0976c5c0d577ea621759e6dd21932f90220b787111eca595d56d13345d,"(2830, 1798)","(402, 256)",0.9776347875595093,0.9957437515258789,0.01810896396636963,0.21154506504535675,0.09256795793771744,0.11897710710763931
russian-082_03,scan,digital_1_vs_bonafide,digital_1,bonafide,train/attack/digital_1/scan/russian-082_03.jpg,b4218f9ac01fd1d17979ecb9a652db35cdbbcf753140a936e59f898096c27ff6,train/bonafide/scan/russian-082_03.jpg,10e21d03ad5ef9278fb996d034074102e773011df90f5b30cba986ae1ea5c33d,"(2002, 1248)","(410, 256)",0.9782231450080872,0.9953756928443909,0.01715254783630371,0.20881351828575134,0.09691732376813889,0.11189619451761246
russian-082_03,scan,digital_2_vs_bonafide,digital_2,bonafide,train/attack/digital_2/scan/russian-082_03.jpg,557073d4e12e0b945cbba61455e307da3e607c6a8f4dc89a8b23770a5bfb6c35,train/bonafide/scan/russian-082_03.jpg,10e21d03ad5ef9278fb996d034074102e773011df90f5b30cba986ae1ea5c33d,"(2002, 1248)","(410, 256)",0.97462397813797,0.9944556951522827,0.019831717014312744,0.22544097900390625,0.10805483907461166,0.11738613992929459
russian-082_03,scan,digital_1_vs_digital_2,digital_1,digital_2,train/attack/digital_1/scan/russian-082_03.jpg,b4218f9ac01fd1d17979ecb9a652db35cdbbcf753140a936e59f898096c27ff6,train/attack/digital_2/scan/russian-082_03.jpg,557073d4e12e0b945cbba61455e307da3e607c6a8f4dc89a8b23770a5bfb6c35,"(2002, 1248)","(410, 256)",0.9861435890197754,0.9973630309104919,0.011219441890716553,0.16647762060165405,0.07364426553249359,0.09283335506916046
russian-123_03,huawei,digital_1_vs_bonafide,digital_1,bonafide,train/attack/digital_1/huawei/russian-123_03.jpg,50c75c9a5b443fcb6bf1790308bdfcb91bb18c452846d0ea796650b11078c6f0,train/bonafide/huawei/russian-123_03.jpg,778f93aa5f8d67d06debdf0f5ea0c20b07152ae936c860d7ced4031fd40e92a6,"(3213, 1974)","(416, 256)",0.9919049143791199,0.9984908699989319,0.006585955619812012,0.12724754214286804,0.05497579276561737,0.07227174937725067
russian-123_03,huawei,digital_2_vs_bonafide,digital_2,bonafide,train/attack/digital_2/huawei/russian-123_03.jpg,10af78d18ee878ebbe03e278e4d6b11e7da590ec850470ff87c49083b29a40b0,train/bonafide/huawei/russian-123_03.jpg,778f93aa5f8d67d06debdf0f5ea0c20b07152ae936c860d7ced4031fd40e92a6,"(3213, 1974)","(416, 256)",0.9915518760681152,0.9983763694763184,0.006824493408203125,0.13003331422805786,0.05699118599295616,0.0730421282351017
russian-123_03,huawei,digital_1_vs_digital_2,digital_1,digital_2,train/attack/digital_1/huawei/russian-123_03.jpg,50c75c9a5b443fcb6bf1790308bdfcb91bb18c452846d0ea796650b11078c6f0,train/attack/digital_2/huawei/russian-123_03.jpg,10af78d18ee878ebbe03e278e4d6b11e7da590ec850470ff87c49083b29a40b0,"(3213, 1974)","(416, 256)",0.9940566420555115,0.9988478422164917,0.004791200160980225,0.10913222283124924,0.048083215951919556,0.06104900687932968
russian-123_03,iphone15pro,digital_1_vs_bonafide,digital_1,bonafide,train/attack/digital_1/iphone15pro/russian-123_03.jpg,7225bc7f5bfadfcfe31613129e9812b25be406576df21e28f13ed7834901c16c,train/bonafide/iphone15pro/russian-123_03.jpg,4bfc2ae9d5a70f4cdd179c897093bbb445a9f4fe842b6503aad3a696fd8fe83b,"(2819, 1789)","(403, 256)",0.9859970808029175,0.9972521066665649,0.011255025863647461,0.16774632036685944,0.07482839375734329,0.09291792660951614
russian-123_03,iphone15pro,digital_2_vs_bonafide,digital_2,bonafide,train/attack/digital_2/iphone15pro/russian-123_03.jpg,563a2ef38f93a0473e74e3db232c8271133ac3ed1154742bae12c4a766c9e1fb,train/bonafide/iphone15pro/russian-123_03.jpg,4bfc2ae9d5a70f4cdd179c897093bbb445a9f4fe842b6503aad3a696fd8fe83b,"(2819, 1789)","(403, 256)",0.9899599552154541,0.9981424808502197,0.008182525634765625,0.14170904457569122,0.06111159175634384,0.08059745281934738
russian-123_03,iphone15pro,digital_1_vs_digital_2,digital_1,digital_2,train/attack/digital_1/iphone15pro/russian-123_03.jpg,7225bc7f5bfadfcfe31613129e9812b25be406576df21e28f13ed7834901c16c,train/attack/digital_2/iphone15pro/russian-123_03.jpg,563a2ef38f93a0473e74e3db232c8271133ac3ed1154742bae12c4a766c9e1fb,"(2819, 1789)","(403, 256)",0.9898649454116821,0.9979637861251831,0.008098840713500977,0.1429332196712494,0.06407175213098526,0.07886146754026413
russian-123_03,scan,digital_1_vs_bonafide,digital_1,bonafide,train/attack/digital_1/scan/russian-123_03.jpg,a12fed125137fa299ae41e9b3f91d6a350a30e22f2e4e9a010aab5b0878393dc,train/bonafide/scan/russian-123_03.jpg,fb4022019f5ff9ba746f11b53c3cd918b94460920b3f6c9e7eeb014efb9ed253,"(1998, 1250)","(409, 256)",0.9864319562911987,0.9976710677146912,0.011239111423492432,0.16485483944416046,0.06838208436965942,0.09647275507450104
russian-123_03,scan,digital_2_vs_bonafide,digital_2,bonafide,train/attack/digital_2/scan/russian-123_03.jpg,a1ea17790f6a3bc7f97153f7b5fd217e6820e8ec82737c209e59cb8e0b0708b9,train/bonafide/scan/russian-123_03.jpg,fb4022019f5ff9ba746f11b53c3cd918b94460920b3f6c9e7eeb014efb9ed253,"(1998, 1250)","(409, 256)",0.988903820514679,0.9976717233657837,0.008767902851104736,0.14931751787662506,0.06900826841592789,0.08030924946069717
russian-123_03,scan,digital_1_vs_digital_2,digital_1,digital_2,train/attack/digital_1/scan/russian-123_03.jpg,a12fed125137fa299ae41e9b3f91d6a350a30e22f2e4e9a010aab5b0878393dc,train/attack/digital_2/scan/russian-123_03.jpg,a1ea17790f6a3bc7f97153f7b5fd217e6820e8ec82737c209e59cb8e0b0708b9,"(1998, 1250)","(409, 256)",0.9906425476074219,0.9981624484062195,0.007519900798797607,0.13685370981693268,0.06091662496328354,0.07593708485364914
russian-140_03,huawei,digital_1_vs_bonafide,digital_1,bonafide,train/attack/digital_1/huawei/russian-140_03.jpg,26a91dc1318b97d898056e25254e0357009395c8a53575acf744a74409932cea,train/bonafide/huawei/russian-140_03.jpg,a19eb716ec1bf633687b714d6b7ac4546d57e8781966d2b2a6ae1a861a09a320,"(3086, 1890)","(417, 256)",0.9822396636009216,0.9964795708656311,0.014239907264709473,0.18873551487922668,0.0840248316526413,0.10471068322658539
russian-140_03,huawei,digital_2_vs_bonafide,digital_2,bonafide,train/attack/digital_2/huawei/russian-140_03.jpg,ce8f5b2f145f8989f017228fe212450db0787a80fa7dd5530e4af13813cfb319,train/bonafide/huawei/russian-140_03.jpg,a19eb716ec1bf633687b714d6b7ac4546d57e8781966d2b2a6ae1a861a09a320,"(3086, 1890)","(417, 256)",0.9892887473106384,0.998187243938446,0.008898496627807617,0.1468997746706009,0.06063169986009598,0.08626807481050491
russian-140_03,huawei,digital_1_vs_digital_2,digital_1,digital_2,train/attack/digital_1/huawei/russian-140_03.jpg,26a91dc1318b97d898056e25254e0357009395c8a53575acf744a74409932cea,train/attack/digital_2/huawei/russian-140_03.jpg,ce8f5b2f145f8989f017228fe212450db0787a80fa7dd5530e4af13813cfb319,"(3086, 1890)","(417, 256)",0.9873865842819214,0.9974616169929504,0.010075032711029053,0.15884888172149658,0.07130354642868042,0.08754533529281616
russian-140_03,iphone15pro,digital_1_vs_bonafide,digital_1,bonafide,train/attack/digital_1/iphone15pro/russian-140_03.jpg,4e5bb7bad47e162395422978f1a0ad86fc44fc45792779f030b68a5d0801e008,train/bonafide/iphone15pro/russian-140_03.jpg,e66fae0abb046a6eec8011a2d380d0ecfbb78502297d861285205c5e626bc692,"(2753, 1705)","(413, 256)",0.9648593664169312,0.9932922124862671,0.028432846069335938,0.2651080787181854,0.11584337800741196,0.14926470071077347
russian-140_03,iphone15pro,digital_2_vs_bonafide,digital_2,bonafide,train/attack/digital_2/iphone15pro/russian-140_03.jpg,3e7a24f10be39e2463d321b978e443254cba33eef0999fcc575dd9793c38d4cf,train/bonafide/iphone15pro/russian-140_03.jpg,e66fae0abb046a6eec8011a2d380d0ecfbb78502297d861285205c5e626bc692,"(2753, 1705)","(413, 256)",0.9686354398727417,0.9930221438407898,0.024386703968048096,0.2504768669605255,0.1189708262681961,0.1315060406923294
russian-140_03,iphone15pro,digital_1_vs_digital_2,digital_1,digital_2,train/attack/digital_1/iphone15pro/russian-140_03.jpg,4e5bb7bad47e162395422978f1a0ad86fc44fc45792779f030b68a5d0801e008,train/attack/digital_2/iphone15pro/russian-140_03.jpg,3e7a24f10be39e2463d321b978e443254cba33eef0999fcc575dd9793c38d4cf,"(2753, 1705)","(413, 256)",0.9818100929260254,0.9964858293533325,0.014675736427307129,0.19078189134597778,0.08469787240028381,0.10608401894569397
russian-140_03,scan,digital_1_vs_bonafide,digital_1,bonafide,train/attack/digital_1/scan/russian-140_03.jpg,93b14b7f375ae161b28fb54ae8492bbd9e75b70ddd31c19b7130fa358dfcba8d,train/bonafide/scan/russian-140_03.jpg,b02a365a6ce71a0840ace198f1db9c285f48f8376a0b371043c67cae064732e7,"(1996, 1250)","(408, 256)",0.9736274480819702,0.9949374198913574,0.021309971809387207,0.2306157797574997,0.10152816027402878,0.12908761948347092
russian-140_03,scan,digital_2_vs_bonafide,digital_2,bonafide,train/attack/digital_2/scan/russian-140_03.jpg,cb863bb0a247a556ea3fb352a1c002407a794a28ae1fe73406202bc22fbe71ed,train/bonafide/scan/russian-140_03.jpg,b02a365a6ce71a0840ace198f1db9c285f48f8376a0b371043c67cae064732e7,"(1996, 1250)","(408, 256)",0.9820979237556458,0.9960656762123108,0.013967752456665039,0.18925264477729797,0.08936653286218643,0.09988611191511154
russian-140_03,scan,digital_1_vs_digital_2,digital_1,digital_2,train/attack/digital_1/scan/russian-140_03.jpg,93b14b7f375ae161b28fb54ae8492bbd9e75b70ddd31c19b7130fa358dfcba8d,train/attack/digital_2/scan/russian-140_03.jpg,cb863bb0a247a556ea3fb352a1c002407a794a28ae1fe73406202bc22fbe71ed,"(1996, 1250)","(408, 256)",0.9877790212631226,0.9979294538497925,0.010150432586669922,0.15825557708740234,0.06881611049175262,0.08943946659564972
russian-141_03,huawei,digital_1_vs_bonafide,digital_1,bonafide,train/attack/digital_1/huawei/russian-141_03.jpg,b54ace976bd588ce9ad02a5f0da43402fcbe8317154f9587eb20fc5744df522d,train/bonafide/huawei/russian-141_03.jpg,8b0de2cf803c6cc7d4b6f56488e8692dbb41553f9cc587b7efe74e78f22b0368,"(3200, 1977)","(414, 256)",0.9928165078163147,0.9983847737312317,0.005568265914916992,0.1203370988368988,0.05692042037844658,0.06341667845845222
russian-141_03,huawei,digital_2_vs_bonafide,digital_2,bonafide,train/attack/digital_2/huawei/russian-141_03.jpg,f113bf29a448f025c87002b8a17cd03e19d5d78a1587bd0eaffc810e0a52eb02,train/bonafide/huawei/russian-141_03.jpg,8b0de2cf803c6cc7d4b6f56488e8692dbb41553f9cc587b7efe74e78f22b0368,"(3200, 1977)","(414, 256)",0.9947000741958618,0.9988230466842651,0.00412297248840332,0.10319327563047409,0.04861941933631897,0.05457385629415512
russian-141_03,huawei,digital_1_vs_digital_2,digital_1,digital_2,train/attack/digital_1/huawei/russian-141_03.jpg,b54ace976bd588ce9ad02a5f0da43402fcbe8317154f9587eb20fc5744df522d,train/attack/digital_2/huawei/russian-141_03.jpg,f113bf29a448f025c87002b8a17cd03e19d5d78a1587bd0eaffc810e0a52eb02,"(3200, 1977)","(414, 256)",0.99417644739151,0.9986896514892578,0.004513204097747803,0.10798493772745132,0.05119187757372856,0.05679306015372276
russian-141_03,iphone15pro,digital_1_vs_bonafide,digital_1,bonafide,train/attack/digital_1/iphone15pro/russian-141_03.jpg,87cae302bce8b9452792cb3f04755722e506e35df590ffa912a6f41d15b3566f,train/bonafide/iphone15pro/russian-141_03.jpg,8ab15419d9a9f7a12a043fef6b0b71eb249b82708c615b50e085ef848c785fa8,"(2831, 1791)","(404, 256)",0.9903116822242737,0.9979522824287415,0.0076406002044677734,0.13921670615673065,0.06400416791439056,0.07521253824234009
russian-141_03,iphone15pro,digital_2_vs_bonafide,digital_2,bonafide,train/attack/digital_2/iphone15pro/russian-141_03.jpg,080bcc3a1cb9fd9e480c3e4cc8ad635775f0cbd7e9d82548b12e272ef890f0ef,train/bonafide/iphone15pro/russian-141_03.jpg,8ab15419d9a9f7a12a043fef6b0b71eb249b82708c615b50e085ef848c785fa8,"(2831, 1791)","(404, 256)",0.9927414059638977,0.9986472129821777,0.005905807018280029,0.12049441039562225,0.05203033611178398,0.06846407428383827
russian-141_03,iphone15pro,digital_1_vs_digital_2,digital_1,digital_2,train/attack/digital_1/iphone15pro/russian-141_03.jpg,87cae302bce8b9452792cb3f04755722e506e35df590ffa912a6f41d15b3566f,train/attack/digital_2/iphone15pro/russian-141_03.jpg,080bcc3a1cb9fd9e480c3e4cc8ad635775f0cbd7e9d82548b12e272ef890f0ef,"(2831, 1791)","(404, 256)",0.9956647157669067,0.9993585348129272,0.003693819046020508,0.09318214654922485,0.03581748530268669,0.05736466124653816
russian-141_03,scan,digital_1_vs_bonafide,digital_1,bonafide,train/attack/digital_1/scan/russian-141_03.jpg,b791ad060bbc42679e8815b53df107dd5dea91a3ec989f360b3ec5f0b09a39f9,train/bonafide/scan/russian-141_03.jpg,7f0a088969e74033261dacdac4fc86db73583ca975da48b20e97e0ca9b20640a,"(1993, 1247)","(409, 256)",0.9909977316856384,0.9980837106704712,0.007085978984832764,0.1342378556728363,0.061956148594617844,0.07228170707821846
russian-141_03,scan,digital_2_vs_bonafide,digital_2,bonafide,train/attack/digital_2/scan/russian-141_03.jpg,97a8a15f84a24f9fa95139f1a8c48444b3ae6066b3cfcc905325a4228317b8e4,train/bonafide/scan/russian-141_03.jpg,7f0a088969e74033261dacdac4fc86db73583ca975da48b20e97e0ca9b20640a,"(1993, 1247)","(409, 256)",0.9949601292610168,0.9992684721946716,0.004308342933654785,0.10040256381034851,0.03827706351876259,0.06212550029158592
russian-141_03,scan,digital_1_vs_digital_2,digital_1,digital_2,train/attack/digital_1/scan/russian-141_03.jpg,b791ad060bbc42679e8815b53df107dd5dea91a3ec989f360b3ec5f0b09a39f9,train/attack/digital_2/scan/russian-141_03.jpg,97a8a15f84a24f9fa95139f1a8c48444b3ae6066b3cfcc905325a4228317b8e4,"(1993, 1247)","(409, 256)",0.9925342798233032,0.9985569715499878,0.00602269172668457,0.12228841334581375,0.053731080144643784,0.06855733320116997
russian-NF-1013,huawei,digital_1_vs_bonafide,digital_1,bonafide,train/attack/digital_1/huawei/russian-NF-1013.jpg,a3659543dc81b17decfb5cf0f4b2c1326f065460e4257baf0d13cb056b6ab2b0,train/bonafide/huawei/russian-NF-1013.jpg,71ee87d39edb0b0c3d3808cb92007745b636026509290f708fd2ff59a7da3988,"(3194, 1970)","(415, 256)",0.9788476228713989,0.9960796236991882,0.017232000827789307,0.20611572265625,0.08902983367443085,0.11708588898181915
russian-NF-1013,huawei,digital_2_vs_bonafide,digital_2,bonafide,train/attack/digital_2/huawei/russian-NF-1013.jpg,cdff41273562680b0ee8cccacc9995b272db3d19fb217aab32c700ff332db657,train/bonafide/huawei/russian-NF-1013.jpg,71ee87d39edb0b0c3d3808cb92007745b636026509290f708fd2ff59a7da3988,"(3194, 1970)","(415, 256)",0.9904574155807495,0.9982514381408691,0.007794022560119629,0.13827651739120483,0.060059212148189545,0.07821730524301529
russian-NF-1013,huawei,digital_1_vs_digital_2,digital_1,digital_2,train/attack/digital_1/huawei/russian-NF-1013.jpg,a3659543dc81b17decfb5cf0f4b2c1326f065460e4257baf0d13cb056b6ab2b0,train/attack/digital_2/huawei/russian-NF-1013.jpg,cdff41273562680b0ee8cccacc9995b272db3d19fb217aab32c700ff332db657,"(3194, 1970)","(415, 256)",0.9800132513046265,0.9964708089828491,0.016457557678222656,0.20086584985256195,0.08630183339118958,0.11456401646137238
russian-NF-1013,iphone15pro,digital_1_vs_bonafide,digital_1,bonafide,train/attack/digital_1/iphone15pro/russian-NF-1013.jpg,69ac024493d58759709f35db936192b8234b43007137377077b338e8ce24b17a,train/bonafide/iphone15pro/russian-NF-1013.jpg,be0a59667dbc70672cc184ce7b50050fe67187fd77fbd956a89ecf698a76a423,"(2803, 1785)","(401, 256)",0.9807209372520447,0.9964072108268738,0.0156862735748291,0.1963629573583603,0.08607557415962219,0.1102873831987381
russian-NF-1013,iphone15pro,digital_2_vs_bonafide,digital_2,bonafide,train/attack/digital_2/iphone15pro/russian-NF-1013.jpg,d84f3e57edaa651ec44ba381b208893392ed5e71c4d232bdb18d3614fc88b128,train/bonafide/iphone15pro/russian-NF-1013.jpg,be0a59667dbc70672cc184ce7b50050fe67187fd77fbd956a89ecf698a76a423,"(2803, 1785)","(401, 256)",0.987890362739563,0.9977269172668457,0.009836554527282715,0.15570221841335297,0.06830049306154251,0.08740172535181046
russian-NF-1013,iphone15pro,digital_1_vs_digital_2,digital_1,digital_2,train/attack/digital_1/iphone15pro/russian-NF-1013.jpg,69ac024493d58759709f35db936192b8234b43007137377077b338e8ce24b17a,train/attack/digital_2/iphone15pro/russian-NF-1013.jpg,d84f3e57edaa651ec44ba381b208893392ed5e71c4d232bdb18d3614fc88b128,"(2803, 1785)","(401, 256)",0.9763854146003723,0.9951644539833069,0.01877903938293457,0.21736957132816315,0.09842514991760254,0.11894442141056061
russian-NF-1013,scan,digital_1_vs_bonafide,digital_1,bonafide,train/attack/digital_1/scan/russian-NF-1013.jpg,4f451d4c0abc313ec494753f9fa00f80010c2f5e243b38acbe472bfabf823be3,train/bonafide/scan/russian-NF-1013.jpg,fe91db2880f78c04bf8cfc48ec58597bdccdac5d6c5633d5984cde15681e3fd0,"(1993, 1248)","(408, 256)",0.9774512052536011,0.994982898235321,0.01753169298171997,0.21246837079524994,0.10017142444849014,0.1122969463467598
russian-NF-1013,scan,digital_2_vs_bonafide,digital_2,bonafide,train/attack/digital_2/scan/russian-NF-1013.jpg,1dbf76f0eb904ea5f6d5f5847c0715b7c9b6d3f98b8b9fafd04e30068fe9df67,train/bonafide/scan/russian-NF-1013.jpg,fe91db2880f78c04bf8cfc48ec58597bdccdac5d6c5633d5984cde15681e3fd0,"(1993, 1248)","(408, 256)",0.9873451590538025,0.997357189655304,0.010012030601501465,0.15911518037319183,0.0733783021569252,0.08573687821626663
russian-NF-1013,scan,digital_1_vs_digital_2,digital_1,digital_2,train/attack/digital_1/scan/russian-NF-1013.jpg,4f451d4c0abc313ec494753f9fa00f80010c2f5e243b38acbe472bfabf823be3,train/attack/digital_2/scan/russian-NF-1013.jpg,1dbf76f0eb904ea5f6d5f5847c0715b7c9b6d3f98b8b9fafd04e30068fe9df67,"(1993, 1248)","(408, 256)",0.9761314988136292,0.9937740564346313,0.017642557621002197,0.2186964452266693,0.11205536127090454,0.10664108395576477
russian-NF-1028,huawei,digital_1_vs_bonafide,digital_1,bonafide,train/attack/digital_1/huawei/russian-NF-1028.jpg,43584c27873848fb3fdb8d89a898edc8e6dc5e2474f35c4206bcb9305174101f,train/bonafide/huawei/russian-NF-1028.jpg,85fbbaab2d26abd3b610db9f5f1486ccf67b905979f256ff4c7d3cefc4fe686d,"(3226, 1993)","(414, 256)",0.984588086605072,0.9968440532684326,0.012255966663360596,0.17562580108642578,0.07946401834487915,0.09616178274154663
russian-NF-1028,huawei,digital_2_vs_bonafide,digital_2,bonafide,train/attack/digital_2/huawei/russian-NF-1028.jpg,c2716d4849d72a0cf35666491118e1caa608ad12c9e1c1088d400dd479e31b2d,train/bonafide/huawei/russian-NF-1028.jpg,85fbbaab2d26abd3b610db9f5f1486ccf67b905979f256ff4c7d3cefc4fe686d,"(3226, 1993)","(414, 256)",0.9891650676727295,0.9977611899375916,0.00859612226486206,0.14722402393817902,0.06707890331745148,0.08014512062072754
russian-NF-1028,huawei,digital_1_vs_digital_2,digital_1,digital_2,train/attack/digital_1/huawei/russian-NF-1028.jpg,43584c27873848fb3fdb8d89a898edc8e6dc5e2474f35c4206bcb9305174101f,train/attack/digital_2/huawei/russian-NF-1028.jpg,c2716d4849d72a0cf35666491118e1caa608ad12c9e1c1088d400dd479e31b2d,"(3226, 1993)","(414, 256)",0.98899245262146,0.9982924461364746,0.009299993515014648,0.14839182794094086,0.05851728841662407,0.08987453952431679
russian-NF-1028,iphone15pro,digital_1_vs_bonafide,digital_1,bonafide,train/attack/digital_1/iphone15pro/russian-NF-1028.jpg,902d654e981a93c0e616a19d88b0c67e61933d39cba5e7c44e428f2b03005f1c,train/bonafide/iphone15pro/russian-NF-1028.jpg,a04b7d30d70a87d1c089d11799b0ff217d169727aa9a28975a8b06ed4954e702,"(2820, 1798)","(401, 256)",0.9775397777557373,0.9950198531150818,0.017480075359344482,0.2134455442428589,0.10331715643405914,0.11012838780879974
russian-NF-1028,iphone15pro,digital_2_vs_bonafide,digital_2,bonafide,train/attack/digital_2/iphone15pro/russian-NF-1028.jpg,cb500fe617c81c18c429e888f3153ef428cd053ad48673683ea034be7e3d7018,train/bonafide/iphone15pro/russian-NF-1028.jpg,a04b7d30d70a87d1c089d11799b0ff217d169727aa9a28975a8b06ed4954e702,"(2820, 1798)","(401, 256)",0.9803992509841919,0.9956761598587036,0.015276908874511719,0.1988881677389145,0.09532925486564636,0.10355891287326813
russian-NF-1028,iphone15pro,digital_1_vs_digital_2,digital_1,digital_2,train/attack/digital_1/iphone15pro/russian-NF-1028.jpg,902d654e981a93c0e616a19d88b0c67e61933d39cba5e7c44e428f2b03005f1c,train/attack/digital_2/iphone15pro/russian-NF-1028.jpg,cb500fe617c81c18c429e888f3153ef428cd053ad48673683ea034be7e3d7018,"(2820, 1798)","(401, 256)",0.9882594347000122,0.998207688331604,0.009948253631591797,0.15337206423282623,0.060145508497953415,0.09322655573487282
russian-NF-1028,scan,digital_1_vs_bonafide,digital_1,bonafide,train/attack/digital_1/scan/russian-NF-1028.jpg,68f63046c9f01aa6b2e14956d04b579654f15050aaa854189cebc9ad443a1981,train/bonafide/scan/russian-NF-1028.jpg,9cf027cbe95f26d689baf7829360cf0112d547b07bcbc91cb30863e240c9df05,"(1995, 1251)","(408, 256)",0.9802547097206116,0.9946303367614746,0.014375627040863037,0.1991887241601944,0.10366416722536087,0.09552455693483353
russian-NF-1028,scan,digital_2_vs_bonafide,digital_2,bonafide,train/attack/digital_2/scan/russian-NF-1028.jpg,12e1dc9e1d6df7d702f5b2479635fb3a562c9cdb18af98e6a0e4e3e31bf7d6fa,train/bonafide/scan/russian-NF-1028.jpg,9cf027cbe95f26d689baf7829360cf0112d547b07bcbc91cb30863e240c9df05,"(1995, 1251)","(408, 256)",0.9853971004486084,0.9964399337768555,0.01104283332824707,0.17090965807437897,0.08516533672809601,0.08574432134628296
russian-NF-1028,scan,digital_1_vs_digital_2,digital_1,digital_2,train/attack/digital_1/scan/russian-NF-1028.jpg,68f63046c9f01aa6b2e14956d04b579654f15050aaa854189cebc9ad443a1981,train/attack/digital_2/scan/russian-NF-1028.jpg,12e1dc9e1d6df7d702f5b2479635fb3a562c9cdb18af98e6a0e4e3e31bf7d6fa,"(1995, 1251)","(408, 256)",0.9874740242958069,0.9975764155387878,0.010102391242980957,0.15906189382076263,0.07019323855638504,0.0888686552643776
russian-NF-1069,huawei,digital_1_vs_bonafide,digital_1,bonafide,train/attack/digital_1/huawei/russian-NF-1069.jpg,4a4e49acf323688d5c7b7a22b4393ec2535140e228e514a761fe2983be595525,train/bonafide/huawei/russian-NF-1069.jpg,61bd5eb8dc27662c6252984ddf336dc9773a10963ac0eb38bde8e44c9d0c2e6b,"(3205, 1965)","(417, 256)",0.9608498811721802,0.9926698207855225,0.031819939613342285,0.280364990234375,0.12191744148731232,0.15844754874706268
russian-NF-1069,huawei,digital_2_vs_bonafide,digital_2,bonafide,train/attack/digital_2/huawei/russian-NF-1069.jpg,ce203046c95f5a6cac8d03c2c6d5e6233c40693d38f4ff3e82cffa4ac4432873,train/bonafide/huawei/russian-NF-1069.jpg,61bd5eb8dc27662c6252984ddf336dc9773a10963ac0eb38bde8e44c9d0c2e6b,"(3205, 1965)","(417, 256)",0.983284592628479,0.9969181418418884,0.013633549213409424,0.1837392896413803,0.080813467502594,0.10292582213878632
russian-NF-1069,huawei,digital_1_vs_digital_2,digital_1,digital_2,train/attack/digital_1/huawei/russian-NF-1069.jpg,4a4e49acf323688d5c7b7a22b4393ec2535140e228e514a761fe2983be595525,train/attack/digital_2/huawei/russian-NF-1069.jpg,ce203046c95f5a6cac8d03c2c6d5e6233c40693d38f4ff3e82cffa4ac4432873,"(3205, 1965)","(417, 256)",0.9587119221687317,0.9917563199996948,0.033044397830963135,0.28736141324043274,0.1284959614276886,0.15886545181274414
russian-NF-1069,iphone15pro,digital_1_vs_bonafide,digital_1,bonafide,train/attack/digital_1/iphone15pro/russian-NF-1069.jpg,ced21b0ddfec775e795bfc197c6164aa47f0ea43ebd97550adaf65da95a825f5,train/bonafide/iphone15pro/russian-NF-1069.jpg,43db03de211deb34dee0e69abff0a94318d885c0c0f048b3ba98746421dac2fb,"(2840, 1804)","(403, 256)",0.9423131942749023,0.9868165850639343,0.04450339078903198,0.34365031123161316,0.1682090163230896,0.17544129490852356
russian-NF-1069,iphone15pro,digital_2_vs_bonafide,digital_2,bonafide,train/attack/digital_2/iphone15pro/russian-NF-1069.jpg,747aff43ff32c591208b5b6147debf274bef1e46edf3ccca3327f4d87bb94a4e,train/bonafide/iphone15pro/russian-NF-1069.jpg,43db03de211deb34dee0e69abff0a94318d885c0c0f048b3ba98746421dac2fb,"(2840, 1804)","(403, 256)",0.9746273756027222,0.9955081939697266,0.020880818367004395,0.22541342675685883,0.09490777552127838,0.13050565123558044
russian-NF-1069,iphone15pro,digital_1_vs_digital_2,digital_1,digital_2,train/attack/digital_1/iphone15pro/russian-NF-1069.jpg,ced21b0ddfec775e795bfc197c6164aa47f0ea43ebd97550adaf65da95a825f5,train/attack/digital_2/iphone15pro/russian-NF-1069.jpg,747aff43ff32c591208b5b6147debf274bef1e46edf3ccca3327f4d87bb94a4e,"(2840, 1804)","(403, 256)",0.9433449506759644,0.9877254366874695,0.04438048601150513,0.3394950330257416,0.16147084534168243,0.17802418768405914
russian-NF-1069,scan,digital_1_vs_bonafide,digital_1,bonafide,train/attack/digital_1/scan/russian-NF-1069.jpg,0a8114e19544139aa6faacd856b55ea223410813f157656fee681d2c82f03364,train/bonafide/scan/russian-NF-1069.jpg,5c381aca0caa20f929682dca1f0478e000f3543dc9144e4e8b5d21a6ba33fa1d,"(2000, 1245)","(411, 256)",0.9447691440582275,0.9888635873794556,0.04409444332122803,0.33723530173301697,0.1581813395023346,0.17905396223068237
russian-NF-1069,scan,digital_2_vs_bonafide,digital_2,bonafide,train/attack/digital_2/scan/russian-NF-1069.jpg,8c03f6b2024d21c8195b02c50ab4b5e98b1ff8eaeebe28f1fdd4aa8324ae3dc6,train/bonafide/scan/russian-NF-1069.jpg,5c381aca0caa20f929682dca1f0478e000f3543dc9144e4e8b5d21a6ba33fa1d,"(2000, 1245)","(411, 256)",0.9781662225723267,0.995956540107727,0.01779031753540039,0.20973218977451324,0.09099730849266052,0.11873488128185272
russian-NF-1069,scan,digital_1_vs_digital_2,digital_1,digital_2,train/attack/digital_1/scan/russian-NF-1069.jpg,0a8114e19544139aa6faacd856b55ea223410813f157656fee681d2c82f03364,train/attack/digital_2/scan/russian-NF-1069.jpg,8c03f6b2024d21c8195b02c50ab4b5e98b1ff8eaeebe28f1fdd4aa8324ae3dc6,"(2000, 1245)","(411, 256)",0.949247419834137,0.9898641705513,0.040616750717163086,0.321033239364624,0.14750590920448303,0.173527330160141
russian-NF-1080,huawei,digital_1_vs_bonafide,digital_1,bonafide,train/attack/digital_1/huawei/russian-NF-1080.jpg,1c5c85e96f5dd338848681d67da0c1b97913153f50a4c3e66e81c76563ec7a6c,train/bonafide/huawei/russian-NF-1080.jpg,794898174a1db3ac22adfe92ad9166d2a9f1f3a1d016c48e78705e4cbdb74c73,"(3033, 1883)","(412, 256)",0.9788404703140259,0.9945728778839111,0.015732407569885254,0.20699048042297363,0.10558101534843445,0.10140946507453918
russian-NF-1080,huawei,digital_2_vs_bonafide,digital_2,bonafide,train/attack/digital_2/huawei/russian-NF-1080.jpg,eab3264bde5d70b9f148778437d24fec98709189d0af6c141f98f4fd9efc83db,train/bonafide/huawei/russian-NF-1080.jpg,794898174a1db3ac22adfe92ad9166d2a9f1f3a1d016c48e78705e4cbdb74c73,"(3033, 1883)","(412, 256)",0.9844229221343994,0.9965959191322327,0.012172996997833252,0.17712058126926422,0.08430124074220657,0.09281934052705765
russian-NF-1080,huawei,digital_1_vs_digital_2,digital_1,digital_2,train/attack/digital_1/huawei/russian-NF-1080.jpg,1c5c85e96f5dd338848681d67da0c1b97913153f50a4c3e66e81c76563ec7a6c,train/attack/digital_2/huawei/russian-NF-1080.jpg,eab3264bde5d70b9f148778437d24fec98709189d0af6c141f98f4fd9efc83db,"(3033, 1883)","(412, 256)",0.9827162027359009,0.9959152936935425,0.013199090957641602,0.18610535562038422,0.09038587659597397,0.09571947902441025
russian-NF-1080,iphone15pro,digital_1_vs_bonafide,digital_1,bonafide,train/attack/digital_1/iphone15pro/russian-NF-1080.jpg,298975d2552c66ce11b881c66357c5970c935210ff709a73ab7e6ff9aaa79ae0,train/bonafide/iphone15pro/russian-NF-1080.jpg,133f94092e39b5b05b781ed7aad5e8c2ccbc3680100f80f32a62a6b98af908e4,"(2632, 1620)","(415, 256)",0.9850925207138062,0.9965124130249023,0.011419892311096191,0.17292362451553345,0.08474746346473694,0.08817616105079651
russian-NF-1080,iphone15pro,digital_2_vs_bonafide,digital_2,bonafide,train/attack/digital_2/iphone15pro/russian-NF-1080.jpg,adf0787302309872c7ec2dbaeafae38ae16378ed572a3fd2b940605e46410417,train/bonafide/iphone15pro/russian-NF-1080.jpg,133f94092e39b5b05b781ed7aad5e8c2ccbc3680100f80f32a62a6b98af908e4,"(2632, 1620)","(415, 256)",0.9804662466049194,0.9950735569000244,0.01460731029510498,0.1979037970304489,0.10221794247627258,0.09568585455417633
russian-NF-1080,iphone15pro,digital_1_vs_digital_2,digital_1,digital_2,train/attack/digital_1/iphone15pro/russian-NF-1080.jpg,298975d2552c66ce11b881c66357c5970c935210ff709a73ab7e6ff9aaa79ae0,train/attack/digital_2/iphone15pro/russian-NF-1080.jpg,adf0787302309872c7ec2dbaeafae38ae16378ed572a3fd2b940605e46410417,"(2632, 1620)","(415, 256)",0.9790969491004944,0.9949805736541748,0.01588362455368042,0.20446637272834778,0.10069284588098526,0.10377352684736252
russian-NF-1080,scan,digital_1_vs_bonafide,digital_1,bonafide,train/attack/digital_1/scan/russian-NF-1080.jpg,c31bb107c1d3f9a2e941c18570a98e7c3c345c61f549edc5b98f197fb322ceee,train/bonafide/scan/russian-NF-1080.jpg,db161bda33b06fae54026b6ba5327a14ba19d54f9c35df0f277f8e2f4c016d6b,"(1998, 1247)","(410, 256)",0.9804409742355347,0.9949289560317993,0.014487981796264648,0.19789570569992065,0.10074707865715027,0.09714862704277039
russian-NF-1080,scan,digital_2_vs_bonafide,digital_2,bonafide,train/attack/digital_2/scan/russian-NF-1080.jpg,18b1cfffb9113435cd6999907c62edddae4c86765fd30a4433ca6529e401a8b7,train/bonafide/scan/russian-NF-1080.jpg,db161bda33b06fae54026b6ba5327a14ba19d54f9c35df0f277f8e2f4c016d6b,"(1998, 1247)","(410, 256)",0.9828423857688904,0.9957304000854492,0.012888014316558838,0.1853843629360199,0.09240850061178207,0.09297586232423782
russian-NF-1080,scan,digital_1_vs_digital_2,digital_1,digital_2,train/attack/digital_1/scan/russian-NF-1080.jpg,c31bb107c1d3f9a2e941c18570a98e7c3c345c61f549edc5b98f197fb322ceee,train/attack/digital_2/scan/russian-NF-1080.jpg,18b1cfffb9113435cd6999907c62edddae4c86765fd30a4433ca6529e401a8b7,"(1998, 1247)","(410, 256)",0.977283775806427,0.9953749179840088,0.018091142177581787,0.21314918994903564,0.0962216779589653,0.11692751199007034
russian-NF-1081,huawei,digital_1_vs_bonafide,digital_1,bonafide,train/attack/digital_1/huawei/russian-NF-1081.jpg,9e7ba8951d5f9479087d0e82118cc0886f1ec06b1a06ac4e67000f08b6b38b00,train/bonafide/huawei/russian-NF-1081.jpg,e84b73740a715ce605f4348261cc77ddaf00cf4789140b3ee1dff99f081afa17,"(3205, 1975)","(415, 256)",0.9849641919136047,0.9973783493041992,0.012414157390594482,0.17345836758613586,0.07241067290306091,0.10104769468307495
russian-NF-1081,huawei,digital_2_vs_bonafide,digital_2,bonafide,train/attack/digital_2/huawei/russian-NF-1081.jpg,7b5114beae87faa8666e2907d810867fc335dfea5084690f50037a08b926c700,train/bonafide/huawei/russian-NF-1081.jpg,e84b73740a715ce605f4348261cc77ddaf00cf4789140b3ee1dff99f081afa17,"(3205, 1975)","(415, 256)",0.9864203333854675,0.9966199398040771,0.01019960641860962,0.16514547169208527,0.08320021629333496,0.0819452553987503
russian-NF-1081,huawei,digital_1_vs_digital_2,digital_1,digital_2,train/attack/digital_1/huawei/russian-NF-1081.jpg,9e7ba8951d5f9479087d0e82118cc0886f1ec06b1a06ac4e67000f08b6b38b00,train/attack/digital_2/huawei/russian-NF-1081.jpg,7b5114beae87faa8666e2907d810867fc335dfea5084690f50037a08b926c700,"(3205, 1975)","(415, 256)",0.9744430780410767,0.9939815998077393,0.019538521766662598,0.22655616700649261,0.11039508879184723,0.11616107821464539
russian-NF-1081,iphone15pro,digital_1_vs_bonafide,digital_1,bonafide,train/attack/digital_1/iphone15pro/russian-NF-1081.jpg,fd14f96b5885c858e840f3cf3b70e2857fcf95a98752ef9ce3a8615f1fdb6033,train/bonafide/iphone15pro/russian-NF-1081.jpg,b119b48407d1e29a3554029112f8bb3934669a8514509394221f64ca1d35b501,"(2832, 1798)","(403, 256)",0.9789910912513733,0.9956620335578918,0.016670942306518555,0.20514249801635742,0.09390179812908173,0.1112406998872757
russian-NF-1081,iphone15pro,digital_2_vs_bonafide,digital_2,bonafide,train/attack/digital_2/iphone15pro/russian-NF-1081.jpg,c572187975c92636bd6bc056cdef6d03b03ffe902af906131f076f838b46e4e4,train/bonafide/iphone15pro/russian-NF-1081.jpg,b119b48407d1e29a3554029112f8bb3934669a8514509394221f64ca1d35b501,"(2832, 1798)","(403, 256)",0.9781382083892822,0.9951379895210266,0.016999781131744385,0.21117021143436432,0.10220330953598022,0.1089669018983841
russian-NF-1081,iphone15pro,digital_1_vs_digital_2,digital_1,digital_2,train/attack/digital_1/iphone15pro/russian-NF-1081.jpg,fd14f96b5885c858e840f3cf3b70e2857fcf95a98752ef9ce3a8615f1fdb6033,train/attack/digital_2/iphone15pro/russian-NF-1081.jpg,c572187975c92636bd6bc056cdef6d03b03ffe902af906131f076f838b46e4e4,"(2832, 1798)","(403, 256)",0.9713811278343201,0.9943334460258484,0.02295231819152832,0.24019506573677063,0.10750316828489304,0.1326918974518776
russian-NF-1081,scan,digital_1_vs_bonafide,digital_1,bonafide,train/attack/digital_1/scan/russian-NF-1081.jpg,00a5884168fa2468632b29e4185ad0740201b74c00685b334d09006a6e18e8b4,train/bonafide/scan/russian-NF-1081.jpg,e8972bf55f4aaf625664992d591a2cb188a25dde14b1dbaf663d43ea1d5ae2f1,"(1994, 1251)","(408, 256)",0.9823008179664612,0.9960430860519409,0.013742268085479736,0.18976029753684998,0.09210895001888275,0.09765134751796722
russian-NF-1081,scan,digital_2_vs_bonafide,digital_2,bonafide,train/attack/digital_2/scan/russian-NF-1081.jpg,253f5b5b71526d2de8518756c9275f91f030b2cb36b957bc031bcb19344f5de8,train/bonafide/scan/russian-NF-1081.jpg,e8972bf55f4aaf625664992d591a2cb188a25dde14b1dbaf663d43ea1d5ae2f1,"(1994, 1251)","(408, 256)",0.9902509450912476,0.9983754754066467,0.00812453031539917,0.14119932055473328,0.062474627047777176,0.0787246935069561
russian-NF-1081,scan,digital_1_vs_digital_2,digital_1,digital_2,train/attack/digital_1/scan/russian-NF-1081.jpg,00a5884168fa2468632b29e4185ad0740201b74c00685b334d09006a6e18e8b4,train/attack/digital_2/scan/russian-NF-1081.jpg,253f5b5b71526d2de8518756c9275f91f030b2cb36b957bc031bcb19344f5de8,"(1994, 1251)","(408, 256)",0.978935182094574,0.9955508708953857,0.016615688800811768,0.20529013872146606,0.09434681385755539,0.11094332486391068
russian-NM-1027,huawei,digital_1_vs_bonafide,digital_1,bonafide,train/attack/digital_1/huawei/russian-NM-1027.jpg,eab844ba26246124ad45c66ed7066f7184046ddbd9f8520cdf4f59962727038e,train/bonafide/huawei/russian-NM-1027.jpg,fcd95aa8798997374c314629ab43a63ba4f1d21dac0c223cab5b922e0801c6fc,"(3204, 1981)","(414, 256)",0.9808879494667053,0.9958021640777588,0.014914214611053467,0.19649074971675873,0.09508407115936279,0.10140667855739594
russian-NM-1027,huawei,digital_2_vs_bonafide,digital_2,bonafide,train/attack/digital_2/huawei/russian-NM-1027.jpg,bbf32bd3b81d2c6b401fc113357209a11c3ded969c5dce0863d8460f801dd731,train/bonafide/huawei/russian-NM-1027.jpg,fcd95aa8798997374c314629ab43a63ba4f1d21dac0c223cab5b922e0801c6fc,"(3204, 1981)","(414, 256)",0.9798116087913513,0.9957857728004456,0.01597416400909424,0.20171019434928894,0.09279728680849075,0.10891290754079819
russian-NM-1027,huawei,digital_1_vs_digital_2,digital_1,digital_2,train/attack/digital_1/huawei/russian-NM-1027.jpg,eab844ba26246124ad45c66ed7066f7184046ddbd9f8520cdf4f59962727038e,train/attack/digital_2/huawei/russian-NM-1027.jpg,bbf32bd3b81d2c6b401fc113357209a11c3ded969c5dce0863d8460f801dd731,"(3204, 1981)","(414, 256)",0.9633442163467407,0.9915192723274231,0.028175055980682373,0.2732849419116974,0.13591687381267548,0.1373680680990219
russian-NM-1027,iphone15pro,digital_1_vs_bonafide,digital_1,bonafide,train/attack/digital_1/iphone15pro/russian-NM-1027.jpg,7fc366d782bb64768e9c7532b079006001518e9ccae21efadb79a90e603d414e,train/bonafide/iphone15pro/russian-NM-1027.jpg,04b1d784d184fa98540d586c5a86cbe78a8f1d61e14e23901f4a4d95b708ac62,"(2829, 1791)","(404, 256)",0.972324550151825,0.9934946298599243,0.021170079708099365,0.23622116446495056,0.11476156860589981,0.12145959585905075
russian-NM-1027,iphone15pro,digital_2_vs_bonafide,digital_2,bonafide,train/attack/digital_2/iphone15pro/russian-NM-1027.jpg,12314dfbdba6f7caabefb3ea39eef00fe29c6e99480ee4ca82ceb06e03273411,train/bonafide/iphone15pro/russian-NM-1027.jpg,04b1d784d184fa98540d586c5a86cbe78a8f1d61e14e23901f4a4d95b708ac62,"(2829, 1791)","(404, 256)",0.9685204029083252,0.9933436512947083,0.024823248386383057,0.2509429156780243,0.11555417627096176,0.13538873940706253
russian-NM-1027,iphone15pro,digital_1_vs_digital_2,digital_1,digital_2,train/attack/digital_1/iphone15pro/russian-NM-1027.jpg,7fc366d782bb64768e9c7532b079006001518e9ccae21efadb79a90e603d414e,train/attack/digital_2/iphone15pro/russian-NM-1027.jpg,12314dfbdba6f7caabefb3ea39eef00fe29c6e99480ee4ca82ceb06e03273411,"(2829, 1791)","(404, 256)",0.9496437907218933,0.9885780215263367,0.03893423080444336,0.31831052899360657,0.15232369303703308,0.1659868359565735
russian-NM-1027,scan,digital_1_vs_bonafide,digital_1,bonafide,train/attack/digital_1/scan/russian-NM-1027.jpg,ab02bb10f80bb34ed032b19e6671a2246ab129b5c6e0e681705cd5a469333402,train/bonafide/scan/russian-NM-1027.jpg,f7cda9f09a9a9b627e68eae3bbd4cef69ec751784c6d9c91398a67628471db06,"(1995, 1252)","(407, 256)",0.9820863008499146,0.9962100386619568,0.014123737812042236,0.1911216378211975,0.09146676957607269,0.09965486824512482
russian-NM-1027,scan,digital_2_vs_bonafide,digital_2,bonafide,train/attack/digital_2/scan/russian-NM-1027.jpg,dfb83f4aacf9ac492504aae417a4992f790b0dd753bf1734209c795d3afab223,train/bonafide/scan/russian-NM-1027.jpg,f7cda9f09a9a9b627e68eae3bbd4cef69ec751784c6d9c91398a67628471db06,"(1995, 1252)","(407, 256)",0.9837042093276978,0.9966221451759338,0.012917935848236084,0.18062902987003326,0.08228226751089096,0.0983467623591423
russian-NM-1027,scan,digital_1_vs_digital_2,digital_1,digital_2,train/attack/digital_1/scan/russian-NM-1027.jpg,ab02bb10f80bb34ed032b19e6671a2246ab129b5c6e0e681705cd5a469333402,train/attack/digital_2/scan/russian-NM-1027.jpg,dfb83f4aacf9ac492504aae417a4992f790b0dd753bf1734209c795d3afab223,"(1995, 1252)","(407, 256)",0.9706335067749023,0.9930899143218994,0.02245640754699707,0.24449288845062256,0.12179205566644669,0.12270083278417587
turkiye-008_03,huawei,digital_1_vs_bonafide,digital_1,bonafide,train/attack/digital_1/huawei/turkiye-008_03.jpg,ab6cfb911e02c5f6af1eb9ea4d588c19a2615fa6c6660a8997602c38826af885,train/bonafide/huawei/turkiye-008_03.jpg,7f72f2335ec7157cda108f80cc793078656ede80a5e2707d0bc95855e605331d,"(3189, 1967)","(415, 256)",0.9662331342697144,0.992276668548584,0.02604353427886963,0.2629879117012024,0.12835878133773804,0.13462913036346436
turkiye-008_03,huawei,digital_2_vs_bonafide,digital_2,bonafide,train/attack/digital_2/huawei/turkiye-008_03.jpg,d4ad84166e42ca0922ab6b3fbc2605c696c81e7e49de2641d280a9af14884c6d,train/bonafide/huawei/turkiye-008_03.jpg,7f72f2335ec7157cda108f80cc793078656ede80a5e2707d0bc95855e605331d,"(3189, 1967)","(415, 256)",0.9788768291473389,0.9954554438591003,0.016578614711761475,0.20557661354541779,0.09635402262210846,0.10922259092330933
turkiye-008_03,huawei,digital_1_vs_digital_2,digital_1,digital_2,train/attack/digital_1/huawei/turkiye-008_03.jpg,ab6cfb911e02c5f6af1eb9ea4d588c19a2615fa6c6660a8997602c38826af885,train/attack/digital_2/huawei/turkiye-008_03.jpg,d4ad84166e42ca0922ab6b3fbc2605c696c81e7e49de2641d280a9af14884c6d,"(3189, 1967)","(415, 256)",0.9607702493667603,0.9904581308364868,0.029687881469726562,0.2824629247188568,0.13932672142982483,0.14313620328903198
turkiye-008_03,iphone15pro,digital_1_vs_bonafide,digital_1,bonafide,train/attack/digital_1/iphone15pro/turkiye-008_03.jpg,806e52e9a29ff75229841c28a42878d96710d382e3b09f32ea89bfe956902c3d,train/bonafide/iphone15pro/turkiye-008_03.jpg,47dda94843419151444176b4f4111ef4c4493a951b569c3b4644bfbb4c7e6e2d,"(2823, 1784)","(405, 256)",0.9518551826477051,0.9875978231430054,0.03574264049530029,0.3149218261241913,0.15991275012493134,0.15500907599925995
turkiye-008_03,iphone15pro,digital_2_vs_bonafide,digital_2,bonafide,train/attack/digital_2/iphone15pro/turkiye-008_03.jpg,4580963edcf94830295c61406af1c01c03fd3c765793e0649731b82c52d75464,train/bonafide/iphone15pro/turkiye-008_03.jpg,47dda94843419151444176b4f4111ef4c4493a951b569c3b4644bfbb4c7e6e2d,"(2823, 1784)","(405, 256)",0.9762145280838013,0.9947521686553955,0.01853764057159424,0.21810777485370636,0.1024480015039444,0.11565977334976196
turkiye-008_03,iphone15pro,digital_1_vs_digital_2,digital_1,digital_2,train/attack/digital_1/iphone15pro/turkiye-008_03.jpg,806e52e9a29ff75229841c28a42878d96710d382e3b09f32ea89bfe956902c3d,train/attack/digital_2/iphone15pro/turkiye-008_03.jpg,4580963edcf94830295c61406af1c01c03fd3c765793e0649731b82c52d75464,"(2823, 1784)","(405, 256)",0.9630802869796753,0.9909186959266663,0.027838408946990967,0.27694275975227356,0.13758766651153564,0.13935509324073792
turkiye-008_03,scan,digital_1_vs_bonafide,digital_1,bonafide,train/attack/digital_1/scan/turkiye-008_03.jpg,413befa4052bd4e8bc55966bee85b257f027c1c0a089c4cf4da8b1fbfb44a27d,train/bonafide/scan/turkiye-008_03.jpg,0de0d7b58ac72983769954f6797381864839c5c7cfbd85dc1c0598d29f8fd1da,"(1990, 1249)","(407, 256)",0.9726150035858154,0.9949544072151184,0.02233940362930298,0.23411916196346283,0.10046323388814926,0.13365592807531357
turkiye-008_03,scan,digital_2_vs_bonafide,digital_2,bonafide,train/attack/digital_2/scan/turkiye-008_03.jpg,bb1666b16f71aee914ca87f940cffd4269f8f27cb21d15ec1c2a1fe3fe1fd72a,train/bonafide/scan/turkiye-008_03.jpg,0de0d7b58ac72983769954f6797381864839c5c7cfbd85dc1c0598d29f8fd1da,"(1990, 1249)","(407, 256)",0.9854178428649902,0.9972237944602966,0.011805951595306396,0.17085057497024536,0.07463515549898148,0.09621541947126389
turkiye-008_03,scan,digital_1_vs_digital_2,digital_1,digital_2,train/attack/digital_1/scan/turkiye-008_03.jpg,413befa4052bd4e8bc55966bee85b257f027c1c0a089c4cf4da8b1fbfb44a27d,train/attack/digital_2/scan/turkiye-008_03.jpg,bb1666b16f71aee914ca87f940cffd4269f8f27cb21d15ec1c2a1fe3fe1fd72a,"(1990, 1249)","(407, 256)",0.9767259955406189,0.9953780174255371,0.018652021884918213,0.21605712175369263,0.09630084037780762,0.11975628137588501
turkiye-031_03,huawei,digital_1_vs_bonafide,digital_1,bonafide,train/attack/digital_1/huawei/turkiye-031_03.jpg,25273183bcbc197448b0227ef2fa29ae426e32f1711a25f88da03e0138b952d5,train/bonafide/huawei/turkiye-031_03.jpg,125eec82e18e82f22c2b492794393ca682bc29fa7a2a03afc76178d24bc947d7,"(3197, 1974)","(414, 256)",0.9633078575134277,0.9921054840087891,0.028797626495361328,0.27186980843544006,0.12778770923614502,0.14408209919929504
turkiye-031_03,huawei,digital_2_vs_bonafide,digital_2,bonafide,train/attack/digital_2/huawei/turkiye-031_03.jpg,683b9c6e570470ceeac488e011ae3a29eba07d9f92bf0e48bb883bf513451354,train/bonafide/huawei/turkiye-031_03.jpg,125eec82e18e82f22c2b492794393ca682bc29fa7a2a03afc76178d24bc947d7,"(3197, 1974)","(414, 256)",0.9574491381645203,0.990540087223053,0.033090949058532715,0.2917301058769226,0.13834740221500397,0.15338270366191864
turkiye-031_03,huawei,digital_1_vs_digital_2,digital_1,digital_2,train/attack/digital_1/huawei/turkiye-031_03.jpg,25273183bcbc197448b0227ef2fa29ae426e32f1711a25f88da03e0138b952d5,train/attack/digital_2/huawei/turkiye-031_03.jpg,683b9c6e570470ceeac488e011ae3a29eba07d9f92bf0e48bb883bf513451354,"(3197, 1974)","(414, 256)",0.9819554090499878,0.9952180981636047,0.013262689113616943,0.19111797213554382,0.09815482795238495,0.09296314418315887
turkiye-031_03,iphone15pro,digital_1_vs_bonafide,digital_1,bonafide,train/attack/digital_1/iphone15pro/turkiye-031_03.jpg,bec369b8a4fd3ca55f6be340220d683751a25a23d83c19b8c639e22d34167a39,train/bonafide/iphone15pro/turkiye-031_03.jpg,56e4063d1dd0cc049a1556ffc53ef6b71a01fc009a63a1f7d14d6b1a87cdcce4,"(2827, 1796)","(402, 256)",0.9285171031951904,0.9820721745491028,0.053555071353912354,0.3825015127658844,0.19502508640289307,0.18747642636299133
turkiye-031_03,iphone15pro,digital_2_vs_bonafide,digital_2,bonafide,train/attack/digital_2/iphone15pro/turkiye-031_03.jpg,f141ede7baebbdd3683ab5aebf88fad53b2fd5a781ae289e9b18dc2c7d8e31f0,train/bonafide/iphone15pro/turkiye-031_03.jpg,56e4063d1dd0cc049a1556ffc53ef6b71a01fc009a63a1f7d14d6b1a87cdcce4,"(2827, 1796)","(402, 256)",0.8911941647529602,0.9706828594207764,0.07948869466781616,0.46736541390419006,0.24235497415065765,0.2250104397535324
turkiye-031_03,iphone15pro,digital_1_vs_digital_2,digital_1,digital_2,train/attack/digital_1/iphone15pro/turkiye-031_03.jpg,bec369b8a4fd3ca55f6be340220d683751a25a23d83c19b8c639e22d34167a39,train/attack/digital_2/iphone15pro/turkiye-031_03.jpg,f141ede7baebbdd3683ab5aebf88fad53b2fd5a781ae289e9b18dc2c7d8e31f0,"(2827, 1796)","(402, 256)",0.9534496068954468,0.9885066747665405,0.03505706787109375,0.3173461854457855,0.1619313806295395,0.15541480481624603
turkiye-031_03,scan,digital_1_vs_bonafide,digital_1,bonafide,train/attack/digital_1/scan/turkiye-031_03.jpg,b83a0851551c7f2752a5c41e85404afc8ae004df527c2380002423e1021c6d49,train/bonafide/scan/turkiye-031_03.jpg,53e804d52e0acfa86dc19fb21b01b800b7f1306029290d99b28c81e5c103b0a4,"(1990, 1248)","(408, 256)",0.9569659233093262,0.9902605414390564,0.033294618129730225,0.29435452818870544,0.14030873775482178,0.15404579043388367
turkiye-031_03,scan,digital_2_vs_bonafide,digital_2,bonafide,train/attack/digital_2/scan/turkiye-031_03.jpg,603fcc5de93aec9df8f3f1f01cc5f88bbc271c4885770aec4a6dba0c01462260,train/bonafide/scan/turkiye-031_03.jpg,53e804d52e0acfa86dc19fb21b01b800b7f1306029290d99b28c81e5c103b0a4,"(1990, 1248)","(408, 256)",0.9362003207206726,0.985557496547699,0.04935717582702637,0.35805001854896545,0.1702493578195572,0.18780066072940826
turkiye-031_03,scan,digital_1_vs_digital_2,digital_1,digital_2,train/attack/digital_1/scan/turkiye-031_03.jpg,b83a0851551c7f2752a5c41e85404afc8ae004df527c2380002423e1021c6d49,train/attack/digital_2/scan/turkiye-031_03.jpg,603fcc5de93aec9df8f3f1f01cc5f88bbc271c4885770aec4a6dba0c01462260,"(1990, 1248)","(408, 256)",0.9678875803947449,0.9923833608627319,0.02449578046798706,0.25807657837867737,0.1258155107498169,0.13226106762886047
turkiye-036_03,huawei,digital_1_vs_bonafide,digital_1,bonafide,train/attack/digital_1/huawei/turkiye-036_03.jpg,e494e0b98600c2e779d31fa7bab7ffeb368fbd0a51ac14cfac8a0ad9700a3d1c,train/bonafide/huawei/turkiye-036_03.jpg,5c244ab9e70045b89d230d378f735761247886cdf025bdf90f4e3b944adbcb30,"(3203, 1967)","(416, 256)",0.9718897342681885,0.9921615123748779,0.020271778106689453,0.23771359026432037,0.1267438381910324,0.11096975207328796
turkiye-036_03,huawei,digital_2_vs_bonafide,digital_2,bonafide,train/attack/digital_2/huawei/turkiye-036_03.jpg,4da9b36f984ffb0f4376ca7e913f5098b2f6d4f8a89fe8d3f9016002ac296b8c,train/bonafide/huawei/turkiye-036_03.jpg,5c244ab9e70045b89d230d378f735761247886cdf025bdf90f4e3b944adbcb30,"(3203, 1967)","(416, 256)",0.9751520156860352,0.9939517974853516,0.018799781799316406,0.22296090424060822,0.11045439541339874,0.11250650882720947
turkiye-036_03,huawei,digital_1_vs_digital_2,digital_1,digital_2,train/attack/digital_1/huawei/turkiye-036_03.jpg,e494e0b98600c2e779d31fa7bab7ffeb368fbd0a51ac14cfac8a0ad9700a3d1c,train/attack/digital_2/huawei/turkiye-036_03.jpg,4da9b36f984ffb0f4376ca7e913f5098b2f6d4f8a89fe8d3f9016002ac296b8c,"(3203, 1967)","(416, 256)",0.9789974689483643,0.9955408573150635,0.01654338836669922,0.20536550879478455,0.09491290152072906,0.11045260727405548
turkiye-036_03,iphone15pro,digital_1_vs_bonafide,digital_1,bonafide,train/attack/digital_1/iphone15pro/turkiye-036_03.jpg,6850ee820f384ca11014f2d595b875d5dab82132631269f3fb0d0200ca8ae0b1,train/bonafide/iphone15pro/turkiye-036_03.jpg,8eb211b219462e988437b69b6db648aebb00c6e031ca8e0affbac43d083fc56b,"(2815, 1784)","(403, 256)",0.9711446166038513,0.9930745363235474,0.021929919719696045,0.24049022793769836,0.11839956045150757,0.1220906674861908
turkiye-036_03,iphone15pro,digital_2_vs_bonafide,digital_2,bonafide,train/attack/digital_2/iphone15pro/turkiye-036_03.jpg,541b88841c3a053bafff5245a2f2b11768445531739fa2fa9aa1a77b52273dc9,train/bonafide/iphone15pro/turkiye-036_03.jpg,8eb211b219462e988437b69b6db648aebb00c6e031ca8e0affbac43d083fc56b,"(2815, 1784)","(403, 256)",0.9699580669403076,0.992159366607666,0.0222012996673584,0.24553976953029633,0.12542957067489624,0.12011019885540009
turkiye-036_03,iphone15pro,digital_1_vs_digital_2,digital_1,digital_2,train/attack/digital_1/iphone15pro/turkiye-036_03.jpg,6850ee820f384ca11014f2d595b875d5dab82132631269f3fb0d0200ca8ae0b1,train/attack/digital_2/iphone15pro/turkiye-036_03.jpg,541b88841c3a053bafff5245a2f2b11768445531739fa2fa9aa1a77b52273dc9,"(2815, 1784)","(403, 256)",0.9737910032272339,0.9942634105682373,0.020472407341003418,0.2303696721792221,0.1089828833937645,0.12138678878545761
turkiye-036_03,scan,digital_1_vs_bonafide,digital_1,bonafide,train/attack/digital_1/scan/turkiye-036_03.jpg,12b60a056a43ee01b7899279ba7d7969547e4eddd7e6f9bc657757a5311e382b,train/bonafide/scan/turkiye-036_03.jpg,d04566ba8d0b37ec4afef579480264b7bd020c7b9d84307b0c4ca7057226f13f,"(1995, 1250)","(408, 256)",0.9797157645225525,0.9953383207321167,0.015622556209564209,0.20195016264915466,0.0974893644452095,0.10446079820394516
turkiye-036_03,scan,digital_2_vs_bonafide,digital_2,bonafide,train/attack/digital_2/scan/turkiye-036_03.jpg,efa967159a682e565df41a4862a33064b46615ab6e718728e2f8637ddf567bac,train/bonafide/scan/turkiye-036_03.jpg,d04566ba8d0b37ec4afef579480264b7bd020c7b9d84307b0c4ca7057226f13f,"(1995, 1250)","(408, 256)",0.9790164828300476,0.9955587387084961,0.016542255878448486,0.2053387314081192,0.09522989392280579,0.11010883748531342
turkiye-036_03,scan,digital_1_vs_digital_2,digital_1,digital_2,train/attack/digital_1/scan/turkiye-036_03.jpg,12b60a056a43ee01b7899279ba7d7969547e4eddd7e6f9bc657757a5311e382b,train/attack/digital_2/scan/turkiye-036_03.jpg,efa967159a682e565df41a4862a33064b46615ab6e718728e2f8637ddf567bac,"(1995, 1250)","(408, 256)",0.9817445278167725,0.9962151050567627,0.014470577239990234,0.19107946753501892,0.08700462430715561,0.10407484322786331
turkiye-041_03,huawei,digital_1_vs_bonafide,digital_1,bonafide,train/attack/digital_1/huawei/turkiye-041_03.jpg,18d168b8e5dca6914dcbefc9fdc880a120940c909a18779dc83893e64b7c6e0d,train/bonafide/huawei/turkiye-041_03.jpg,f6a1709cf620b2d4dc0a549d8bb6d6ab0968208a34c3b5c81d47dd8fbd50a535,"(3196, 1980)","(413, 256)",0.9757537841796875,0.9940726161003113,0.01831883192062378,0.22032853960990906,0.10994438081979752,0.11038415879011154
turkiye-041_03,huawei,digital_2_vs_bonafide,digital_2,bonafide,train/attack/digital_2/huawei/turkiye-041_03.jpg,036731314084d24bd9c514dc9cb939c4494ce71a3b864b7cec305614bdd0a70d,train/bonafide/huawei/turkiye-041_03.jpg,f6a1709cf620b2d4dc0a549d8bb6d6ab0968208a34c3b5c81d47dd8fbd50a535,"(3196, 1980)","(413, 256)",0.9788805246353149,0.9947940707206726,0.015913546085357666,0.20647749304771423,0.10579828172922134,0.10067921131849289
turkiye-041_03,huawei,digital_1_vs_digital_2,digital_1,digital_2,train/attack/digital_1/huawei/turkiye-041_03.jpg,18d168b8e5dca6914dcbefc9fdc880a120940c909a18779dc83893e64b7c6e0d,train/attack/digital_2/huawei/turkiye-041_03.jpg,036731314084d24bd9c514dc9cb939c4494ce71a3b864b7cec305614bdd0a70d,"(3196, 1980)","(413, 256)",0.9882333874702454,0.9972997903823853,0.009066402912139893,0.1539267897605896,0.07457540184259415,0.07935138791799545
turkiye-041_03,iphone15pro,digital_1_vs_bonafide,digital_1,bonafide,train/attack/digital_1/iphone15pro/turkiye-041_03.jpg,53aeb89211531fb037676f4f8ab3a6917a0c021afbfe7aa6998b2472d7953217,train/bonafide/iphone15pro/turkiye-041_03.jpg,afb149eb13adc985f2503865efb30b1950abbfe6415c0f731b5ada18f702c08e,"(2817, 1788)","(403, 256)",0.9605494141578674,0.989399790763855,0.02885037660598755,0.2822231352329254,0.14795993268489838,0.13426320254802704
turkiye-041_03,iphone15pro,digital_2_vs_bonafide,digital_2,bonafide,train/attack/digital_2/iphone15pro/turkiye-041_03.jpg,731d11667ecf3b726aedca5a71195e40cac7031af2b938ebe2a313e6284de026,train/bonafide/iphone15pro/turkiye-041_03.jpg,afb149eb13adc985f2503865efb30b1950abbfe6415c0f731b5ada18f702c08e,"(2817, 1788)","(403, 256)",0.9603067636489868,0.9887502193450928,0.028443455696105957,0.28288939595222473,0.15242157876491547,0.13046781718730927
turkiye-041_03,iphone15pro,digital_1_vs_digital_2,digital_1,digital_2,train/attack/digital_1/iphone15pro/turkiye-041_03.jpg,53aeb89211531fb037676f4f8ab3a6917a0c021afbfe7aa6998b2472d7953217,train/attack/digital_2/iphone15pro/turkiye-041_03.jpg,731d11667ecf3b726aedca5a71195e40cac7031af2b938ebe2a313e6284de026,"(2817, 1788)","(403, 256)",0.9897031784057617,0.9981682300567627,0.008465051651000977,0.14352037012577057,0.060531117022037506,0.08298925310373306
turkiye-041_03,scan,digital_1_vs_bonafide,digital_1,bonafide,train/attack/digital_1/scan/turkiye-041_03.jpg,ac193f7ae0964f7eff851a2196c16f6e700823a48bdb6ee42f6785e5ee9a3605,train/bonafide/scan/turkiye-041_03.jpg,179a11c6a986af3395226ec30cd72afe31d565e3cbe5e830f7877a4db6c829fd,"(1998, 1246)","(410, 256)",0.9803882837295532,0.9954386949539185,0.015050411224365234,0.19830729067325592,0.09588492661714554,0.10242236405611038
turkiye-041_03,scan,digital_2_vs_bonafide,digital_2,bonafide,train/attack/digital_2/scan/turkiye-041_03.jpg,c5fc1f8674c58acc3a3ce56ab20d65e8d30d5dd7ef555af7a614569fe882bb5c,train/bonafide/scan/turkiye-041_03.jpg,179a11c6a986af3395226ec30cd72afe31d565e3cbe5e830f7877a4db6c829fd,"(1998, 1246)","(410, 256)",0.9764943718910217,0.9947702884674072,0.018275916576385498,0.21736422181129456,0.1030748263001442,0.11428939551115036
turkiye-041_03,scan,digital_1_vs_digital_2,digital_1,digital_2,train/attack/digital_1/scan/turkiye-041_03.jpg,ac193f7ae0964f7eff851a2196c16f6e700823a48bdb6ee42f6785e5ee9a3605,train/attack/digital_2/scan/turkiye-041_03.jpg,c5fc1f8674c58acc3a3ce56ab20d65e8d30d5dd7ef555af7a614569fe882bb5c,"(1998, 1246)","(410, 256)",0.9922046065330505,0.9983022809028625,0.006097674369812012,0.12497475743293762,0.05843641608953476,0.06653834134340286
turkiye-083_03,huawei,digital_1_vs_bonafide,digital_1,bonafide,train/attack/digital_1/huawei/turkiye-083_03.jpg,93c9608ce392c7475c2b2b3f04b2a34dcba345ab8d038734e00eb4b9e702efa2,train/bonafide/huawei/turkiye-083_03.jpg,a8a1f87014b8c9ecc1fc6349952f7ea97f1de1f12f8a711c57550a3482ae87cd,"(3196, 1965)","(416, 256)",0.9851117134094238,0.9967021346092224,0.011590421199798584,0.17522217333316803,0.08358054608106613,0.0916416272521019
turkiye-083_03,huawei,digital_2_vs_bonafide,digital_2,bonafide,train/attack/digital_2/huawei/turkiye-083_03.jpg,d0f6cb1515f368a83052d8f1e74ba7a78b70be00309b8bb8b86b3cd5d7a32129,train/bonafide/huawei/turkiye-083_03.jpg,a8a1f87014b8c9ecc1fc6349952f7ea97f1de1f12f8a711c57550a3482ae87cd,"(3196, 1965)","(416, 256)",0.9795137643814087,0.995093822479248,0.015580058097839355,0.20244988799095154,0.09916286170482635,0.10328702628612518
turkiye-083_03,huawei,digital_1_vs_digital_2,digital_1,digital_2,train/attack/digital_1/huawei/turkiye-083_03.jpg,93c9608ce392c7475c2b2b3f04b2a34dcba345ab8d038734e00eb4b9e702efa2,train/attack/digital_2/huawei/turkiye-083_03.jpg,d0f6cb1515f368a83052d8f1e74ba7a78b70be00309b8bb8b86b3cd5d7a32129,"(3196, 1965)","(416, 256)",0.9757438898086548,0.993888795375824,0.01814490556716919,0.22186918556690216,0.1131906509399414,0.10867853462696075
turkiye-083_03,iphone15pro,digital_1_vs_bonafide,digital_1,bonafide,train/attack/digital_1/iphone15pro/turkiye-083_03.jpg,99cce7a22e99de33ad03743290daea90254fff81d88bd73a0477889707b6a6de,train/bonafide/iphone15pro/turkiye-083_03.jpg,a0a37e3a9962fff23b22fbaf28ba2ef5dc5f991076f17bd78516e56179b190c9,"(2831, 1791)","(404, 256)",0.9730197191238403,0.99360191822052,0.020582199096679688,0.23549817502498627,0.1173054575920105,0.11819271743297577
turkiye-083_03,iphone15pro,digital_2_vs_bonafide,digital_2,bonafide,train/attack/digital_2/iphone15pro/turkiye-083_03.jpg,a815535d6b7e169c58b2a94d9361f6ff5e7bf600d8d0bb1bd8b1f32e059252c1,train/bonafide/iphone15pro/turkiye-083_03.jpg,a0a37e3a9962fff23b22fbaf28ba2ef5dc5f991076f17bd78516e56179b190c9,"(2831, 1791)","(404, 256)",0.9623982906341553,0.9905238151550293,0.028125524520874023,0.27688682079315186,0.14246566593647003,0.13442115485668182
turkiye-083_03,iphone15pro,digital_1_vs_digital_2,digital_1,digital_2,train/attack/digital_1/iphone15pro/turkiye-083_03.jpg,99cce7a22e99de33ad03743290daea90254fff81d88bd73a0477889707b6a6de,train/attack/digital_2/iphone15pro/turkiye-083_03.jpg,a815535d6b7e169c58b2a94d9361f6ff5e7bf600d8d0bb1bd8b1f32e059252c1,"(2831, 1791)","(404, 256)",0.9711536169052124,0.9931585788726807,0.02200496196746826,0.2401934266090393,0.11711018532514572,0.12308324128389359
turkiye-083_03,scan,digital_1_vs_bonafide,digital_1,bonafide,train/attack/digital_1/scan/turkiye-083_03.jpg,b967bd2e2522d56cef04d1a4fbe0f83d93eee0b3a77a3dc885b5da6e1ecec4ad,train/bonafide/scan/turkiye-083_03.jpg,f0f3bf80566005f171c0920555cee72fb7bde0a4770c09fd670576b151014598,"(1989, 1252)","(406, 256)",0.9823274612426758,0.9956636428833008,0.013336181640625,0.18938446044921875,0.09353740513324738,0.09584705531597137
turkiye-083_03,scan,digital_2_vs_bonafide,digital_2,bonafide,train/attack/digital_2/scan/turkiye-083_03.jpg,1c39fb80dcb9109022942fc8021ebcc62f06434d4fd2d3e0d67bfa1040142bad,train/bonafide/scan/turkiye-083_03.jpg,f0f3bf80566005f171c0920555cee72fb7bde0a4770c09fd670576b151014598,"(1989, 1252)","(406, 256)",0.9712792634963989,0.9928753972053528,0.021596133708953857,0.23968496918678284,0.11937499046325684,0.120309978723526
turkiye-083_03,scan,digital_1_vs_digital_2,digital_1,digital_2,train/attack/digital_1/scan/turkiye-083_03.jpg,b967bd2e2522d56cef04d1a4fbe0f83d93eee0b3a77a3dc885b5da6e1ecec4ad,train/attack/digital_2/scan/turkiye-083_03.jpg,1c39fb80dcb9109022942fc8021ebcc62f06434d4fd2d3e0d67bfa1040142bad,"(1989, 1252)","(406, 256)",0.9781837463378906,0.9952393770217896,0.017055630683898926,0.20984604954719543,0.09806997328996658,0.11177607625722885
turkiye-086_03,huawei,digital_1_vs_bonafide,digital_1,bonafide,train/attack/digital_1/huawei/turkiye-086_03.jpg,b39abc764f323236bd76b0601b552239ae460d8933893201a4cec5e40b987f3a,train/bonafide/huawei/turkiye-086_03.jpg,acca17d6a0373856ce9ec5b0a3957e266b3bd2e0d1b78cbfe0198b45bf660737,"(3211, 1976)","(416, 256)",0.9827622175216675,0.9963958263397217,0.0136336088180542,0.1865517646074295,0.08625075221061707,0.10030101239681244
turkiye-086_03,huawei,digital_2_vs_bonafide,digital_2,bonafide,train/attack/digital_2/huawei/turkiye-086_03.jpg,5fb475e053d7a1eee6cd48e7e332641ca815c1f35e54e295dd99b67b6b9c407c,train/bonafide/huawei/turkiye-086_03.jpg,acca17d6a0373856ce9ec5b0a3957e266b3bd2e0d1b78cbfe0198b45bf660737,"(3211, 1976)","(416, 256)",0.9855002760887146,0.9966564178466797,0.011156141757965088,0.1702987402677536,0.08196011930704117,0.08833862096071243
turkiye-086_03,huawei,digital_1_vs_digital_2,digital_1,digital_2,train/attack/digital_1/huawei/turkiye-086_03.jpg,b39abc764f323236bd76b0601b552239ae460d8933893201a4cec5e40b987f3a,train/attack/digital_2/huawei/turkiye-086_03.jpg,5fb475e053d7a1eee6cd48e7e332641ca815c1f35e54e295dd99b67b6b9c407c,"(3211, 1976)","(416, 256)",0.9885017275810242,0.997565746307373,0.009064018726348877,0.1529110223054886,0.07277901470661163,0.08013200759887695
turkiye-086_03,iphone15pro,digital_1_vs_bonafide,digital_1,bonafide,train/attack/digital_1/iphone15pro/turkiye-086_03.jpg,c10a3c85bbbfd8a2468e554437bf619a9142a00a339ef1c65d9cc62d49827bee,train/bonafide/iphone15pro/turkiye-086_03.jpg,3bff6a1182d137378115a081623bd8b14f865ba368ff9d477554d31e40be4c95,"(2824, 1799)","(401, 256)",0.9855120182037354,0.9973975419998169,0.011885523796081543,0.1703675389289856,0.07251932471990585,0.09784821420907974
turkiye-086_03,iphone15pro,digital_2_vs_bonafide,digital_2,bonafide,train/attack/digital_2/iphone15pro/turkiye-086_03.jpg,14cd7b08b55aeabc2266c6c3f44c0f6d70df2c11895c62aef98fb326a055fc58,train/bonafide/iphone15pro/turkiye-086_03.jpg,3bff6a1182d137378115a081623bd8b14f865ba368ff9d477554d31e40be4c95,"(2824, 1799)","(401, 256)",0.9733498096466064,0.9943804144859314,0.02103060483932495,0.23111394047737122,0.10643596202135086,0.12467797845602036
turkiye-086_03,iphone15pro,digital_1_vs_digital_2,digital_1,digital_2,train/attack/digital_1/iphone15pro/turkiye-086_03.jpg,c10a3c85bbbfd8a2468e554437bf619a9142a00a339ef1c65d9cc62d49827bee,train/attack/digital_2/iphone15pro/turkiye-086_03.jpg,14cd7b08b55aeabc2266c6c3f44c0f6d70df2c11895c62aef98fb326a055fc58,"(2824, 1799)","(401, 256)",0.980981707572937,0.9959632754325867,0.014981567859649658,0.19582794606685638,0.09141092002391815,0.10441702604293823
turkiye-086_03,scan,digital_1_vs_bonafide,digital_1,bonafide,train/attack/digital_1/scan/turkiye-086_03.jpg,f27d13f6bba26b234248cc69a72d0bf766fcbde338c77777646ce846be0c0d39,train/bonafide/scan/turkiye-086_03.jpg,968573402c9165001d260b0b658c412e134bfdfbdbfc04873be909ce4844a8f5,"(1993, 1248)","(408, 256)",0.9825297594070435,0.9959465861320496,0.013416826725006104,0.1882246434688568,0.09296713769435883,0.09525750577449799
turkiye-086_03,scan,digital_2_vs_bonafide,digital_2,bonafide,train/attack/digital_2/scan/turkiye-086_03.jpg,abafc2b9ea1173f8e80f8b8bbfd71ccd9f0a1774d44f9fc17035bfb8f437e1f7,train/bonafide/scan/turkiye-086_03.jpg,968573402c9165001d260b0b658c412e134bfdfbdbfc04873be909ce4844a8f5,"(1993, 1248)","(408, 256)",0.984117865562439,0.9966344833374023,0.012516617774963379,0.17822489142417908,0.08213897794485092,0.09608591347932816
turkiye-086_03,scan,digital_1_vs_digital_2,digital_1,digital_2,train/attack/digital_1/scan/turkiye-086_03.jpg,f27d13f6bba26b234248cc69a72d0bf766fcbde338c77777646ce846be0c0d39,train/attack/digital_2/scan/turkiye-086_03.jpg,abafc2b9ea1173f8e80f8b8bbfd71ccd9f0a1774d44f9fc17035bfb8f437e1f7,"(1993, 1248)","(408, 256)",0.9855490922927856,0.99714195728302,0.011592864990234375,0.17142942547798157,0.07799593359231949,0.09343349188566208
turkiye-092_03,huawei,digital_1_vs_bonafide,digital_1,bonafide,train/attack/digital_1/huawei/turkiye-092_03.jpg,cf4684e3545f4dc85b5a161b99879d9218db3b7e52c5aa025e28f5165cc728c4,train/bonafide/huawei/turkiye-092_03.jpg,ef69c9b646bae01ca46671e690aec2a74b0348825a62591bdd0c3412cb02c901,"(3027, 1889)","(410, 256)",0.9686519503593445,0.9926272630691528,0.02397531270980835,0.25040364265441895,0.1216106191277504,0.12879302352666855
turkiye-092_03,huawei,digital_2_vs_bonafide,digital_2,bonafide,train/attack/digital_2/huawei/turkiye-092_03.jpg,821407e7981a273c8ca28cd68cb90816c3058184778e6bdbf7f9d9233e492705,train/bonafide/huawei/turkiye-092_03.jpg,ef69c9b646bae01ca46671e690aec2a74b0348825a62591bdd0c3412cb02c901,"(3027, 1889)","(410, 256)",0.982332706451416,0.9960958957672119,0.013763189315795898,0.18799033761024475,0.08869919180870056,0.09929114580154419
turkiye-092_03,huawei,digital_1_vs_digital_2,digital_1,digital_2,train/attack/digital_1/huawei/turkiye-092_03.jpg,cf4684e3545f4dc85b5a161b99879d9218db3b7e52c5aa025e28f5165cc728c4,train/attack/digital_2/huawei/turkiye-092_03.jpg,821407e7981a273c8ca28cd68cb90816c3058184778e6bdbf7f9d9233e492705,"(3027, 1889)","(410, 256)",0.9764620065689087,0.9952691793441772,0.018807172775268555,0.2169700711965561,0.09727764874696732,0.11969242244958878
turkiye-092_03,iphone15pro,digital_1_vs_bonafide,digital_1,bonafide,train/attack/digital_1/iphone15pro/turkiye-092_03.jpg,bd7d8b59d66aab1a7a9d18d4514b137b42b680231256ebc775aa8a22931da1ba,train/bonafide/iphone15pro/turkiye-092_03.jpg,8267284061fa1f5f5396899b469de797d9ad1b449a13db224e9bce8ee35a1dc0,"(2632, 1609)","(418, 256)",0.9708132743835449,0.9931157231330872,0.022302448749542236,0.24205400049686432,0.11786610633134842,0.1241878941655159
turkiye-092_03,iphone15pro,digital_2_vs_bonafide,digital_2,bonafide,train/attack/digital_2/iphone15pro/turkiye-092_03.jpg,fcb41be223fe6264be7a79c5382beb88ecdd7ed79053fe84ff7f5696832f4370,train/bonafide/iphone15pro/turkiye-092_03.jpg,8267284061fa1f5f5396899b469de797d9ad1b449a13db224e9bce8ee35a1dc0,"(2632, 1609)","(418, 256)",0.962431788444519,0.9919884204864502,0.029556632041931152,0.2747032344341278,0.12712858617305756,0.14757464826107025
turkiye-092_03,iphone15pro,digital_1_vs_digital_2,digital_1,digital_2,train/attack/digital_1/iphone15pro/turkiye-092_03.jpg,bd7d8b59d66aab1a7a9d18d4514b137b42b680231256ebc775aa8a22931da1ba,train/attack/digital_2/iphone15pro/turkiye-092_03.jpg,fcb41be223fe6264be7a79c5382beb88ecdd7ed79053fe84ff7f5696832f4370,"(2632, 1609)","(418, 256)",0.9716309905052185,0.9938395023345947,0.02220851182937622,0.2404451221227646,0.11334054172039032,0.12710458040237427
turkiye-092_03,scan,digital_1_vs_bonafide,digital_1,bonafide,train/attack/digital_1/scan/turkiye-092_03.jpg,13e2e44a19d274c30875cb794337ab97d5ee013bb3eda1171ac9b7f91e17bb32,train/bonafide/scan/turkiye-092_03.jpg,62fc5c07f0d35a87e82c043eeb436d99ca75d5c15a8256b0ad99212cf0ea6d2f,"(1995, 1247)","(409, 256)",0.9695318937301636,0.992815375328064,0.02328348159790039,0.24722225964069366,0.12034597992897034,0.12687627971172333
turkiye-092_03,scan,digital_2_vs_bonafide,digital_2,bonafide,train/attack/digital_2/scan/turkiye-092_03.jpg,daa09fe7036bccd7ad64f1da8b74b9fca883d394a38340a08d31049eb9e80fc7,train/bonafide/scan/turkiye-092_03.jpg,62fc5c07f0d35a87e82c043eeb436d99ca75d5c15a8256b0ad99212cf0ea6d2f,"(1995, 1247)","(409, 256)",0.9753667116165161,0.994722843170166,0.019356131553649902,0.22212941944599152,0.10325799882411957,0.11887142062187195
turkiye-092_03,scan,digital_1_vs_digital_2,digital_1,digital_2,train/attack/digital_1/scan/turkiye-092_03.jpg,13e2e44a19d274c30875cb794337ab97d5ee013bb3eda1171ac9b7f91e17bb32,train/attack/digital_2/scan/turkiye-092_03.jpg,daa09fe7036bccd7ad64f1da8b74b9fca883d394a38340a08d31049eb9e80fc7,"(1995, 1247)","(409, 256)",0.9751165509223938,0.9951459169387817,0.02002936601638794,0.22418686747550964,0.10075691342353821,0.12342995405197144
turkiye-121_03,huawei,digital_1_vs_bonafide,digital_1,bonafide,train/attack/digital_1/huawei/turkiye-121_03.jpg,79911f110ce0cedbb6975f0e5de29d8d78af6e5fda5554720c553208fc3762b5,train/bonafide/huawei/turkiye-121_03.jpg,16e2692723d454146279f353d733bdd9d16ebe66b1ac9e5c954b4c6b5c7697b6,"(3042, 1897)","(410, 256)",0.9346613883972168,0.9830723404884338,0.04841095209121704,0.365632027387619,0.1897931694984436,0.17583885788917542
turkiye-121_03,huawei,digital_2_vs_bonafide,digital_2,bonafide,train/attack/digital_2/huawei/turkiye-121_03.jpg,a751313e2471f4aa21b0a52c15e9e82bd864a10a826ab622f7bcf08280815e0a,train/bonafide/huawei/turkiye-121_03.jpg,16e2692723d454146279f353d733bdd9d16ebe66b1ac9e5c954b4c6b5c7697b6,"(3042, 1897)","(410, 256)",0.9228378534317017,0.9772619009017944,0.05442404747009277,0.39654141664505005,0.2169009894132614,0.17964042723178864
turkiye-121_03,huawei,digital_1_vs_digital_2,digital_1,digital_2,train/attack/digital_1/huawei/turkiye-121_03.jpg,79911f110ce0cedbb6975f0e5de29d8d78af6e5fda5554720c553208fc3762b5,train/attack/digital_2/huawei/turkiye-121_03.jpg,a751313e2471f4aa21b0a52c15e9e82bd864a10a826ab622f7bcf08280815e0a,"(3042, 1897)","(410, 256)",0.9816852807998657,0.9959491491317749,0.01426386833190918,0.19138947129249573,0.09027155488729477,0.10111791640520096
turkiye-121_03,iphone15pro,digital_1_vs_bonafide,digital_1,bonafide,train/attack/digital_1/iphone15pro/turkiye-121_03.jpg,d2ec436de3b6b38cc36e74514fde9ac5e4247987893a3a00dbfba262c3d77db4,train/bonafide/iphone15pro/turkiye-121_03.jpg,2094d690257bbf0ef698fd5b8dbbfb01ac91a25a7f904cb8c5f949f81805f9a2,"(2633, 1613)","(417, 256)",0.9488590955734253,0.9867262244224548,0.03786712884902954,0.3227064311504364,0.16811636090278625,0.15459007024765015
turkiye-121_03,iphone15pro,digital_2_vs_bonafide,digital_2,bonafide,train/attack/digital_2/iphone15pro/turkiye-121_03.jpg,6c047dd816fafdaa3f7ca7682d82875d9560e38c021fd06cadc079a02e8202c8,train/bonafide/iphone15pro/turkiye-121_03.jpg,2094d690257bbf0ef698fd5b8dbbfb01ac91a25a7f904cb8c5f949f81805f9a2,"(2633, 1613)","(417, 256)",0.9457208514213562,0.9854298830032349,0.03970903158187866,0.33058929443359375,0.1717955470085144,0.15879374742507935
turkiye-121_03,iphone15pro,digital_1_vs_digital_2,digital_1,digital_2,train/attack/digital_1/iphone15pro/turkiye-121_03.jpg,d2ec436de3b6b38cc36e74514fde9ac5e4247987893a3a00dbfba262c3d77db4,train/attack/digital_2/iphone15pro/turkiye-121_03.jpg,6c047dd816fafdaa3f7ca7682d82875d9560e38c021fd06cadc079a02e8202c8,"(2633, 1613)","(417, 256)",0.9801874756813049,0.9959704279899597,0.015782952308654785,0.19971606135368347,0.0924631804227829,0.10725288093090057
turkiye-121_03,scan,digital_1_vs_bonafide,digital_1,bonafide,train/attack/digital_1/scan/turkiye-121_03.jpg,c84febdd823485525a8380591405b543fc78ec1405d915352bb44dc53258c842,train/bonafide/scan/turkiye-121_03.jpg,f4dfbe134b52b2271cb330acea398a62c8430a74fc37db611f44bfa553a01bcd,"(1995, 1248)","(409, 256)",0.9538615942001343,0.9881671667098999,0.034305572509765625,0.30441954731941223,0.15611742436885834,0.1483021229505539
turkiye-121_03,scan,digital_2_vs_bonafide,digital_2,bonafide,train/attack/digital_2/scan/turkiye-121_03.jpg,eb95679647b1bebbbf3835b2214a53180e136a67ac11ccb10494eff94368edd7,train/bonafide/scan/turkiye-121_03.jpg,f4dfbe134b52b2271cb330acea398a62c8430a74fc37db611f44bfa553a01bcd,"(1995, 1248)","(409, 256)",0.9490810036659241,0.9861823320388794,0.03710132837295532,0.3197858929634094,0.16783274710178375,0.15195314586162567
turkiye-121_03,scan,digital_1_vs_digital_2,digital_1,digital_2,train/attack/digital_1/scan/turkiye-121_03.jpg,c84febdd823485525a8380591405b543fc78ec1405d915352bb44dc53258c842,train/attack/digital_2/scan/turkiye-121_03.jpg,eb95679647b1bebbbf3835b2214a53180e136a67ac11ccb10494eff94368edd7,"(1995, 1248)","(409, 256)",0.9792184829711914,0.9955151081085205,0.0162966251373291,0.20387184619903564,0.09477496147155762,0.10909688472747803
turkiye-126_03,huawei,digital_1_vs_bonafide,digital_1,bonafide,train/attack/digital_1/huawei/turkiye-126_03.jpg,90c4ae62d7b48bbd5db0c4cbe6c939885b283063c823ebab1761c80bf9954bb6,train/bonafide/huawei/turkiye-126_03.jpg,13d753aba33f9f10d13bb55b713a8d24fd233ab35484886609286335c746a1f4,"(3217, 1975)","(416, 256)",0.9183211326599121,0.9788817167282104,0.06056058406829834,0.40896570682525635,0.21142297983169556,0.1975427269935608
turkiye-126_03,huawei,digital_2_vs_bonafide,digital_2,bonafide,train/attack/digital_2/huawei/turkiye-126_03.jpg,80f6623983c122895ea4c7916b51424dc23d1b211409aa8e23c5b4bdd8772f39,train/bonafide/huawei/turkiye-126_03.jpg,13d753aba33f9f10d13bb55b713a8d24fd233ab35484886609286335c746a1f4,"(3217, 1975)","(416, 256)",0.9356696605682373,0.984474778175354,0.0488051176071167,0.3654830753803253,0.1852615624666214,0.18022151291370392
turkiye-126_03,huawei,digital_1_vs_digital_2,digital_1,digital_2,train/attack/digital_1/huawei/turkiye-126_03.jpg,90c4ae62d7b48bbd5db0c4cbe6c939885b283063c823ebab1761c80bf9954bb6,train/attack/digital_2/huawei/turkiye-126_03.jpg,80f6623983c122895ea4c7916b51424dc23d1b211409aa8e23c5b4bdd8772f39,"(3217, 1975)","(416, 256)",0.9685907959938049,0.9937601089477539,0.025169312953948975,0.2507477104663849,0.11196665465831757,0.13878105580806732
turkiye-126_03,iphone15pro,digital_1_vs_bonafide,digital_1,bonafide,train/attack/digital_1/iphone15pro/turkiye-126_03.jpg,0e08aa5ccc3a6226e5f330a5f5c312f44f2600b77eb29191b5240af56904eee5,train/bonafide/iphone15pro/turkiye-126_03.jpg,63a9c9cdbfafa9bb9d785a28261a23002964a01d900d04f085f19ce6f3d1b872,"(2824, 1804)","(400, 256)",0.9442172646522522,0.9856805801391602,0.04146331548690796,0.3440878987312317,0.17772014439105988,0.16636775434017181
turkiye-126_03,iphone15pro,digital_2_vs_bonafide,digital_2,bonafide,train/attack/digital_2/iphone15pro/turkiye-126_03.jpg,3215d1414083296c1a6acddfbb437bd163b74daa1c35d336039e40db9659a2e5,train/bonafide/iphone15pro/turkiye-126_03.jpg,63a9c9cdbfafa9bb9d785a28261a23002964a01d900d04f085f19ce6f3d1b872,"(2824, 1804)","(400, 256)",0.9358361959457397,0.9838626980781555,0.04802650213241577,0.3667314052581787,0.18889418244361877,0.17783722281455994
turkiye-126_03,iphone15pro,digital_1_vs_digital_2,digital_1,digital_2,train/attack/digital_1/iphone15pro/turkiye-126_03.jpg,0e08aa5ccc3a6226e5f330a5f5c312f44f2600b77eb29191b5240af56904eee5,train/attack/digital_2/iphone15pro/turkiye-126_03.jpg,3215d1414083296c1a6acddfbb437bd163b74daa1c35d336039e40db9659a2e5,"(2824, 1804)","(400, 256)",0.9518606066703796,0.9900320172309875,0.03817141056060791,0.31031373143196106,0.1412554830312729,0.16905824840068817
turkiye-126_03,scan,digital_1_vs_bonafide,digital_1,bonafide,train/attack/digital_1/scan/turkiye-126_03.jpg,2e41361aff60a31ee5c6b7e831e8ffd102125e53b13bf6228bfda51778280bfc,train/bonafide/scan/turkiye-126_03.jpg,4e8458f38ec7e9a28104e8d7cc539f052e6fe75ac6e0ab129a38b92fc4e42707,"(1992, 1247)","(408, 256)",0.9195244312286377,0.9803277850151062,0.060803353786468506,0.417014479637146,0.2182113081216812,0.19880317151546478
turkiye-126_03,scan,digital_2_vs_bonafide,digital_2,bonafide,train/attack/digital_2/scan/turkiye-126_03.jpg,b3520d0e0c6ee1ef31439365cf982a43edf552cd8bb81d6227c9d3b424811394,train/bonafide/scan/turkiye-126_03.jpg,4e8458f38ec7e9a28104e8d7cc539f052e6fe75ac6e0ab129a38b92fc4e42707,"(1992, 1247)","(408, 256)",0.8933844566345215,0.9755083322525024,0.08212387561798096,0.4746776521205902,0.2384311854839325,0.23624646663665771
turkiye-126_03,scan,digital_1_vs_digital_2,digital_1,digital_2,train/attack/digital_1/scan/turkiye-126_03.jpg,2e41361aff60a31ee5c6b7e831e8ffd102125e53b13bf6228bfda51778280bfc,train/attack/digital_2/scan/turkiye-126_03.jpg,b3520d0e0c6ee1ef31439365cf982a43edf552cd8bb81d6227c9d3b424811394,"(1992, 1247)","(408, 256)",0.9735572934150696,0.9943049550056458,0.020747661590576172,0.22998996078968048,0.10674737393856049,0.12324258685112
turkiye-127_03,huawei,digital_1_vs_bonafide,digital_1,bonafide,train/attack/digital_1/huawei/turkiye-127_03.jpg,3ae4548c330c790b0dc005a05b05be243a0ff4c8f90ad3006af3198d30aedd1f,train/bonafide/huawei/turkiye-127_03.jpg,4e879f1832d7332eecc2434841abefe102aa23f1ace03bbd1bab9799bfa6389a,"(3209, 1986)","(413, 256)",0.9750845432281494,0.9945722818374634,0.019487738609313965,0.22334705293178558,0.10463538020849228,0.1187116727232933
turkiye-127_03,huawei,digital_2_vs_bonafide,digital_2,bonafide,train/attack/digital_2/huawei/turkiye-127_03.jpg,43d0c6b1a445c3d7d5e5abae60e90a1626691f8bf9fd29e48006287d805fbcfc,train/bonafide/huawei/turkiye-127_03.jpg,4e879f1832d7332eecc2434841abefe102aa23f1ace03bbd1bab9799bfa6389a,"(3209, 1986)","(413, 256)",0.9782178401947021,0.9955052137374878,0.017287373542785645,0.21260467171669006,0.10003479570150375,0.11256987601518631
turkiye-127_03,huawei,digital_1_vs_digital_2,digital_1,digital_2,train/attack/digital_1/huawei/turkiye-127_03.jpg,3ae4548c330c790b0dc005a05b05be243a0ff4c8f90ad3006af3198d30aedd1f,train/attack/digital_2/huawei/turkiye-127_03.jpg,43d0c6b1a445c3d7d5e5abae60e90a1626691f8bf9fd29e48006287d805fbcfc,"(3209, 1986)","(413, 256)",0.9819629788398743,0.9967332482337952,0.014770269393920898,0.19584818184375763,0.09088577330112457,0.10496240854263306
turkiye-127_03,iphone15pro,digital_1_vs_bonafide,digital_1,bonafide,train/attack/digital_1/iphone15pro/turkiye-127_03.jpg,77dc5e5a61e24dd2943e406f00205cabfad2f6036e25d45f348c4075fc37b695,train/bonafide/iphone15pro/turkiye-127_03.jpg,40dd1cbc82be47210d620e932b1b2b7be4a5746bdc61693d9d37e65b633db225,"(2804, 1786)","(401, 256)",0.9553910493850708,0.9893901348114014,0.033999085426330566,0.29913845658302307,0.14579463005065918,0.1533438265323639
turkiye-127_03,iphone15pro,digital_2_vs_bonafide,digital_2,bonafide,train/attack/digital_2/iphone15pro/turkiye-127_03.jpg,f94e064f79165916bae2225c76c327823520696b6ee9a12222dbf8058719aeb1,train/bonafide/iphone15pro/turkiye-127_03.jpg,40dd1cbc82be47210d620e932b1b2b7be4a5746bdc61693d9d37e65b633db225,"(2804, 1786)","(401, 256)",0.9568454027175903,0.9901434183120728,0.03329801559448242,0.2957306206226349,0.14189863204956055,0.15383198857307434
turkiye-127_03,iphone15pro,digital_1_vs_digital_2,digital_1,digital_2,train/attack/digital_1/iphone15pro/turkiye-127_03.jpg,77dc5e5a61e24dd2943e406f00205cabfad2f6036e25d45f348c4075fc37b695,train/attack/digital_2/iphone15pro/turkiye-127_03.jpg,f94e064f79165916bae2225c76c327823520696b6ee9a12222dbf8058719aeb1,"(2804, 1786)","(401, 256)",0.9775702953338623,0.9945830702781677,0.01701277494430542,0.21253496408462524,0.10509248077869415,0.10744248330593109
turkiye-127_03,scan,digital_1_vs_bonafide,digital_1,bonafide,train/attack/digital_1/scan/turkiye-127_03.jpg,a7ad1488fb6b69549a910b620d0341be10ca5fe971c7925166a6cc6c4a259d11,train/bonafide/scan/turkiye-127_03.jpg,275bee63bc5bcef1b2bb3db5df7640d75033ec3cf672ed61820ebbdeb093c9e2,"(1994, 1246)","(409, 256)",0.979878306388855,0.99556565284729,0.01568734645843506,0.20065762102603912,0.09450454264879227,0.10615307837724686
turkiye-127_03,scan,digital_2_vs_bonafide,digital_2,bonafide,train/attack/digital_2/scan/turkiye-127_03.jpg,f17edce3901bdfe5803cf1a0b4491367a448bc943b42a3951c8f046c0d872c59,train/bonafide/scan/turkiye-127_03.jpg,275bee63bc5bcef1b2bb3db5df7640d75033ec3cf672ed61820ebbdeb093c9e2,"(1994, 1246)","(409, 256)",0.9720475673675537,0.9943729639053345,0.02232539653778076,0.23856864869594574,0.1098615750670433,0.12870707362890244
turkiye-127_03,scan,digital_1_vs_digital_2,digital_1,digital_2,train/attack/digital_1/scan/turkiye-127_03.jpg,a7ad1488fb6b69549a910b620d0341be10ca5fe971c7925166a6cc6c4a259d11,train/attack/digital_2/scan/turkiye-127_03.jpg,f17edce3901bdfe5803cf1a0b4491367a448bc943b42a3951c8f046c0d872c59,"(1994, 1246)","(409, 256)",0.9720005989074707,0.9939738512039185,0.021973252296447754,0.23820935189723969,0.11171231418848038,0.1264970377087593
turkiye-129_03,huawei,digital_1_vs_bonafide,digital_1,bonafide,train/attack/digital_1/huawei/turkiye-129_03.jpg,1a5de75fe214fa3ea3ab425e04b6c5312bbf1a0f8d3c76d144eb57ce5ba61c2e,train/bonafide/huawei/turkiye-129_03.jpg,25fff88136a97d5ab65d88752ad512dbecc3efcadf932465580a6ce217207a32,"(3202, 1972)","(415, 256)",0.9683800935745239,0.9922560453414917,0.023875951766967773,0.25260406732559204,0.12652897834777832,0.12607508897781372
turkiye-129_03,huawei,digital_2_vs_bonafide,digital_2,bonafide,train/attack/digital_2/huawei/turkiye-129_03.jpg,b0d87b4a847a6c5906dc07cc90de50cf92cbde3f3adfc07e9e6ca208d9b87eaa,train/bonafide/huawei/turkiye-129_03.jpg,25fff88136a97d5ab65d88752ad512dbecc3efcadf932465580a6ce217207a32,"(3202, 1972)","(415, 256)",0.9775432348251343,0.9945276975631714,0.01698446273803711,0.2121095210313797,0.10494112968444824,0.10716839134693146
turkiye-129_03,huawei,digital_1_vs_digital_2,digital_1,digital_2,train/attack/digital_1/huawei/turkiye-129_03.jpg,1a5de75fe214fa3ea3ab425e04b6c5312bbf1a0f8d3c76d144eb57ce5ba61c2e,train/attack/digital_2/huawei/turkiye-129_03.jpg,b0d87b4a847a6c5906dc07cc90de50cf92cbde3f3adfc07e9e6ca208d9b87eaa,"(3202, 1972)","(415, 256)",0.9850910305976868,0.996694803237915,0.011603772640228271,0.17334407567977905,0.08260653167963028,0.09073754400014877
turkiye-129_03,iphone15pro,digital_1_vs_bonafide,digital_1,bonafide,train/attack/digital_1/iphone15pro/turkiye-129_03.jpg,33c51a35571ea939d07c1da0234eff7b372f71f67730a4128bce1366929ebe16,train/bonafide/iphone15pro/turkiye-129_03.jpg,566caff064eaf1ec66ba1ea1f486aeae481a22c5f5d88e713bc786dce1edcd09,"(2852, 1780)","(410, 256)",0.9466170072555542,0.9850239753723145,0.038406968116760254,0.32965007424354553,0.17572340369224548,0.15392667055130005
turkiye-129_03,iphone15pro,digital_2_vs_bonafide,digital_2,bonafide,train/attack/digital_2/iphone15pro/turkiye-129_03.jpg,da40b1bbe6428c72ee16866bf7654e63bdfd5570ef4eacfa6df81071a8d33ebf,train/bonafide/iphone15pro/turkiye-129_03.jpg,566caff064eaf1ec66ba1ea1f486aeae481a22c5f5d88e713bc786dce1edcd09,"(2852, 1780)","(410, 256)",0.9433791637420654,0.9850064516067505,0.04162728786468506,0.3385121524333954,0.1742284744977951,0.16428367793560028
turkiye-129_03,iphone15pro,digital_1_vs_digital_2,digital_1,digital_2,train/attack/digital_1/iphone15pro/turkiye-129_03.jpg,33c51a35571ea939d07c1da0234eff7b372f71f67730a4128bce1366929ebe16,train/attack/digital_2/iphone15pro/turkiye-129_03.jpg,da40b1bbe6428c72ee16866bf7654e63bdfd5570ef4eacfa6df81071a8d33ebf,"(2852, 1780)","(410, 256)",0.9802153706550598,0.9964065551757812,0.016191184520721436,0.1990409940481186,0.08552290499210358,0.11351808905601501
turkiye-129_03,scan,digital_1_vs_bonafide,digital_1,bonafide,train/attack/digital_1/scan/turkiye-129_03.jpg,bca5a19ce60871675d1eaf1cd49b3f12a8c6673ec01ae9b754a2db106d71d33b,train/bonafide/scan/turkiye-129_03.jpg,325df0af304eb57173da399a1f5952458319f85882efa9fa53bd0597dfa54e17,"(1996, 1250)","(408, 256)",0.9704726934432983,0.9927286505699158,0.02225595712661743,0.24413429200649261,0.12162435054779053,0.12250994145870209
turkiye-129_03,scan,digital_2_vs_bonafide,digital_2,bonafide,train/attack/digital_2/scan/turkiye-129_03.jpg,c470a9750258ba438ff85f071faa79d872e5b6f3b77f9e0c9b108ee178c3e4e2,train/bonafide/scan/turkiye-129_03.jpg,325df0af304eb57173da399a1f5952458319f85882efa9fa53bd0597dfa54e17,"(1996, 1250)","(408, 256)",0.9557220339775085,0.9886614084243774,0.032939374446868896,0.2990466058254242,0.15224593877792358,0.1468006670475006
turkiye-129_03,scan,digital_1_vs_digital_2,digital_1,digital_2,train/attack/digital_1/scan/turkiye-129_03.jpg,bca5a19ce60871675d1eaf1cd49b3f12a8c6673ec01ae9b754a2db106d71d33b,train/attack/digital_2/scan/turkiye-129_03.jpg,c470a9750258ba438ff85f071faa79d872e5b6f3b77f9e0c9b108ee178c3e4e2,"(1996, 1250)","(408, 256)",0.9816522002220154,0.9964579939842224,0.014805793762207031,0.19166424870491028,0.08442655205726624,0.10723769664764404
turkiye-130_03,huawei,digital_1_vs_bonafide,digital_1,bonafide,train/attack/digital_1/huawei/turkiye-130_03.jpg,22f373635c0094606671cb8088961ecdbb875dc4a4a91f3eb283ecf0224708a0,train/bonafide/huawei/turkiye-130_03.jpg,cab6442df0ed192a91af5725392780d2f1d3d41d3d333b130a52024401b34347,"(3198, 1975)","(414, 256)",0.9800029397010803,0.9953088760375977,0.015305936336517334,0.20063649117946625,0.0991687923669815,0.10146769881248474
turkiye-130_03,huawei,digital_2_vs_bonafide,digital_2,bonafide,train/attack/digital_2/huawei/turkiye-130_03.jpg,e016d949fe2e584e32690494c49ef857669fb2e7501a162a3ef5f74eaa06516e,train/bonafide/huawei/turkiye-130_03.jpg,cab6442df0ed192a91af5725392780d2f1d3d41d3d333b130a52024401b34347,"(3198, 1975)","(414, 256)",0.9858440160751343,0.9972347021102905,0.01139068603515625,0.1684548705816269,0.07489976286888123,0.09355510771274567
turkiye-130_03,huawei,digital_1_vs_digital_2,digital_1,digital_2,train/attack/digital_1/huawei/turkiye-130_03.jpg,22f373635c0094606671cb8088961ecdbb875dc4a4a91f3eb283ecf0224708a0,train/attack/digital_2/huawei/turkiye-130_03.jpg,e016d949fe2e584e32690494c49ef857669fb2e7501a162a3ef5f74eaa06516e,"(3198, 1975)","(414, 256)",0.9920380711555481,0.998223066329956,0.006184995174407959,0.1264505535364151,0.060881733894348145,0.06556881964206696
turkiye-130_03,iphone15pro,digital_1_vs_bonafide,digital_1,bonafide,train/attack/digital_1/iphone15pro/turkiye-130_03.jpg,59963ff22593b6086ffcdaa9e72dc9806c6faa401f2b4f9192f50c80916d3d8f,train/bonafide/iphone15pro/turkiye-130_03.jpg,16837fbdc2f26f5f025988cc3eb396b3f95bd486f91a459acd256ae9b13dd6d7,"(2828, 1795)","(403, 256)",0.9767608642578125,0.9945508241653442,0.01778995990753174,0.2157757580280304,0.1045532375574112,0.1112225204706192
turkiye-130_03,iphone15pro,digital_2_vs_bonafide,digital_2,bonafide,train/attack/digital_2/iphone15pro/turkiye-130_03.jpg,90401b7c3fd52d08074b686e8bbcd32cdeaa37180081ac224a50d1cdf16727d2,train/bonafide/iphone15pro/turkiye-130_03.jpg,16837fbdc2f26f5f025988cc3eb396b3f95bd486f91a459acd256ae9b13dd6d7,"(2828, 1795)","(403, 256)",0.9756554365158081,0.9940381050109863,0.018382668495178223,0.2218857854604721,0.11055337637662888,0.11133240908384323
turkiye-130_03,iphone15pro,digital_1_vs_digital_2,digital_1,digital_2,train/attack/digital_1/iphone15pro/turkiye-130_03.jpg,59963ff22593b6086ffcdaa9e72dc9806c6faa401f2b4f9192f50c80916d3d8f,train/attack/digital_2/iphone15pro/turkiye-130_03.jpg,90401b7c3fd52d08074b686e8bbcd32cdeaa37180081ac224a50d1cdf16727d2,"(2828, 1795)","(403, 256)",0.9875200390815735,0.9974780082702637,0.009957969188690186,0.15864044427871704,0.07194804400205612,0.08669240027666092
turkiye-130_03,scan,digital_1_vs_bonafide,digital_1,bonafide,train/attack/digital_1/scan/turkiye-130_03.jpg,96cb2d6dc4b69db1608ebe617fb3577efb390530add528ee5ec560a8a38a86d6,train/bonafide/scan/turkiye-130_03.jpg,131d5bcc14163c8c92b05c433891abb296dfeb1b4b7bfd6931a100008f3922da,"(1996, 1248)","(409, 256)",0.978717565536499,0.9946132898330688,0.015895724296569824,0.20720116794109344,0.10727003961801529,0.09993112832307816
turkiye-130_03,scan,digital_2_vs_bonafide,digital_2,bonafide,train/attack/digital_2/scan/turkiye-130_03.jpg,3a05ded8118264ae0057f69f3bcc12962daab72bb7bcbd70ac58fe3fde12b260,train/bonafide/scan/turkiye-130_03.jpg,131d5bcc14163c8c92b05c433891abb296dfeb1b4b7bfd6931a100008f3922da,"(1996, 1248)","(409, 256)",0.9791125059127808,0.9947348833084106,0.015622377395629883,0.20565763115882874,0.10649216920137405,0.09916546195745468
turkiye-130_03,scan,digital_1_vs_digital_2,digital_1,digital_2,train/attack/digital_1/scan/turkiye-130_03.jpg,96cb2d6dc4b69db1608ebe617fb3577efb390530add528ee5ec560a8a38a86d6,train/attack/digital_2/scan/turkiye-130_03.jpg,3a05ded8118264ae0057f69f3bcc12962daab72bb7bcbd70ac58fe3fde12b260,"(1996, 1248)","(409, 256)",0.9895537495613098,0.9977935552597046,0.008239805698394775,0.1445883810520172,0.06644365191459656,0.07814472913742065
turkiye-138_03,huawei,digital_1_vs_bonafide,digital_1,bonafide,train/attack/digital_1/huawei/turkiye-138_03.jpg,7950300c15bd52519185eaad6bd792c69c68f5f409f9a312f119cb9899063aa7,train/bonafide/huawei/turkiye-138_03.jpg,27318f590c74e8900d744d81775a0a330adc366fb580553bbaac28d04fff09a2,"(3039, 1892)","(411, 256)",0.9832635521888733,0.996016800403595,0.01275324821472168,0.18300610780715942,0.08925499022006989,0.09375111758708954
turkiye-138_03,huawei,digital_2_vs_bonafide,digital_2,bonafide,train/attack/digital_2/huawei/turkiye-138_03.jpg,fd151feadd3913d0e900f00e2b24e1845fb2250bf927cbe998c80b55d606d44c,train/bonafide/huawei/turkiye-138_03.jpg,27318f590c74e8900d744d81775a0a330adc366fb580553bbaac28d04fff09a2,"(3039, 1892)","(411, 256)",0.981359601020813,0.995522141456604,0.014162540435791016,0.19437691569328308,0.09588948637247086,0.09848742932081223
turkiye-138_03,huawei,digital_1_vs_digital_2,digital_1,digital_2,train/attack/digital_1/huawei/turkiye-138_03.jpg,7950300c15bd52519185eaad6bd792c69c68f5f409f9a312f119cb9899063aa7,train/attack/digital_2/huawei/turkiye-138_03.jpg,fd151feadd3913d0e900f00e2b24e1845fb2250bf927cbe998c80b55d606d44c,"(3039, 1892)","(411, 256)",0.9887574911117554,0.9978963136672974,0.009138822555541992,0.15104778110980988,0.06675368547439575,0.08429409563541412
turkiye-138_03,iphone15pro,digital_1_vs_bonafide,digital_1,bonafide,train/attack/digital_1/iphone15pro/turkiye-138_03.jpg,042a858dc82da2cd0529761f3136f083007ecef3553f9c5a128802e31e0e1155,train/bonafide/iphone15pro/turkiye-138_03.jpg,78fb777f84a71d68af3e84ecc9eb500d1272881b20e4705c3ca24d2bc066b163,"(2642, 1616)","(418, 256)",0.978310227394104,0.9957319498062134,0.017421722412109375,0.2082938700914383,0.09303779900074005,0.11525607109069824
turkiye-138_03,iphone15pro,digital_2_vs_bonafide,digital_2,bonafide,train/attack/digital_2/iphone15pro/turkiye-138_03.jpg,17c4c4ed305a7fa28a6092f4fde1a1edd459a624c66c687e075e17f2157b49be,train/bonafide/iphone15pro/turkiye-138_03.jpg,78fb777f84a71d68af3e84ecc9eb500d1272881b20e4705c3ca24d2bc066b163,"(2642, 1616)","(418, 256)",0.9793276786804199,0.9955454468727112,0.01621776819229126,0.20336757600307465,0.09513762593269348,0.10822995007038116
turkiye-138_03,iphone15pro,digital_1_vs_digital_2,digital_1,digital_2,train/attack/digital_1/iphone15pro/turkiye-138_03.jpg,042a858dc82da2cd0529761f3136f083007ecef3553f9c5a128802e31e0e1155,train/attack/digital_2/iphone15pro/turkiye-138_03.jpg,17c4c4ed305a7fa28a6092f4fde1a1edd459a624c66c687e075e17f2157b49be,"(2642, 1616)","(418, 256)",0.9871533513069153,0.9972901344299316,0.010136783123016357,0.1602950245141983,0.07362540066242218,0.08666962385177612
turkiye-138_03,scan,digital_1_vs_bonafide,digital_1,bonafide,train/attack/digital_1/scan/turkiye-138_03.jpg,7e629a51ac61535388ecb9b951bb70c537b0e6a5a0ce9d8829aa3fc1ddbc5950,train/bonafide/scan/turkiye-138_03.jpg,40725747024026f96ef10effc83d677b654e162593aaf069a2d502700b9684d8,"(1995, 1250)","(408, 256)",0.984238862991333,0.996794581413269,0.012555718421936035,0.17756879329681396,0.08016014844179153,0.09740864485502243
turkiye-138_03,scan,digital_2_vs_bonafide,digital_2,bonafide,train/attack/digital_2/scan/turkiye-138_03.jpg,f2a5d4356c890e5907e808cbe93e6f82284d96ec70c70dd93a22f3fb40867180,train/bonafide/scan/turkiye-138_03.jpg,40725747024026f96ef10effc83d677b654e162593aaf069a2d502700b9684d8,"(1995, 1250)","(408, 256)",0.978778600692749,0.9954436421394348,0.01666504144668579,0.2065419852733612,0.0972663089632988,0.10927567631006241
turkiye-138_03,scan,digital_1_vs_digital_2,digital_1,digital_2,train/attack/digital_1/scan/turkiye-138_03.jpg,7e629a51ac61535388ecb9b951bb70c537b0e6a5a0ce9d8829aa3fc1ddbc5950,train/attack/digital_2/scan/turkiye-138_03.jpg,f2a5d4356c890e5907e808cbe93e6f82284d96ec70c70dd93a22f3fb40867180,"(1995, 1250)","(408, 256)",0.986478865146637,0.9975866079330444,0.01110774278640747,0.16539257764816284,0.07303503900766373,0.09235753864049911
turkiye-NF-1008,huawei,digital_1_vs_bonafide,digital_1,bonafide,train/attack/digital_1/huawei/turkiye-NF-1008.jpg,1a43b0fc91c7ca8186f080137f54c7399c257e54ad7519d446ffa16f2654f13c,train/bonafide/huawei/turkiye-NF-1008.jpg,eacbcfedd852b2891db67f30a5f22b1fe1fc72a943654302f120a09f99e29284,"(3047, 1899)","(410, 256)",0.9476343393325806,0.9884985685348511,0.04086422920227051,0.3236914873123169,0.15208525955677032,0.17160622775554657
turkiye-NF-1008,huawei,digital_2_vs_bonafide,digital_2,bonafide,train/attack/digital_2/huawei/turkiye-NF-1008.jpg,3486068ad4398f0d7a037c84c0cb899039748ea23e97f39f133d29c9624b753d,train/bonafide/huawei/turkiye-NF-1008.jpg,eacbcfedd852b2891db67f30a5f22b1fe1fc72a943654302f120a09f99e29284,"(3047, 1899)","(410, 256)",0.9679755568504333,0.9929836988449097,0.02500814199447632,0.2533195912837982,0.11845915764570236,0.13486043363809586
turkiye-NF-1008,huawei,digital_1_vs_digital_2,digital_1,digital_2,train/attack/digital_1/huawei/turkiye-NF-1008.jpg,1a43b0fc91c7ca8186f080137f54c7399c257e54ad7519d446ffa16f2654f13c,train/attack/digital_2/huawei/turkiye-NF-1008.jpg,3486068ad4398f0d7a037c84c0cb899039748ea23e97f39f133d29c9624b753d,"(3047, 1899)","(410, 256)",0.9519649744033813,0.9882538914680481,0.03628891706466675,0.30998075008392334,0.1536901593208313,0.15629059076309204
turkiye-NF-1008,iphone15pro,digital_1_vs_bonafide,digital_1,bonafide,train/attack/digital_1/iphone15pro/turkiye-NF-1008.jpg,21353490eefa45c82e82fcda626c50f38c503ea98a395f1081fbe153fa4545bf,train/bonafide/iphone15pro/turkiye-NF-1008.jpg,3ff44d41a35c42e5ed83379ede4b01105ea48520332a64d50566d3b6a6cf445f,"(2641, 1611)","(419, 256)",0.9484207630157471,0.9891586303710938,0.04073786735534668,0.32244250178337097,0.1504589170217514,0.17198358476161957
turkiye-NF-1008,iphone15pro,digital_2_vs_bonafide,digital_2,bonafide,train/attack/digital_2/iphone15pro/turkiye-NF-1008.jpg,321bf3343508728f0f167c1560e08a762ab06b5f129d3fbbe3b5a597e3ecacf7,train/bonafide/iphone15pro/turkiye-NF-1008.jpg,3ff44d41a35c42e5ed83379ede4b01105ea48520332a64d50566d3b6a6cf445f,"(2641, 1611)","(419, 256)",0.9565337300300598,0.9911326766014099,0.0345989465713501,0.29485970735549927,0.13332679867744446,0.1615329086780548
turkiye-NF-1008,iphone15pro,digital_1_vs_digital_2,digital_1,digital_2,train/attack/digital_1/iphone15pro/turkiye-NF-1008.jpg,21353490eefa45c82e82fcda626c50f38c503ea98a395f1081fbe153fa4545bf,train/attack/digital_2/iphone15pro/turkiye-NF-1008.jpg,321bf3343508728f0f167c1560e08a762ab06b5f129d3fbbe3b5a597e3ecacf7,"(2641, 1611)","(419, 256)",0.9547146558761597,0.9887200593948364,0.03400540351867676,0.3026064932346344,0.15476812422275543,0.14783836901187897
turkiye-NF-1008,scan,digital_1_vs_bonafide,digital_1,bonafide,train/attack/digital_1/scan/turkiye-NF-1008.jpg,274a688d758d11cdea9404c79a480fa59fd1f15832b33274bec3dad2f38743c6,train/bonafide/scan/turkiye-NF-1008.jpg,b27bb902651034785cce11b96a65b0d3cf7b0e0f694f2946026047fb211e68fe,"(1997, 1248)","(409, 256)",0.959587574005127,0.9917932152748108,0.03220564126968384,0.28445008397102356,0.12914228439331055,0.155307799577713
turkiye-NF-1008,scan,digital_2_vs_bonafide,digital_2,bonafide,train/attack/digital_2/scan/turkiye-NF-1008.jpg,8ca210f59447ed4fb0fabacd8b75f17052f1a5eefdd7fcc5f645992a8e7498ad,train/bonafide/scan/turkiye-NF-1008.jpg,b27bb902651034785cce11b96a65b0d3cf7b0e0f694f2946026047fb211e68fe,"(1997, 1248)","(409, 256)",0.9706043601036072,0.9934200644493103,0.022815704345703125,0.24468551576137543,0.1182427629828453,0.12644275277853012
turkiye-NF-1008,scan,digital_1_vs_digital_2,digital_1,digital_2,train/attack/digital_1/scan/turkiye-NF-1008.jpg,274a688d758d11cdea9404c79a480fa59fd1f15832b33274bec3dad2f38743c6,train/attack/digital_2/scan/turkiye-NF-1008.jpg,8ca210f59447ed4fb0fabacd8b75f17052f1a5eefdd7fcc5f645992a8e7498ad,"(1997, 1248)","(409, 256)",0.9550507068634033,0.9901523590087891,0.03510165214538574,0.3007429242134094,0.1408853679895401,0.15985755622386932
turkiye-NF-1054,huawei,digital_1_vs_bonafide,digital_1,bonafide,train/attack/digital_1/huawei/turkiye-NF-1054.jpg,d1a180167589c1619e9d9a2e001c41b263e20bf32f32bb613be475a9f6729a08,train/bonafide/huawei/turkiye-NF-1054.jpg,f72418b0bd89e7974b61781e723f2dce308069eafab30efdf50a04bfa8761f94,"(3039, 1880)","(413, 256)",0.9442692995071411,0.9852972030639648,0.04102790355682373,0.33405062556266785,0.17148864269256592,0.16256198287010193
turkiye-NF-1054,huawei,digital_2_vs_bonafide,digital_2,bonafide,train/attack/digital_2/huawei/turkiye-NF-1054.jpg,71200b1a90b70e8d9ff3b945c825398267458869c939541b76ff9fac3c0de404,train/bonafide/huawei/turkiye-NF-1054.jpg,f72418b0bd89e7974b61781e723f2dce308069eafab30efdf50a04bfa8761f94,"(3039, 1880)","(413, 256)",0.9605126976966858,0.9908124208450317,0.030299723148345947,0.2861945331096649,0.14024943113327026,0.14594510197639465
turkiye-NF-1054,huawei,digital_1_vs_digital_2,digital_1,digital_2,train/attack/digital_1/huawei/turkiye-NF-1054.jpg,d1a180167589c1619e9d9a2e001c41b263e20bf32f32bb613be475a9f6729a08,train/attack/digital_2/huawei/turkiye-NF-1054.jpg,71200b1a90b70e8d9ff3b945c825398267458869c939541b76ff9fac3c0de404,"(3039, 1880)","(413, 256)",0.9675030708312988,0.9917591214179993,0.02425605058670044,0.2585165202617645,0.13378992676734924,0.12472659349441528
turkiye-NF-1054,iphone15pro,digital_1_vs_bonafide,digital_1,bonafide,train/attack/digital_1/iphone15pro/turkiye-NF-1054.jpg,80858c7ade769f1c9fc6faf3470dc177d05aca228d1d1fa676726d7f9a79389e,train/bonafide/iphone15pro/turkiye-NF-1054.jpg,3192c399eee2e3c71cf4c5119e48d95ff0bc614bb9d9d89eeb87d89fe0a947fb,"(2630, 1611)","(417, 256)",0.9335318207740784,0.9804737567901611,0.046941936016082764,0.3648456335067749,0.1976519674062729,0.16719366610050201
turkiye-NF-1054,iphone15pro,digital_2_vs_bonafide,digital_2,bonafide,train/attack/digital_2/iphone15pro/turkiye-NF-1054.jpg,0801a73850e23d23551e60fe590974d7c8b566dd1b7a520cfb56514e34df3a61,train/bonafide/iphone15pro/turkiye-NF-1054.jpg,3192c399eee2e3c71cf4c5119e48d95ff0bc614bb9d9d89eeb87d89fe0a947fb,"(2630, 1611)","(417, 256)",0.9287809133529663,0.9809902906417847,0.05220937728881836,0.3824580907821655,0.19730377197265625,0.18515431880950928
turkiye-NF-1054,iphone15pro,digital_1_vs_digital_2,digital_1,digital_2,train/attack/digital_1/iphone15pro/turkiye-NF-1054.jpg,80858c7ade769f1c9fc6faf3470dc177d05aca228d1d1fa676726d7f9a79389e,train/attack/digital_2/iphone15pro/turkiye-NF-1054.jpg,0801a73850e23d23551e60fe590974d7c8b566dd1b7a520cfb56514e34df3a61,"(2630, 1611)","(417, 256)",0.9503675699234009,0.986507773399353,0.03614020347595215,0.3188454508781433,0.16772989928722382,0.1511155515909195
turkiye-NF-1054,scan,digital_1_vs_bonafide,digital_1,bonafide,train/attack/digital_1/scan/turkiye-NF-1054.jpg,f2efd6d886df5ab88ad95bf063b532c72ab5a61925261dfc2e27313982e3b0dd,train/bonafide/scan/turkiye-NF-1054.jpg,cc0be8884cbb72ae9562fff762708b890f8429c9bda23300a339ca8711089530,"(1993, 1250)","(408, 256)",0.9185749292373657,0.9768168926239014,0.058241963386535645,0.41015735268592834,0.21963189542293549,0.19052545726299286
turkiye-NF-1054,scan,digital_2_vs_bonafide,digital_2,bonafide,train/attack/digital_2/scan/turkiye-NF-1054.jpg,17cae3fd66eeb42fdb6011b9c1f5d91575fd28c3b78e155aee54a0d4d4514477,train/bonafide/scan/turkiye-NF-1054.jpg,cc0be8884cbb72ae9562fff762708b890f8429c9bda23300a339ca8711089530,"(1993, 1250)","(408, 256)",0.9335801601409912,0.9812615513801575,0.04768139123916626,0.37190088629722595,0.19740259647369385,0.1744982898235321
turkiye-NF-1054,scan,digital_1_vs_digital_2,digital_1,digital_2,train/attack/digital_1/scan/turkiye-NF-1054.jpg,f2efd6d886df5ab88ad95bf063b532c72ab5a61925261dfc2e27313982e3b0dd,train/attack/digital_2/scan/turkiye-NF-1054.jpg,17cae3fd66eeb42fdb6011b9c1f5d91575fd28c3b78e155aee54a0d4d4514477,"(1993, 1250)","(408, 256)",0.9490988254547119,0.9866228103637695,0.03752398490905762,0.3190652132034302,0.16363614797592163,0.15542906522750854
turkiye-NF-1103,huawei,digital_1_vs_bonafide,digital_1,bonafide,train/attack/digital_1/huawei/turkiye-NF-1103.jpg,72fd184efda9edfcbeb14cb81e058fe2f395d14753c9b406852674fc2791bcfb,train/bonafide/huawei/turkiye-NF-1103.jpg,7973318339d82dd95251eca2adbec5ceeb2e2990c382b7846c79af7d99187c63,"(3183, 1964)","(414, 256)",0.9594070315361023,0.9886845350265503,0.029277503490447998,0.2851068079471588,0.15081018209457397,0.13429662585258484
turkiye-NF-1103,huawei,digital_2_vs_bonafide,digital_2,bonafide,train/attack/digital_2/huawei/turkiye-NF-1103.jpg,4e479ef89389ad440f343454a560209d6854051f08df1ca82755b879e509e539,train/bonafide/huawei/turkiye-NF-1103.jpg,7973318339d82dd95251eca2adbec5ceeb2e2990c382b7846c79af7d99187c63,"(3183, 1964)","(414, 256)",0.970702052116394,0.9938572645187378,0.02315521240234375,0.2439582794904709,0.11690771579742432,0.12705056369304657
turkiye-NF-1103,huawei,digital_1_vs_digital_2,digital_1,digital_2,train/attack/digital_1/huawei/turkiye-NF-1103.jpg,72fd184efda9edfcbeb14cb81e058fe2f395d14753c9b406852674fc2791bcfb,train/attack/digital_2/huawei/turkiye-NF-1103.jpg,4e479ef89389ad440f343454a560209d6854051f08df1ca82755b879e509e539,"(3183, 1964)","(414, 256)",0.9480671882629395,0.9876701831817627,0.03960299491882324,0.32476842403411865,0.16412417590618134,0.16064424812793732
turkiye-NF-1103,iphone15pro,digital_1_vs_bonafide,digital_1,bonafide,train/attack/digital_1/iphone15pro/turkiye-NF-1103.jpg,feed548c60bc266aeb3868fb230bde5cc6430049b0e059fc7da751afd3365330,train/bonafide/iphone15pro/turkiye-NF-1103.jpg,2bb76af419e86ec44b0e4caaaa3b5ae06bf41a956cac76da3f3129ec847d8f92,"(2824, 1790)","(403, 256)",0.9582382440567017,0.9889093637466431,0.030671119689941406,0.28907543420791626,0.14897170662879944,0.14010372757911682
turkiye-NF-1103,iphone15pro,digital_2_vs_bonafide,digital_2,bonafide,train/attack/digital_2/iphone15pro/turkiye-NF-1103.jpg,52abd8c67ece53465b887b05f52ae7da99d6b243ef9ece7e34cd51acf76f3516,train/bonafide/iphone15pro/turkiye-NF-1103.jpg,2bb76af419e86ec44b0e4caaaa3b5ae06bf41a956cac76da3f3129ec847d8f92,"(2824, 1790)","(403, 256)",0.9597539901733398,0.9896656274795532,0.02991163730621338,0.2843295931816101,0.1456574648618698,0.1386721283197403
turkiye-NF-1103,iphone15pro,digital_1_vs_digital_2,digital_1,digital_2,train/attack/digital_1/iphone15pro/turkiye-NF-1103.jpg,feed548c60bc266aeb3868fb230bde5cc6430049b0e059fc7da751afd3365330,train/attack/digital_2/iphone15pro/turkiye-NF-1103.jpg,52abd8c67ece53465b887b05f52ae7da99d6b243ef9ece7e34cd51acf76f3516,"(2824, 1790)","(403, 256)",0.9474563002586365,0.9861534833908081,0.03869718313217163,0.32513970136642456,0.16761507093906403,0.15752463042736053
turkiye-NF-1103,scan,digital_1_vs_bonafide,digital_1,bonafide,train/attack/digital_1/scan/turkiye-NF-1103.jpg,324936c696f2721ceffda0c3c1aafa7b20d3b36d50851b22b3890557207e0b0f,train/bonafide/scan/turkiye-NF-1103.jpg,b4adcf1ad2f77b0bd92bc30f3d455c9a1e00d3e45c293274d78a5e23625af3d9,"(1997, 1251)","(408, 256)",0.9606479406356812,0.9895790219306946,0.028931081295013428,0.2807259261608124,0.14480383694171906,0.13592208921909332
turkiye-NF-1103,scan,digital_2_vs_bonafide,digital_2,bonafide,train/attack/digital_2/scan/turkiye-NF-1103.jpg,2d66544424104666c5e679622dd3d9c50377f13597c804b9ce4f1b62706d5bf4,train/bonafide/scan/turkiye-NF-1103.jpg,b4adcf1ad2f77b0bd92bc30f3d455c9a1e00d3e45c293274d78a5e23625af3d9,"(1997, 1251)","(408, 256)",0.9639338254928589,0.9910027980804443,0.02706897258758545,0.2715558111667633,0.141952246427536,0.1296035647392273
turkiye-NF-1103,scan,digital_1_vs_digital_2,digital_1,digital_2,train/attack/digital_1/scan/turkiye-NF-1103.jpg,324936c696f2721ceffda0c3c1aafa7b20d3b36d50851b22b3890557207e0b0f,train/attack/digital_2/scan/turkiye-NF-1103.jpg,2d66544424104666c5e679622dd3d9c50377f13597c804b9ce4f1b62706d5bf4,"(1997, 1251)","(408, 256)",0.9567806720733643,0.9891026020050049,0.032321929931640625,0.2955235540866852,0.15176282823085785,0.14376072585582733
turkiye-NM-1011,huawei,digital_1_vs_bonafide,digital_1,bonafide,train/attack/digital_1/huawei/turkiye-NM-1011.jpg,b967a112920ea75c60b6e8eaa170ce08cd9d74b38315353df3510d7e11f225f3,train/bonafide/huawei/turkiye-NM-1011.jpg,8c91ffe5577d5c3c11dd77d3a9976af935804fdb9d842dccf39252a29407df03,"(3049, 1894)","(412, 256)",0.9486942291259766,0.9882333874702454,0.0395391583442688,0.32595914602279663,0.1564290076494217,0.16953013837337494
turkiye-NM-1011,huawei,digital_2_vs_bonafide,digital_2,bonafide,train/attack/digital_2/huawei/turkiye-NM-1011.jpg,8e803c66dceeffb5c1a6ad41d7d9bb8cce813678c8d66c4d2199bb86c9c5b1d3,train/bonafide/huawei/turkiye-NM-1011.jpg,8c91ffe5577d5c3c11dd77d3a9976af935804fdb9d842dccf39252a29407df03,"(3049, 1894)","(412, 256)",0.9688683748245239,0.9915436506271362,0.022675275802612305,0.2542021870613098,0.13309597969055176,0.12110620737075806
turkiye-NM-1011,huawei,digital_1_vs_digital_2,digital_1,digital_2,train/attack/digital_1/huawei/turkiye-NM-1011.jpg,b967a112920ea75c60b6e8eaa170ce08cd9d74b38315353df3510d7e11f225f3,train/attack/digital_2/huawei/turkiye-NM-1011.jpg,8e803c66dceeffb5c1a6ad41d7d9bb8cce813678c8d66c4d2199bb86c9c5b1d3,"(3049, 1894)","(412, 256)",0.9607570171356201,0.9909964203834534,0.030239403247833252,0.28041353821754456,0.134211003780365,0.14620253443717957
turkiye-NM-1011,iphone15pro,digital_1_vs_bonafide,digital_1,bonafide,train/attack/digital_1/iphone15pro/turkiye-NM-1011.jpg,d395cf6dcf0b1af10c03966a42deefed04905e21eda47f4066c57cbe50b090b7,train/bonafide/iphone15pro/turkiye-NM-1011.jpg,ff1333b126f6b9c87b427c92305a04dcec6a3e7d8e5229723bb4cadfb8baa8d9,"(2634, 1605)","(420, 256)",0.9280115365982056,0.9818949699401855,0.05388343334197998,0.3889291286468506,0.19582219421863556,0.19310693442821503
turkiye-NM-1011,iphone15pro,digital_2_vs_bonafide,digital_2,bonafide,train/attack/digital_2/iphone15pro/turkiye-NM-1011.jpg,179562ef7089e0920a4f971de9a568c60fd12280db78ab34907f558a49239739,train/bonafide/iphone15pro/turkiye-NM-1011.jpg,ff1333b126f6b9c87b427c92305a04dcec6a3e7d8e5229723bb4cadfb8baa8d9,"(2634, 1605)","(420, 256)",0.9528695344924927,0.9871507287025452,0.03428119421005249,0.3174189627170563,0.16844502091407776,0.14897394180297852
turkiye-NM-1011,iphone15pro,digital_1_vs_digital_2,digital_1,digital_2,train/attack/digital_1/iphone15pro/turkiye-NM-1011.jpg,d395cf6dcf0b1af10c03966a42deefed04905e21eda47f4066c57cbe50b090b7,train/attack/digital_2/iphone15pro/turkiye-NM-1011.jpg,179562ef7089e0920a4f971de9a568c60fd12280db78ab34907f558a49239739,"(2634, 1605)","(420, 256)",0.9512528777122498,0.9873330593109131,0.03608018159866333,0.312286376953125,0.1592588722705841,0.1530275046825409
turkiye-NM-1011,scan,digital_1_vs_bonafide,digital_1,bonafide,train/attack/digital_1/scan/turkiye-NM-1011.jpg,a6f9fd4dbbd99e4a1e7c1c58f90b629d8118b8aa9458ce500ab871416c2a8ba2,train/bonafide/scan/turkiye-NM-1011.jpg,756a63451b2341f715711e5fc8d0c8f9a032ddb9f003e5df904c738a27ac76c8,"(1995, 1249)","(408, 256)",0.9708797335624695,0.9945499897003174,0.0236702561378479,0.24143138527870178,0.10452351719141006,0.13690786808729172
turkiye-NM-1011,scan,digital_2_vs_bonafide,digital_2,bonafide,train/attack/digital_2/scan/turkiye-NM-1011.jpg,bed648039435f66d30d42d5fa6beb274e250e7276323051c83d8fb5997836888,train/bonafide/scan/turkiye-NM-1011.jpg,756a63451b2341f715711e5fc8d0c8f9a032ddb9f003e5df904c738a27ac76c8,"(1995, 1249)","(408, 256)",0.9695370197296143,0.9922835826873779,0.022746562957763672,0.24702437222003937,0.1242293268442154,0.12279504537582397
turkiye-NM-1011,scan,digital_1_vs_digital_2,digital_1,digital_2,train/attack/digital_1/scan/turkiye-NM-1011.jpg,a6f9fd4dbbd99e4a1e7c1c58f90b629d8118b8aa9458ce500ab871416c2a8ba2,train/attack/digital_2/scan/turkiye-NM-1011.jpg,bed648039435f66d30d42d5fa6beb274e250e7276323051c83d8fb5997836888,"(1995, 1249)","(408, 256)",0.9599517583847046,0.9909847974777222,0.031033039093017578,0.2835041284561157,0.13438446819782257,0.14911966025829315
turkiye-NM-1019,huawei,digital_1_vs_bonafide,digital_1,bonafide,train/attack/digital_1/huawei/turkiye-NM-1019.jpg,d69d500467d2f1dc2b2b2b9b228ae2b3f5397ff8be350db8c0964d164b79abc9,train/bonafide/huawei/turkiye-NM-1019.jpg,e137b97a4c715a84c82d2154c6382e0b0db85d798859f0d38f692c4670e07fc6,"(3035, 1883)","(412, 256)",0.9635167121887207,0.991660475730896,0.028143763542175293,0.27054205536842346,0.12915952503681183,0.14138253033161163
turkiye-NM-1019,huawei,digital_2_vs_bonafide,digital_2,bonafide,train/attack/digital_2/huawei/turkiye-NM-1019.jpg,9a285bb9ebbf2cb010ebad7d261a8a16fa2384b7c0ffa6c7ac105502e5236f9b,train/bonafide/huawei/turkiye-NM-1019.jpg,e137b97a4c715a84c82d2154c6382e0b0db85d798859f0d38f692c4670e07fc6,"(3035, 1883)","(412, 256)",0.9605549573898315,0.9913963079452515,0.030841350555419922,0.28087377548217773,0.13118112087249756,0.14969265460968018
turkiye-NM-1019,huawei,digital_1_vs_digital_2,digital_1,digital_2,train/attack/digital_1/huawei/turkiye-NM-1019.jpg,d69d500467d2f1dc2b2b2b9b228ae2b3f5397ff8be350db8c0964d164b79abc9,train/attack/digital_2/huawei/turkiye-NM-1019.jpg,9a285bb9ebbf2cb010ebad7d261a8a16fa2384b7c0ffa6c7ac105502e5236f9b,"(3035, 1883)","(412, 256)",0.9737169146537781,0.995060384273529,0.021343469619750977,0.22976255416870117,0.09943176805973053,0.13033078610897064
turkiye-NM-1019,iphone15pro,digital_1_vs_bonafide,digital_1,bonafide,train/attack/digital_1/iphone15pro/turkiye-NM-1019.jpg,1074f304bea66fe145d0d6a921944e66fc3eceafe2d5d02b3d70e7bd465ac5c8,train/bonafide/iphone15pro/turkiye-NM-1019.jpg,9965e9d55871378ecbbf67291ce893a7596559833b37f560a741bbbd978e9bb1,"(2639, 1614)","(418, 256)",0.9354623556137085,0.9850159883499146,0.049553632736206055,0.361848920583725,0.1757178008556366,0.18613111972808838
turkiye-NM-1019,iphone15pro,digital_2_vs_bonafide,digital_2,bonafide,train/attack/digital_2/iphone15pro/turkiye-NM-1019.jpg,683d45a631307ad77b90411a0c873554edd57c229962158088b00e46ad4ba696,train/bonafide/iphone15pro/turkiye-NM-1019.jpg,9965e9d55871378ecbbf67291ce893a7596559833b37f560a741bbbd978e9bb1,"(2639, 1614)","(418, 256)",0.9400779604911804,0.984970211982727,0.04489225149154663,0.3530200719833374,0.17993775010108948,0.17308232188224792
turkiye-NM-1019,iphone15pro,digital_1_vs_digital_2,digital_1,digital_2,train/attack/digital_1/iphone15pro/turkiye-NM-1019.jpg,1074f304bea66fe145d0d6a921944e66fc3eceafe2d5d02b3d70e7bd465ac5c8,train/attack/digital_2/iphone15pro/turkiye-NM-1019.jpg,683d45a631307ad77b90411a0c873554edd57c229962158088b00e46ad4ba696,"(2639, 1614)","(418, 256)",0.9726272821426392,0.9945636987686157,0.021936416625976562,0.23543938994407654,0.10582366585731506,0.12961572408676147
turkiye-NM-1019,scan,digital_1_vs_bonafide,digital_1,bonafide,train/attack/digital_1/scan/turkiye-NM-1019.jpg,33113b21b5158da8dfc51f678ba22b7bda506497f49c581a898803eb9345725b,train/bonafide/scan/turkiye-NM-1019.jpg,9332ea9d6b9ba11a645159a8ad25d1438ea1d2ff87b52aa88b7620142388f9cc,"(1995, 1249)","(408, 256)",0.9630078077316284,0.9918133616447449,0.028805553913116455,0.2735942304134369,0.1300017088651657,0.14359252154827118
turkiye-NM-1019,scan,digital_2_vs_bonafide,digital_2,bonafide,train/attack/digital_2/scan/turkiye-NM-1019.jpg,f339dcdce2ba36ec4626c3511fb2f539cfba2a7c4a7fafb3466b169663afc631,train/bonafide/scan/turkiye-NM-1019.jpg,9332ea9d6b9ba11a645159a8ad25d1438ea1d2ff87b52aa88b7620142388f9cc,"(1995, 1249)","(408, 256)",0.9524925351142883,0.9882770776748657,0.03578454256057739,0.308639258146286,0.15416219830513,0.154477059841156
turkiye-NM-1019,scan,digital_1_vs_digital_2,digital_1,digital_2,train/attack/digital_1/scan/turkiye-NM-1019.jpg,33113b21b5158da8dfc51f678ba22b7bda506497f49c581a898803eb9345725b,train/attack/digital_2/scan/turkiye-NM-1019.jpg,f339dcdce2ba36ec4626c3511fb2f539cfba2a7c4a7fafb3466b169663afc631,"(1995, 1249)","(408, 256)",0.9768944978713989,0.9949780702590942,0.018083572387695312,0.21541649103164673,0.10034621506929398,0.11507027596235275
turkiye-NM-1033,huawei,digital_1_vs_bonafide,digital_1,bonafide,train/attack/digital_1/huawei/turkiye-NM-1033.jpg,ad22648c6161872014adf6d898e3b7d098be07b7ff3942e911854d3be24ca45b,train/bonafide/huawei/turkiye-NM-1033.jpg,2f1999052e286ea92327b36a7197e7e59e9386ffaeec13885f154b768ffdb7f1,"(3206, 1977)","(415, 256)",0.9369474649429321,0.985205352306366,0.04825788736343384,0.3639462888240814,0.1815561205148697,0.18239016830921173
turkiye-NM-1033,huawei,digital_2_vs_bonafide,digital_2,bonafide,train/attack/digital_2/huawei/turkiye-NM-1033.jpg,71506a76442bdc687751585fbd9096096b4f0f22b753f4c364beacf4a94eeacd,train/bonafide/huawei/turkiye-NM-1033.jpg,2f1999052e286ea92327b36a7197e7e59e9386ffaeec13885f154b768ffdb7f1,"(3206, 1977)","(415, 256)",0.9655308723449707,0.9927119612693787,0.02718108892440796,0.2694350481033325,0.12849201261997223,0.1409430354833603
turkiye-NM-1033,huawei,digital_1_vs_digital_2,digital_1,digital_2,train/attack/digital_1/huawei/turkiye-NM-1033.jpg,ad22648c6161872014adf6d898e3b7d098be07b7ff3942e911854d3be24ca45b,train/attack/digital_2/huawei/turkiye-NM-1033.jpg,71506a76442bdc687751585fbd9096096b4f0f22b753f4c364beacf4a94eeacd,"(3206, 1977)","(415, 256)",0.9651947617530823,0.9924215078353882,0.027226746082305908,0.26458242535591125,0.12393084168434143,0.14065158367156982
turkiye-NM-1033,iphone15pro,digital_1_vs_bonafide,digital_1,bonafide,train/attack/digital_1/iphone15pro/turkiye-NM-1033.jpg,d62f71ab24ce0374e6cb59b05f427981d51f6b8521acb77c1aeb5b43d7a1e7af,train/bonafide/iphone15pro/turkiye-NM-1033.jpg,2d435d23292a62979782a11ea31d51b3f937da0c425bf487dfb226be56c1cac7,"(2816, 1800)","(400, 256)",0.9292227029800415,0.9835214614868164,0.0542987585067749,0.3876131772994995,0.19221964478492737,0.19539353251457214
turkiye-NM-1033,iphone15pro,digital_2_vs_bonafide,digital_2,bonafide,train/attack/digital_2/iphone15pro/turkiye-NM-1033.jpg,ad68e66bc24962017508e6b2094634b42e756c90c9295be95fad67fe9fb4ac9d,train/bonafide/iphone15pro/turkiye-NM-1033.jpg,2d435d23292a62979782a11ea31d51b3f937da0c425bf487dfb226be56c1cac7,"(2816, 1800)","(400, 256)",0.9459066390991211,0.9861369132995605,0.04023027420043945,0.336121529340744,0.17481516301631927,0.16130636632442474
turkiye-NM-1033,iphone15pro,digital_1_vs_digital_2,digital_1,digital_2,train/attack/digital_1/iphone15pro/turkiye-NM-1033.jpg,d62f71ab24ce0374e6cb59b05f427981d51f6b8521acb77c1aeb5b43d7a1e7af,train/attack/digital_2/iphone15pro/turkiye-NM-1033.jpg,ad68e66bc24962017508e6b2094634b42e756c90c9295be95fad67fe9fb4ac9d,"(2816, 1800)","(400, 256)",0.9525213837623596,0.9881622791290283,0.0356408953666687,0.3091224431991577,0.15419334173202515,0.15492910146713257
turkiye-NM-1033,scan,digital_1_vs_bonafide,digital_1,bonafide,train/attack/digital_1/scan/turkiye-NM-1033.jpg,1fb4ab2303cb8c7957b842594af81ebd804f478671a15101f14684bb41e47e0b,train/bonafide/scan/turkiye-NM-1033.jpg,2d82ec55a6fdd822db79f2ab0d9884201b21ecbf56c046843287a2a04338403d,"(1992, 1251)","(407, 256)",0.9627937078475952,0.9904150366783142,0.027621328830718994,0.2749302089214325,0.14125071465969086,0.13367949426174164
turkiye-NM-1033,scan,digital_2_vs_bonafide,digital_2,bonafide,train/attack/digital_2/scan/turkiye-NM-1033.jpg,c0a446c6ce447be6ac6fcc9b05514f8df3d2b21490234ad3634cbfcfb100b6f9,train/bonafide/scan/turkiye-NM-1033.jpg,2d82ec55a6fdd822db79f2ab0d9884201b21ecbf56c046843287a2a04338403d,"(1992, 1251)","(407, 256)",0.9756203293800354,0.9944136142730713,0.01879328489303589,0.22193820774555206,0.10774271190166473,0.11419549584388733
turkiye-NM-1033,scan,digital_1_vs_digital_2,digital_1,digital_2,train/attack/digital_1/scan/turkiye-NM-1033.jpg,1fb4ab2303cb8c7957b842594af81ebd804f478671a15101f14684bb41e47e0b,train/attack/digital_2/scan/turkiye-NM-1033.jpg,c0a446c6ce447be6ac6fcc9b05514f8df3d2b21490234ad3634cbfcfb100b6f9,"(1992, 1251)","(407, 256)",0.973955512046814,0.9947456121444702,0.02079010009765625,0.22854992747306824,0.10275972634553909,0.12579020112752914
ukraine-006_03,huawei,digital_1_vs_bonafide,digital_1,bonafide,train/attack/digital_1/huawei/ukraine-006_03.jpg,36fe2cdf9d61c8b0048de93e7ad22ae09dbf8f79b0d3d14c6c81c83400786fc8,train/bonafide/huawei/ukraine-006_03.jpg,740e30239400d0b6d5f8deac86fd8829b4aebd664dfde89bd14db1e14d02c9e3,"(3199, 1987)","(412, 256)",0.92486572265625,0.983157217502594,0.058291494846343994,0.4004283845424652,0.19310972094535828,0.20731866359710693
ukraine-006_03,huawei,digital_2_vs_bonafide,digital_2,bonafide,train/attack/digital_2/huawei/ukraine-006_03.jpg,e7cea42b124d9d74e4e27f2e23a977f5001a1f675351bf41d4d52f5f8cf27b15,train/bonafide/huawei/ukraine-006_03.jpg,740e30239400d0b6d5f8deac86fd8829b4aebd664dfde89bd14db1e14d02c9e3,"(3199, 1987)","(412, 256)",0.9306468963623047,0.9835066795349121,0.05285978317260742,0.3850799798965454,0.19065460562705994,0.19442537426948547
ukraine-006_03,huawei,digital_1_vs_digital_2,digital_1,digital_2,train/attack/digital_1/huawei/ukraine-006_03.jpg,36fe2cdf9d61c8b0048de93e7ad22ae09dbf8f79b0d3d14c6c81c83400786fc8,train/attack/digital_2/huawei/ukraine-006_03.jpg,e7cea42b124d9d74e4e27f2e23a977f5001a1f675351bf41d4d52f5f8cf27b15,"(3199, 1987)","(412, 256)",0.9805931448936462,0.9960391521453857,0.015446007251739502,0.19703051447868347,0.08902771770954132,0.10800279676914215
ukraine-006_03,iphone15pro,digital_1_vs_bonafide,digital_1,bonafide,train/attack/digital_1/iphone15pro/ukraine-006_03.jpg,4797364f85480d7a0bddee03a290a436a548e548f40685a7c0105a2e6fcc8bbe,train/bonafide/iphone15pro/ukraine-006_03.jpg,77f319b1237cc1a9c7c98de2aa75ae60dd320a24ef0f947df8a35f8234110ee4,"(2811, 1796)","(400, 256)",0.9107825756072998,0.9784859418869019,0.06770336627960205,0.4417581558227539,0.22247396409511566,0.21928419172763824
ukraine-006_03,iphone15pro,digital_2_vs_bonafide,digital_2,bonafide,train/attack/digital_2/iphone15pro/ukraine-006_03.jpg,75c2ca2a6e4ca71a1074c335a8a0e7e42e50a6b5b153f00d65b8d1988d321bcc,train/bonafide/iphone15pro/ukraine-006_03.jpg,77f319b1237cc1a9c7c98de2aa75ae60dd320a24ef0f947df8a35f8234110ee4,"(2811, 1796)","(400, 256)",0.9197689294815063,0.9799497127532959,0.06018078327178955,0.41606763005256653,0.21218523383140564,0.2038823962211609
ukraine-006_03,iphone15pro,digital_1_vs_digital_2,digital_1,digital_2,train/attack/digital_1/iphone15pro/ukraine-006_03.jpg,4797364f85480d7a0bddee03a290a436a548e548f40685a7c0105a2e6fcc8bbe,train/attack/digital_2/iphone15pro/ukraine-006_03.jpg,75c2ca2a6e4ca71a1074c335a8a0e7e42e50a6b5b153f00d65b8d1988d321bcc,"(2811, 1796)","(400, 256)",0.9822418689727783,0.996421217918396,0.014179348945617676,0.18926484882831573,0.08523085713386536,0.10403399169445038
ukraine-006_03,scan,digital_1_vs_bonafide,digital_1,bonafide,train/attack/digital_1/scan/ukraine-006_03.jpg,351e5b01928a994e890f4cc6ae10ccd698eee928df5039ae3feedd062eec3893,train/bonafide/scan/ukraine-006_03.jpg,660d81a60a7f8f929b49ef733dea5112e4a71b6e69e1ef09e46a709c62aa6382,"(1994, 1245)","(410, 256)",0.8908745646476746,0.974626898765564,0.0837523341178894,0.4819205105304718,0.23421716690063477,0.24770334362983704
ukraine-006_03,scan,digital_2_vs_bonafide,digital_2,bonafide,train/attack/digital_2/scan/ukraine-006_03.jpg,b20194894cef648acffd25e3b20677d9b44bc92d05bfd8f0e79fb681f188e341,train/bonafide/scan/ukraine-006_03.jpg,660d81a60a7f8f929b49ef733dea5112e4a71b6e69e1ef09e46a709c62aa6382,"(1994, 1245)","(410, 256)",0.9078558683395386,0.9788033366203308,0.07094746828079224,0.4410473108291626,0.2132115364074707,0.2278357744216919
ukraine-006_03,scan,digital_1_vs_digital_2,digital_1,digital_2,train/attack/digital_1/scan/ukraine-006_03.jpg,351e5b01928a994e890f4cc6ae10ccd698eee928df5039ae3feedd062eec3893,train/attack/digital_2/scan/ukraine-006_03.jpg,b20194894cef648acffd25e3b20677d9b44bc92d05bfd8f0e79fb681f188e341,"(1994, 1245)","(410, 256)",0.979401707649231,0.9963175058364868,0.01691579818725586,0.20377066731452942,0.08627520501613617,0.11749546229839325
ukraine-007_03,huawei,digital_1_vs_bonafide,digital_1,bonafide,train/attack/digital_1/huawei/ukraine-007_03.jpg,1f161c62ca5ade857df98081a272097a2f06b239117c81cce6ef1b0b89167c7b,train/bonafide/huawei/ukraine-007_03.jpg,02ffa247a4a62c6a0c266e7cf6e2e7ef8738033884831c27f75394fffbd7c2f4,"(3226, 1967)","(419, 256)",0.9811888933181763,0.9964398741722107,0.015250980854034424,0.19488736987113953,0.08516629040241241,0.10972107946872711
ukraine-007_03,huawei,digital_2_vs_bonafide,digital_2,bonafide,train/attack/digital_2/huawei/ukraine-007_03.jpg,619e3889821ae38f3df54211071be5e646f2a9973ab5796d060df3c14d179bca,train/bonafide/huawei/ukraine-007_03.jpg,02ffa247a4a62c6a0c266e7cf6e2e7ef8738033884831c27f75394fffbd7c2f4,"(3226, 1967)","(419, 256)",0.9800194501876831,0.9968535304069519,0.0168340802192688,0.2004406601190567,0.07936138659715652,0.12107927352190018
ukraine-007_03,huawei,digital_1_vs_digital_2,digital_1,digital_2,train/attack/digital_1/huawei/ukraine-007_03.jpg,1f161c62ca5ade857df98081a272097a2f06b239117c81cce6ef1b0b89167c7b,train/attack/digital_2/huawei/ukraine-007_03.jpg,619e3889821ae38f3df54211071be5e646f2a9973ab5796d060df3c14d179bca,"(3226, 1967)","(419, 256)",0.9876704812049866,0.9980952739715576,0.010424792766571045,0.1570901870727539,0.062407515943050385,0.09468267112970352
ukraine-007_03,iphone15pro,digital_1_vs_bonafide,digital_1,bonafide,train/attack/digital_1/iphone15pro/ukraine-007_03.jpg,36982d1c10742577fa2b9859063c7ae022e6a15a157633fea7d73918aee16e39,train/bonafide/iphone15pro/ukraine-007_03.jpg,eaebf6b5763aa73e46a255792927790e0d53bb33348d0386978051c7b492029c,"(2817, 1802)","(400, 256)",0.961189329624176,0.9922908544540405,0.031101524829864502,0.2829163372516632,0.1283203810453415,0.15459595620632172
ukraine-007_03,iphone15pro,digital_2_vs_bonafide,digital_2,bonafide,train/attack/digital_2/iphone15pro/ukraine-007_03.jpg,55d4860077026cfcb1f569d74d10c3069a35a2d612cc150dcd567a69d0bf2674,train/bonafide/iphone15pro/ukraine-007_03.jpg,eaebf6b5763aa73e46a255792927790e0d53bb33348d0386978051c7b492029c,"(2817, 1802)","(400, 256)",0.9764827489852905,0.9956740736961365,0.019191324710845947,0.21884813904762268,0.09425904601812363,0.12458909302949905
ukraine-007_03,iphone15pro,digital_1_vs_digital_2,digital_1,digital_2,train/attack/digital_1/iphone15pro/ukraine-007_03.jpg,36982d1c10742577fa2b9859063c7ae022e6a15a157633fea7d73918aee16e39,train/attack/digital_2/iphone15pro/ukraine-007_03.jpg,55d4860077026cfcb1f569d74d10c3069a35a2d612cc150dcd567a69d0bf2674,"(2817, 1802)","(400, 256)",0.9860858917236328,0.9972938299179077,0.011207938194274902,0.16802625358104706,0.0755394995212555,0.09248675405979156
ukraine-007_03,scan,digital_1_vs_bonafide,digital_1,bonafide,train/attack/digital_1/scan/ukraine-007_03.jpg,19509f94f11d64125e136bd02490a802d2299b17e62e4c380d45f93fe7a6a8d5,train/bonafide/scan/ukraine-007_03.jpg,df75f2d0ba18736a8629b6394e0e89680867afb7bf8a5a785818187638c43229,"(1991, 1253)","(406, 256)",0.9605594277381897,0.9925486445426941,0.031989216804504395,0.284973680973053,0.1274701952934265,0.15750348567962646
ukraine-007_03,scan,digital_2_vs_bonafide,digital_2,bonafide,train/attack/digital_2/scan/ukraine-007_03.jpg,feabd0e1b9b70359b205b5625b75e3e1177cd14ec2185599246c04a1273d5946,train/bonafide/scan/ukraine-007_03.jpg,df75f2d0ba18736a8629b6394e0e89680867afb7bf8a5a785818187638c43229,"(1991, 1253)","(406, 256)",0.9705796837806702,0.9943576455116272,0.02377796173095703,0.24325117468833923,0.10629278421401978,0.13695839047431946
ukraine-007_03,scan,digital_1_vs_digital_2,digital_1,digital_2,train/attack/digital_1/scan/ukraine-007_03.jpg,19509f94f11d64125e136bd02490a802d2299b17e62e4c380d45f93fe7a6a8d5,train/attack/digital_2/scan/ukraine-007_03.jpg,feabd0e1b9b70359b205b5625b75e3e1177cd14ec2185599246c04a1273d5946,"(1991, 1253)","(406, 256)",0.977566123008728,0.9957538843154907,0.018187761306762695,0.2139706015586853,0.09789565950632095,0.11607494205236435
ukraine-030_03,huawei,digital_1_vs_bonafide,digital_1,bonafide,train/attack/digital_1/huawei/ukraine-030_03.jpg,1b16f010fdaf7ad88fe9c3fedd303a05d12b050774e9dc11af31f536e0093999,train/bonafide/huawei/ukraine-030_03.jpg,58e0dda387c16d6e9c4503c37816f5413f3385d8c33f00b6d3228cf47007ab1a,"(3193, 1971)","(414, 256)",0.9852936267852783,0.9973306655883789,0.012037038803100586,0.17162957787513733,0.07344668358564377,0.09818289428949356
ukraine-030_03,huawei,digital_2_vs_bonafide,digital_2,bonafide,train/attack/digital_2/huawei/ukraine-030_03.jpg,4f01f5dfb860fb72475e7f0e6e6450c83f82ec1b557f07ac72618b93e6158c39,train/bonafide/huawei/ukraine-030_03.jpg,58e0dda387c16d6e9c4503c37816f5413f3385d8c33f00b6d3228cf47007ab1a,"(3193, 1971)","(414, 256)",0.9883613586425781,0.9978707432746887,0.009509384632110596,0.15264010429382324,0.06540589034557343,0.08723421394824982
ukraine-030_03,huawei,digital_1_vs_digital_2,digital_1,digital_2,train/attack/digital_1/huawei/ukraine-030_03.jpg,1b16f010fdaf7ad88fe9c3fedd303a05d12b050774e9dc11af31f536e0093999,train/attack/digital_2/huawei/ukraine-030_03.jpg,4f01f5dfb860fb72475e7f0e6e6450c83f82ec1b557f07ac72618b93e6158c39,"(3193, 1971)","(414, 256)",0.9803828597068787,0.9961017966270447,0.015718936920166016,0.19839616119861603,0.08908987790346146,0.10930628329515457
ukraine-030_03,iphone15pro,digital_1_vs_bonafide,digital_1,bonafide,train/attack/digital_1/iphone15pro/ukraine-030_03.jpg,ac72e367a0d4dab00d24935db7b7262a2f3a7bb7f69d6cb29697f12c97b6d4bd,train/bonafide/iphone15pro/ukraine-030_03.jpg,90ab20876de28e2a006ee887e65cee7beaeb97a6a089c755495f491f690f5483,"(2815, 1804)","(399, 256)",0.9678142070770264,0.9931273460388184,0.025313138961791992,0.2553195357322693,0.11825749278068542,0.13706204295158386
ukraine-030_03,iphone15pro,digital_2_vs_bonafide,digital_2,bonafide,train/attack/digital_2/iphone15pro/ukraine-030_03.jpg,893c456a6452faa75502f8f9c2f68c269eff8b3643f2804b78031d2a1341833a,train/bonafide/iphone15pro/ukraine-030_03.jpg,90ab20876de28e2a006ee887e65cee7beaeb97a6a089c755495f491f690f5483,"(2815, 1804)","(399, 256)",0.9796524047851562,0.9957645535469055,0.016112148761749268,0.20173099637031555,0.09208611398935318,0.10964488238096237
ukraine-030_03,iphone15pro,digital_1_vs_digital_2,digital_1,digital_2,train/attack/digital_1/iphone15pro/ukraine-030_03.jpg,ac72e367a0d4dab00d24935db7b7262a2f3a7bb7f69d6cb29697f12c97b6d4bd,train/attack/digital_2/iphone15pro/ukraine-030_03.jpg,893c456a6452faa75502f8f9c2f68c269eff8b3643f2804b78031d2a1341833a,"(2815, 1804)","(399, 256)",0.9628417491912842,0.9921479225158691,0.02930617332458496,0.27414265275001526,0.12667107582092285,0.1474715769290924
ukraine-030_03,scan,digital_1_vs_bonafide,digital_1,bonafide,train/attack/digital_1/scan/ukraine-030_03.jpg,4dc5030d75e7a6121b5a8c5065bb29846b65dedaa9ffb669e85452ac6dfefadf,train/bonafide/scan/ukraine-030_03.jpg,8fcb5566a8d9ac21e749f7c4810e2ceb41b0be203788900a1bbef0bc0782ecf6,"(1994, 1249)","(408, 256)",0.9726961255073547,0.9943268299102783,0.021630704402923584,0.23417191207408905,0.10778552293777466,0.1263863891363144
ukraine-030_03,scan,digital_2_vs_bonafide,digital_2,bonafide,train/attack/digital_2/scan/ukraine-030_03.jpg,d372d7f032639a66925a518d31539b5777b475b6a368d7b1dcbf9baf39e7c50a,train/bonafide/scan/ukraine-030_03.jpg,8fcb5566a8d9ac21e749f7c4810e2ceb41b0be203788900a1bbef0bc0782ecf6,"(1994, 1249)","(408, 256)",0.985105037689209,0.9971885681152344,0.01208353042602539,0.17275291681289673,0.07504440099000931,0.09770851582288742
ukraine-030_03,scan,digital_1_vs_digital_2,digital_1,digital_2,train/attack/digital_1/scan/ukraine-030_03.jpg,4dc5030d75e7a6121b5a8c5065bb29846b65dedaa9ffb669e85452ac6dfefadf,train/attack/digital_2/scan/ukraine-030_03.jpg,d372d7f032639a66925a518d31539b5777b475b6a368d7b1dcbf9baf39e7c50a,"(1994, 1249)","(408, 256)",0.9682073593139648,0.9935911297798157,0.02538377046585083,0.25315365195274353,0.11486451327800751,0.13828913867473602
ukraine-103_03,huawei,digital_1_vs_bonafide,digital_1,bonafide,train/attack/digital_1/huawei/ukraine-103_03.jpg,e37eebe28f0bfbcf2222f32e732b227ea4866151209b5dad0562293dc59a355b,train/bonafide/huawei/ukraine-103_03.jpg,41608bed75e0bb81e09a52b716f72a266939adbbf9e2a07b9b832eecea3d9a96,"(3193, 1980)","(412, 256)",0.9788273572921753,0.9958736300468445,0.01704627275466919,0.20909641683101654,0.09747228771448135,0.11162412911653519
ukraine-103_03,huawei,digital_2_vs_bonafide,digital_2,bonafide,train/attack/digital_2/huawei/ukraine-103_03.jpg,72ed4f59bfc1ce1b25b734712a4756c12773a0c90824bf115d8d1fee184ef894,train/bonafide/huawei/ukraine-103_03.jpg,41608bed75e0bb81e09a52b716f72a266939adbbf9e2a07b9b832eecea3d9a96,"(3193, 1980)","(412, 256)",0.9746500253677368,0.9945387840270996,0.019888758659362793,0.2293328493833542,0.1074351817369461,0.12189766764640808
ukraine-103_03,huawei,digital_1_vs_digital_2,digital_1,digital_2,train/attack/digital_1/huawei/ukraine-103_03.jpg,e37eebe28f0bfbcf2222f32e732b227ea4866151209b5dad0562293dc59a355b,train/attack/digital_2/huawei/ukraine-103_03.jpg,72ed4f59bfc1ce1b25b734712a4756c12773a0c90824bf115d8d1fee184ef894,"(3193, 1980)","(412, 256)",0.9786434769630432,0.9949948191642761,0.01635134220123291,0.20677249133586884,0.10059235244989395,0.10618013888597488
ukraine-103_03,iphone15pro,digital_1_vs_bonafide,digital_1,bonafide,train/attack/digital_1/iphone15pro/ukraine-103_03.jpg,1844ea9dd9d32efde5833aeb8da40cf2785fd192f925cc4c183731a3afe23b7d,train/bonafide/iphone15pro/ukraine-103_03.jpg,99ccb1ceeff05a5f1f21da70f774155110381fc7c2b906f32e4713b2fc43dd89,"(2821, 1794)","(402, 256)",0.9603778123855591,0.9910796880722046,0.030701875686645508,0.28618377447128296,0.1369132399559021,0.14927053451538086
ukraine-103_03,iphone15pro,digital_2_vs_bonafide,digital_2,bonafide,train/attack/digital_2/iphone15pro/ukraine-103_03.jpg,8d38c46e7327f90a6c0a3c028836edf5ab229149cd47cd04f828c8b3b60aadec,train/bonafide/iphone15pro/ukraine-103_03.jpg,99ccb1ceeff05a5f1f21da70f774155110381fc7c2b906f32e4713b2fc43dd89,"(2821, 1794)","(402, 256)",0.949081301689148,0.9882423877716064,0.039161086082458496,0.326909601688385,0.15929283201694489,0.16761676967144012
ukraine-103_03,iphone15pro,digital_1_vs_digital_2,digital_1,digital_2,train/attack/digital_1/iphone15pro/ukraine-103_03.jpg,1844ea9dd9d32efde5833aeb8da40cf2785fd192f925cc4c183731a3afe23b7d,train/attack/digital_2/iphone15pro/ukraine-103_03.jpg,8d38c46e7327f90a6c0a3c028836edf5ab229149cd47cd04f828c8b3b60aadec,"(2821, 1794)","(402, 256)",0.9829164147377014,0.9966145753860474,0.013698160648345947,0.18589335680007935,0.08332034945487976,0.10257300734519958
ukraine-103_03,scan,digital_1_vs_bonafide,digital_1,bonafide,train/attack/digital_1/scan/ukraine-103_03.jpg,f7f10cb7a5a5ecd14f8c357333b9f1f5b0fdf803acde5229a13e35f05b3370cd,train/bonafide/scan/ukraine-103_03.jpg,db7719e62febdf55696ac0a2c9c6d099962189c9b79f535157df6828b7860feb,"(2000, 1242)","(412, 256)",0.9666892290115356,0.9926723837852478,0.025983154773712158,0.2588792145252228,0.12126240134239197,0.1376168131828308
ukraine-103_03,scan,digital_2_vs_bonafide,digital_2,bonafide,train/attack/digital_2/scan/ukraine-103_03.jpg,2652aba6a2c920a9421545205032d08e8c78fc61d60b7fcbc10ebeb86e883cd6,train/bonafide/scan/ukraine-103_03.jpg,db7719e62febdf55696ac0a2c9c6d099962189c9b79f535157df6828b7860feb,"(2000, 1242)","(412, 256)",0.9527114629745483,0.9887969493865967,0.03608548641204834,0.3091249167919159,0.15148085355758667,0.15764406323432922
ukraine-103_03,scan,digital_1_vs_digital_2,digital_1,digital_2,train/attack/digital_1/scan/ukraine-103_03.jpg,f7f10cb7a5a5ecd14f8c357333b9f1f5b0fdf803acde5229a13e35f05b3370cd,train/attack/digital_2/scan/ukraine-103_03.jpg,2652aba6a2c920a9421545205032d08e8c78fc61d60b7fcbc10ebeb86e883cd6,"(2000, 1242)","(412, 256)",0.9795293807983398,0.9954732060432434,0.015943825244903564,0.20266900956630707,0.09652799367904663,0.10614101588726044
ukraine-NF-1005,huawei,digital_1_vs_bonafide,digital_1,bonafide,train/attack/digital_1/huawei/ukraine-NF-1005.jpg,62a6189672ffdf3a79a090f68f3330664ba877128daec3bb7b7ec4bb0dfe41fd,train/bonafide/huawei/ukraine-NF-1005.jpg,824c71ebdf32b41c16828535ca809f57bf5d9ea0f034edfcd95129ce14dab5d8,"(3212, 1976)","(416, 256)",0.9485770463943481,0.9884768724441528,0.03989982604980469,0.32524722814559937,0.1566893458366394,0.16855788230895996
ukraine-NF-1005,huawei,digital_2_vs_bonafide,digital_2,bonafide,train/attack/digital_2/huawei/ukraine-NF-1005.jpg,323aa2252c7421c323c625087bbfd4e4da3e47601a649485a569314a1ac7fcc1,train/bonafide/huawei/ukraine-NF-1005.jpg,824c71ebdf32b41c16828535ca809f57bf5d9ea0f034edfcd95129ce14dab5d8,"(3212, 1976)","(416, 256)",0.9815703630447388,0.9957845211029053,0.014214158058166504,0.20126457512378693,0.09788357466459274,0.10338100045919418
ukraine-NF-1005,huawei,digital_1_vs_digital_2,digital_1,digital_2,train/attack/digital_1/huawei/ukraine-NF-1005.jpg,62a6189672ffdf3a79a090f68f3330664ba877128daec3bb7b7ec4bb0dfe41fd,train/attack/digital_2/huawei/ukraine-NF-1005.jpg,323aa2252c7421c323c625087bbfd4e4da3e47601a649485a569314a1ac7fcc1,"(3212, 1976)","(416, 256)",0.9266002178192139,0.9828406572341919,0.05624043941497803,0.3995663523674011,0.19894319772720337,0.20062315464019775
ukraine-NF-1005,iphone15pro,digital_1_vs_bonafide,digital_1,bonafide,train/attack/digital_1/iphone15pro/ukraine-NF-1005.jpg,e884e5180ed02543963e1810f7f735a81eece6ce5367d1124b378db97748ca62,train/bonafide/iphone15pro/ukraine-NF-1005.jpg,ee9a4150af0575911780bbb66cb670975fc0fed859860f17ecae6ae259d8a3dc,"(2816, 1800)","(400, 256)",0.9499464631080627,0.987025797367096,0.0370793342590332,0.31732627749443054,0.1631261110305786,0.15420016646385193
ukraine-NF-1005,iphone15pro,digital_2_vs_bonafide,digital_2,bonafide,train/attack/digital_2/iphone15pro/ukraine-NF-1005.jpg,8cc8bd9750f541740d2d247e1327b6496993b34209debeab7f5ac71b2940f49e,train/bonafide/iphone15pro/ukraine-NF-1005.jpg,ee9a4150af0575911780bbb66cb670975fc0fed859860f17ecae6ae259d8a3dc,"(2816, 1800)","(400, 256)",0.9836925268173218,0.996455192565918,0.012762665748596191,0.18066245317459106,0.08420126885175705,0.09646118432283401
ukraine-NF-1005,iphone15pro,digital_1_vs_digital_2,digital_1,digital_2,train/attack/digital_1/iphone15pro/ukraine-NF-1005.jpg,e884e5180ed02543963e1810f7f735a81eece6ce5367d1124b378db97748ca62,train/attack/digital_2/iphone15pro/ukraine-NF-1005.jpg,8cc8bd9750f541740d2d247e1327b6496993b34209debeab7f5ac71b2940f49e,"(2816, 1800)","(400, 256)",0.9582023024559021,0.9907603859901428,0.03255808353424072,0.2905985414981842,0.1384495496749878,0.1521489918231964
ukraine-NF-1005,scan,digital_1_vs_bonafide,digital_1,bonafide,train/attack/digital_1/scan/ukraine-NF-1005.jpg,e7cf4b19e855ce9888c20fdf2b6a37cc0b579520d4536d5cdbffb042e752eac5,train/bonafide/scan/ukraine-NF-1005.jpg,434c2886fcc90be962847840362204d4eef13494893921786ad5ab9647128ab0,"(1994, 1247)","(409, 256)",0.9520837068557739,0.9888217449188232,0.036738038063049316,0.3127157688140869,0.15375779569149017,0.15895797312259674
ukraine-NF-1005,scan,digital_2_vs_bonafide,digital_2,bonafide,train/attack/digital_2/scan/ukraine-NF-1005.jpg,6c4fd388abf46f47c9c9ad6a67d35016e4aed331e4dca7be0b4c88027c0cc1a9,train/bonafide/scan/ukraine-NF-1005.jpg,434c2886fcc90be962847840362204d4eef13494893921786ad5ab9647128ab0,"(1994, 1247)","(409, 256)",0.9870222806930542,0.997483491897583,0.010461211204528809,0.16129550337791443,0.0709676742553711,0.09032782912254333
ukraine-NF-1005,scan,digital_1_vs_digital_2,digital_1,digital_2,train/attack/digital_1/scan/ukraine-NF-1005.jpg,e7cf4b19e855ce9888c20fdf2b6a37cc0b579520d4536d5cdbffb042e752eac5,train/attack/digital_2/scan/ukraine-NF-1005.jpg,6c4fd388abf46f47c9c9ad6a67d35016e4aed331e4dca7be0b4c88027c0cc1a9,"(1994, 1247)","(409, 256)",0.9559357762336731,0.9904358983039856,0.0345001220703125,0.30138906836509705,0.14334999024868011,0.15803907811641693
ukraine-NF-1015,huawei,digital_1_vs_bonafide,digital_1,bonafide,train/attack/digital_1/huawei/ukraine-NF-1015.jpg,755c4d7e8831dd7008083dbf9bfb98c99fdff78e4b34fd4d088fa9420e613a3e,train/bonafide/huawei/ukraine-NF-1015.jpg,8b853e72b25ba5a0a9d2ab8182af0384dfa7ec2487fe516941a498a2cb06992a,"(3209, 1986)","(413, 256)",0.971128523349762,0.9937809705734253,0.02265244722366333,0.2404954731464386,0.11153683066368103,0.12895864248275757
ukraine-NF-1015,huawei,digital_2_vs_bonafide,digital_2,bonafide,train/attack/digital_2/huawei/ukraine-NF-1015.jpg,ced860b541e3465d4150ccc233a8cfec5122a42709f35c543d76855e497663d5,train/bonafide/huawei/ukraine-NF-1015.jpg,8b853e72b25ba5a0a9d2ab8182af0384dfa7ec2487fe516941a498a2cb06992a,"(3209, 1986)","(413, 256)",0.9869074821472168,0.9976063370704651,0.010698854923248291,0.16208824515342712,0.0694398283958435,0.09264841675758362
ukraine-NF-1015,huawei,digital_1_vs_digital_2,digital_1,digital_2,train/attack/digital_1/huawei/ukraine-NF-1015.jpg,755c4d7e8831dd7008083dbf9bfb98c99fdff78e4b34fd4d088fa9420e613a3e,train/attack/digital_2/huawei/ukraine-NF-1015.jpg,ced860b541e3465d4150ccc233a8cfec5122a42709f35c543d76855e497663d5,"(3209, 1986)","(413, 256)",0.9602324962615967,0.9907455444335938,0.03051304817199707,0.2826586365699768,0.1361156553030014,0.1465429812669754
ukraine-NF-1015,iphone15pro,digital_1_vs_bonafide,digital_1,bonafide,train/attack/digital_1/iphone15pro/ukraine-NF-1015.jpg,e3348f7c11f85334b8979517246d1f7ec0cd5275d7f67aab04a4630afb9e11b5,train/bonafide/iphone15pro/ukraine-NF-1015.jpg,b2b41f67602af8a81db08d88cefac0f1d9dee5c61ba93fcc4c3ddeebe0993481,"(2818, 1801)","(400, 256)",0.9580583572387695,0.9900569915771484,0.031998634338378906,0.2907385230064392,0.1433456987142563,0.14739282429218292
ukraine-NF-1015,iphone15pro,digital_2_vs_bonafide,digital_2,bonafide,train/attack/digital_2/iphone15pro/ukraine-NF-1015.jpg,d859a1e79a025217e7129fe61df645519f856ed138d990531c538fc86d9d929b,train/bonafide/iphone15pro/ukraine-NF-1015.jpg,b2b41f67602af8a81db08d88cefac0f1d9dee5c61ba93fcc4c3ddeebe0993481,"(2818, 1801)","(400, 256)",0.9799809455871582,0.9962112307548523,0.016230285167694092,0.20009762048721313,0.08709243685007095,0.11300518363714218
ukraine-NF-1015,iphone15pro,digital_1_vs_digital_2,digital_1,digital_2,train/attack/digital_1/iphone15pro/ukraine-NF-1015.jpg,e3348f7c11f85334b8979517246d1f7ec0cd5275d7f67aab04a4630afb9e11b5,train/attack/digital_2/iphone15pro/ukraine-NF-1015.jpg,d859a1e79a025217e7129fe61df645519f856ed138d990531c538fc86d9d929b,"(2818, 1801)","(400, 256)",0.948036789894104,0.98781418800354,0.039777398109436035,0.32345589995384216,0.15868790447711945,0.16476799547672272
ukraine-NF-1015,scan,digital_1_vs_bonafide,digital_1,bonafide,train/attack/digital_1/scan/ukraine-NF-1015.jpg,0bda64e85abed6f769fb1ff3c578b5f61475a0f283c2a05d2a651f6f34910769,train/bonafide/scan/ukraine-NF-1015.jpg,076fc90a72f205ad0be3fd03c032fbf3fa3c6184e34c59ffe7af424fc168a0dd,"(1993, 1246)","(409, 256)",0.9655511975288391,0.9917488694190979,0.02619767189025879,0.262488454580307,0.12880992889404297,0.13367852568626404
ukraine-NF-1015,scan,digital_2_vs_bonafide,digital_2,bonafide,train/attack/digital_2/scan/ukraine-NF-1015.jpg,85db73584aacb1758f12b93fc69aa16ff22e9f778dd13e082e857a5f325c74e4,train/bonafide/scan/ukraine-NF-1015.jpg,076fc90a72f205ad0be3fd03c032fbf3fa3c6184e34c59ffe7af424fc168a0dd,"(1993, 1246)","(409, 256)",0.9872258305549622,0.9979416131973267,0.010715782642364502,0.16038504242897034,0.06464309990406036,0.09574194252490997
ukraine-NF-1015,scan,digital_1_vs_digital_2,digital_1,digital_2,train/attack/digital_1/scan/ukraine-NF-1015.jpg,0bda64e85abed6f769fb1ff3c578b5f61475a0f283c2a05d2a651f6f34910769,train/attack/digital_2/scan/ukraine-NF-1015.jpg,85db73584aacb1758f12b93fc69aa16ff22e9f778dd13e082e857a5f325c74e4,"(1993, 1246)","(409, 256)",0.965061366558075,0.9927425384521484,0.027681171894073486,0.26459595561027527,0.12171683460474014,0.14287912100553513
ukraine-NF-1021,huawei,digital_1_vs_bonafide,digital_1,bonafide,train/attack/digital_1/huawei/ukraine-NF-1021.jpg,efa952da6f34f70491cf7215fcbeefcc9f9ab8e6bd2fd1c281e8f08754432d9e,train/bonafide/huawei/ukraine-NF-1021.jpg,4e6af2e3d5139dc5261b7c43b390b918b7a5b8e171e1f2837a0e5354705535a7,"(3215, 1977)","(416, 256)",0.9817047715187073,0.9970359206199646,0.015331149101257324,0.19486486911773682,0.08240849524736404,0.11245637387037277
ukraine-NF-1021,huawei,digital_2_vs_bonafide,digital_2,bonafide,train/attack/digital_2/huawei/ukraine-NF-1021.jpg,3dfe570119f60070522f10bbd89d50adbba46709831c6edadf5723117f1f0321,train/bonafide/huawei/ukraine-NF-1021.jpg,4e6af2e3d5139dc5261b7c43b390b918b7a5b8e171e1f2837a0e5354705535a7,"(3215, 1977)","(416, 256)",0.9807817935943604,0.9959625005722046,0.015180706977844238,0.19825267791748047,0.09310733526945114,0.10514534264802933
ukraine-NF-1021,huawei,digital_1_vs_digital_2,digital_1,digital_2,train/attack/digital_1/huawei/ukraine-NF-1021.jpg,efa952da6f34f70491cf7215fcbeefcc9f9ab8e6bd2fd1c281e8f08754432d9e,train/attack/digital_2/huawei/ukraine-NF-1021.jpg,3dfe570119f60070522f10bbd89d50adbba46709831c6edadf5723117f1f0321,"(3215, 1977)","(416, 256)",0.970019519329071,0.9939620494842529,0.023942530155181885,0.2449902445077896,0.11000391840934753,0.13498632609844208
ukraine-NF-1021,iphone15pro,digital_1_vs_bonafide,digital_1,bonafide,train/attack/digital_1/iphone15pro/ukraine-NF-1021.jpg,a6ace954466edd00eff07972802bd451a72296608b5ab7501ffe4a56024c75b2,train/bonafide/iphone15pro/ukraine-NF-1021.jpg,891b2de524303e3f352ab471c8b19ff81ce5976826ab5ca2772f9699bc5e929c,"(2821, 1786)","(404, 256)",0.970750629901886,0.9937602281570435,0.02300959825515747,0.247235968708992,0.11758232861757278,0.12965364009141922
ukraine-NF-1021,iphone15pro,digital_2_vs_bonafide,digital_2,bonafide,train/attack/digital_2/iphone15pro/ukraine-NF-1021.jpg,3b7cffc5219e05136beb7d242af9d140c73b8d97404461b6251abd9f97969d4e,train/bonafide/iphone15pro/ukraine-NF-1021.jpg,891b2de524303e3f352ab471c8b19ff81ce5976826ab5ca2772f9699bc5e929c,"(2821, 1786)","(404, 256)",0.9820998311042786,0.9965219497680664,0.014422118663787842,0.18976810574531555,0.08407178521156311,0.10569632053375244
ukraine-NF-1021,iphone15pro,digital_1_vs_digital_2,digital_1,digital_2,train/attack/digital_1/iphone15pro/ukraine-NF-1021.jpg,a6ace954466edd00eff07972802bd451a72296608b5ab7501ffe4a56024c75b2,train/attack/digital_2/iphone15pro/ukraine-NF-1021.jpg,3b7cffc5219e05136beb7d242af9d140c73b8d97404461b6251abd9f97969d4e,"(2821, 1786)","(404, 256)",0.9599874019622803,0.9914331436157227,0.03144574165344238,0.2852535545825958,0.13347208499908447,0.15178146958351135
ukraine-NF-1021,scan,digital_1_vs_bonafide,digital_1,bonafide,train/attack/digital_1/scan/ukraine-NF-1021.jpg,b413004a588423017e71ef0c81d3d9fba8412970e4ef2efd64499b5d0be24a02,train/bonafide/scan/ukraine-NF-1021.jpg,c3c4e929a66b8c68e3fe534c970c0f675881ef11660263bd266a96ad9932e69e,"(1989, 1250)","(407, 256)",0.9697229862213135,0.9946475028991699,0.024924516677856445,0.25182855129241943,0.11758024990558624,0.1342483013868332
ukraine-NF-1021,scan,digital_2_vs_bonafide,digital_2,bonafide,train/attack/digital_2/scan/ukraine-NF-1021.jpg,b809d242492718984c51dfce75a838545b2dd9594b503a9c0b94d7b01f0b1c16,train/bonafide/scan/ukraine-NF-1021.jpg,c3c4e929a66b8c68e3fe534c970c0f675881ef11660263bd266a96ad9932e69e,"(1989, 1250)","(407, 256)",0.9731888771057129,0.9942719340324402,0.021083056926727295,0.23157405853271484,0.10896550118923187,0.12260855734348297
ukraine-NF-1021,scan,digital_1_vs_digital_2,digital_1,digital_2,train/attack/digital_1/scan/ukraine-NF-1021.jpg,b413004a588423017e71ef0c81d3d9fba8412970e4ef2efd64499b5d0be24a02,train/attack/digital_2/scan/ukraine-NF-1021.jpg,b809d242492718984c51dfce75a838545b2dd9594b503a9c0b94d7b01f0b1c16,"(1989, 1250)","(407, 256)",0.9497369527816772,0.990463137626648,0.0407261848449707,0.3211652338504791,0.14257371425628662,0.1785915195941925
ukraine-NF-1032,huawei,digital_1_vs_bonafide,digital_1,bonafide,train/attack/digital_1/huawei/ukraine-NF-1032.jpg,8e3c6decf1e66576db8192162d3c86b50ea32980aa6c886f1a23b62e9e5c0854,train/bonafide/huawei/ukraine-NF-1032.jpg,a688aa40483e5d47e41ba2c50908e779beccc8bb4b6c3989d74af31a0ecdee56,"(3196, 1976)","(414, 256)",0.974701464176178,0.9949555993080139,0.020254135131835938,0.2296341508626938,0.10828585922718048,0.1213482916355133
ukraine-NF-1032,huawei,digital_2_vs_bonafide,digital_2,bonafide,train/attack/digital_2/huawei/ukraine-NF-1032.jpg,b4ee34f71df39c3e887364e0349bdb7d4323be92dda602f5c139ad37fc9cd038,train/bonafide/huawei/ukraine-NF-1032.jpg,a688aa40483e5d47e41ba2c50908e779beccc8bb4b6c3989d74af31a0ecdee56,"(3196, 1976)","(414, 256)",0.9770305752754211,0.9952168464660645,0.01818627119064331,0.2155151069164276,0.10218262672424316,0.11333248019218445
ukraine-NF-1032,huawei,digital_1_vs_digital_2,digital_1,digital_2,train/attack/digital_1/huawei/ukraine-NF-1032.jpg,8e3c6decf1e66576db8192162d3c86b50ea32980aa6c886f1a23b62e9e5c0854,train/attack/digital_2/huawei/ukraine-NF-1032.jpg,b4ee34f71df39c3e887364e0349bdb7d4323be92dda602f5c139ad37fc9cd038,"(3196, 1976)","(414, 256)",0.9653981924057007,0.9936810731887817,0.028282880783081055,0.2641257643699646,0.11294446140527725,0.15118130296468735
ukraine-NF-1032,iphone15pro,digital_1_vs_bonafide,digital_1,bonafide,train/attack/digital_1/iphone15pro/ukraine-NF-1032.jpg,d74bc5ee5578d4926f1b780c88386eadbd9dde8adb0b1c04b87c4f21e621abfb,train/bonafide/iphone15pro/ukraine-NF-1032.jpg,e3c6c98670932cc63185bc81b44261c1c0d3bf798d7f5f7700de6b9af6722cd8,"(2822, 1805)","(400, 256)",0.9662539958953857,0.9931735992431641,0.02691960334777832,0.26306986808776855,0.12099209427833557,0.14207777380943298
ukraine-NF-1032,iphone15pro,digital_2_vs_bonafide,digital_2,bonafide,train/attack/digital_2/iphone15pro/ukraine-NF-1032.jpg,a9e5662591652258bec6c47d6752385e5718f321d64438fef78e8245b0441536,train/bonafide/iphone15pro/ukraine-NF-1032.jpg,e3c6c98670932cc63185bc81b44261c1c0d3bf798d7f5f7700de6b9af6722cd8,"(2822, 1805)","(400, 256)",0.9831819534301758,0.9966118335723877,0.013429880142211914,0.1846364289522171,0.08469362556934357,0.09994280338287354
ukraine-NF-1032,iphone15pro,digital_1_vs_digital_2,digital_1,digital_2,train/attack/digital_1/iphone15pro/ukraine-NF-1032.jpg,d74bc5ee5578d4926f1b780c88386eadbd9dde8adb0b1c04b87c4f21e621abfb,train/attack/digital_2/iphone15pro/ukraine-NF-1032.jpg,a9e5662591652258bec6c47d6752385e5718f321d64438fef78e8245b0441536,"(2822, 1805)","(400, 256)",0.9616714715957642,0.992078423500061,0.030406951904296875,0.27760201692581177,0.12639309465885162,0.15120892226696014
ukraine-NF-1032,scan,digital_1_vs_bonafide,digital_1,bonafide,train/attack/digital_1/scan/ukraine-NF-1032.jpg,648402dd7c7f8c6f402469c52f7691092a761a86bdd05277be4df88c7dfa8f4f,train/bonafide/scan/ukraine-NF-1032.jpg,6d7202e024b89435391230347d7357ed2e02115ef55de2484008d65b90a1a19a,"(1997, 1250)","(408, 256)",0.9634631276130676,0.9921042323112488,0.028641104698181152,0.27170807123184204,0.1278601735830307,0.14384789764881134
ukraine-NF-1032,scan,digital_2_vs_bonafide,digital_2,bonafide,train/attack/digital_2/scan/ukraine-NF-1032.jpg,e3fb7b05247ed9ebc19c22c847a2731d1060e6b5d6edefaf7074c37d7deced29,train/bonafide/scan/ukraine-NF-1032.jpg,6d7202e024b89435391230347d7357ed2e02115ef55de2484008d65b90a1a19a,"(1997, 1250)","(408, 256)",0.9788421392440796,0.9957368969917297,0.016894757747650146,0.20581752061843872,0.09235802292823792,0.1134594976902008
ukraine-NF-1032,scan,digital_1_vs_digital_2,digital_1,digital_2,train/attack/digital_1/scan/ukraine-NF-1032.jpg,648402dd7c7f8c6f402469c52f7691092a761a86bdd05277be4df88c7dfa8f4f,train/attack/digital_2/scan/ukraine-NF-1032.jpg,e3fb7b05247ed9ebc19c22c847a2731d1060e6b5d6edefaf7074c37d7deced29,"(1997, 1250)","(408, 256)",0.9437934160232544,0.987800121307373,0.04400670528411865,0.3369934558868408,0.15827639400959015,0.17871706187725067
ukraine-NF-1057,huawei,digital_1_vs_bonafide,digital_1,bonafide,train/attack/digital_1/huawei/ukraine-NF-1057.jpg,a621815227b90de6c66e588982c9d65ed8287182176cd22f09de43401d02bfc7,train/bonafide/huawei/ukraine-NF-1057.jpg,7302ec4e8d0544feb322ba770270293fd7a100c6dbe8ff4518e134dedc35ab5e,"(3040, 1882)","(413, 256)",0.9387969970703125,0.9872278571128845,0.04843086004257202,0.35136178135871887,0.1610552817583084,0.19030649960041046
ukraine-NF-1057,huawei,digital_2_vs_bonafide,digital_2,bonafide,train/attack/digital_2/huawei/ukraine-NF-1057.jpg,97a17e3a6d94ca5e8e68a37143dabcd288157ec5e43c010bbd1890c7420771f7,train/bonafide/huawei/ukraine-NF-1057.jpg,7302ec4e8d0544feb322ba770270293fd7a100c6dbe8ff4518e134dedc35ab5e,"(3040, 1882)","(413, 256)",0.9517108798027039,0.9909067153930664,0.03919583559036255,0.3135228455066681,0.13790184259414673,0.17562100291252136
ukraine-NF-1057,huawei,digital_1_vs_digital_2,digital_1,digital_2,train/attack/digital_1/huawei/ukraine-NF-1057.jpg,a621815227b90de6c66e588982c9d65ed8287182176cd22f09de43401d02bfc7,train/attack/digital_2/huawei/ukraine-NF-1057.jpg,97a17e3a6d94ca5e8e68a37143dabcd288157ec5e43c010bbd1890c7420771f7,"(3040, 1882)","(413, 256)",0.9532731175422668,0.9900903105735779,0.036817193031311035,0.30583351850509644,0.14106474816799164,0.1647687703371048
ukraine-NF-1057,iphone15pro,digital_1_vs_bonafide,digital_1,bonafide,train/attack/digital_1/iphone15pro/ukraine-NF-1057.jpg,b5c3c7cc32b7cfc1f817bb7e139ba6f2f21e312ca628dbdf26dc493c125b2732,train/bonafide/iphone15pro/ukraine-NF-1057.jpg,156809fa9b25db1c098586279954167ff62593b10aeb6038c43fd2f07faf2c4b,"(2642, 1608)","(420, 256)",0.9297370910644531,0.9864281415939331,0.05669105052947998,0.37647080421447754,0.16614972054958344,0.2103210836648941
ukraine-NF-1057,iphone15pro,digital_2_vs_bonafide,digital_2,bonafide,train/attack/digital_2/iphone15pro/ukraine-NF-1057.jpg,25fbd447913299a8a3e5acb7268d913dd857d4590b1a163d3294d2f00949e00b,train/bonafide/iphone15pro/ukraine-NF-1057.jpg,156809fa9b25db1c098586279954167ff62593b10aeb6038c43fd2f07faf2c4b,"(2642, 1608)","(420, 256)",0.9300696849822998,0.9853992462158203,0.05532956123352051,0.37894564867019653,0.17535309493541718,0.20359255373477936
ukraine-NF-1057,iphone15pro,digital_1_vs_digital_2,digital_1,digital_2,train/attack/digital_1/iphone15pro/ukraine-NF-1057.jpg,b5c3c7cc32b7cfc1f817bb7e139ba6f2f21e312ca628dbdf26dc493c125b2732,train/attack/digital_2/iphone15pro/ukraine-NF-1057.jpg,25fbd447913299a8a3e5acb7268d913dd857d4590b1a163d3294d2f00949e00b,"(2642, 1608)","(420, 256)",0.9407041072845459,0.9881627559661865,0.047458648681640625,0.3453918397426605,0.15489797294139862,0.1904938668012619
ukraine-NF-1057,scan,digital_1_vs_bonafide,digital_1,bonafide,train/attack/digital_1/scan/ukraine-NF-1057.jpg,4fa7e95cda51ba66fe114145b171f0b6ad5f0832d59c3c549ee089dd8db1d837,train/bonafide/scan/ukraine-NF-1057.jpg,924281bfcaeeb01268ffdf109358b884dbd1b8a574f19f95b4977938a9896c69,"(1991, 1250)","(407, 256)",0.9254412651062012,0.9828565716743469,0.05741530656814575,0.3890504837036133,0.1894719898700714,0.19957849383354187
ukraine-NF-1057,scan,digital_2_vs_bonafide,digital_2,bonafide,train/attack/digital_2/scan/ukraine-NF-1057.jpg,8b5a6d9d09955da82ce706ffa7d6d348ee499191f0204601725b7d5574251ba4,train/bonafide/scan/ukraine-NF-1057.jpg,924281bfcaeeb01268ffdf109358b884dbd1b8a574f19f95b4977938a9896c69,"(1991, 1250)","(407, 256)",0.9531686305999756,0.9904162883758545,0.037247657775878906,0.3087613880634308,0.14175306260585785,0.16700832545757294
ukraine-NF-1057,scan,digital_1_vs_digital_2,digital_1,digital_2,train/attack/digital_1/scan/ukraine-NF-1057.jpg,4fa7e95cda51ba66fe114145b171f0b6ad5f0832d59c3c549ee089dd8db1d837,train/attack/digital_2/scan/ukraine-NF-1057.jpg,8b5a6d9d09955da82ce706ffa7d6d348ee499191f0204601725b7d5574251ba4,"(1991, 1250)","(407, 256)",0.9476250410079956,0.9886916279792786,0.04106658697128296,0.3237226605415344,0.15070773661136627,0.17301492393016815
ukraine-NF-1077,huawei,digital_1_vs_bonafide,digital_1,bonafide,train/attack/digital_1/huawei/ukraine-NF-1077.jpg,1812e3e4800a679fd9a13f40248950042619555fe4c6f97da1d80e512547cb1a,train/bonafide/huawei/ukraine-NF-1077.jpg,f164bc1846fdbca762c2d36ba1f2cc1c64b12a576af2cb57152bcd0acb7b1947,"(3194, 1969)","(415, 256)",0.9332529306411743,0.9889604449272156,0.05570751428604126,0.36587974429130554,0.1499178409576416,0.21596190333366394
ukraine-NF-1077,huawei,digital_2_vs_bonafide,digital_2,bonafide,train/attack/digital_2/huawei/ukraine-NF-1077.jpg,ae95b722be6f7ce34b7bc6866e9c142156ca48f70f807a9418ebd613d5e8a13b,train/bonafide/huawei/ukraine-NF-1077.jpg,f164bc1846fdbca762c2d36ba1f2cc1c64b12a576af2cb57152bcd0acb7b1947,"(3194, 1969)","(415, 256)",0.9503101110458374,0.9897819757461548,0.03947186470031738,0.31609758734703064,0.14517058432102203,0.1709270030260086
ukraine-NF-1077,huawei,digital_1_vs_digital_2,digital_1,digital_2,train/attack/digital_1/huawei/ukraine-NF-1077.jpg,1812e3e4800a679fd9a13f40248950042619555fe4c6f97da1d80e512547cb1a,train/attack/digital_2/huawei/ukraine-NF-1077.jpg,ae95b722be6f7ce34b7bc6866e9c142156ca48f70f807a9418ebd613d5e8a13b,"(3194, 1969)","(415, 256)",0.9459291100502014,0.9896019697189331,0.04367285966873169,0.32887086272239685,0.1443081498146057,0.18456271290779114
ukraine-NF-1077,iphone15pro,digital_1_vs_bonafide,digital_1,bonafide,train/attack/digital_1/iphone15pro/ukraine-NF-1077.jpg,c1300e5c962149eff30be6654be02d73b352c3c237f170017ccb68ee5c059828,train/bonafide/iphone15pro/ukraine-NF-1077.jpg,137dd6ff144bf91faa7d68c41be59b6b0826d4ad6cb874dd0b42941bde2f7dd3,"(2828, 1799)","(402, 256)",0.8866997957229614,0.9785219430923462,0.09182214736938477,0.4778749644756317,0.2099272757768631,0.2679476886987686
ukraine-NF-1077,iphone15pro,digital_2_vs_bonafide,digital_2,bonafide,train/attack/digital_2/iphone15pro/ukraine-NF-1077.jpg,4b381bc608fcaa7c8b117fdb5cfacec1088886d625d4fdb703e90560a5e3ef57,train/bonafide/iphone15pro/ukraine-NF-1077.jpg,137dd6ff144bf91faa7d68c41be59b6b0826d4ad6cb874dd0b42941bde2f7dd3,"(2828, 1799)","(402, 256)",0.9442422389984131,0.9881306886672974,0.04388844966888428,0.34031954407691956,0.16120369732379913,0.17911584675312042
ukraine-NF-1077,iphone15pro,digital_1_vs_digital_2,digital_1,digital_2,train/attack/digital_1/iphone15pro/ukraine-NF-1077.jpg,c1300e5c962149eff30be6654be02d73b352c3c237f170017ccb68ee5c059828,train/attack/digital_2/iphone15pro/ukraine-NF-1077.jpg,4b381bc608fcaa7c8b117fdb5cfacec1088886d625d4fdb703e90560a5e3ef57,"(2828, 1799)","(402, 256)",0.942024827003479,0.9889134168624878,0.04688858985900879,0.34128743410110474,0.1495610922574997,0.19172634184360504
ukraine-NF-1077,scan,digital_1_vs_bonafide,digital_1,bonafide,train/attack/digital_1/scan/ukraine-NF-1077.jpg,1f02846cf7ab5edf83df1a930fd0a6d1b25fca777b79244c1d7f9c541f904720,train/bonafide/scan/ukraine-NF-1077.jpg,3bbb28868bcd6f4409435f2764b09250aed15131fdcdc1bf5210510d0266a0f2,"(1989, 1249)","(407, 256)",0.924805760383606,0.9873367547988892,0.0625309944152832,0.388642817735672,0.16227614879608154,0.22636666893959045
ukraine-NF-1077,scan,digital_2_vs_bonafide,digital_2,bonafide,train/attack/digital_2/scan/ukraine-NF-1077.jpg,9cf367f84787aebed922603052d52791f50f082a6844f8c7138c6f37a6fd754c,train/bonafide/scan/ukraine-NF-1077.jpg,3bbb28868bcd6f4409435f2764b09250aed15131fdcdc1bf5210510d0266a0f2,"(1989, 1249)","(407, 256)",0.9585294723510742,0.9931244850158691,0.03459501266479492,0.29091957211494446,0.12254677712917328,0.16837279498577118
ukraine-NF-1077,scan,digital_1_vs_digital_2,digital_1,digital_2,train/attack/digital_1/scan/ukraine-NF-1077.jpg,1f02846cf7ab5edf83df1a930fd0a6d1b25fca777b79244c1d7f9c541f904720,train/attack/digital_2/scan/ukraine-NF-1077.jpg,9cf367f84787aebed922603052d52791f50f082a6844f8c7138c6f37a6fd754c,"(1989, 1249)","(407, 256)",0.9478079080581665,0.9907728433609009,0.042964935302734375,0.32344701886177063,0.13590092957019806,0.18754608929157257
ukraine-NF-1084,huawei,digital_1_vs_bonafide,digital_1,bonafide,train/attack/digital_1/huawei/ukraine-NF-1084.jpg,a8e187c2591fee33b83e156eb325e34258a426864847c03a088d926384f219b0,train/bonafide/huawei/ukraine-NF-1084.jpg,808b46ca8419144a9f041c9358170296f7915109cddbbd7a151eab47f14ba8d2,"(3210, 1972)","(416, 256)",0.9619033336639404,0.9934600591659546,0.03155672550201416,0.2831159234046936,0.1215483695268631,0.1615675538778305
ukraine-NF-1084,huawei,digital_2_vs_bonafide,digital_2,bonafide,train/attack/digital_2/huawei/ukraine-NF-1084.jpg,cd77f35718645162bade043d37b30923fe73bbeb922fea0314b485fb4ab04b63,train/bonafide/huawei/ukraine-NF-1084.jpg,808b46ca8419144a9f041c9358170296f7915109cddbbd7a151eab47f14ba8d2,"(3210, 1972)","(416, 256)",0.970356822013855,0.9935659170150757,0.023209095001220703,0.2455178052186966,0.1143769919872284,0.1311408132314682
ukraine-NF-1084,huawei,digital_1_vs_digital_2,digital_1,digital_2,train/attack/digital_1/huawei/ukraine-NF-1084.jpg,a8e187c2591fee33b83e156eb325e34258a426864847c03a088d926384f219b0,train/attack/digital_2/huawei/ukraine-NF-1084.jpg,cd77f35718645162bade043d37b30923fe73bbeb922fea0314b485fb4ab04b63,"(3210, 1972)","(416, 256)",0.9688412547111511,0.9936438202857971,0.024802565574645996,0.2516236901283264,0.11583095788955688,0.13579273223876953
ukraine-NF-1084,iphone15pro,digital_1_vs_bonafide,digital_1,bonafide,train/attack/digital_1/iphone15pro/ukraine-NF-1084.jpg,0a9e6a8abaacc30a76af4ca5efc62153275a231f970cc8a456704ce67e7ae813,train/bonafide/iphone15pro/ukraine-NF-1084.jpg,e5eedc620d7f14182bf3d134cc5ac95de8b42af1b69bae470b23e88ead762889,"(2823, 1792)","(403, 256)",0.9686059951782227,0.9944579005241394,0.025851905345916748,0.2505876421928406,0.10528187453746796,0.14530576765537262
ukraine-NF-1084,iphone15pro,digital_2_vs_bonafide,digital_2,bonafide,train/attack/digital_2/iphone15pro/ukraine-NF-1084.jpg,761b69cedaa31454f96675fdc6c6ddf5a9870f059cf3897bb091738827c811a0,train/bonafide/iphone15pro/ukraine-NF-1084.jpg,e5eedc620d7f14182bf3d134cc5ac95de8b42af1b69bae470b23e88ead762889,"(2823, 1792)","(403, 256)",0.9746429920196533,0.9945820569992065,0.019939064979553223,0.22608408331871033,0.10433875769376755,0.12174532562494278
ukraine-NF-1084,iphone15pro,digital_1_vs_digital_2,digital_1,digital_2,train/attack/digital_1/iphone15pro/ukraine-NF-1084.jpg,0a9e6a8abaacc30a76af4ca5efc62153275a231f970cc8a456704ce67e7ae813,train/attack/digital_2/iphone15pro/ukraine-NF-1084.jpg,761b69cedaa31454f96675fdc6c6ddf5a9870f059cf3897bb091738827c811a0,"(2823, 1792)","(403, 256)",0.9660912752151489,0.9925910234451294,0.02649974822998047,0.26100215315818787,0.12194186449050903,0.13906028866767883
ukraine-NF-1084,scan,digital_1_vs_bonafide,digital_1,bonafide,train/attack/digital_1/scan/ukraine-NF-1084.jpg,ac448d25a59c5b39e045c3bf3d91602baf627014707c11f74dc0a8b2f31aea10,train/bonafide/scan/ukraine-NF-1084.jpg,c296d6c00421a502679d359f230cd8175082fb74b07bc55df7c5a6b88298d6e9,"(1991, 1249)","(408, 256)",0.9482959508895874,0.9911537766456604,0.042857825756073,0.3317064046859741,0.14601460099220276,0.18569180369377136
ukraine-NF-1084,scan,digital_2_vs_bonafide,digital_2,bonafide,train/attack/digital_2/scan/ukraine-NF-1084.jpg,d3808c54324aa02fc976e34648f1e5d446d1c6694d1960961cf25023e449b66b,train/bonafide/scan/ukraine-NF-1084.jpg,c296d6c00421a502679d359f230cd8175082fb74b07bc55df7c5a6b88298d6e9,"(1991, 1249)","(408, 256)",0.9772961139678955,0.9949018359184265,0.017605721950531006,0.21484249830245972,0.10322494059801102,0.1116175577044487
ukraine-NF-1084,scan,digital_1_vs_digital_2,digital_1,digital_2,train/attack/digital_1/scan/ukraine-NF-1084.jpg,ac448d25a59c5b39e045c3bf3d91602baf627014707c11f74dc0a8b2f31aea10,train/attack/digital_2/scan/ukraine-NF-1084.jpg,d3808c54324aa02fc976e34648f1e5d446d1c6694d1960961cf25023e449b66b,"(1991, 1249)","(408, 256)",0.963914155960083,0.9942015409469604,0.03028738498687744,0.2741082012653351,0.11448834836483002,0.15961985290050507
ukraine-NF-1087,huawei,digital_1_vs_bonafide,digital_1,bonafide,train/attack/digital_1/huawei/ukraine-NF-1087.jpg,f54640761658465f8e6f207e38afdf58f3e5e3c91b480479734cb15fe9367b50,train/bonafide/huawei/ukraine-NF-1087.jpg,5f21ea787be4ab5f60c0ad47e3aa0f88eab36ef43c4e0f91f0067c98bf624b14,"(3199, 1967)","(416, 256)",0.9696584939956665,0.9950546026229858,0.025396108627319336,0.2477504014968872,0.10127438604831696,0.14647601544857025
ukraine-NF-1087,huawei,digital_2_vs_bonafide,digital_2,bonafide,train/attack/digital_2/huawei/ukraine-NF-1087.jpg,f0ffaece232d95834d20209f0b4c60c18992b216e36cc024556d3ed1eaeebf2d,train/bonafide/huawei/ukraine-NF-1087.jpg,5f21ea787be4ab5f60c0ad47e3aa0f88eab36ef43c4e0f91f0067c98bf624b14,"(3199, 1967)","(416, 256)",0.970055103302002,0.9937379360198975,0.023682832717895508,0.24523378908634186,0.11337102204561234,0.13186276704072952
ukraine-NF-1087,huawei,digital_1_vs_digital_2,digital_1,digital_2,train/attack/digital_1/huawei/ukraine-NF-1087.jpg,f54640761658465f8e6f207e38afdf58f3e5e3c91b480479734cb15fe9367b50,train/attack/digital_2/huawei/ukraine-NF-1087.jpg,f0ffaece232d95834d20209f0b4c60c18992b216e36cc024556d3ed1eaeebf2d,"(3199, 1967)","(416, 256)",0.978865385055542,0.9959794878959656,0.017114102840423584,0.20990079641342163,0.097108393907547,0.11279240250587463
ukraine-NF-1087,iphone15pro,digital_1_vs_bonafide,digital_1,bonafide,train/attack/digital_1/iphone15pro/ukraine-NF-1087.jpg,5de4ef4b0a68f090fd5cbe35e1b60a12ea468b5f421527fb2ebe6daaa5ec8d46,train/bonafide/iphone15pro/ukraine-NF-1087.jpg,74a10df13b5ca468a01f16c938df215e7b178d5eeebff3a37f1a2567d4dcf1be,"(2826, 1794)","(403, 256)",0.9710273146629333,0.9945411682128906,0.023513853549957275,0.24118179082870483,0.10675809532403946,0.13442369550466537
ukraine-NF-1087,iphone15pro,digital_2_vs_bonafide,digital_2,bonafide,train/attack/digital_2/iphone15pro/ukraine-NF-1087.jpg,ed598721976f4144286e2e3bb05994d6e1c01fa084a3e55b36b8c35f3d63314e,train/bonafide/iphone15pro/ukraine-NF-1087.jpg,74a10df13b5ca468a01f16c938df215e7b178d5eeebff3a37f1a2567d4dcf1be,"(2826, 1794)","(403, 256)",0.9719345569610596,0.9942163825035095,0.02228182554244995,0.23711000382900238,0.10765483230352402,0.12945517152547836
ukraine-NF-1087,iphone15pro,digital_1_vs_digital_2,digital_1,digital_2,train/attack/digital_1/iphone15pro/ukraine-NF-1087.jpg,5de4ef4b0a68f090fd5cbe35e1b60a12ea468b5f421527fb2ebe6daaa5ec8d46,train/attack/digital_2/iphone15pro/ukraine-NF-1087.jpg,ed598721976f4144286e2e3bb05994d6e1c01fa084a3e55b36b8c35f3d63314e,"(2826, 1794)","(403, 256)",0.9704986214637756,0.9947384595870972,0.024239838123321533,0.2441321462392807,0.1059894859790802,0.1381426602602005
ukraine-NF-1087,scan,digital_1_vs_bonafide,digital_1,bonafide,train/attack/digital_1/scan/ukraine-NF-1087.jpg,a977a23e6777fcbc7018f901dd9bdc69e84a0b6db3e178e2454ba273b1dc83af,train/bonafide/scan/ukraine-NF-1087.jpg,79f6d3470a5db0ab62e95f90a566fcb07cda01cdd7b06f13b66d89a95d4b157a,"(1994, 1252)","(407, 256)",0.9557226300239563,0.992850124835968,0.03712749481201172,0.3014499247074127,0.12806472182273865,0.17338520288467407
ukraine-NF-1087,scan,digital_2_vs_bonafide,digital_2,bonafide,train/attack/digital_2/scan/ukraine-NF-1087.jpg,3fb51d90152ae2eca8e686045e98eeb925954b07469b60519353d5b720b09781,train/bonafide/scan/ukraine-NF-1087.jpg,79f6d3470a5db0ab62e95f90a566fcb07cda01cdd7b06f13b66d89a95d4b157a,"(1994, 1252)","(407, 256)",0.9481261372566223,0.9901949167251587,0.04206877946853638,0.3223230838775635,0.1406334787607193,0.18168960511684418
ukraine-NF-1087,scan,digital_1_vs_digital_2,digital_1,digital_2,train/attack/digital_1/scan/ukraine-NF-1087.jpg,a977a23e6777fcbc7018f901dd9bdc69e84a0b6db3e178e2454ba273b1dc83af,train/attack/digital_2/scan/ukraine-NF-1087.jpg,3fb51d90152ae2eca8e686045e98eeb925954b07469b60519353d5b720b09781,"(1994, 1252)","(407, 256)",0.9840453267097473,0.9967451691627502,0.01269984245300293,0.18229348957538605,0.08713845908641815,0.0951550304889679
ukraine-NM-1007,huawei,digital_1_vs_bonafide,digital_1,bonafide,train/attack/digital_1/huawei/ukraine-NM-1007.jpg,176dc1156bcb0fb8be5f6c8048e71c630e47e05cf6e37161e1051a337d1afc1a,train/bonafide/huawei/ukraine-NM-1007.jpg,b54fc80964223d1d5ad68c92bd92eed192b1f1efa551bc6cef555d59d1a47fdc,"(3041, 1890)","(411, 256)",0.960375189781189,0.9925714135169983,0.032196223735809326,0.28594881296157837,0.12836162745952606,0.1575871855020523
ukraine-NM-1007,huawei,digital_2_vs_bonafide,digital_2,bonafide,train/attack/digital_2/huawei/ukraine-NM-1007.jpg,74249fc4c89f60692b22d0f61efcf74e6f8af43ffdae997bb281cd1633f4d7ba,train/bonafide/huawei/ukraine-NM-1007.jpg,b54fc80964223d1d5ad68c92bd92eed192b1f1efa551bc6cef555d59d1a47fdc,"(3041, 1890)","(411, 256)",0.9812078475952148,0.9969141483306885,0.015706300735473633,0.19470623135566711,0.0796155110001564,0.11509072035551071
ukraine-NM-1007,huawei,digital_1_vs_digital_2,digital_1,digital_2,train/attack/digital_1/huawei/ukraine-NM-1007.jpg,176dc1156bcb0fb8be5f6c8048e71c630e47e05cf6e37161e1051a337d1afc1a,train/attack/digital_2/huawei/ukraine-NM-1007.jpg,74249fc4c89f60692b22d0f61efcf74e6f8af43ffdae997bb281cd1633f4d7ba,"(3041, 1890)","(411, 256)",0.9639238119125366,0.9932892322540283,0.0293654203414917,0.2705398499965668,0.11903619021177292,0.15150365978479385
ukraine-NM-1007,iphone15pro,digital_1_vs_bonafide,digital_1,bonafide,train/attack/digital_1/iphone15pro/ukraine-NM-1007.jpg,1278b9ac9cace94e30aed0163b8d4bd3192159a025a7f0340b2a16dcda710638,train/bonafide/iphone15pro/ukraine-NM-1007.jpg,b8b60b200310861585ef3cc0a833b2a118c2d580ac537e15a500a47a583dfed3,"(2636, 1610)","(419, 256)",0.9767206907272339,0.9956989884376526,0.0189782977104187,0.21734587848186493,0.09513165801763535,0.12221422046422958
ukraine-NM-1007,iphone15pro,digital_2_vs_bonafide,digital_2,bonafide,train/attack/digital_2/iphone15pro/ukraine-NM-1007.jpg,21f9d9284f4b4dad25022e282d055c512aae4706d1d116d58646939258a917f8,train/bonafide/iphone15pro/ukraine-NM-1007.jpg,b8b60b200310861585ef3cc0a833b2a118c2d580ac537e15a500a47a583dfed3,"(2636, 1610)","(419, 256)",0.9743466377258301,0.9943897724151611,0.020043134689331055,0.22721822559833527,0.1062508225440979,0.12096740305423737
ukraine-NM-1007,iphone15pro,digital_1_vs_digital_2,digital_1,digital_2,train/attack/digital_1/iphone15pro/ukraine-NM-1007.jpg,1278b9ac9cace94e30aed0163b8d4bd3192159a025a7f0340b2a16dcda710638,train/attack/digital_2/iphone15pro/ukraine-NM-1007.jpg,21f9d9284f4b4dad25022e282d055c512aae4706d1d116d58646939258a917f8,"(2636, 1610)","(419, 256)",0.9565289616584778,0.9904800653457642,0.03395110368728638,0.2980939745903015,0.14108648896217346,0.15700748562812805
ukraine-NM-1007,scan,digital_1_vs_bonafide,digital_1,bonafide,train/attack/digital_1/scan/ukraine-NM-1007.jpg,ae54d5dd2e346526bc8b3cc6ce305d821ff06e1e8a0826568bc247c0ce820949,train/bonafide/scan/ukraine-NM-1007.jpg,43f2eecdb7bba7bc448c6d84ee9f4fc16c4213ba47d97902498652fdf3a14ee8,"(1992, 1252)","(407, 256)",0.9653574228286743,0.9937430024147034,0.028385579586029053,0.26544660329818726,0.11946605890989304,0.14598054438829422
ukraine-NM-1007,scan,digital_2_vs_bonafide,digital_2,bonafide,train/attack/digital_2/scan/ukraine-NM-1007.jpg,4c2c775bf029c18120f9689c24d0ce296db927eeaf08aedd6f21a6b668864fbe,train/bonafide/scan/ukraine-NM-1007.jpg,43f2eecdb7bba7bc448c6d84ee9f4fc16c4213ba47d97902498652fdf3a14ee8,"(1992, 1252)","(407, 256)",0.9841316342353821,0.9970657825469971,0.01293414831161499,0.17848511040210724,0.07678020000457764,0.1017049103975296
ukraine-NM-1007,scan,digital_1_vs_digital_2,digital_1,digital_2,train/attack/digital_1/scan/ukraine-NM-1007.jpg,ae54d5dd2e346526bc8b3cc6ce305d821ff06e1e8a0826568bc247c0ce820949,train/attack/digital_2/scan/ukraine-NM-1007.jpg,4c2c775bf029c18120f9689c24d0ce296db927eeaf08aedd6f21a6b668864fbe,"(1992, 1252)","(407, 256)",0.9693772792816162,0.9943572282791138,0.02497994899749756,0.24858316779136658,0.1124178022146225,0.13616536557674408
usa-009_03,huawei,digital_1_vs_bonafide,digital_1,bonafide,train/attack/digital_1/huawei/usa-009_03.jpg,f3957f3b6d178e3cea818417f9f229fc92ab7a501ad7decb36bc75027e88123a,train/bonafide/huawei/usa-009_03.jpg,92934331ce889c7943ac76797e8d54d1b0bbc429d905008ae3f3afa84d526be5,"(3204, 1979)","(414, 256)",0.9902973771095276,0.9982930421829224,0.007995665073394775,0.13930951058864594,0.05846680700778961,0.08084270358085632
usa-009_03,huawei,digital_2_vs_bonafide,digital_2,bonafide,train/attack/digital_2/huawei/usa-009_03.jpg,8b35c2b5478d7c6ed3c4ae83e6837fb8497fb885dedb415a5c394dbdcce73531,train/bonafide/huawei/usa-009_03.jpg,92934331ce889c7943ac76797e8d54d1b0bbc429d905008ae3f3afa84d526be5,"(3204, 1979)","(414, 256)",0.985754668712616,0.9969028234481812,0.011148154735565186,0.1689685881137848,0.08010410517454147,0.08886448293924332
usa-009_03,huawei,digital_1_vs_digital_2,digital_1,digital_2,train/attack/digital_1/huawei/usa-009_03.jpg,f3957f3b6d178e3cea818417f9f229fc92ab7a501ad7decb36bc75027e88123a,train/attack/digital_2/huawei/usa-009_03.jpg,8b35c2b5478d7c6ed3c4ae83e6837fb8497fb885dedb415a5c394dbdcce73531,"(3204, 1979)","(414, 256)",0.9838491082191467,0.9960508346557617,0.01220172643661499,0.17995640635490417,0.08978782594203949,0.09016858041286469
usa-009_03,iphone15pro,digital_1_vs_bonafide,digital_1,bonafide,train/attack/digital_1/iphone15pro/usa-009_03.jpg,1969ade087316714b2e6df66c6b3ebbe23048c0835ff60ed766049f12e8ffc0a,train/bonafide/iphone15pro/usa-009_03.jpg,7ae3fc09b629639851c2e26d6c73739a6371bfcf630981d46c7bfea92e417b0f,"(2819, 1793)","(402, 256)",0.9851222038269043,0.9966542720794678,0.011532068252563477,0.1725044548511505,0.08249562233686447,0.09000883251428604
usa-009_03,iphone15pro,digital_2_vs_bonafide,digital_2,bonafide,train/attack/digital_2/iphone15pro/usa-009_03.jpg,d2833eb5555d03707d24d05922a07f877032f063f48147b4d0495b5f628e2805,train/bonafide/iphone15pro/usa-009_03.jpg,7ae3fc09b629639851c2e26d6c73739a6371bfcf630981d46c7bfea92e417b0f,"(2819, 1793)","(402, 256)",0.988945722579956,0.9977565407752991,0.008810818195343018,0.14876002073287964,0.06729238480329514,0.0814676359295845
usa-009_03,iphone15pro,digital_1_vs_digital_2,digital_1,digital_2,train/attack/digital_1/iphone15pro/usa-009_03.jpg,1969ade087316714b2e6df66c6b3ebbe23048c0835ff60ed766049f12e8ffc0a,train/attack/digital_2/iphone15pro/usa-009_03.jpg,d2833eb5555d03707d24d05922a07f877032f063f48147b4d0495b5f628e2805,"(2819, 1793)","(402, 256)",0.9881736636161804,0.9974856972694397,0.009312033653259277,0.15382616221904755,0.07104074209928513,0.08278542011976242
usa-009_03,scan,digital_1_vs_bonafide,digital_1,bonafide,train/attack/digital_1/scan/usa-009_03.jpg,f907b95e779ac660156195f17654d248a155ce725271e222190a6a2eafe155cf,train/bonafide/scan/usa-009_03.jpg,1366b3239af9ef80234bfd17317c8fa2da7e995bde8087b30682bf3276b66885,"(1993, 1246)","(409, 256)",0.9870477914810181,0.9975073337554932,0.010459542274475098,0.1611950695514679,0.07151614874601364,0.08967892080545425
usa-009_03,scan,digital_2_vs_bonafide,digital_2,bonafide,train/attack/digital_2/scan/usa-009_03.jpg,fe607796e309ee512c0fb28ad9dd034d5a3b1daf8eb567ec2d8ba94783f03e41,train/bonafide/scan/usa-009_03.jpg,1366b3239af9ef80234bfd17317c8fa2da7e995bde8087b30682bf3276b66885,"(1993, 1246)","(409, 256)",0.98641437292099,0.9975832104682922,0.011168837547302246,0.1648901402950287,0.06957262009382248,0.09531752020120621
usa-009_03,scan,digital_1_vs_digital_2,digital_1,digital_2,train/attack/digital_1/scan/usa-009_03.jpg,f907b95e779ac660156195f17654d248a155ce725271e222190a6a2eafe155cf,train/attack/digital_2/scan/usa-009_03.jpg,fe607796e309ee512c0fb28ad9dd034d5a3b1daf8eb567ec2d8ba94783f03e41,"(1993, 1246)","(409, 256)",0.9843202829360962,0.9966018199920654,0.012281537055969238,0.1775689274072647,0.08361722528934479,0.09395170211791992
usa-011_03,huawei,digital_1_vs_bonafide,digital_1,bonafide,train/attack/digital_1/huawei/usa-011_03.jpg,5b2aa1c38e94626144b6ef52ef71fe3fefe7357c32a5410250433580b22f7649,train/bonafide/huawei/usa-011_03.jpg,f6fde666fd8c3782d70516e51c0b46ade932985b071cb555cecb5137f4434acd,"(3207, 1975)","(415, 256)",0.9864863157272339,0.9974992275238037,0.011012911796569824,0.16558487713336945,0.07388219237327576,0.09170268476009369
usa-011_03,huawei,digital_2_vs_bonafide,digital_2,bonafide,train/attack/digital_2/huawei/usa-011_03.jpg,0902f04a37c0a435f0c3a7a6733c30b7c68d7f699783abb8de96d651b2c72ba1,train/bonafide/huawei/usa-011_03.jpg,f6fde666fd8c3782d70516e51c0b46ade932985b071cb555cecb5137f4434acd,"(3207, 1975)","(415, 256)",0.9925658702850342,0.9985593557357788,0.005993485450744629,0.12208247929811478,0.05438606068491936,0.06769641861319542
usa-011_03,huawei,digital_1_vs_digital_2,digital_1,digital_2,train/attack/digital_1/huawei/usa-011_03.jpg,5b2aa1c38e94626144b6ef52ef71fe3fefe7357c32a5410250433580b22f7649,train/attack/digital_2/huawei/usa-011_03.jpg,0902f04a37c0a435f0c3a7a6733c30b7c68d7f699783abb8de96d651b2c72ba1,"(3207, 1975)","(415, 256)",0.9869993329048157,0.9976069331169128,0.010607600212097168,0.16183854639530182,0.07032574713230133,0.09151279926300049
usa-011_03,iphone15pro,digital_1_vs_bonafide,digital_1,bonafide,train/attack/digital_1/iphone15pro/usa-011_03.jpg,2bc9748da06a6508a05dade57f5d92a904fbdaf8a3dba1cd6dc246bc54026a9f,train/bonafide/iphone15pro/usa-011_03.jpg,b1dffcf0dafd6c6f4d065f76bf808dd474f47393aedf47c47f21ddba032dd5d9,"(2821, 1796)","(402, 256)",0.9815406799316406,0.9964597225189209,0.014919042587280273,0.1921667605638504,0.08527671545743942,0.10689004510641098
usa-011_03,iphone15pro,digital_2_vs_bonafide,digital_2,bonafide,train/attack/digital_2/iphone15pro/usa-011_03.jpg,643e33499e179959c8735de76825178e80798c69948ea21d1e9c272b08c7f26a,train/bonafide/iphone15pro/usa-011_03.jpg,b1dffcf0dafd6c6f4d065f76bf808dd474f47393aedf47c47f21ddba032dd5d9,"(2821, 1796)","(402, 256)",0.9843231439590454,0.9966745376586914,0.012351393699645996,0.1777419000864029,0.08195323497056961,0.09578866511583328
usa-011_03,iphone15pro,digital_1_vs_digital_2,digital_1,digital_2,train/attack/digital_1/iphone15pro/usa-011_03.jpg,2bc9748da06a6508a05dade57f5d92a904fbdaf8a3dba1cd6dc246bc54026a9f,train/attack/digital_2/iphone15pro/usa-011_03.jpg,643e33499e179959c8735de76825178e80798c69948ea21d1e9c272b08c7f26a,"(2821, 1796)","(402, 256)",0.9837033748626709,0.9966390132904053,0.012935638427734375,0.18148425221443176,0.08486730605363846,0.0966169461607933
usa-011_03,scan,digital_1_vs_bonafide,digital_1,bonafide,train/attack/digital_1/scan/usa-011_03.jpg,383767770e641b956f35ee816f685f0c07012cf71c8fa324853ec6031532dd92,train/bonafide/scan/usa-011_03.jpg,996bc0f2bee710353c3fa6ef993fbca837e1e623475960668758dd7888ae6abc,"(1999, 1251)","(409, 256)",0.9901677966117859,0.9984039068222046,0.008236110210418701,0.14049312472343445,0.05708276480436325,0.0834103599190712
usa-011_03,scan,digital_2_vs_bonafide,digital_2,bonafide,train/attack/digital_2/scan/usa-011_03.jpg,28b933ad1736373f30e3bd39d313223ba3e816808945b5ea5229e642539a8d8b,train/bonafide/scan/usa-011_03.jpg,996bc0f2bee710353c3fa6ef993fbca837e1e623475960668758dd7888ae6abc,"(1999, 1251)","(409, 256)",0.9867085814476013,0.9973319172859192,0.010623335838317871,0.16306445002555847,0.07321520894765854,0.08984924107789993
usa-011_03,scan,digital_1_vs_digital_2,digital_1,digital_2,train/attack/digital_1/scan/usa-011_03.jpg,383767770e641b956f35ee816f685f0c07012cf71c8fa324853ec6031532dd92,train/attack/digital_2/scan/usa-011_03.jpg,28b933ad1736373f30e3bd39d313223ba3e816808945b5ea5229e642539a8d8b,"(1999, 1251)","(409, 256)",0.9872179627418518,0.9975692629814148,0.010351300239562988,0.15999430418014526,0.0697965994477272,0.09019770473241806
usa-016_03,huawei,digital_1_vs_bonafide,digital_1,bonafide,train/attack/digital_1/huawei/usa-016_03.jpg,fa83e3cb54144909ed863e3786a01738db49d1d671c39f0a9abb3afcc67a8de8,train/bonafide/huawei/usa-016_03.jpg,7f61d22b94ebdc2e2ea2c12085a98926881333b3eadee84a29e33a814de1665f,"(3232, 2003)","(413, 256)",0.9709765911102295,0.9938262701034546,0.022849678993225098,0.24199439585208893,0.11330083012580872,0.1286935657262802
usa-016_03,huawei,digital_2_vs_bonafide,digital_2,bonafide,train/attack/digital_2/huawei/usa-016_03.jpg,f23b2223deb7c39a9acfe953076a2cf50da2a780780eccf3c8a25f8f1d4ba5ec,train/bonafide/huawei/usa-016_03.jpg,7f61d22b94ebdc2e2ea2c12085a98926881333b3eadee84a29e33a814de1665f,"(3232, 2003)","(413, 256)",0.9701859354972839,0.9931408166885376,0.022954881191253662,0.24483275413513184,0.11819162964820862,0.12664112448692322
usa-016_03,huawei,digital_1_vs_digital_2,digital_1,digital_2,train/attack/digital_1/huawei/usa-016_03.jpg,fa83e3cb54144909ed863e3786a01738db49d1d671c39f0a9abb3afcc67a8de8,train/attack/digital_2/huawei/usa-016_03.jpg,f23b2223deb7c39a9acfe953076a2cf50da2a780780eccf3c8a25f8f1d4ba5ec,"(3232, 2003)","(413, 256)",0.9791426062583923,0.9957593679428101,0.016616761684417725,0.20821969211101532,0.09961801022291183,0.10860168188810349
usa-016_03,iphone15pro,digital_1_vs_bonafide,digital_1,bonafide,train/attack/digital_1/iphone15pro/usa-016_03.jpg,acc970c6d18f34bd32824abe94b48711a5eb6c31086c230e767cfbeaa49ee2a8,train/bonafide/iphone15pro/usa-016_03.jpg,76856b11f6286f0fc0a86c5f5d7479979ee5fc2b462badbdd7906fdabf79296c,"(2827, 1787)","(404, 256)",0.962071418762207,0.9906461238861084,0.028574705123901367,0.27570849657058716,0.13711801171302795,0.1385904848575592
usa-016_03,iphone15pro,digital_2_vs_bonafide,digital_2,bonafide,train/attack/digital_2/iphone15pro/usa-016_03.jpg,01adafaccbb875b29a412a31fc44f2d4de0d5c8225b7ec941b8b2910034325d0,train/bonafide/iphone15pro/usa-016_03.jpg,76856b11f6286f0fc0a86c5f5d7479979ee5fc2b462badbdd7906fdabf79296c,"(2827, 1787)","(404, 256)",0.9603596925735474,0.9901294112205505,0.029769718647003174,0.28156837821006775,0.1412462443113327,0.14032213389873505
usa-016_03,iphone15pro,digital_1_vs_digital_2,digital_1,digital_2,train/attack/digital_1/iphone15pro/usa-016_03.jpg,acc970c6d18f34bd32824abe94b48711a5eb6c31086c230e767cfbeaa49ee2a8,train/attack/digital_2/iphone15pro/usa-016_03.jpg,01adafaccbb875b29a412a31fc44f2d4de0d5c8225b7ec941b8b2910034325d0,"(2827, 1787)","(404, 256)",0.9859462976455688,0.9973611235618591,0.011414825916290283,0.1681395024061203,0.07280585169792175,0.09533365070819855
usa-016_03,scan,digital_1_vs_bonafide,digital_1,bonafide,train/attack/digital_1/scan/usa-016_03.jpg,3788c6e84be3ba4d85cf608f954669e6b7a1c0432cfe6f9e584776171b88e9a9,train/bonafide/scan/usa-016_03.jpg,8fb1ca8adb9cf1a1a47fffd593cfba85043a6416282f0a9e9c237eb5cdf75fc4,"(1993, 1248)","(408, 256)",0.9788727760314941,0.9957917332649231,0.016918957233428955,0.20576488971710205,0.09174197912216187,0.11402291059494019
usa-016_03,scan,digital_2_vs_bonafide,digital_2,bonafide,train/attack/digital_2/scan/usa-016_03.jpg,29bc76f8246d8a3298d0bd0faecde4b1025403d62b4df973b36034b6e8036421,train/bonafide/scan/usa-016_03.jpg,8fb1ca8adb9cf1a1a47fffd593cfba85043a6416282f0a9e9c237eb5cdf75fc4,"(1993, 1248)","(408, 256)",0.9765474796295166,0.9951815605163574,0.01863408088684082,0.2167949229478836,0.09820517152547836,0.11858975142240524
usa-016_03,scan,digital_1_vs_digital_2,digital_1,digital_2,train/attack/digital_1/scan/usa-016_03.jpg,3788c6e84be3ba4d85cf608f954669e6b7a1c0432cfe6f9e584776171b88e9a9,train/attack/digital_2/scan/usa-016_03.jpg,29bc76f8246d8a3298d0bd0faecde4b1025403d62b4df973b36034b6e8036421,"(1993, 1248)","(408, 256)",0.9865662455558777,0.9977176785469055,0.011151432991027832,0.16391414403915405,0.06761712580919266,0.0962970182299614
usa-043_03,huawei,digital_1_vs_bonafide,digital_1,bonafide,train/attack/digital_1/huawei/usa-043_03.jpg,16d569d6bd6deda92dac9c165f8f2d0e9514c8aff8fa783882ebae32dfea1c1b,train/bonafide/huawei/usa-043_03.jpg,7ecc088cbe494dfe103d192aa01541e01ff3a068ec16a6db618783d5d2071cd5,"(3191, 1976)","(413, 256)",0.9417027235031128,0.9856905341148376,0.043987810611724854,0.3417864441871643,0.17310376465320587,0.16868267953395844
usa-043_03,huawei,digital_2_vs_bonafide,digital_2,bonafide,train/attack/digital_2/huawei/usa-043_03.jpg,e1a804fb087f6d1528beb42ea70b9911c6e7dbd19dd9a7a747a76684a8e39a14,train/bonafide/huawei/usa-043_03.jpg,7ecc088cbe494dfe103d192aa01541e01ff3a068ec16a6db618783d5d2071cd5,"(3191, 1976)","(413, 256)",0.9468239545822144,0.9870476722717285,0.04022371768951416,0.32704901695251465,0.16387051343917847,0.16317850351333618
usa-043_03,huawei,digital_1_vs_digital_2,digital_1,digital_2,train/attack/digital_1/huawei/usa-043_03.jpg,16d569d6bd6deda92dac9c165f8f2d0e9514c8aff8fa783882ebae32dfea1c1b,train/attack/digital_2/huawei/usa-043_03.jpg,e1a804fb087f6d1528beb42ea70b9911c6e7dbd19dd9a7a747a76684a8e39a14,"(3191, 1976)","(413, 256)",0.9849913716316223,0.996996283531189,0.01200491189956665,0.17353224754333496,0.07773370295763016,0.0957985445857048
usa-043_03,iphone15pro,digital_1_vs_bonafide,digital_1,bonafide,train/attack/digital_1/iphone15pro/usa-043_03.jpg,0963f6051279aa3647f89ff5521814132befb5245947ea46f048a0cf9851318a,train/bonafide/iphone15pro/usa-043_03.jpg,464be9d9b5e02a925bdf4604f32e0d98f05953fc261cacd3d5a6fb56631d78e8,"(2811, 1787)","(402, 256)",0.931911289691925,0.9827699065208435,0.05085861682891846,0.3750423789024353,0.19888190925121307,0.17616046965122223
usa-043_03,iphone15pro,digital_2_vs_bonafide,digital_2,bonafide,train/attack/digital_2/iphone15pro/usa-043_03.jpg,ce43161bfd84da0d1605333d959213088231bc6b7ae965dfd9bcdfe053656c61,train/bonafide/iphone15pro/usa-043_03.jpg,464be9d9b5e02a925bdf4604f32e0d98f05953fc261cacd3d5a6fb56631d78e8,"(2811, 1787)","(402, 256)",0.926199197769165,0.9811563491821289,0.05495715141296387,0.3907524645328522,0.20795798301696777,0.1827944815158844
usa-043_03,iphone15pro,digital_1_vs_digital_2,digital_1,digital_2,train/attack/digital_1/iphone15pro/usa-043_03.jpg,0963f6051279aa3647f89ff5521814132befb5245947ea46f048a0cf9851318a,train/attack/digital_2/iphone15pro/usa-043_03.jpg,ce43161bfd84da0d1605333d959213088231bc6b7ae965dfd9bcdfe053656c61,"(2811, 1787)","(402, 256)",0.9860653281211853,0.9974601864814758,0.011394858360290527,0.1670038402080536,0.07134497910737991,0.09565886110067368
usa-043_03,scan,digital_1_vs_bonafide,digital_1,bonafide,train/attack/digital_1/scan/usa-043_03.jpg,14836d2afe166b43e925c4d71ed69b937174aba9c74b88486f164d65b508bddd,train/bonafide/scan/usa-043_03.jpg,5e8b609e7b337853fcd4c78c76a151781306e2393fdca53e1f21c1c6cf2719b5,"(1990, 1250)","(407, 256)",0.9391764998435974,0.9841293096542358,0.04495280981063843,0.35302281379699707,0.1877085566520691,0.16531425714492798
usa-043_03,scan,digital_2_vs_bonafide,digital_2,bonafide,train/attack/digital_2/scan/usa-043_03.jpg,6f110d4a101d954ed4069861cca5f5184e143f06a51322f46245aedf9cb57986,train/bonafide/scan/usa-043_03.jpg,5e8b609e7b337853fcd4c78c76a151781306e2393fdca53e1f21c1c6cf2719b5,"(1990, 1250)","(407, 256)",0.9417198896408081,0.9860677719116211,0.04434788227081299,0.3454388380050659,0.1761898696422577,0.16924896836280823
usa-043_03,scan,digital_1_vs_digital_2,digital_1,digital_2,train/attack/digital_1/scan/usa-043_03.jpg,14836d2afe166b43e925c4d71ed69b937174aba9c74b88486f164d65b508bddd,train/attack/digital_2/scan/usa-043_03.jpg,6f110d4a101d954ed4069861cca5f5184e143f06a51322f46245aedf9cb57986,"(1990, 1250)","(407, 256)",0.9847914576530457,0.9975568652153015,0.01276540756225586,0.17441673576831818,0.0699562355875969,0.10446050018072128
usa-063_03,huawei,digital_1_vs_bonafide,digital_1,bonafide,train/attack/digital_1/huawei/usa-063_03.jpg,909c6c5227e24eb5e59393ed731d71616ffe696f8e1b2ac594c2af00adc5dc85,train/bonafide/huawei/usa-063_03.jpg,9880193521de78bac9cda7bb5c6fea503639113e6f52085c8c031552ac521127,"(3240, 1998)","(415, 256)",0.988144040107727,0.9975824952125549,0.00943845510482788,0.15400664508342743,0.06953800469636917,0.08446864038705826
usa-063_03,huawei,digital_2_vs_bonafide,digital_2,bonafide,train/attack/digital_2/huawei/usa-063_03.jpg,d3559e32aec0c13ea69a5dfabece33ecc0a4a3493475988f1df5bf2bf398e50a,train/bonafide/huawei/usa-063_03.jpg,9880193521de78bac9cda7bb5c6fea503639113e6f52085c8c031552ac521127,"(3240, 1998)","(415, 256)",0.9821083545684814,0.9958407878875732,0.013732433319091797,0.18917004764080048,0.09124453365802765,0.09792551398277283
usa-063_03,huawei,digital_1_vs_digital_2,digital_1,digital_2,train/attack/digital_1/huawei/usa-063_03.jpg,909c6c5227e24eb5e59393ed731d71616ffe696f8e1b2ac594c2af00adc5dc85,train/attack/digital_2/huawei/usa-063_03.jpg,d3559e32aec0c13ea69a5dfabece33ecc0a4a3493475988f1df5bf2bf398e50a,"(3240, 1998)","(415, 256)",0.9861063957214355,0.997411847114563,0.011305451393127441,0.1666986644268036,0.07197269797325134,0.09472596645355225
usa-063_03,iphone15pro,digital_1_vs_bonafide,digital_1,bonafide,train/attack/digital_1/iphone15pro/usa-063_03.jpg,576efd02188944713f449536ffc87e8a11cc9062a7ccb635214465a668d6d114,train/bonafide/iphone15pro/usa-063_03.jpg,fed18e97179be2c6d3ecd4653219031e562a21307eca69a3d85b7ca4615e9dcf,"(2810, 1793)","(401, 256)",0.9853976368904114,0.997172474861145,0.011774837970733643,0.1718737632036209,0.07570534944534302,0.0961684137582779
usa-063_03,iphone15pro,digital_2_vs_bonafide,digital_2,bonafide,train/attack/digital_2/iphone15pro/usa-063_03.jpg,48c597e92afc6561f06e960a60ecde53f96aba64d348b8f5dd5ee58fdba21125,train/bonafide/iphone15pro/usa-063_03.jpg,fed18e97179be2c6d3ecd4653219031e562a21307eca69a3d85b7ca4615e9dcf,"(2810, 1793)","(401, 256)",0.9840403199195862,0.9968265295028687,0.01278620958328247,0.1788051426410675,0.07967814058065414,0.09912700206041336
usa-063_03,iphone15pro,digital_1_vs_digital_2,digital_1,digital_2,train/attack/digital_1/iphone15pro/usa-063_03.jpg,576efd02188944713f449536ffc87e8a11cc9062a7ccb635214465a668d6d114,train/attack/digital_2/iphone15pro/usa-063_03.jpg,48c597e92afc6561f06e960a60ecde53f96aba64d348b8f5dd5ee58fdba21125,"(2810, 1793)","(401, 256)",0.9908190369606018,0.9982219934463501,0.007402956485748291,0.1359618455171585,0.06009415164589882,0.07586769387125969
usa-063_03,scan,digital_1_vs_bonafide,digital_1,bonafide,train/attack/digital_1/scan/usa-063_03.jpg,15a62793a668b2c61fc20aa3caa2a9e5ad08f997f0f95201be416513f97e98ca,train/bonafide/scan/usa-063_03.jpg,a1fc72d9a8296c2c3f928e172852e7fdec8aa5fb435f016c05c9570aca0d5005,"(1993, 1248)","(408, 256)",0.9851223826408386,0.9964053630828857,0.01128298044204712,0.17263270914554596,0.08486329764127731,0.08776941150426865
usa-063_03,scan,digital_2_vs_bonafide,digital_2,bonafide,train/attack/digital_2/scan/usa-063_03.jpg,8e417e4d20317fca3149dc8c6137f67379c697fd0c2bd839b3a924c5ff6b683d,train/bonafide/scan/usa-063_03.jpg,a1fc72d9a8296c2c3f928e172852e7fdec8aa5fb435f016c05c9570aca0d5005,"(1993, 1248)","(408, 256)",0.982140302658081,0.9963251948356628,0.014184892177581787,0.18901678919792175,0.08599051833152771,0.10302627086639404
usa-063_03,scan,digital_1_vs_digital_2,digital_1,digital_2,train/attack/digital_1/scan/usa-063_03.jpg,15a62793a668b2c61fc20aa3caa2a9e5ad08f997f0f95201be416513f97e98ca,train/attack/digital_2/scan/usa-063_03.jpg,8e417e4d20317fca3149dc8c6137f67379c697fd0c2bd839b3a924c5ff6b683d,"(1993, 1248)","(408, 256)",0.9885272979736328,0.997902512550354,0.009375214576721191,0.15178488194942474,0.06556621193885803,0.08621867001056671
usa-117_03,huawei,digital_1_vs_bonafide,digital_1,bonafide,train/attack/digital_1/huawei/usa-117_03.jpg,31f41dd866f29cfe1f2ddcb06dfd337bd29a403e59dccc9b1b217e6cff32f715,train/bonafide/huawei/usa-117_03.jpg,f3efac38e2c9ebbd91e1ad6541aedcc2e8da0c7505a109fc2a547c2afbd28d6d,"(3199, 1973)","(415, 256)",0.9805690050125122,0.9948416948318481,0.014272689819335938,0.19757364690303802,0.10324762761592865,0.09432601928710938
usa-117_03,huawei,digital_2_vs_bonafide,digital_2,bonafide,train/attack/digital_2/huawei/usa-117_03.jpg,e6ab654d7e7adf4e35bb29dc35988f05dcfe97f3ef366b9b7a9af292b2eaa20c,train/bonafide/huawei/usa-117_03.jpg,f3efac38e2c9ebbd91e1ad6541aedcc2e8da0c7505a109fc2a547c2afbd28d6d,"(3199, 1973)","(415, 256)",0.9695053100585938,0.9941333532333374,0.024628043174743652,0.2470523566007614,0.10852137207984924,0.13853098452091217
usa-117_03,huawei,digital_1_vs_digital_2,digital_1,digital_2,train/attack/digital_1/huawei/usa-117_03.jpg,31f41dd866f29cfe1f2ddcb06dfd337bd29a403e59dccc9b1b217e6cff32f715,train/attack/digital_2/huawei/usa-117_03.jpg,e6ab654d7e7adf4e35bb29dc35988f05dcfe97f3ef366b9b7a9af292b2eaa20c,"(3199, 1973)","(415, 256)",0.9674900770187378,0.9937156438827515,0.026225566864013672,0.25506970286369324,0.11274247616529465,0.1423272266983986
usa-117_03,iphone15pro,digital_1_vs_bonafide,digital_1,bonafide,train/attack/digital_1/iphone15pro/usa-117_03.jpg,b002ae3f06cab1e8c964c42d04a17d4422c39e9e82b87c5088f03d41bf1be3ec,train/bonafide/iphone15pro/usa-117_03.jpg,95d1945c0f914f23a439c997e4ef9e4b5df1167bdc80a77b19bc17caac6cc8fe,"(2819, 1791)","(402, 256)",0.9887930154800415,0.9976823329925537,0.008889317512512207,0.15049095451831818,0.0701020285487175,0.08038892596960068
usa-117_03,iphone15pro,digital_2_vs_bonafide,digital_2,bonafide,train/attack/digital_2/iphone15pro/usa-117_03.jpg,cf133c70d20a3ebb2c984e5e381341f5eb447db083ecabb3ca2b13b27def0e3a,train/bonafide/iphone15pro/usa-117_03.jpg,95d1945c0f914f23a439c997e4ef9e4b5df1167bdc80a77b19bc17caac6cc8fe,"(2819, 1791)","(402, 256)",0.985214352607727,0.9973874092102051,0.012173056602478027,0.17254111170768738,0.073712058365345,0.09882905334234238
usa-117_03,iphone15pro,digital_1_vs_digital_2,digital_1,digital_2,train/attack/digital_1/iphone15pro/usa-117_03.jpg,b002ae3f06cab1e8c964c42d04a17d4422c39e9e82b87c5088f03d41bf1be3ec,train/attack/digital_2/iphone15pro/usa-117_03.jpg,cf133c70d20a3ebb2c984e5e381341f5eb447db083ecabb3ca2b13b27def0e3a,"(2819, 1791)","(402, 256)",0.9833147525787354,0.9965634346008301,0.013248682022094727,0.1826803833246231,0.08293621987104416,0.09974416345357895
usa-117_03,scan,digital_1_vs_bonafide,digital_1,bonafide,train/attack/digital_1/scan/usa-117_03.jpg,6667dbe1ddb409e66d204bbcd89de577581f638045e4646b62aa93f719f29a23,train/bonafide/scan/usa-117_03.jpg,8dd0c258bbd7b026b53171207b75b8729ff58965604bbddf4a7dce5c28f68d45,"(1996, 1249)","(409, 256)",0.9856424331665039,0.9972767233848572,0.011634290218353271,0.16955097019672394,0.07391609996557236,0.09563487023115158
usa-117_03,scan,digital_2_vs_bonafide,digital_2,bonafide,train/attack/digital_2/scan/usa-117_03.jpg,25435fcc295f72d35b616e23eab10eb0935ec198015765de1a4e035f95627487,train/bonafide/scan/usa-117_03.jpg,8dd0c258bbd7b026b53171207b75b8729ff58965604bbddf4a7dce5c28f68d45,"(1996, 1249)","(409, 256)",0.984531581401825,0.9971449375152588,0.012613356113433838,0.17590123414993286,0.07576799392700195,0.10013324022293091
usa-117_03,scan,digital_1_vs_digital_2,digital_1,digital_2,train/attack/digital_1/scan/usa-117_03.jpg,6667dbe1ddb409e66d204bbcd89de577581f638045e4646b62aa93f719f29a23,train/attack/digital_2/scan/usa-117_03.jpg,25435fcc295f72d35b616e23eab10eb0935ec198015765de1a4e035f95627487,"(1996, 1249)","(409, 256)",0.9825626015663147,0.9963980913162231,0.013835489749908447,0.18690869212150574,0.0854247659444809,0.10148392617702484
usa-134_03,huawei,digital_1_vs_bonafide,digital_1,bonafide,train/attack/digital_1/huawei/usa-134_03.jpg,4d70f0a4b17b07400850fb56e996e66bc4e01de0c7868accebc8487060ba58ae,train/bonafide/huawei/usa-134_03.jpg,755a7943759a59a4004459c8a87fa0c9563f5b03c6c1062cdfe1a5de862eee56,"(3199, 1976)","(414, 256)",0.9734435081481934,0.9945226907730103,0.021079182624816895,0.23124036192893982,0.10583936423063278,0.12540099769830704
usa-134_03,huawei,digital_2_vs_bonafide,digital_2,bonafide,train/attack/digital_2/huawei/usa-134_03.jpg,a70450ed3dbcbd9516f66527dee6e018d9ba4b318e3e15f788ac3c4b9722a68e,train/bonafide/huawei/usa-134_03.jpg,755a7943759a59a4004459c8a87fa0c9563f5b03c6c1062cdfe1a5de862eee56,"(3199, 1976)","(414, 256)",0.9788704514503479,0.9959942102432251,0.017123758792877197,0.2065938264131546,0.09291552007198334,0.11367830634117126
usa-134_03,huawei,digital_1_vs_digital_2,digital_1,digital_2,train/attack/digital_1/huawei/usa-134_03.jpg,4d70f0a4b17b07400850fb56e996e66bc4e01de0c7868accebc8487060ba58ae,train/attack/digital_2/huawei/usa-134_03.jpg,a70450ed3dbcbd9516f66527dee6e018d9ba4b318e3e15f788ac3c4b9722a68e,"(3199, 1976)","(414, 256)",0.9788929224014282,0.995398998260498,0.016506075859069824,0.209224671125412,0.10418485850095749,0.1050398126244545
usa-134_03,iphone15pro,digital_1_vs_bonafide,digital_1,bonafide,train/attack/digital_1/iphone15pro/usa-134_03.jpg,65faab3ffef961b33bfb8715d0048eac07d19f72560d957b5969026ef02696fb,train/bonafide/iphone15pro/usa-134_03.jpg,16a1d0bcc71e5cc937c4fcca4953ca833327d0654bbd6caf976f4bb59a16db95,"(2813, 1794)","(401, 256)",0.9712998270988464,0.9935113191604614,0.02221149206161499,0.23967675864696503,0.11392439156770706,0.12575236707925797
usa-134_03,iphone15pro,digital_2_vs_bonafide,digital_2,bonafide,train/attack/digital_2/iphone15pro/usa-134_03.jpg,369043bde83db33fef851d0780900a8f45c7d3135ff23776d65379340e40bab0,train/bonafide/iphone15pro/usa-134_03.jpg,16a1d0bcc71e5cc937c4fcca4953ca833327d0654bbd6caf976f4bb59a16db95,"(2813, 1794)","(401, 256)",0.9748718738555908,0.9946411848068237,0.01976931095123291,0.22443538904190063,0.10502874106168747,0.11940664798021317
usa-134_03,iphone15pro,digital_1_vs_digital_2,digital_1,digital_2,train/attack/digital_1/iphone15pro/usa-134_03.jpg,65faab3ffef961b33bfb8715d0048eac07d19f72560d957b5969026ef02696fb,train/attack/digital_2/iphone15pro/usa-134_03.jpg,369043bde83db33fef851d0780900a8f45c7d3135ff23776d65379340e40bab0,"(2813, 1794)","(401, 256)",0.9860862493515015,0.9972579479217529,0.011171698570251465,0.1677265614271164,0.07644262909889221,0.09128393232822418
usa-134_03,scan,digital_1_vs_bonafide,digital_1,bonafide,train/attack/digital_1/scan/usa-134_03.jpg,5c8d24a4e4e40d574d60caf695bcaf1c684ce094cd58a2ae963690bef1fe28ba,train/bonafide/scan/usa-134_03.jpg,e5b0b6bb680a0ebfd0ba0a9321f3dfc353af77a9a1518ec60c7098edc5c811d6,"(1995, 1251)","(408, 256)",0.9827383756637573,0.9964749217033386,0.013736546039581299,0.18623091280460358,0.08447485417127609,0.10175605863332748
usa-134_03,scan,digital_2_vs_bonafide,digital_2,bonafide,train/attack/digital_2/scan/usa-134_03.jpg,d1d52a4ef5e329c154a86a41d66e5ba9efadd5bd77c31620766feb1fc57c98f6,train/bonafide/scan/usa-134_03.jpg,e5b0b6bb680a0ebfd0ba0a9321f3dfc353af77a9a1518ec60c7098edc5c811d6,"(1995, 1251)","(408, 256)",0.9844578504562378,0.9966506958007812,0.012192845344543457,0.17642775177955627,0.08275938034057617,0.0936683714389801
usa-134_03,scan,digital_1_vs_digital_2,digital_1,digital_2,train/attack/digital_1/scan/usa-134_03.jpg,5c8d24a4e4e40d574d60caf695bcaf1c684ce094cd58a2ae963690bef1fe28ba,train/attack/digital_2/scan/usa-134_03.jpg,d1d52a4ef5e329c154a86a41d66e5ba9efadd5bd77c31620766feb1fc57c98f6,"(1995, 1251)","(408, 256)",0.9901326894760132,0.9983181357383728,0.00818544626235962,0.14177784323692322,0.06186266988515854,0.07991517335176468
usa-136_03,huawei,digital_1_vs_bonafide,digital_1,bonafide,train/attack/digital_1/huawei/usa-136_03.jpg,8954a02041c75f45f259a1f6089212d2367f36dcc6ac32e0fa4476ae19b142dd,train/bonafide/huawei/usa-136_03.jpg,dc9f33495f1eceeb77f3fbada64d495fb07a33dbb0be71c60c38706398818abc,"(3232, 2006)","(412, 256)",0.9864562153816223,0.9972167015075684,0.010760486125946045,0.16496878862380981,0.07650817930698395,0.08846060931682587
usa-136_03,huawei,digital_2_vs_bonafide,digital_2,bonafide,train/attack/digital_2/huawei/usa-136_03.jpg,b4069361c9614c37e6cb7f220d00dad9ce9a4cd92e7e49001b20b32d679100b7,train/bonafide/huawei/usa-136_03.jpg,dc9f33495f1eceeb77f3fbada64d495fb07a33dbb0be71c60c38706398818abc,"(3232, 2006)","(412, 256)",0.9857618808746338,0.9968932867050171,0.0111314058303833,0.16906394064426422,0.07885031402111053,0.09021362662315369
usa-136_03,huawei,digital_1_vs_digital_2,digital_1,digital_2,train/attack/digital_1/huawei/usa-136_03.jpg,8954a02041c75f45f259a1f6089212d2367f36dcc6ac32e0fa4476ae19b142dd,train/attack/digital_2/huawei/usa-136_03.jpg,b4069361c9614c37e6cb7f220d00dad9ce9a4cd92e7e49001b20b32d679100b7,"(3232, 2006)","(412, 256)",0.9783350229263306,0.9956472516059875,0.017312228679656982,0.20927168428897858,0.09520214051008224,0.11406954377889633
usa-136_03,iphone15pro,digital_1_vs_bonafide,digital_1,bonafide,train/attack/digital_1/iphone15pro/usa-136_03.jpg,61891125f87066c11acf13468ea3d13d2059b3d199fd643f2ca2ae558d8b9652,train/bonafide/iphone15pro/usa-136_03.jpg,5589c5a2d86e982cea4e7115e90d84d42a2e5bfb5d4d740de137a95d38f681c5,"(2815, 1785)","(403, 256)",0.9844706058502197,0.9970998764038086,0.012629270553588867,0.17629770934581757,0.07635188847780228,0.09994582086801529
usa-136_03,iphone15pro,digital_2_vs_bonafide,digital_2,bonafide,train/attack/digital_2/iphone15pro/usa-136_03.jpg,dc9b73d42b517e9002b8218f7343070732c5b6d77074aa6f1543404aea6b8491,train/bonafide/iphone15pro/usa-136_03.jpg,5589c5a2d86e982cea4e7115e90d84d42a2e5bfb5d4d740de137a95d38f681c5,"(2815, 1785)","(403, 256)",0.9867671728134155,0.9973591566085815,0.010591983795166016,0.1627444326877594,0.07268466055393219,0.09005977213382721
usa-136_03,iphone15pro,digital_1_vs_digital_2,digital_1,digital_2,train/attack/digital_1/iphone15pro/usa-136_03.jpg,61891125f87066c11acf13468ea3d13d2059b3d199fd643f2ca2ae558d8b9652,train/attack/digital_2/iphone15pro/usa-136_03.jpg,dc9b73d42b517e9002b8218f7343070732c5b6d77074aa6f1543404aea6b8491,"(2815, 1785)","(403, 256)",0.9851705431938171,0.9974343180656433,0.012263774871826172,0.1722177118062973,0.07175518572330475,0.10046252608299255
usa-136_03,scan,digital_1_vs_bonafide,digital_1,bonafide,train/attack/digital_1/scan/usa-136_03.jpg,74e576bb68babf7b1d352d382a98b314e4f2cb119a3de523fdeab0be89250b01,train/bonafide/scan/usa-136_03.jpg,1c15457ee5518f93f01e34d2f765310ddd8cc3b299065331851f2ad852beaecd,"(1996, 1247)","(409, 256)",0.9886059165000916,0.9980814456939697,0.009475529193878174,0.15137824416160583,0.06352867186069489,0.08784957230091095
usa-136_03,scan,digital_2_vs_bonafide,digital_2,bonafide,train/attack/digital_2/scan/usa-136_03.jpg,c994c6d6fbb0e38bc8e65032e215e0db6a4f76851ff8a3701760aeaa9a2eea46,train/bonafide/scan/usa-136_03.jpg,1c15457ee5518f93f01e34d2f765310ddd8cc3b299065331851f2ad852beaecd,"(1996, 1247)","(409, 256)",0.9903473258018494,0.9982462525367737,0.007898926734924316,0.1392337530851364,0.06091804802417755,0.07831570506095886
usa-136_03,scan,digital_1_vs_digital_2,digital_1,digital_2,train/attack/digital_1/scan/usa-136_03.jpg,74e576bb68babf7b1d352d382a98b314e4f2cb119a3de523fdeab0be89250b01,train/attack/digital_2/scan/usa-136_03.jpg,c994c6d6fbb0e38bc8e65032e215e0db6a4f76851ff8a3701760aeaa9a2eea46,"(1996, 1247)","(409, 256)",0.9845067262649536,0.9975548982620239,0.013048171997070312,0.1760452836751938,0.06993065774440765,0.10611462593078613
usa-137_03,huawei,digital_1_vs_bonafide,digital_1,bonafide,train/attack/digital_1/huawei/usa-137_03.jpg,1df916467f373c57e87ba83d7be9f1d39bdf585113f50f4efc1902b66330c7e9,train/bonafide/huawei/usa-137_03.jpg,ed41f0fb1c73d08ee963c9d8d7fb385af5241203336db4a05a1ddfa57ba70d82,"(3229, 1989)","(415, 256)",0.9754371047019958,0.9936751127243042,0.01823800802230835,0.2219850867986679,0.11358721554279327,0.10839787125587463
usa-137_03,huawei,digital_2_vs_bonafide,digital_2,bonafide,train/attack/digital_2/huawei/usa-137_03.jpg,302d7cc6c948f852ff9dc6b36dfdcc9327fb168240ea4f6e712ce19940278f09,train/bonafide/huawei/usa-137_03.jpg,ed41f0fb1c73d08ee963c9d8d7fb385af5241203336db4a05a1ddfa57ba70d82,"(3229, 1989)","(415, 256)",0.9648915529251099,0.9913383722305298,0.026446819305419922,0.26564836502075195,0.13356949388980865,0.1320788711309433
usa-137_03,huawei,digital_1_vs_digital_2,digital_1,digital_2,train/attack/digital_1/huawei/usa-137_03.jpg,1df916467f373c57e87ba83d7be9f1d39bdf585113f50f4efc1902b66330c7e9,train/attack/digital_2/huawei/usa-137_03.jpg,302d7cc6c948f852ff9dc6b36dfdcc9327fb168240ea4f6e712ce19940278f09,"(3229, 1989)","(415, 256)",0.9745768308639526,0.9935630559921265,0.018986225128173828,0.22558456659317017,0.1136714443564415,0.11191312223672867
usa-137_03,iphone15pro,digital_1_vs_bonafide,digital_1,bonafide,train/attack/digital_1/iphone15pro/usa-137_03.jpg,7b49a84335aacc730f897f2a053b1afb6b707ba0304e66510ac62469e7814986,train/bonafide/iphone15pro/usa-137_03.jpg,91d45c215119cd186166bf5edc69474b45225417fe8a41e56d90f90338827bee,"(2807, 1789)","(401, 256)",0.9743982553482056,0.9947271943092346,0.020328938961029053,0.22633883357048035,0.10309705138206482,0.12324178218841553
usa-137_03,iphone15pro,digital_2_vs_bonafide,digital_2,bonafide,train/attack/digital_2/iphone15pro/usa-137_03.jpg,a39f6db0b750324130ae2c0af7664d2916fad8ac2c67431c88cca18eedf3ad9c,train/bonafide/iphone15pro/usa-137_03.jpg,91d45c215119cd186166bf5edc69474b45225417fe8a41e56d90f90338827bee,"(2807, 1789)","(401, 256)",0.9623960256576538,0.9917399883270264,0.02934396266937256,0.27570047974586487,0.13403445482254028,0.14166602492332458
usa-137_03,iphone15pro,digital_1_vs_digital_2,digital_1,digital_2,train/attack/digital_1/iphone15pro/usa-137_03.jpg,7b49a84335aacc730f897f2a053b1afb6b707ba0304e66510ac62469e7814986,train/attack/digital_2/iphone15pro/usa-137_03.jpg,a39f6db0b750324130ae2c0af7664d2916fad8ac2c67431c88cca18eedf3ad9c,"(2807, 1789)","(401, 256)",0.9690448045730591,0.9931646585464478,0.024119853973388672,0.24990931153297424,0.12044031918048859,0.12946899235248566
usa-137_03,scan,digital_1_vs_bonafide,digital_1,bonafide,train/attack/digital_1/scan/usa-137_03.jpg,9e4ca093de47443d1ceb369f4e91e2d4a5708a4f75bec58209847487b228c382,train/bonafide/scan/usa-137_03.jpg,ba7326f914e61c2df88dea11c92fdc965d26da1af24d97f54ec2aac34459d29a,"(1992, 1251)","(407, 256)",0.9597032070159912,0.9908948540687561,0.031191647052764893,0.28450173139572144,0.13710007071495056,0.14740166068077087
usa-137_03,scan,digital_2_vs_bonafide,digital_2,bonafide,train/attack/digital_2/scan/usa-137_03.jpg,8883c68192a9bab23feed2b99949e38de9798c390f7579c6814c545bea322c09,train/bonafide/scan/usa-137_03.jpg,ba7326f914e61c2df88dea11c92fdc965d26da1af24d97f54ec2aac34459d29a,"(1992, 1251)","(407, 256)",0.9572741985321045,0.9909659624099731,0.03369176387786865,0.2949957251548767,0.141570046544075,0.1534256786108017
usa-137_03,scan,digital_1_vs_digital_2,digital_1,digital_2,train/attack/digital_1/scan/usa-137_03.jpg,9e4ca093de47443d1ceb369f4e91e2d4a5708a4f75bec58209847487b228c382,train/attack/digital_2/scan/usa-137_03.jpg,8883c68192a9bab23feed2b99949e38de9798c390f7579c6814c545bea322c09,"(1992, 1251)","(407, 256)",0.977951169013977,0.995214581489563,0.017263412475585938,0.21105408668518066,0.0999041199684143,0.11114996671676636
usa-NF-1004,huawei,digital_1_vs_bonafide,digital_1,bonafide,train/attack/digital_1/huawei/usa-NF-1004.jpg,8699b69a860b7d0e17aff2a896d4179e5913c35610cea1eee0d01dfa02d64327,train/bonafide/huawei/usa-NF-1004.jpg,04291cd331d09a307866a65c104698ab9a59aecbda68e9af70d84ebfb2932d45,"(3201, 2001)","(409, 256)",0.9856966733932495,0.9974288940429688,0.011732220649719238,0.1691402792930603,0.071710504591465,0.0974297747015953
usa-NF-1004,huawei,digital_2_vs_bonafide,digital_2,bonafide,train/attack/digital_2/huawei/usa-NF-1004.jpg,c2c275b37d696af6e5ba1ef60b23423eb2296be5781e7a662b6b7fd2e33c7a06,train/bonafide/huawei/usa-NF-1004.jpg,04291cd331d09a307866a65c104698ab9a59aecbda68e9af70d84ebfb2932d45,"(3201, 2001)","(409, 256)",0.9842606782913208,0.9966960549354553,0.012435376644134521,0.17794078588485718,0.08165927231311798,0.0962815135717392
usa-NF-1004,huawei,digital_1_vs_digital_2,digital_1,digital_2,train/attack/digital_1/huawei/usa-NF-1004.jpg,8699b69a860b7d0e17aff2a896d4179e5913c35610cea1eee0d01dfa02d64327,train/attack/digital_2/huawei/usa-NF-1004.jpg,c2c275b37d696af6e5ba1ef60b23423eb2296be5781e7a662b6b7fd2e33c7a06,"(3201, 2001)","(409, 256)",0.9808852076530457,0.9964255094528198,0.01554030179977417,0.19590720534324646,0.08492705225944519,0.11098015308380127
usa-NF-1004,iphone15pro,digital_1_vs_bonafide,digital_1,bonafide,train/attack/digital_1/iphone15pro/usa-NF-1004.jpg,5892cdd27cc96ae5688e3a5f2ad1e181b6b47507f58a33308149bc66f10c5c53,train/bonafide/iphone15pro/usa-NF-1004.jpg,69ce4bc7061389fe11b69612daa28ec3c341ccefcf8f843caa916edf3abce9d0,"(2808, 1798)","(399, 256)",0.9737904071807861,0.9949048757553101,0.021114468574523926,0.22906067967414856,0.10125972330570221,0.12780095636844635
usa-NF-1004,iphone15pro,digital_2_vs_bonafide,digital_2,bonafide,train/attack/digital_2/iphone15pro/usa-NF-1004.jpg,c0f0c9e42c93b2b7707c6ec9aabac0da1fcd5ec2cb8c006dee392990cf7ed5bb,train/bonafide/iphone15pro/usa-NF-1004.jpg,69ce4bc7061389fe11b69612daa28ec3c341ccefcf8f843caa916edf3abce9d0,"(2808, 1798)","(399, 256)",0.9818425178527832,0.9965190291404724,0.014676511287689209,0.19075368344783783,0.08504107594490051,0.10571260750293732
usa-NF-1004,iphone15pro,digital_1_vs_digital_2,digital_1,digital_2,train/attack/digital_1/iphone15pro/usa-NF-1004.jpg,5892cdd27cc96ae5688e3a5f2ad1e181b6b47507f58a33308149bc66f10c5c53,train/attack/digital_2/iphone15pro/usa-NF-1004.jpg,c0f0c9e42c93b2b7707c6ec9aabac0da1fcd5ec2cb8c006dee392990cf7ed5bb,"(2808, 1798)","(399, 256)",0.9701274037361145,0.9945802688598633,0.02445286512374878,0.2444327175617218,0.1044570803642273,0.1399756371974945
usa-NF-1004,scan,digital_1_vs_bonafide,digital_1,bonafide,train/attack/digital_1/scan/usa-NF-1004.jpg,7bb8d61f6d4a411d8eb282061a1d5685dfb462101b138fc9acbe58caf691104e,train/bonafide/scan/usa-NF-1004.jpg,8b3a49b02ab2d7b7bccd7f3d61d859444f92b9645c23feea2f534a53f3b28c06,"(1994, 1249)","(408, 256)",0.9755926132202148,0.9949577450752258,0.019365131855010986,0.22098442912101746,0.1009286642074585,0.12005576491355896
usa-NF-1004,scan,digital_2_vs_bonafide,digital_2,bonafide,train/attack/digital_2/scan/usa-NF-1004.jpg,d627553d2f5ce4b5252c99bf44b9bc12a44c61c4ab9524f1a737112ca12bcf87,train/bonafide/scan/usa-NF-1004.jpg,8b3a49b02ab2d7b7bccd7f3d61d859444f92b9645c23feea2f534a53f3b28c06,"(1994, 1249)","(408, 256)",0.9877666234970093,0.9975310564041138,0.009764432907104492,0.15642055869102478,0.07027881592512131,0.08614174276590347
usa-NF-1004,scan,digital_1_vs_digital_2,digital_1,digital_2,train/attack/digital_1/scan/usa-NF-1004.jpg,7bb8d61f6d4a411d8eb282061a1d5685dfb462101b138fc9acbe58caf691104e,train/attack/digital_2/scan/usa-NF-1004.jpg,d627553d2f5ce4b5252c99bf44b9bc12a44c61c4ab9524f1a737112ca12bcf87,"(1994, 1249)","(408, 256)",0.9704365730285645,0.9941459894180298,0.023709416389465332,0.24318604171276093,0.10857512056827545,0.13461092114448547
usa-NF-1009,huawei,digital_1_vs_bonafide,digital_1,bonafide,train/attack/digital_1/huawei/usa-NF-1009.jpg,b5d826f307976fdf4d2c92a566562d5d1c39300e95be7f1bdfd00e323ea811c7,train/bonafide/huawei/usa-NF-1009.jpg,7e1fc32ea6aa5a6be294977fdd12bb272bc809f68c699effd4a3a3e500a331bf,"(3202, 1978)","(414, 256)",0.976299524307251,0.9939998388290405,0.01770031452178955,0.21778972446918488,0.10956700891256332,0.10822271555662155
usa-NF-1009,huawei,digital_2_vs_bonafide,digital_2,bonafide,train/attack/digital_2/huawei/usa-NF-1009.jpg,472ba7152e7aa37170cba32dfca0f2246e5268fc623dce45fbfc9fafa5babaef,train/bonafide/huawei/usa-NF-1009.jpg,7e1fc32ea6aa5a6be294977fdd12bb272bc809f68c699effd4a3a3e500a331bf,"(3202, 1978)","(414, 256)",0.9585530757904053,0.99052894115448,0.03197586536407471,0.2881670296192169,0.13908088207244873,0.1490861475467682
usa-NF-1009,huawei,digital_1_vs_digital_2,digital_1,digital_2,train/attack/digital_1/huawei/usa-NF-1009.jpg,b5d826f307976fdf4d2c92a566562d5d1c39300e95be7f1bdfd00e323ea811c7,train/attack/digital_2/huawei/usa-NF-1009.jpg,472ba7152e7aa37170cba32dfca0f2246e5268fc623dce45fbfc9fafa5babaef,"(3202, 1978)","(414, 256)",0.9654709696769714,0.9910118579864502,0.02554088830947876,0.26286980509757996,0.13590215146541595,0.126967653632164
usa-NF-1009,iphone15pro,digital_1_vs_bonafide,digital_1,bonafide,train/attack/digital_1/iphone15pro/usa-NF-1009.jpg,6d9de15da86cbac0b9d6e6abf301effef468022a64e1df868a5eb3864b0e78c5,train/bonafide/iphone15pro/usa-NF-1009.jpg,9369cfe80ba6f96af34ca71bcfd5844067fd7ae033d0571d0ca95093ef8f0cd8,"(2797, 1779)","(402, 256)",0.965386152267456,0.9911196827888489,0.025733530521392822,0.26317232847213745,0.13331256806850433,0.12985976040363312
usa-NF-1009,iphone15pro,digital_2_vs_bonafide,digital_2,bonafide,train/attack/digital_2/iphone15pro/usa-NF-1009.jpg,447b56ad0097bd77756e6abda76d4a783479c276be1a855381155b8ed7b4e54b,train/bonafide/iphone15pro/usa-NF-1009.jpg,9369cfe80ba6f96af34ca71bcfd5844067fd7ae033d0571d0ca95093ef8f0cd8,"(2797, 1779)","(402, 256)",0.9573817253112793,0.9904733896255493,0.03309166431427002,0.2921077013015747,0.13804791867733002,0.1540597826242447
usa-NF-1009,iphone15pro,digital_1_vs_digital_2,digital_1,digital_2,train/attack/digital_1/iphone15pro/usa-NF-1009.jpg,6d9de15da86cbac0b9d6e6abf301effef468022a64e1df868a5eb3864b0e78c5,train/attack/digital_2/iphone15pro/usa-NF-1009.jpg,447b56ad0097bd77756e6abda76d4a783479c276be1a855381155b8ed7b4e54b,"(2797, 1779)","(402, 256)",0.9682108163833618,0.9932531118392944,0.025042295455932617,0.2526043653488159,0.11628719419240952,0.1363171711564064
usa-NF-1009,scan,digital_1_vs_bonafide,digital_1,bonafide,train/attack/digital_1/scan/usa-NF-1009.jpg,3c579ce2580f7f434b0e4627b3a5543c3e90912b82eb4aa281ed1ea67cb79217,train/bonafide/scan/usa-NF-1009.jpg,0e219d4775e24afb25c144db5eea5e94bea3288b71ccd64112224fa0ebfff140,"(1993, 1245)","(409, 256)",0.9703983068466187,0.992953360080719,0.022555053234100342,0.24444179236888885,0.12069816142320633,0.12374363094568253
usa-NF-1009,scan,digital_2_vs_bonafide,digital_2,bonafide,train/attack/digital_2/scan/usa-NF-1009.jpg,5de5e7747bd245ee9f0a5b6044729b514ba178f0e43e2953a63579ece08b5114,train/bonafide/scan/usa-NF-1009.jpg,0e219d4775e24afb25c144db5eea5e94bea3288b71ccd64112224fa0ebfff140,"(1993, 1245)","(409, 256)",0.9728653430938721,0.9934595823287964,0.020594239234924316,0.23309637606143951,0.11454799771308899,0.11854837834835052
usa-NF-1009,scan,digital_1_vs_digital_2,digital_1,digital_2,train/attack/digital_1/scan/usa-NF-1009.jpg,3c579ce2580f7f434b0e4627b3a5543c3e90912b82eb4aa281ed1ea67cb79217,train/attack/digital_2/scan/usa-NF-1009.jpg,5de5e7747bd245ee9f0a5b6044729b514ba178f0e43e2953a63579ece08b5114,"(1993, 1245)","(409, 256)",0.9760332107543945,0.9947859048843384,0.018752694129943848,0.22119088470935822,0.10592569410800934,0.11526519060134888
usa-NF-1017,huawei,digital_1_vs_bonafide,digital_1,bonafide,train/attack/digital_1/huawei/usa-NF-1017.jpg,74e5cac3c115d60e644eb4eeedbf33617817bc1d20c7b0987a2814ea8cdf217a,train/bonafide/huawei/usa-NF-1017.jpg,16a944056b41e12d9188963b79be8e3b43a58ad08313a3d829b8c639f41b2dfd,"(3193, 1977)","(413, 256)",0.9771159887313843,0.9949740171432495,0.017858028411865234,0.21496884524822235,0.10306611657142639,0.11190272867679596
usa-NF-1017,huawei,digital_2_vs_bonafide,digital_2,bonafide,train/attack/digital_2/huawei/usa-NF-1017.jpg,5e46781fe4f4564c406c0a320437fc2b9f9cf4a17a425373220e43b1bac84589,train/bonafide/huawei/usa-NF-1017.jpg,16a944056b41e12d9188963b79be8e3b43a58ad08313a3d829b8c639f41b2dfd,"(3193, 1977)","(413, 256)",0.9743152856826782,0.9939953684806824,0.01968008279800415,0.2267322689294815,0.10966501384973526,0.11706725507974625
usa-NF-1017,huawei,digital_1_vs_digital_2,digital_1,digital_2,train/attack/digital_1/huawei/usa-NF-1017.jpg,74e5cac3c115d60e644eb4eeedbf33617817bc1d20c7b0987a2814ea8cdf217a,train/attack/digital_2/huawei/usa-NF-1017.jpg,5e46781fe4f4564c406c0a320437fc2b9f9cf4a17a425373220e43b1bac84589,"(3193, 1977)","(413, 256)",0.9751185774803162,0.9943351745605469,0.019216597080230713,0.22357109189033508,0.10825785249471664,0.11531323939561844
usa-NF-1017,iphone15pro,digital_1_vs_bonafide,digital_1,bonafide,train/attack/digital_1/iphone15pro/usa-NF-1017.jpg,a4809ffaae56f76fd75d4986d5fec91111a830aab6516c6d21fcd89912b4508c,train/bonafide/iphone15pro/usa-NF-1017.jpg,c486088a47c11f5a03f152c9d5e690c36adb431a9c6f16c66e77b132ce7034fb,"(2811, 1791)","(401, 256)",0.9740986824035645,0.9943757653236389,0.020277082920074463,0.22805267572402954,0.10606934130191803,0.12198333442211151
usa-NF-1017,iphone15pro,digital_2_vs_bonafide,digital_2,bonafide,train/attack/digital_2/iphone15pro/usa-NF-1017.jpg,3b9813b12d754bab7cf5d216ad80e6b6e14c751d1677ddf636516b942147cef8,train/bonafide/iphone15pro/usa-NF-1017.jpg,c486088a47c11f5a03f152c9d5e690c36adb431a9c6f16c66e77b132ce7034fb,"(2811, 1791)","(401, 256)",0.9638733863830566,0.9912044405937195,0.027331054210662842,0.27017053961753845,0.1332981288433075,0.13687241077423096
usa-NF-1017,iphone15pro,digital_1_vs_digital_2,digital_1,digital_2,train/attack/digital_1/iphone15pro/usa-NF-1017.jpg,a4809ffaae56f76fd75d4986d5fec91111a830aab6516c6d21fcd89912b4508c,train/attack/digital_2/iphone15pro/usa-NF-1017.jpg,3b9813b12d754bab7cf5d216ad80e6b6e14c751d1677ddf636516b942147cef8,"(2811, 1791)","(401, 256)",0.9734429121017456,0.9935832619667053,0.020140349864959717,0.23082730174064636,0.11424766480922699,0.11657963693141937
usa-NF-1017,scan,digital_1_vs_bonafide,digital_1,bonafide,train/attack/digital_1/scan/usa-NF-1017.jpg,905569d9186e22e1b5245a1a0d6b01ad258f9dc3cc76b3d89a6ddfcd5c6cbcb8,train/bonafide/scan/usa-NF-1017.jpg,d1763c3540848f58f5f5a78803b20491cac179bc32e4898bb86f49c263b1c52d,"(1995, 1251)","(408, 256)",0.9795602560043335,0.9951632618904114,0.01560300588607788,0.2036236673593521,0.10013294219970703,0.10349072515964508
usa-NF-1017,scan,digital_2_vs_bonafide,digital_2,bonafide,train/attack/digital_2/scan/usa-NF-1017.jpg,6930593bada3e0821baf22a4d819a6e01b42238fd0f3b30a478086127858cc71,train/bonafide/scan/usa-NF-1017.jpg,d1763c3540848f58f5f5a78803b20491cac179bc32e4898bb86f49c263b1c52d,"(1995, 1251)","(408, 256)",0.977792501449585,0.9952892661094666,0.017496764659881592,0.21201521158218384,0.09868763387203217,0.11332757771015167
usa-NF-1017,scan,digital_1_vs_digital_2,digital_1,digital_2,train/attack/digital_1/scan/usa-NF-1017.jpg,905569d9186e22e1b5245a1a0d6b01ad258f9dc3cc76b3d89a6ddfcd5c6cbcb8,train/attack/digital_2/scan/usa-NF-1017.jpg,6930593bada3e0821baf22a4d819a6e01b42238fd0f3b30a478086127858cc71,"(1995, 1251)","(408, 256)",0.9787652492523193,0.9953798651695251,0.01661461591720581,0.20608334243297577,0.09613176435232162,0.10995157808065414
usa-NF-1044,huawei,digital_1_vs_bonafide,digital_1,bonafide,train/attack/digital_1/huawei/usa-NF-1044.jpg,8b30bad4cec11ca40c4f3bb85f8fda5f187c67513fcaf6fe479e159f41409d76,train/bonafide/huawei/usa-NF-1044.jpg,4db1bfd93a7bb066a4292e776c84bb9443d1a52ecadd4e377be63209a934746a,"(3192, 1972)","(414, 256)",0.9728121757507324,0.9938629865646362,0.02105081081390381,0.23354943096637726,0.11142529547214508,0.12212413549423218
usa-NF-1044,huawei,digital_2_vs_bonafide,digital_2,bonafide,train/attack/digital_2/huawei/usa-NF-1044.jpg,91300fc25f40691722e9b32920ce467818715a4c071262f281952c978b610ef2,train/bonafide/huawei/usa-NF-1044.jpg,4db1bfd93a7bb066a4292e776c84bb9443d1a52ecadd4e377be63209a934746a,"(3192, 1972)","(414, 256)",0.9686386585235596,0.9933980703353882,0.024759411811828613,0.25067657232284546,0.11496486514806747,0.13571170717477798
usa-NF-1044,huawei,digital_1_vs_digital_2,digital_1,digital_2,train/attack/digital_1/huawei/usa-NF-1044.jpg,8b30bad4cec11ca40c4f3bb85f8fda5f187c67513fcaf6fe479e159f41409d76,train/attack/digital_2/huawei/usa-NF-1044.jpg,91300fc25f40691722e9b32920ce467818715a4c071262f281952c978b610ef2,"(3192, 1972)","(414, 256)",0.9676359295845032,0.9930176734924316,0.025381743907928467,0.2544267475605011,0.11846144497394562,0.13596530258655548
usa-NF-1044,iphone15pro,digital_1_vs_bonafide,digital_1,bonafide,train/attack/digital_1/iphone15pro/usa-NF-1044.jpg,81f6231748ab10509088f4c9b39bc8232ea0b0a53591169ebe13da40d4945781,train/bonafide/iphone15pro/usa-NF-1044.jpg,0577fb3697403f85e26c737a6f06f03fc049430cf13579abd9dc75f84d679f0a,"(2807, 1796)","(400, 256)",0.9565795063972473,0.9893996715545654,0.032820165157318115,0.29616010189056396,0.14973972737789154,0.14642037451267242
usa-NF-1044,iphone15pro,digital_2_vs_bonafide,digital_2,bonafide,train/attack/digital_2/iphone15pro/usa-NF-1044.jpg,59fd8b182f139972a228363fb69de192933869411f42336667bf3cd7e80c9e04,train/bonafide/iphone15pro/usa-NF-1044.jpg,0577fb3697403f85e26c737a6f06f03fc049430cf13579abd9dc75f84d679f0a,"(2807, 1796)","(400, 256)",0.9492500424385071,0.9908447265625,0.04159468412399292,0.3190253973007202,0.13751022517681122,0.181515172123909
usa-NF-1044,iphone15pro,digital_1_vs_digital_2,digital_1,digital_2,train/attack/digital_1/iphone15pro/usa-NF-1044.jpg,81f6231748ab10509088f4c9b39bc8232ea0b0a53591169ebe13da40d4945781,train/attack/digital_2/iphone15pro/usa-NF-1044.jpg,59fd8b182f139972a228363fb69de192933869411f42336667bf3cd7e80c9e04,"(2807, 1796)","(400, 256)",0.9662225842475891,0.9937703013420105,0.027547717094421387,0.2602301836013794,0.1121145635843277,0.1481156200170517
usa-NF-1044,scan,digital_1_vs_bonafide,digital_1,bonafide,train/attack/digital_1/scan/usa-NF-1044.jpg,35a21ce5fb95981d7eb56188a0b7c47d7da8df3d05f79b2b20141c574fa154a4,train/bonafide/scan/usa-NF-1044.jpg,b8226da439e228fb793f0cfb508c1792ad7e5f0f2a3b4c1ca9348b51df0518bf,"(1994, 1251)","(408, 256)",0.9700800180435181,0.9923363924026489,0.02225637435913086,0.24464359879493713,0.12403318285942078,0.12061041593551636
usa-NF-1044,scan,digital_2_vs_bonafide,digital_2,bonafide,train/attack/digital_2/scan/usa-NF-1044.jpg,be3b1bc605b79cf2ce2ec7e3267160652abe24aff9c1cccab2747355eb7748be,train/bonafide/scan/usa-NF-1044.jpg,b8226da439e228fb793f0cfb508c1792ad7e5f0f2a3b4c1ca9348b51df0518bf,"(1994, 1251)","(408, 256)",0.9689529538154602,0.9943042993545532,0.025351345539093018,0.2491985261440277,0.10676240175962448,0.14243612438440323
usa-NF-1044,scan,digital_1_vs_digital_2,digital_1,digital_2,train/attack/digital_1/scan/usa-NF-1044.jpg,35a21ce5fb95981d7eb56188a0b7c47d7da8df3d05f79b2b20141c574fa154a4,train/attack/digital_2/scan/usa-NF-1044.jpg,be3b1bc605b79cf2ce2ec7e3267160652abe24aff9c1cccab2747355eb7748be,"(1994, 1251)","(408, 256)",0.9746824502944946,0.9957281351089478,0.021045684814453125,0.22509443759918213,0.09299135953187943,0.1321030780673027
usa-NF-1046,huawei,digital_1_vs_bonafide,digital_1,bonafide,train/attack/digital_1/huawei/usa-NF-1046.jpg,1af1183e3f18d954c7ef5ee0cc7f08eb6d1be9a32fd0e69de4f175d8e2826258,train/bonafide/huawei/usa-NF-1046.jpg,509ee587653e14f7ef1c3c45dadf3272c198472740113949add5f292b5f3291c,"(3229, 2005)","(412, 256)",0.9716904163360596,0.9948775172233582,0.023187100887298584,0.23824869096279144,0.1016455888748169,0.13660310208797455
usa-NF-1046,huawei,digital_2_vs_bonafide,digital_2,bonafide,train/attack/digital_2/huawei/usa-NF-1046.jpg,2ef3b3b50345957dbd0fd415f93c87fb3105af6eaf96f5a5414e3e486432fae4,train/bonafide/huawei/usa-NF-1046.jpg,509ee587653e14f7ef1c3c45dadf3272c198472740113949add5f292b5f3291c,"(3229, 2005)","(412, 256)",0.9793186783790588,0.9963481426239014,0.01702946424484253,0.20411787927150726,0.08880875259637833,0.11530912667512894
usa-NF-1046,huawei,digital_1_vs_digital_2,digital_1,digital_2,train/attack/digital_1/huawei/usa-NF-1046.jpg,1af1183e3f18d954c7ef5ee0cc7f08eb6d1be9a32fd0e69de4f175d8e2826258,train/attack/digital_2/huawei/usa-NF-1046.jpg,2ef3b3b50345957dbd0fd415f93c87fb3105af6eaf96f5a5414e3e486432fae4,"(3229, 2005)","(412, 256)",0.9729995131492615,0.996232271194458,0.023232758045196533,0.23244310915470123,0.08806537836790085,0.14437773078680038
usa-NF-1046,iphone15pro,digital_1_vs_bonafide,digital_1,bonafide,train/attack/digital_1/iphone15pro/usa-NF-1046.jpg,ce7dd994a3d19d23e059282d4d8dc5ea072e23c8bad6d92578364f1315846a60,train/bonafide/iphone15pro/usa-NF-1046.jpg,931c818109aa2ba47748859e7a383287191a517d8763fce4bb0790b2d3a19a27,"(2832, 1796)","(403, 256)",0.9559497833251953,0.9916965961456299,0.03574681282043457,0.29724228382110596,0.12914960086345673,0.16809268295764923
usa-NF-1046,iphone15pro,digital_2_vs_bonafide,digital_2,bonafide,train/attack/digital_2/iphone15pro/usa-NF-1046.jpg,07db7b44eeca77a04a6c0848e8f28a9583ece2e1162cebf6445976b9fa90d67a,train/bonafide/iphone15pro/usa-NF-1046.jpg,931c818109aa2ba47748859e7a383287191a517d8763fce4bb0790b2d3a19a27,"(2832, 1796)","(403, 256)",0.9667747020721436,0.9925965070724487,0.025821805000305176,0.25838232040405273,0.12339742481708527,0.13498489558696747
usa-NF-1046,iphone15pro,digital_1_vs_digital_2,digital_1,digital_2,train/attack/digital_1/iphone15pro/usa-NF-1046.jpg,ce7dd994a3d19d23e059282d4d8dc5ea072e23c8bad6d92578364f1315846a60,train/attack/digital_2/iphone15pro/usa-NF-1046.jpg,07db7b44eeca77a04a6c0848e8f28a9583ece2e1162cebf6445976b9fa90d67a,"(2832, 1796)","(403, 256)",0.9683384895324707,0.9938422441482544,0.02550375461578369,0.2538706958293915,0.11471094936132431,0.13915974646806717
usa-NF-1046,scan,digital_1_vs_bonafide,digital_1,bonafide,train/attack/digital_1/scan/usa-NF-1046.jpg,cb5c32a7831c2912a7e030cc6399b727630e011c7bc6f0fce2f11bab69863f68,train/bonafide/scan/usa-NF-1046.jpg,64a227f7537c0b8f5c779648e863642d2b1a40819497c9646bb44e42e0cb0625,"(1992, 1250)","(407, 256)",0.9505883455276489,0.9911774396896362,0.040589094161987305,0.3147422969341278,0.13308461010456085,0.18165768682956696
usa-NF-1046,scan,digital_2_vs_bonafide,digital_2,bonafide,train/attack/digital_2/scan/usa-NF-1046.jpg,c1cebc7193ea00b29e5260e0ecd2dece59d96b3c3b9fedb84bbca4897eb907dd,train/bonafide/scan/usa-NF-1046.jpg,64a227f7537c0b8f5c779648e863642d2b1a40819497c9646bb44e42e0cb0625,"(1992, 1250)","(407, 256)",0.9659502506256104,0.9926285743713379,0.02667832374572754,0.2609613239765167,0.12142560631036758,0.13953571766614914
usa-NF-1046,scan,digital_1_vs_digital_2,digital_1,digital_2,train/attack/digital_1/scan/usa-NF-1046.jpg,cb5c32a7831c2912a7e030cc6399b727630e011c7bc6f0fce2f11bab69863f68,train/attack/digital_2/scan/usa-NF-1046.jpg,c1cebc7193ea00b29e5260e0ecd2dece59d96b3c3b9fedb84bbca4897eb907dd,"(1992, 1250)","(407, 256)",0.9623439311981201,0.992866039276123,0.03052210807800293,0.27493247389793396,0.1196475625038147,0.15528491139411926
usa-NF-1051,huawei,digital_1_vs_bonafide,digital_1,bonafide,train/attack/digital_1/huawei/usa-NF-1051.jpg,df3b86b7c772dcc74d9298676bf5e9c55128a6a878b30c191f9e10d1b27ff7e4,train/bonafide/huawei/usa-NF-1051.jpg,310dc48e705b5ab5232cef299805e6dc970194ac641d2d5f7adde40c9c8c36e5,"(3200, 1981)","(413, 256)",0.9881764650344849,0.997837483882904,0.00966101884841919,0.1539839655160904,0.06631854176521301,0.08766542375087738
usa-NF-1051,huawei,digital_2_vs_bonafide,digital_2,bonafide,train/attack/digital_2/huawei/usa-NF-1051.jpg,11421f6a65cd5442bf988e5eb686d9467163dfea1a9ae352647380931bf38c84,train/bonafide/huawei/usa-NF-1051.jpg,310dc48e705b5ab5232cef299805e6dc970194ac641d2d5f7adde40c9c8c36e5,"(3200, 1981)","(413, 256)",0.992120623588562,0.9984093904495239,0.006288766860961914,0.12580257654190063,0.056493859738111496,0.06930871680378914
usa-NF-1051,huawei,digital_1_vs_digital_2,digital_1,digital_2,train/attack/digital_1/huawei/usa-NF-1051.jpg,df3b86b7c772dcc74d9298676bf5e9c55128a6a878b30c191f9e10d1b27ff7e4,train/attack/digital_2/huawei/usa-NF-1051.jpg,11421f6a65cd5442bf988e5eb686d9467163dfea1a9ae352647380931bf38c84,"(3200, 1981)","(413, 256)",0.986857533454895,0.9977492094039917,0.01089167594909668,0.16212593019008636,0.06730464845895767,0.09482128173112869
usa-NF-1051,iphone15pro,digital_1_vs_bonafide,digital_1,bonafide,train/attack/digital_1/iphone15pro/usa-NF-1051.jpg,aebd0ab109abf6da364dbace112384bf5d151da513def8569621006b565a02c0,train/bonafide/iphone15pro/usa-NF-1051.jpg,df11b0886e9604d3749d7d7b720713b60d114ccf304a3b3d36d13264c2101811,"(2809, 1793)","(401, 256)",0.9797748923301697,0.9955208897590637,0.015745997428894043,0.2015712559223175,0.09495954215526581,0.1066117137670517
usa-NF-1051,iphone15pro,digital_2_vs_bonafide,digital_2,bonafide,train/attack/digital_2/iphone15pro/usa-NF-1051.jpg,5eb6e8dcf3aa731fe69f6ded2bdf93a147a6eda46987d6db642dfbe05b161ace,train/bonafide/iphone15pro/usa-NF-1051.jpg,df11b0886e9604d3749d7d7b720713b60d114ccf304a3b3d36d13264c2101811,"(2809, 1793)","(401, 256)",0.9831750392913818,0.9969956874847412,0.013820648193359375,0.18375153839588165,0.07773073017597198,0.10602080821990967
usa-NF-1051,iphone15pro,digital_1_vs_digital_2,digital_1,digital_2,train/attack/digital_1/iphone15pro/usa-NF-1051.jpg,aebd0ab109abf6da364dbace112384bf5d151da513def8569621006b565a02c0,train/attack/digital_2/iphone15pro/usa-NF-1051.jpg,5eb6e8dcf3aa731fe69f6ded2bdf93a147a6eda46987d6db642dfbe05b161ace,"(2809, 1793)","(401, 256)",0.9870671629905701,0.9973428249359131,0.010275661945343018,0.1608516126871109,0.07292453199625015,0.08792708069086075
usa-NF-1051,scan,digital_1_vs_bonafide,digital_1,bonafide,train/attack/digital_1/scan/usa-NF-1051.jpg,02d408ecaaea74bd8fd2e147b66704b29af3669c16eb016a657d51d334c9d19d,train/bonafide/scan/usa-NF-1051.jpg,1e0c90951281373212bb972936a647b38b8f5713a15420f11f9a22583cd74edf,"(1989, 1249)","(407, 256)",0.9840332865715027,0.9971970319747925,0.013163745403289795,0.1806992143392563,0.07799109071493149,0.1027081236243248
usa-NF-1051,scan,digital_2_vs_bonafide,digital_2,bonafide,train/attack/digital_2/scan/usa-NF-1051.jpg,3c8274b675d21e908bd7cc1144cc7d84d50c1fe7658abf6c033f81f9483c8cfb,train/bonafide/scan/usa-NF-1051.jpg,1e0c90951281373212bb972936a647b38b8f5713a15420f11f9a22583cd74edf,"(1989, 1249)","(407, 256)",0.9903961420059204,0.9982720017433167,0.00787585973739624,0.13913877308368683,0.05951604247093201,0.07962273061275482
usa-NF-1051,scan,digital_1_vs_digital_2,digital_1,digital_2,train/attack/digital_1/scan/usa-NF-1051.jpg,02d408ecaaea74bd8fd2e147b66704b29af3669c16eb016a657d51d334c9d19d,train/attack/digital_2/scan/usa-NF-1051.jpg,3c8274b675d21e908bd7cc1144cc7d84d50c1fe7658abf6c033f81f9483c8cfb,"(1989, 1249)","(407, 256)",0.9923949241638184,0.998898983001709,0.006504058837890625,0.12418349087238312,0.04857523739337921,0.0756082534790039
usa-NF-1062,huawei,digital_1_vs_bonafide,digital_1,bonafide,train/attack/digital_1/huawei/usa-NF-1062.jpg,d7e3fe1bfd41fddcd9e216002c5a0986d5cde76ddb5d886d6c4f9e5faf0bd9e5,train/bonafide/huawei/usa-NF-1062.jpg,ebb544581486fae59925ba1f93af3bbbf7f226122922f296ff541649716af8b4,"(3204, 1974)","(415, 256)",0.959118127822876,0.991213321685791,0.03209519386291504,0.28595951199531555,0.1329159289598465,0.15304358303546906
usa-NF-1062,huawei,digital_2_vs_bonafide,digital_2,bonafide,train/attack/digital_2/huawei/usa-NF-1062.jpg,71571c59253194a9e819540e382987766fcf64d3caad7439682865e224a95214,train/bonafide/huawei/usa-NF-1062.jpg,ebb544581486fae59925ba1f93af3bbbf7f226122922f296ff541649716af8b4,"(3204, 1974)","(415, 256)",0.9579334855079651,0.9915752410888672,0.0336417555809021,0.29015815258026123,0.13034787774085999,0.15981027483940125
usa-NF-1062,huawei,digital_1_vs_digital_2,digital_1,digital_2,train/attack/digital_1/huawei/usa-NF-1062.jpg,d7e3fe1bfd41fddcd9e216002c5a0986d5cde76ddb5d886d6c4f9e5faf0bd9e5,train/attack/digital_2/huawei/usa-NF-1062.jpg,71571c59253194a9e819540e382987766fcf64d3caad7439682865e224a95214,"(3204, 1974)","(415, 256)",0.9633376598358154,0.9929249286651611,0.029587268829345703,0.27082520723342896,0.11897499114274979,0.15185021609067917
usa-NF-1062,iphone15pro,digital_1_vs_bonafide,digital_1,bonafide,train/attack/digital_1/iphone15pro/usa-NF-1062.jpg,cbc96a82ed47c9982ce056405e7b3092b229e1fa15e46c3ac23689612207ce08,train/bonafide/iphone15pro/usa-NF-1062.jpg,8be4a434c2abec29da2cb2c055884b6eb3bdfee83c669da36721d6fd870d34aa,"(2832, 1808)","(400, 256)",0.9567000865936279,0.9904327392578125,0.03373265266418457,0.29709938168525696,0.14318883419036865,0.1539105474948883
usa-NF-1062,iphone15pro,digital_2_vs_bonafide,digital_2,bonafide,train/attack/digital_2/iphone15pro/usa-NF-1062.jpg,adc53c4468d75e8fb4735ef48b077530d6f7edf280c7260a3b1c2d372c8fd0e7,train/bonafide/iphone15pro/usa-NF-1062.jpg,8be4a434c2abec29da2cb2c055884b6eb3bdfee83c669da36721d6fd870d34aa,"(2832, 1808)","(400, 256)",0.9543672800064087,0.9893349409103394,0.034967660903930664,0.3089424669742584,0.1576903611421585,0.15125210583209991
usa-NF-1062,iphone15pro,digital_1_vs_digital_2,digital_1,digital_2,train/attack/digital_1/iphone15pro/usa-NF-1062.jpg,cbc96a82ed47c9982ce056405e7b3092b229e1fa15e46c3ac23689612207ce08,train/attack/digital_2/iphone15pro/usa-NF-1062.jpg,adc53c4468d75e8fb4735ef48b077530d6f7edf280c7260a3b1c2d372c8fd0e7,"(2832, 1808)","(400, 256)",0.954298734664917,0.9896818399429321,0.03538310527801514,0.3032684326171875,0.14540480077266693,0.15786363184452057
usa-NF-1062,scan,digital_1_vs_bonafide,digital_1,bonafide,train/attack/digital_1/scan/usa-NF-1062.jpg,6f4375df8951e9c4f03f8e9398bacbaee1ea7bc86a81d38117c115defe9806f8,train/bonafide/scan/usa-NF-1062.jpg,75f86d861cd554a898a2a73128cf2d20fcb69a589557c363f5da4bc7248552ae,"(1996, 1244)","(410, 256)",0.9581658840179443,0.9916198253631592,0.033453941345214844,0.2898291051387787,0.13055294752120972,0.15927615761756897
usa-NF-1062,scan,digital_2_vs_bonafide,digital_2,bonafide,train/attack/digital_2/scan/usa-NF-1062.jpg,a625e25d48c6efefe0690ed7199cc730739f79b49a363cfdfb917c77017d1973,train/bonafide/scan/usa-NF-1062.jpg,75f86d861cd554a898a2a73128cf2d20fcb69a589557c363f5da4bc7248552ae,"(1996, 1244)","(410, 256)",0.9632691144943237,0.9929167032241821,0.0296475887298584,0.27284958958625793,0.12332537025213242,0.14952421933412552
usa-NF-1062,scan,digital_1_vs_digital_2,digital_1,digital_2,train/attack/digital_1/scan/usa-NF-1062.jpg,6f4375df8951e9c4f03f8e9398bacbaee1ea7bc86a81d38117c115defe9806f8,train/attack/digital_2/scan/usa-NF-1062.jpg,a625e25d48c6efefe0690ed7199cc730739f79b49a363cfdfb917c77017d1973,"(1996, 1244)","(410, 256)",0.9730173349380493,0.9945820569992065,0.021564722061157227,0.23267608880996704,0.10523594915866852,0.12744013965129852
usa-NF-1071,huawei,digital_1_vs_bonafide,digital_1,bonafide,train/attack/digital_1/huawei/usa-NF-1071.jpg,9aa9a5c4c2a7fbdf1ebe8f0e0c95eac3fe169a96bd347e2e224661077d1ee612,train/bonafide/huawei/usa-NF-1071.jpg,c9ad6bb15f0a4db7eda3827b396b2df40a5baf64ea95a100496bed10f43eae39,"(3219, 1988)","(414, 256)",0.9777101278305054,0.995633602142334,0.017923474311828613,0.2116662859916687,0.09495927393436432,0.11670701205730438
usa-NF-1071,huawei,digital_2_vs_bonafide,digital_2,bonafide,train/attack/digital_2/huawei/usa-NF-1071.jpg,f7f1d24a6646d798ceebff89fe04c0f03b079d5d1497bf6b610b899d9ca4ee8e,train/bonafide/huawei/usa-NF-1071.jpg,c9ad6bb15f0a4db7eda3827b396b2df40a5baf64ea95a100496bed10f43eae39,"(3219, 1988)","(414, 256)",0.9685460329055786,0.9917386770248413,0.023192644119262695,0.2509644031524658,0.12907196581363678,0.12189243733882904
usa-NF-1071,huawei,digital_1_vs_digital_2,digital_1,digital_2,train/attack/digital_1/huawei/usa-NF-1071.jpg,9aa9a5c4c2a7fbdf1ebe8f0e0c95eac3fe169a96bd347e2e224661077d1ee612,train/attack/digital_2/huawei/usa-NF-1071.jpg,f7f1d24a6646d798ceebff89fe04c0f03b079d5d1497bf6b610b899d9ca4ee8e,"(3219, 1988)","(414, 256)",0.9722409248352051,0.9923028945922852,0.020061969757080078,0.23679900169372559,0.1273171603679657,0.10948184132575989
usa-NF-1071,iphone15pro,digital_1_vs_bonafide,digital_1,bonafide,train/attack/digital_1/iphone15pro/usa-NF-1071.jpg,4c4fbf82ede5f10121992ac988e00ba934f175b7254201f37a4e91c329d54d36,train/bonafide/iphone15pro/usa-NF-1071.jpg,91f0502e80a52014cdf8dcf6c2647a6c3035f203729dab2eec22b793f59abb77,"(2849, 1787)","(408, 256)",0.9716445803642273,0.9936873912811279,0.022042810916900635,0.23947639763355255,0.11428404599428177,0.12519235163927078
usa-NF-1071,iphone15pro,digital_2_vs_bonafide,digital_2,bonafide,train/attack/digital_2/iphone15pro/usa-NF-1071.jpg,7df563a2c7826394a4ee3bb35cbfdd7cb9e8bfe720a111bed0b796a4ebd57009,train/bonafide/iphone15pro/usa-NF-1071.jpg,91f0502e80a52014cdf8dcf6c2647a6c3035f203729dab2eec22b793f59abb77,"(2849, 1787)","(408, 256)",0.9587987661361694,0.9877631664276123,0.02896440029144287,0.2883431017398834,0.1575263887643814,0.13081671297550201
usa-NF-1071,iphone15pro,digital_1_vs_digital_2,digital_1,digital_2,train/attack/digital_1/iphone15pro/usa-NF-1071.jpg,4c4fbf82ede5f10121992ac988e00ba934f175b7254201f37a4e91c329d54d36,train/attack/digital_2/iphone15pro/usa-NF-1071.jpg,7df563a2c7826394a4ee3bb35cbfdd7cb9e8bfe720a111bed0b796a4ebd57009,"(2849, 1787)","(408, 256)",0.9710296392440796,0.9921810626983643,0.021151423454284668,0.24071738123893738,0.12507417798042297,0.1156432032585144
usa-NF-1071,scan,digital_1_vs_bonafide,digital_1,bonafide,train/attack/digital_1/scan/usa-NF-1071.jpg,0ed3f43c00e74e0f11194684ef5a1d6731ad26c8dbf570efd65854f8721f2e10,train/bonafide/scan/usa-NF-1071.jpg,f3304ff993a551f5527fdf624dfcbae97b55885ee64b1632ebf2ca0b63030fac,"(1998, 1248)","(409, 256)",0.9689289927482605,0.9935817718505859,0.02465277910232544,0.24954690039157867,0.11330787092447281,0.13623902946710587
usa-NF-1071,scan,digital_2_vs_bonafide,digital_2,bonafide,train/attack/digital_2/scan/usa-NF-1071.jpg,3c3cc06f9a0242523176632c40f01820edd94ee89e77868de3ef85081483b57a,train/bonafide/scan/usa-NF-1071.jpg,f3304ff993a551f5527fdf624dfcbae97b55885ee64b1632ebf2ca0b63030fac,"(1998, 1248)","(409, 256)",0.9659793972969055,0.9904656410217285,0.024486243724822998,0.2608720064163208,0.1382569521665573,0.12261505424976349
usa-NF-1071,scan,digital_1_vs_digital_2,digital_1,digital_2,train/attack/digital_1/scan/usa-NF-1071.jpg,0ed3f43c00e74e0f11194684ef5a1d6731ad26c8dbf570efd65854f8721f2e10,train/attack/digital_2/scan/usa-NF-1071.jpg,3c3cc06f9a0242523176632c40f01820edd94ee89e77868de3ef85081483b57a,"(1998, 1248)","(409, 256)",0.9762165546417236,0.9941827654838562,0.01796621084213257,0.21862055361270905,0.10818403214216232,0.11043652147054672
usa-NF-1093,huawei,digital_1_vs_bonafide,digital_1,bonafide,train/attack/digital_1/huawei/usa-NF-1093.jpg,6cc199ca75f4e3149f14ba5f209380ed210da12d3c2067b5e41d43d4cea5a1d9,train/bonafide/huawei/usa-NF-1093.jpg,683df2801b3c48ff8bcc884d17c5227095084fb0818bc665a4ef43c9a6d1697e,"(3059, 1902)","(411, 256)",0.9892792105674744,0.9976655840873718,0.008386373519897461,0.14655150473117828,0.06868583709001541,0.07786566764116287
usa-NF-1093,huawei,digital_2_vs_bonafide,digital_2,bonafide,train/attack/digital_2/huawei/usa-NF-1093.jpg,d499d2a400254d0ddd61c7b2db5a328d5f94fdde1ac3a631d89d72903ea8a951,train/bonafide/huawei/usa-NF-1093.jpg,683df2801b3c48ff8bcc884d17c5227095084fb0818bc665a4ef43c9a6d1697e,"(3059, 1902)","(411, 256)",0.9816966652870178,0.9955201745033264,0.013823509216308594,0.19155757129192352,0.09524783492088318,0.09630973637104034
usa-NF-1093,huawei,digital_1_vs_digital_2,digital_1,digital_2,train/attack/digital_1/huawei/usa-NF-1093.jpg,6cc199ca75f4e3149f14ba5f209380ed210da12d3c2067b5e41d43d4cea5a1d9,train/attack/digital_2/huawei/usa-NF-1093.jpg,d499d2a400254d0ddd61c7b2db5a328d5f94fdde1ac3a631d89d72903ea8a951,"(3059, 1902)","(411, 256)",0.9804953336715698,0.9953743815422058,0.014879047870635986,0.19810204207897186,0.09777646511793137,0.1003255769610405
usa-NF-1093,iphone15pro,digital_1_vs_bonafide,digital_1,bonafide,train/attack/digital_1/iphone15pro/usa-NF-1093.jpg,a310aaf4fa97f6af8169ffd3689c64e466c266badafa0ab0314499b3c59e0d95,train/bonafide/iphone15pro/usa-NF-1093.jpg,cfeac97f87b96a0fa7e5ffe33ba1d933cc2b1897b5d41f68f9645946f1d1dd7c,"(2652, 1613)","(420, 256)",0.9804902672767639,0.9964134693145752,0.01592320203781128,0.19801847636699677,0.08794619143009186,0.11007228493690491
usa-NF-1093,iphone15pro,digital_2_vs_bonafide,digital_2,bonafide,train/attack/digital_2/iphone15pro/usa-NF-1093.jpg,d75f85943582f06afefa5f66a3e277a63ecb22c226e7c20cfc5c0af2451278bf,train/bonafide/iphone15pro/usa-NF-1093.jpg,cfeac97f87b96a0fa7e5ffe33ba1d933cc2b1897b5d41f68f9645946f1d1dd7c,"(2652, 1613)","(420, 256)",0.9721860885620117,0.9937305450439453,0.021544456481933594,0.235878124833107,0.11201293766498566,0.12386518716812134
usa-NF-1093,iphone15pro,digital_1_vs_digital_2,digital_1,digital_2,train/attack/digital_1/iphone15pro/usa-NF-1093.jpg,a310aaf4fa97f6af8169ffd3689c64e466c266badafa0ab0314499b3c59e0d95,train/attack/digital_2/iphone15pro/usa-NF-1093.jpg,d75f85943582f06afefa5f66a3e277a63ecb22c226e7c20cfc5c0af2451278bf,"(2652, 1613)","(420, 256)",0.9769020080566406,0.9955512881278992,0.018649280071258545,0.21561022102832794,0.09661167860031128,0.11899854242801666
usa-NF-1093,scan,digital_1_vs_bonafide,digital_1,bonafide,train/attack/digital_1/scan/usa-NF-1093.jpg,810fc34daa0a769cfc043054252023c2d24629e612a58cfedfdbcb83edc8528e,train/bonafide/scan/usa-NF-1093.jpg,06db9f2d97af5e200201bcc334acbdeceb77409dbb428b68f26277e06815dadf,"(1997, 1247)","(409, 256)",0.9843630790710449,0.9962719678878784,0.011908888816833496,0.17687809467315674,0.08657684177160263,0.09030125290155411
usa-NF-1093,scan,digital_2_vs_bonafide,digital_2,bonafide,train/attack/digital_2/scan/usa-NF-1093.jpg,8e6a7c174a37fd90d95191a05ab450a9cf09eced3493a93e16e41a7ce3906ba5,train/bonafide/scan/usa-NF-1093.jpg,06db9f2d97af5e200201bcc334acbdeceb77409dbb428b68f26277e06815dadf,"(1997, 1247)","(409, 256)",0.9823485612869263,0.9959976077079773,0.013649046421051025,0.18789078295230865,0.08951442688703537,0.09837635606527328
usa-NF-1093,scan,digital_1_vs_digital_2,digital_1,digital_2,train/attack/digital_1/scan/usa-NF-1093.jpg,810fc34daa0a769cfc043054252023c2d24629e612a58cfedfdbcb83edc8528e,train/attack/digital_2/scan/usa-NF-1093.jpg,8e6a7c174a37fd90d95191a05ab450a9cf09eced3493a93e16e41a7ce3906ba5,"(1997, 1247)","(409, 256)",0.9822555780410767,0.9966299533843994,0.014374375343322754,0.18841110169887543,0.08260294049978256,0.10580816119909286
usa-NF-1094,huawei,digital_1_vs_bonafide,digital_1,bonafide,train/attack/digital_1/huawei/usa-NF-1094.jpg,d567b37537734c9ef1486c26b5b3586e60d0ac6f8170d4b2d855656c5f420556,train/bonafide/huawei/usa-NF-1094.jpg,fe06d4d8db9405f000ff322de94e05a82a85a5a5681eda6743c086e94dbb0c56,"(3215, 1984)","(414, 256)",0.9785118103027344,0.993935227394104,0.015423417091369629,0.20731858909130096,0.11015541106462479,0.09716317802667618
usa-NF-1094,huawei,digital_2_vs_bonafide,digital_2,bonafide,train/attack/digital_2/huawei/usa-NF-1094.jpg,baed6cafd4ae287f4f9c14328aec1ef9e65f2dace3b99506c53ec3741d6f444e,train/bonafide/huawei/usa-NF-1094.jpg,fe06d4d8db9405f000ff322de94e05a82a85a5a5681eda6743c086e94dbb0c56,"(3215, 1984)","(414, 256)",0.9755686521530151,0.995610237121582,0.020041584968566895,0.22177459299564362,0.0950515866279602,0.1267230063676834
usa-NF-1094,huawei,digital_1_vs_digital_2,digital_1,digital_2,train/attack/digital_1/huawei/usa-NF-1094.jpg,d567b37537734c9ef1486c26b5b3586e60d0ac6f8170d4b2d855656c5f420556,train/attack/digital_2/huawei/usa-NF-1094.jpg,baed6cafd4ae287f4f9c14328aec1ef9e65f2dace3b99506c53ec3741d6f444e,"(3215, 1984)","(414, 256)",0.9610669016838074,0.9917160272598267,0.030649125576019287,0.2794870436191559,0.12998253107070923,0.14950451254844666
usa-NF-1094,iphone15pro,digital_1_vs_bonafide,digital_1,bonafide,train/attack/digital_1/iphone15pro/usa-NF-1094.jpg,bf3ac128d79714fc8eae97a21f94602abe9969b7e20a1a7edf8a7422818bfc22,train/bonafide/iphone15pro/usa-NF-1094.jpg,9e3ba21a85cd30fe9e78dbd2ceb494e4da3db45b9b577785abdbe0aafe0faf8d,"(2820, 1807)","(399, 256)",0.9593194723129272,0.9909123182296753,0.03159284591674805,0.28616851568222046,0.13517871499061584,0.15098980069160461
usa-NF-1094,iphone15pro,digital_2_vs_bonafide,digital_2,bonafide,train/attack/digital_2/iphone15pro/usa-NF-1094.jpg,fbdf1c69a233cb709edc4fea371038b35ef5d7527c6181c3427ca774c61fef23,train/bonafide/iphone15pro/usa-NF-1094.jpg,9e3ba21a85cd30fe9e78dbd2ceb494e4da3db45b9b577785abdbe0aafe0faf8d,"(2820, 1807)","(399, 256)",0.9767886400222778,0.9952613115310669,0.018472671508789062,0.2158912569284439,0.09769289195537567,0.11819836497306824
usa-NF-1094,iphone15pro,digital_1_vs_digital_2,digital_1,digital_2,train/attack/digital_1/iphone15pro/usa-NF-1094.jpg,bf3ac128d79714fc8eae97a21f94602abe9969b7e20a1a7edf8a7422818bfc22,train/attack/digital_2/iphone15pro/usa-NF-1094.jpg,fbdf1c69a233cb709edc4fea371038b35ef5d7527c6181c3427ca774c61fef23,"(2820, 1807)","(399, 256)",0.9479765295982361,0.9904068112373352,0.04243028163909912,0.32270118594169617,0.13852651417255402,0.18417467176914215
usa-NF-1094,scan,digital_1_vs_bonafide,digital_1,bonafide,train/attack/digital_1/scan/usa-NF-1094.jpg,df5ae030e0f07a4d0351623fb568cd43122167d70969ca7bffbebe24bb106190,train/bonafide/scan/usa-NF-1094.jpg,08ae3bfb064f56e8d61f742138d7db1c300f11587e9248486184cfba8c4db4c8,"(1992, 1248)","(408, 256)",0.9699342250823975,0.9940738677978516,0.0241396427154541,0.24597978591918945,0.10984218865633011,0.13613759726285934
usa-NF-1094,scan,digital_2_vs_bonafide,digital_2,bonafide,train/attack/digital_2/scan/usa-NF-1094.jpg,e98240dbfedcc80c8a50daba29d6883c25af7476faf098b2398127dc667bcad0,train/bonafide/scan/usa-NF-1094.jpg,08ae3bfb064f56e8d61f742138d7db1c300f11587e9248486184cfba8c4db4c8,"(1992, 1248)","(408, 256)",0.9703328609466553,0.9934971332550049,0.02316427230834961,0.2439805567264557,0.11528021842241287,0.12870033830404282
usa-NF-1094,scan,digital_1_vs_digital_2,digital_1,digital_2,train/attack/digital_1/scan/usa-NF-1094.jpg,df5ae030e0f07a4d0351623fb568cd43122167d70969ca7bffbebe24bb106190,train/attack/digital_2/scan/usa-NF-1094.jpg,e98240dbfedcc80c8a50daba29d6883c25af7476faf098b2398127dc667bcad0,"(1992, 1248)","(408, 256)",0.9596160650253296,0.9921257495880127,0.032509684562683105,0.28612059354782104,0.12936779856681824,0.1567527949810028
usa-NM-1052,huawei,digital_1_vs_bonafide,digital_1,bonafide,train/attack/digital_1/huawei/usa-NM-1052.jpg,8b5643b8c965943de84ce38d2dacb2ebb9985951c0c0a26ddc7cbcc06a6cec38,train/bonafide/huawei/usa-NM-1052.jpg,ddabcad38067f8a60fc23bcde1412d6072536f6db909a44a1640fc0b2856df5d,"(3239, 1989)","(416, 256)",0.9803732633590698,0.9962725639343262,0.015899300575256348,0.1981714814901352,0.0864170491695404,0.11175443232059479
usa-NM-1052,huawei,digital_2_vs_bonafide,digital_2,bonafide,train/attack/digital_2/huawei/usa-NM-1052.jpg,f79f1360c986d67d454ffb56745c9c9741f190691fc0a840c4fc73c6f68e0572,train/bonafide/huawei/usa-NM-1052.jpg,ddabcad38067f8a60fc23bcde1412d6072536f6db909a44a1640fc0b2856df5d,"(3239, 1989)","(416, 256)",0.982008695602417,0.9959800243377686,0.013971328735351562,0.18998639285564423,0.09104196727275848,0.09894442558288574
usa-NM-1052,huawei,digital_1_vs_digital_2,digital_1,digital_2,train/attack/digital_1/huawei/usa-NM-1052.jpg,8b5643b8c965943de84ce38d2dacb2ebb9985951c0c0a26ddc7cbcc06a6cec38,train/attack/digital_2/huawei/usa-NM-1052.jpg,f79f1360c986d67d454ffb56745c9c9741f190691fc0a840c4fc73c6f68e0572,"(3239, 1989)","(416, 256)",0.981331467628479,0.9965593218803406,0.015227854251861572,0.1933305412530899,0.0838405042886734,0.1094900369644165
usa-NM-1052,iphone15pro,digital_1_vs_bonafide,digital_1,bonafide,train/attack/digital_1/iphone15pro/usa-NM-1052.jpg,fd032215b35c53a0f6a3f03d24c5cc2dae0c5495a864176455b01bd538f9d7b1,train/bonafide/iphone15pro/usa-NM-1052.jpg,e1fea401d4e710c38af009493f2373190c6d05dc03b8139cd54aec0376ce9bdd,"(2836, 1809)","(401, 256)",0.9699148535728455,0.9933807849884033,0.02346593141555786,0.24534477293491364,0.11581460386514664,0.129530169069767
usa-NM-1052,iphone15pro,digital_2_vs_bonafide,digital_2,bonafide,train/attack/digital_2/iphone15pro/usa-NM-1052.jpg,c9b5e555541e8ebf5ecf67321b7b3c3ac98ce9e8ff0c314e62a83d900ba43dda,train/bonafide/iphone15pro/usa-NM-1052.jpg,e1fea401d4e710c38af009493f2373190c6d05dc03b8139cd54aec0376ce9bdd,"(2836, 1809)","(401, 256)",0.9824962615966797,0.996021032333374,0.013524770736694336,0.18743784725666046,0.08953598141670227,0.09790186583995819
usa-NM-1052,iphone15pro,digital_1_vs_digital_2,digital_1,digital_2,train/attack/digital_1/iphone15pro/usa-NM-1052.jpg,fd032215b35c53a0f6a3f03d24c5cc2dae0c5495a864176455b01bd538f9d7b1,train/attack/digital_2/iphone15pro/usa-NM-1052.jpg,c9b5e555541e8ebf5ecf67321b7b3c3ac98ce9e8ff0c314e62a83d900ba43dda,"(2836, 1809)","(401, 256)",0.9804191589355469,0.9964781999588013,0.016059041023254395,0.19799378514289856,0.08648787438869476,0.1115059107542038
usa-NM-1052,scan,digital_1_vs_bonafide,digital_1,bonafide,train/attack/digital_1/scan/usa-NM-1052.jpg,98653c44e38abce5153f5b0ba74e1af34ac0f811eb2e646ba4a7b43f9ada3c43,train/bonafide/scan/usa-NM-1052.jpg,2c67b7f69cee5d629ceb1c98c3647006cbb16c887f3bed43c42014788906d21d,"(1995, 1251)","(408, 256)",0.9786080121994019,0.9951938986778259,0.016585886478424072,0.20696665346622467,0.09828788042068481,0.10867877304553986
usa-NM-1052,scan,digital_2_vs_bonafide,digital_2,bonafide,train/attack/digital_2/scan/usa-NM-1052.jpg,01afca4e7c729d8cec8e74443ac5751a9d4837a1a8c4b1d41164b15817b74856,train/bonafide/scan/usa-NM-1052.jpg,2c67b7f69cee5d629ceb1c98c3647006cbb16c887f3bed43c42014788906d21d,"(1995, 1251)","(408, 256)",0.9842735528945923,0.9968592524528503,0.012585699558258057,0.17753365635871887,0.08129972219467163,0.09623393416404724
usa-NM-1052,scan,digital_1_vs_digital_2,digital_1,digital_2,train/attack/digital_1/scan/usa-NM-1052.jpg,98653c44e38abce5153f5b0ba74e1af34ac0f811eb2e646ba4a7b43f9ada3c43,train/attack/digital_2/scan/usa-NM-1052.jpg,01afca4e7c729d8cec8e74443ac5751a9d4837a1a8c4b1d41164b15817b74856,"(1995, 1251)","(408, 256)",0.9820550680160522,0.9967692494392395,0.014714181423187256,0.18944843113422394,0.08115670084953308,0.10829173028469086
