file_stem,hardware_source,image_role,image_path,image_sha256,layer4_shape,shift_y,shift_x,layer4_original_vs_roll_cosine,layer4_original_vs_roll_relative_l2,avgpool_original_vs_roll_cosine,avgpool_original_vs_roll_relative_l2,model_avgpool_float32_max_abs_error,roll_avgpool_float32_max_abs_error,roll_avgpool_float64_max_abs_error
arabic-003_03,huawei,bonafide,train/bonafide/huawei/arabic-003_03.jpg,0a2f985ead79169ead378f14d1af08f4d22f35641bb9e2ad37e9d5d3730be007,"(1, 512, 8, 13)",1,1,0.7640482783317566,0.6869521141052246,1.0,5.136125480476039e-08,0.0,2.384185791015625e-07,0.0
arabic-003_03,huawei,digital_1,train/attack/digital_1/huawei/arabic-003_03.jpg,656ff1b4dd0cdaef972c7edf4101876841753d9c3a5dc28b65ba54a1483a35bf,"(1, 512, 8, 13)",1,1,0.7632769346237183,0.6880741715431213,1.0,4.6821796217955125e-08,0.0,2.384185791015625e-07,0.0
arabic-003_03,huawei,digital_2,train/attack/digital_2/huawei/arabic-003_03.jpg,d049fe38f3ec2b3febe1e962cd4be127698f8b76461549f90472170028ed9a6f,"(1, 512, 8, 13)",1,1,0.7594619393348694,0.6935964822769165,1.0,6.892943105185623e-08,0.0,7.152557373046875e-07,0.0
arabic-003_03,iphone15pro,bonafide,train/bonafide/iphone15pro/arabic-003_03.jpg,a5e1940620b27684a6516d7be97120090e0bd66db136a3b14c140aa3664477df,"(1, 512, 8, 14)",1,1,0.7526510953903198,0.7033475041389465,1.0,4.033329048525047e-08,0.0,2.384185791015625e-07,0.0
arabic-003_03,iphone15pro,digital_1,train/attack/digital_1/iphone15pro/arabic-003_03.jpg,275d7d5d9f1e0611a23a373909e5e7a3c6b776be5176a7b16017aadd470f5ca7,"(1, 512, 8, 14)",1,1,0.743624210357666,0.7160667777061462,1.0,4.0832830450199253e-08,0.0,2.384185791015625e-07,0.0
arabic-003_03,iphone15pro,digital_2,train/attack/digital_2/iphone15pro/arabic-003_03.jpg,0671853c41ca3b36425269793a038b2a417579255fb814e80ff4a6d1678672cc,"(1, 512, 8, 14)",1,1,0.7443081736564636,0.7151108384132385,1.0,3.088150890562247e-08,0.0,2.384185791015625e-07,0.0
arabic-003_03,scan,bonafide,train/bonafide/scan/arabic-003_03.jpg,be5d55392dfd152ed28550856184a8849f8b20ffb6024734dd782f2f8f227c5a,"(1, 512, 8, 13)",1,1,0.760036826133728,0.692767322063446,1.0,5.3254151310966336e-08,0.0,4.76837158203125e-07,0.0
arabic-003_03,scan,digital_1,train/attack/digital_1/scan/arabic-003_03.jpg,2a928839fa410bfe3ec4bc31a71db8ad716a97f9d0d37cac40998ff8df23e06f,"(1, 512, 8, 13)",1,1,0.7546058297157288,0.7005628347396851,0.9999998807907104,4.8791800821845754e-08,0.0,2.384185791015625e-07,0.0
arabic-003_03,scan,digital_2,train/attack/digital_2/scan/arabic-003_03.jpg,54152be11fb28ffb15928101c8ec272560425e5eafdec9d715c4290d21c3f953,"(1, 512, 8, 13)",1,1,0.7569778561592102,0.69716876745224,1.0,4.7533998071003225e-08,0.0,2.384185791015625e-07,0.0
arabic-005_03,huawei,bonafide,train/bonafide/huawei/arabic-005_03.jpg,e94b0ff71e2a8eaf68e5d0932e4d96804385ba4f70cd24f3132cf8e898d01d19,"(1, 512, 8, 14)",1,1,0.7478482723236084,0.7101433277130127,1.0,4.140437681598996e-08,0.0,2.384185791015625e-07,0.0
arabic-005_03,huawei,digital_1,train/attack/digital_1/huawei/arabic-005_03.jpg,725eca7ff982a1c1f4032ddb0c44596ff489109d725e39d7f1bb7e4e103c344c,"(1, 512, 8, 14)",1,1,0.7462412118911743,0.7124026417732239,0.9999998807907104,4.777001549882698e-08,0.0,4.76837158203125e-07,0.0
arabic-005_03,huawei,digital_2,train/attack/digital_2/huawei/arabic-005_03.jpg,510d0438f0a7f84da3a8c338f879ac6791acb770e7a412f69c9894445030a96a,"(1, 512, 8, 14)",1,1,0.7457637786865234,0.7130725979804993,1.0,3.646837498649802e-08,0.0,2.384185791015625e-07,0.0
arabic-005_03,iphone15pro,bonafide,train/bonafide/iphone15pro/arabic-005_03.jpg,0f1c951169aaab77ce868e4cb066958426a2e2aa5a02fb896c45662da887078c,"(1, 512, 8, 13)",1,1,0.7724128365516663,0.6746660470962524,1.0,5.649912893090914e-08,0.0,4.76837158203125e-07,0.0
arabic-005_03,iphone15pro,digital_1,train/attack/digital_1/iphone15pro/arabic-005_03.jpg,d3188f576c20431853d7d6702a20e9177d9a025c908a493268867c3895e6a21e,"(1, 512, 8, 13)",1,1,0.7704558968544006,0.6775604486465454,1.0000001192092896,6.59785683865266e-08,0.0,7.152557373046875e-07,0.0
arabic-005_03,iphone15pro,digital_2,train/attack/digital_2/iphone15pro/arabic-005_03.jpg,d52070b65eaf51e45d58a18212320d55b5ae62962e6abd88115222caebd94c59,"(1, 512, 8, 13)",1,1,0.7588003277778625,0.694549560546875,1.0000001192092896,5.188072904616092e-08,0.0,2.384185791015625e-07,0.0
arabic-005_03,scan,bonafide,train/bonafide/scan/arabic-005_03.jpg,7839393aeadbc2c9cbdebc4c72b5d61d6d7f48b2ba3b193e48207b330da5ff53,"(1, 512, 8, 13)",1,1,0.7775496244430542,0.6670087575912476,1.0,5.114928569582844e-08,0.0,4.76837158203125e-07,0.0
arabic-005_03,scan,digital_1,train/attack/digital_1/scan/arabic-005_03.jpg,b63e47a8930d3c234c88b6c93c86f4fe6f391bb9b9c67294e83b58fe9d90f383,"(1, 512, 8, 13)",1,1,0.7751997709274292,0.6705225706100464,0.9999999403953552,6.484366110726114e-08,0.0,4.76837158203125e-07,0.0
arabic-005_03,scan,digital_2,train/attack/digital_2/scan/arabic-005_03.jpg,fb91274f4b1423942ba2c1847374d096968f5e958cdb6b627347630f5ec2b430,"(1, 512, 8, 13)",1,1,0.772481381893158,0.6745645403862,1.0,5.463070706923645e-08,0.0,3.5762786865234375e-07,0.0
arabic-112_03,huawei,bonafide,train/bonafide/huawei/arabic-112_03.jpg,c4eb6666899ce34aaf164197229a8a32050d121b21f7b9869dc6710bf2256dc8,"(1, 512, 8, 13)",1,1,0.7741074562072754,0.6721497774124146,0.9999998807907104,5.467917318924265e-08,0.0,4.76837158203125e-07,0.0
arabic-112_03,huawei,digital_1,train/attack/digital_1/huawei/arabic-112_03.jpg,29b0053486f492d98eff55215576e7ccb15ebcbcd43d56744ec451e55c2bc61d,"(1, 512, 8, 13)",1,1,0.7614390254020691,0.6907402276992798,1.0,5.16363769520467e-08,0.0,4.76837158203125e-07,0.0
arabic-112_03,huawei,digital_2,train/attack/digital_2/huawei/arabic-112_03.jpg,61041de2e01d8ebaed4bae19ac99bb0d9fbb46aa4acbc4f92c744141110c1c9a,"(1, 512, 8, 13)",1,1,0.7693796753883362,0.6791471242904663,0.9999998807907104,7.332001672466504e-08,0.0,7.152557373046875e-07,0.0
arabic-112_03,iphone15pro,bonafide,train/bonafide/iphone15pro/arabic-112_03.jpg,5bc11c2dcf123f22e36c25c6b0bc1cc97d6e98fbbd3114bb88f40b21ec829d57,"(1, 512, 8, 13)",1,1,0.7609277963638306,0.6914799213409424,1.0,6.530040508323509e-08,0.0,4.76837158203125e-07,0.0
arabic-112_03,iphone15pro,digital_1,train/attack/digital_1/iphone15pro/arabic-112_03.jpg,46e03263cb7f8efda5418b240602241020ad024a00cf181a2c93bc7c414d490c,"(1, 512, 8, 13)",1,1,0.7505139112472534,0.7063797116279602,1.0000001192092896,5.5101537554946844e-08,0.0,2.384185791015625e-07,0.0
arabic-112_03,iphone15pro,digital_2,train/attack/digital_2/iphone15pro/arabic-112_03.jpg,1f032b567fd1d866a3916f5c3150bc5e7e05a24223e14dd610184ee33179eae9,"(1, 512, 8, 13)",1,1,0.7559276819229126,0.6986733078956604,1.0,4.8770974814260626e-08,0.0,4.76837158203125e-07,0.0
arabic-112_03,scan,bonafide,train/bonafide/scan/arabic-112_03.jpg,a83ca005a1b68787c18617619d7984e12933a2ac757b11342cdb242cff68c7ce,"(1, 512, 8, 13)",1,1,0.7669339776039124,0.6827386021614075,1.0,5.1319837268692936e-08,0.0,3.5762786865234375e-07,0.0
arabic-112_03,scan,digital_1,train/attack/digital_1/scan/arabic-112_03.jpg,c13751542fc56a6db589d8d18d88b7d5f8e8d9191fc7cb8a4ba5c90e09fb35b1,"(1, 512, 8, 13)",1,1,0.7611639499664307,0.6911382675170898,1.0,4.713108481269046e-08,0.0,2.384185791015625e-07,0.0
arabic-112_03,scan,digital_2,train/attack/digital_2/scan/arabic-112_03.jpg,ab4a947a18c9937a4baf6f49adfc568c2bb86fc9363f111056aa7a57f04a577d,"(1, 512, 8, 13)",1,1,0.7661651372909546,0.6838636994361877,1.0,6.045905820428743e-08,0.0,4.76837158203125e-07,0.0
arabic-131_03,huawei,bonafide,train/bonafide/huawei/arabic-131_03.jpg,f733731b992459fa0617ee1dc4d11c5dd10f4be92f61163a51ad732a91f0f27c,"(1, 512, 8, 13)",1,1,0.7776108384132385,0.6669169664382935,0.9999999403953552,5.446457507218838e-08,0.0,3.5762786865234375e-07,0.0
arabic-131_03,huawei,digital_1,train/attack/digital_1/huawei/arabic-131_03.jpg,ecdbd91274aaa77cdddadc69f52573c25635c7ecd20400ee68d095b5037e5eba,"(1, 512, 8, 13)",1,1,0.7667051553726196,0.6830737590789795,0.9999998807907104,5.7033243905380004e-08,0.0,4.76837158203125e-07,0.0
arabic-131_03,huawei,digital_2,train/attack/digital_2/huawei/arabic-131_03.jpg,baa360f3be5f28f622a6f2d53bb2d4b89192c4ff231d3c0e6c7bedec5abd6be0,"(1, 512, 8, 13)",1,1,0.7672088146209717,0.6823360919952393,1.0,6.401677410394768e-08,0.0,4.76837158203125e-07,0.0
arabic-131_03,iphone15pro,bonafide,train/bonafide/iphone15pro/arabic-131_03.jpg,c645536856335dc4eaa5da390dc7670b190fe7393eb07f4524eb356b1ae53eab,"(1, 512, 8, 13)",1,1,0.777854323387146,0.6665517687797546,1.0000001192092896,6.444510347591859e-08,0.0,7.152557373046875e-07,0.0
arabic-131_03,iphone15pro,digital_1,train/attack/digital_1/iphone15pro/arabic-131_03.jpg,215096643cf48f9a941da80292df6bc6bf5e6cfba24f765526351138f100c3d3,"(1, 512, 8, 13)",1,1,0.7713702917098999,0.6762095093727112,0.9999998807907104,5.3618698814261734e-08,0.0,4.76837158203125e-07,0.0
arabic-131_03,iphone15pro,digital_2,train/attack/digital_2/iphone15pro/arabic-131_03.jpg,b0c63da99e2300149c3d0dc63ed1188081fe144f3be7dda381e1c800ba66e52c,"(1, 512, 8, 13)",1,1,0.7653634548187256,0.6850351691246033,1.0,5.183506246453362e-08,0.0,4.76837158203125e-07,0.0
arabic-131_03,scan,bonafide,train/bonafide/scan/arabic-131_03.jpg,1534f772688251e15dce3a30d6bdaa42db7f6dc093fd128c13dd5271734bb4d5,"(1, 512, 8, 13)",1,1,0.7841047048568726,0.6571077108383179,0.9999998807907104,4.861193403371544e-08,0.0,2.384185791015625e-07,0.0
arabic-131_03,scan,digital_1,train/attack/digital_1/scan/arabic-131_03.jpg,7236a9d5a200bd9760d4fc99a72ba72d2150122d1a24105875ff61f5d0772792,"(1, 512, 8, 13)",1,1,0.7765801548957825,0.6684607863426208,1.0,5.289462379209908e-08,0.0,4.76837158203125e-07,0.0
arabic-131_03,scan,digital_2,train/attack/digital_2/scan/arabic-131_03.jpg,f11917ef5a58f229aae950f904c38b3b02c72153a810a8324e8aacc376b619e0,"(1, 512, 8, 13)",1,1,0.7702280879020691,0.6778965592384338,0.9999998807907104,4.73519214949647e-08,0.0,2.384185791015625e-07,0.0
arabic-139_03,huawei,bonafide,train/bonafide/huawei/arabic-139_03.jpg,18a678c1e4fbdc399f8559e4ad431c0625540104a9c60af04cb0320df5260711,"(1, 512, 8, 13)",1,1,0.7674164175987244,0.6820315718650818,1.0,6.875448832488473e-08,0.0,4.76837158203125e-07,0.0
arabic-139_03,huawei,digital_1,train/attack/digital_1/huawei/arabic-139_03.jpg,24487bbecef058e2eb265baa34d459ae19f5eb1ee0fef6325f2aa81b56544287,"(1, 512, 8, 13)",1,1,0.7626813054084778,0.6889393925666809,0.9999999403953552,5.359629540180322e-08,0.0,4.76837158203125e-07,0.0
arabic-139_03,huawei,digital_2,train/attack/digital_2/huawei/arabic-139_03.jpg,0957de4cbe7e30997749ef645efe9be15fac7dc861cabfca97c8f58679c51798,"(1, 512, 8, 13)",1,1,0.7582727670669556,0.6953089237213135,0.9999999403953552,6.572454935849237e-08,0.0,4.76837158203125e-07,0.0
arabic-139_03,iphone15pro,bonafide,train/bonafide/iphone15pro/arabic-139_03.jpg,c996c2c6fc2c11b39b83fbe8d085fede4842ec24614018f9f63f07b396483720,"(1, 512, 8, 14)",1,1,0.7614998817443848,0.6906519532203674,1.0,3.902766465557761e-08,0.0,2.384185791015625e-07,0.0
arabic-139_03,iphone15pro,digital_1,train/attack/digital_1/iphone15pro/arabic-139_03.jpg,6c40a95354b76ec9f0f2507f4271ee0282e024bda5ebb729607f637559406712,"(1, 512, 8, 14)",1,1,0.7609504461288452,0.6914470791816711,1.0000001192092896,4.034625078475074e-08,0.0,2.384185791015625e-07,0.0
arabic-139_03,iphone15pro,digital_2,train/attack/digital_2/iphone15pro/arabic-139_03.jpg,58f8daf1da12e77d8376b8afdf81a4d1dab09798260940c6044177e9d30bf0e5,"(1, 512, 8, 14)",1,1,0.7569715976715088,0.6971778273582458,0.9999999403953552,5.727733665139567e-08,0.0,4.76837158203125e-07,0.0
arabic-139_03,scan,bonafide,train/bonafide/scan/arabic-139_03.jpg,0a9e276ba21f26321fae8040231de74fd6ad96b361e1385a24f9803be2a97405,"(1, 512, 8, 13)",1,1,0.7648923397064209,0.6857225894927979,0.9999999403953552,5.852744067169624e-08,0.0,4.76837158203125e-07,0.0
arabic-139_03,scan,digital_1,train/attack/digital_1/scan/arabic-139_03.jpg,1682b6762971508dff0fce7aa8e16cd54c705fed25386d8016a8bba07e823006,"(1, 512, 8, 13)",1,1,0.7611455917358398,0.6911649107933044,1.0,5.7044708512421494e-08,0.0,2.384185791015625e-07,0.0
arabic-139_03,scan,digital_2,train/attack/digital_2/scan/arabic-139_03.jpg,0bf66daf523a7c04377bb5d4886be5a2591af614c7b0e2b834408c35bc19c054,"(1, 512, 8, 13)",1,1,0.756039023399353,0.698513925075531,1.0,5.1437368142615014e-08,0.0,2.384185791015625e-07,0.0
arabic-173_03,huawei,bonafide,train/bonafide/huawei/arabic-173_03.jpg,992bd2fc694aed976daa7896463fc847e2cecb82c3290dc7b2ccec15becb552a,"(1, 512, 8, 13)",1,1,0.770951509475708,0.6768286228179932,1.0,5.5532275666791975e-08,0.0,4.76837158203125e-07,0.0
arabic-173_03,huawei,digital_1,train/attack/digital_1/huawei/arabic-173_03.jpg,0765a1a7d9b92d7c9f78406c3f460aae89777f086374a075b12cf388cae34192,"(1, 512, 8, 13)",1,1,0.767288088798523,0.6822198033332825,0.9999999403953552,6.573001343213036e-08,0.0,4.76837158203125e-07,0.0
arabic-173_03,huawei,digital_2,train/attack/digital_2/huawei/arabic-173_03.jpg,4ca62cf91981d1e4defb21f8764bda9c6a7b6e4f8ba7b47645148091b1b8a9f4,"(1, 512, 8, 13)",1,1,0.7670695781707764,0.6825399994850159,0.9999998807907104,5.218921828031853e-08,0.0,4.76837158203125e-07,0.0
arabic-173_03,iphone15pro,bonafide,train/bonafide/iphone15pro/arabic-173_03.jpg,59711cb21c884bacf56a0cd4500d80c5a2b9d47c306d76d7a75218aa4fd588f6,"(1, 512, 8, 13)",1,1,0.7722897529602051,0.674848735332489,0.9999998807907104,6.224956905498402e-08,0.0,4.76837158203125e-07,0.0
arabic-173_03,iphone15pro,digital_1,train/attack/digital_1/iphone15pro/arabic-173_03.jpg,284a5ab4a3b87b400fa94fea9ab00d5efff21479a1e9a0a50108a5c4c0ed95df,"(1, 512, 8, 13)",1,1,0.7659521698951721,0.6841751933097839,1.0000001192092896,4.2781916675949105e-08,0.0,2.384185791015625e-07,0.0
arabic-173_03,iphone15pro,digital_2,train/attack/digital_2/iphone15pro/arabic-173_03.jpg,e268de0e68b5db7bc0c039b425c57e655b0bbe78ec161d6f42f299b0e4163924,"(1, 512, 8, 13)",1,1,0.7689969539642334,0.6797103881835938,1.0,4.84463171801508e-08,0.0,2.384185791015625e-07,0.0
arabic-173_03,scan,bonafide,train/bonafide/scan/arabic-173_03.jpg,b3f6050e9a6a3bc1b6bcd05e7f50c5307b7cdc7ac9616c93b5000c9f33d8bdfd,"(1, 512, 8, 13)",1,1,0.7743874788284302,0.6717330813407898,0.9999998807907104,5.137378522590552e-08,0.0,4.76837158203125e-07,0.0
arabic-173_03,scan,digital_1,train/attack/digital_1/scan/arabic-173_03.jpg,8f2313d7aa8422337cd4d3456d8db1ee9b0892badf7524c440c5e640c920bb41,"(1, 512, 8, 13)",1,1,0.7668718099594116,0.6828296780586243,0.9999999403953552,5.001636083079575e-08,0.0,2.384185791015625e-07,0.0
arabic-173_03,scan,digital_2,train/attack/digital_2/scan/arabic-173_03.jpg,3a70429feef9e403506d67942652c80ed00588c72d97d28cce66c2467896c129,"(1, 512, 8, 13)",1,1,0.7726467847824097,0.6743192672729492,1.0,5.5184610658898237e-08,0.0,4.76837158203125e-07,0.0
arabic-NF-1003,huawei,bonafide,train/bonafide/huawei/arabic-NF-1003.jpg,17df6bc73bc6495233ee89dd7004fa9f7af97a1eb57ad113b17125e7f5935506,"(1, 512, 8, 13)",1,1,0.7429249286651611,0.7170426845550537,1.0,5.684977466557939e-08,0.0,4.76837158203125e-07,0.0
arabic-NF-1003,huawei,digital_1,train/attack/digital_1/huawei/arabic-NF-1003.jpg,af8c3b5699d5e96a55f238c22d3943defbf8bca410b33864e224a5d237e5bda5,"(1, 512, 8, 13)",1,1,0.7408270239830017,0.7199625372886658,0.9999999403953552,5.775946121389097e-08,0.0,4.76837158203125e-07,0.0
arabic-NF-1003,huawei,digital_2,train/attack/digital_2/huawei/arabic-NF-1003.jpg,5708f12553d259ad89212cc4804c6914da52886045f68f1a7c3fcbb81b7d724c,"(1, 512, 8, 13)",1,1,0.7405741214752197,0.7203137278556824,1.0000001192092896,5.5360903417067675e-08,0.0,4.76837158203125e-07,0.0
arabic-NF-1003,iphone15pro,bonafide,train/bonafide/iphone15pro/arabic-NF-1003.jpg,3ccb03ffeed76cdfce10a364c80a7143eb18052d773323929fb9b61c00b17241,"(1, 512, 8, 13)",1,1,0.7514262199401855,0.7050869464874268,0.9999998807907104,6.430776267052352e-08,0.0,7.152557373046875e-07,0.0
arabic-NF-1003,iphone15pro,digital_1,train/attack/digital_1/iphone15pro/arabic-NF-1003.jpg,32b68ddf147d3921ddf34ffae87bcd9d24894125d2adf72292e4bbe1c9efb928,"(1, 512, 8, 13)",1,1,0.7460647821426392,0.7126502990722656,0.9999998807907104,4.975017375841162e-08,0.0,2.384185791015625e-07,0.0
arabic-NF-1003,iphone15pro,digital_2,train/attack/digital_2/iphone15pro/arabic-NF-1003.jpg,f3fd6e5859d9c5225fb1b98587c6945015409bc418fd1a284dab5db8d31768aa,"(1, 512, 8, 13)",1,1,0.7465345859527588,0.7119907736778259,1.0,5.2912717762865213e-08,0.0,4.76837158203125e-07,0.0
arabic-NF-1003,scan,bonafide,train/bonafide/scan/arabic-NF-1003.jpg,f74ec9b42c1adf4a4e7af34961cd2221b33ca555a5d050ff63d0c438d87ab983,"(1, 512, 8, 13)",1,1,0.7461145520210266,0.7125804424285889,1.0,5.583803641684426e-08,0.0,4.76837158203125e-07,0.0
arabic-NF-1003,scan,digital_1,train/attack/digital_1/scan/arabic-NF-1003.jpg,f5b516ec803a9e3d3658cab337fbdfab322a731411db2e2b47656d83e9f4c428,"(1, 512, 8, 13)",1,1,0.7442253232002258,0.7152268886566162,1.0,5.341869524499998e-08,0.0,2.384185791015625e-07,0.0
arabic-NF-1003,scan,digital_2,train/attack/digital_2/scan/arabic-NF-1003.jpg,8e3fdc3b464cb096259ca30bcedb4e5682dae3c1c33273c67c1e10781e92dd1f,"(1, 512, 8, 13)",1,1,0.7413816452026367,0.7191916704177856,1.0,4.490930294309692e-08,0.0,2.384185791015625e-07,0.0
arabic-NF-1012,huawei,bonafide,train/bonafide/huawei/arabic-NF-1012.jpg,578505d28608ab5b04216e8b81bea0498a882d9855b665c3a4555581c60acc76,"(1, 512, 8, 13)",1,1,0.7472982406616211,0.710917592048645,1.0,6.099666904901824e-08,0.0,4.76837158203125e-07,0.0
arabic-NF-1012,huawei,digital_1,train/attack/digital_1/huawei/arabic-NF-1012.jpg,b1ad31c4d3cf69b9d1fa7a981beb39ecd213597ee03c26e16724741ce8d8333a,"(1, 512, 8, 13)",1,1,0.7450485229492188,0.714074969291687,0.9999998807907104,6.030199273254766e-08,0.0,4.76837158203125e-07,0.0
arabic-NF-1012,huawei,digital_2,train/attack/digital_2/huawei/arabic-NF-1012.jpg,e8d76614392f4d34d9f73e6b8011341a2c1236a05531c26aa72bc96479f29749,"(1, 512, 8, 13)",1,1,0.7446020841598511,0.7146998047828674,1.0000001192092896,6.812253872112706e-08,0.0,4.76837158203125e-07,0.0
arabic-NF-1012,iphone15pro,bonafide,train/bonafide/iphone15pro/arabic-NF-1012.jpg,20d4980a4426484473e6498bcf60cf58876e087fe4b5a1cf5dacaec85fe0a2f2,"(1, 512, 8, 13)",1,1,0.7601491808891296,0.6926048994064331,1.0,5.2719393295319605e-08,0.0,4.76837158203125e-07,0.0
arabic-NF-1012,iphone15pro,digital_1,train/attack/digital_1/iphone15pro/arabic-NF-1012.jpg,6e516e5961223ff8cfa18ffa4f7b1dbae2fa615d4134ca5b4af8aad7feb79df9,"(1, 512, 8, 13)",1,1,0.7543081641197205,0.700987696647644,1.0,5.407675018886948e-08,0.0,2.384185791015625e-07,0.0
arabic-NF-1012,iphone15pro,digital_2,train/attack/digital_2/iphone15pro/arabic-NF-1012.jpg,0b7bc1ca3f006401aa6a7bb6b466ebb8e826983a385529d3b5a12be7d844cb0a,"(1, 512, 8, 13)",1,1,0.7571638822555542,0.6969019174575806,1.0,7.706305638066624e-08,0.0,9.5367431640625e-07,0.0
arabic-NF-1012,scan,bonafide,train/bonafide/scan/arabic-NF-1012.jpg,4575b046622ace78e18bb38847deeba4f01195724d539c322f04c7c262ac55ad,"(1, 512, 8, 13)",1,1,0.7493679523468018,0.7079999446868896,1.0,4.584355650649741e-08,0.0,2.384185791015625e-07,0.0
arabic-NF-1012,scan,digital_1,train/attack/digital_1/scan/arabic-NF-1012.jpg,e95de51e8de1853c90b9faf3f1a4a65786334f840ccf587a66d6d3853bb2fdd0,"(1, 512, 8, 13)",1,1,0.7364333868026733,0.7260394096374512,1.0,5.188511664755424e-08,0.0,4.76837158203125e-07,0.0
arabic-NF-1012,scan,digital_2,train/attack/digital_2/scan/arabic-NF-1012.jpg,501354379147d3e519a9c4a694d084a5040b14b06e56a8eb76f8b0181e25f00f,"(1, 512, 8, 13)",1,1,0.7414090633392334,0.7191534638404846,1.0,5.194313956735641e-08,0.0,4.76837158203125e-07,0.0
arabic-NF-1030,huawei,bonafide,train/bonafide/huawei/arabic-NF-1030.jpg,006a0a4bc493229847e14f23fe0f23a1ac1889aa201b8d4ec56cd9a83a4dfdbc,"(1, 512, 8, 13)",1,1,0.7440319061279297,0.7154971361160278,0.9999999403953552,5.9152228004677454e-08,0.0,4.76837158203125e-07,0.0
arabic-NF-1030,huawei,digital_1,train/attack/digital_1/huawei/arabic-NF-1030.jpg,fd082e255d958894c13f210b74c7f613360a876211805bf4d9d64c8fd72f918a,"(1, 512, 8, 13)",1,1,0.7464750409126282,0.7120743989944458,0.9999998807907104,5.923727286472058e-08,0.0,4.76837158203125e-07,0.0
arabic-NF-1030,huawei,digital_2,train/attack/digital_2/huawei/arabic-NF-1030.jpg,1f25c2793d6b9098da7261b3e5150f7f110a42adb6420c4133b09f7470ef7395,"(1, 512, 8, 13)",1,1,0.7382024526596069,0.7235984206199646,1.0,4.9294275328293224e-08,0.0,2.384185791015625e-07,0.0
arabic-NF-1030,iphone15pro,bonafide,train/bonafide/iphone15pro/arabic-NF-1030.jpg,29046ca04bd3065b08bcf8314eb8640adf6697c646dccd1e9fc3197230440c4c,"(1, 512, 8, 13)",1,1,0.746574878692627,0.7119340896606445,1.0,5.535843783377459e-08,0.0,4.76837158203125e-07,0.0
arabic-NF-1030,iphone15pro,digital_1,train/attack/digital_1/iphone15pro/arabic-NF-1030.jpg,eacb50cc67c3a47d1af08565218404628298103289565baf2991817e319b8bdd,"(1, 512, 8, 13)",1,1,0.7404371500015259,0.7205039262771606,1.0000001192092896,4.7376246925523446e-08,0.0,2.384185791015625e-07,0.0
arabic-NF-1030,iphone15pro,digital_2,train/attack/digital_2/iphone15pro/arabic-NF-1030.jpg,a8ce66941c58dc17d5cf10f75d2e0b9e8efe7a1ade43f81bde46382d97f0fc79,"(1, 512, 8, 13)",1,1,0.735541820526123,0.7272663116455078,1.0,5.418053916628196e-08,0.0,4.76837158203125e-07,0.0
arabic-NF-1030,scan,bonafide,train/bonafide/scan/arabic-NF-1030.jpg,68563d4417a80d88e3d1f00ae17375191df34a629cde22a8155b7a25813b0696,"(1, 512, 8, 13)",1,1,0.753055214881897,0.7027726173400879,0.9999998807907104,5.7530176178488546e-08,0.0,2.384185791015625e-07,0.0
arabic-NF-1030,scan,digital_1,train/attack/digital_1/scan/arabic-NF-1030.jpg,ff9f2fe62e2e8691542dd9ca260fe18f8fe51a58f2048d525b6024c5b5215bfb,"(1, 512, 8, 13)",1,1,0.751934289932251,0.7043657898902893,1.0,5.6331284525867886e-08,0.0,2.384185791015625e-07,0.0
arabic-NF-1030,scan,digital_2,train/attack/digital_2/scan/arabic-NF-1030.jpg,ce41d6671004930d1bf882a83be97fc90b571ab99791843bb9d6588e9657f2c5,"(1, 512, 8, 13)",1,1,0.7476310133934021,0.71044921875,1.000000238418579,5.987266149531933e-08,0.0,4.76837158203125e-07,0.0
arabic-NF-1037,huawei,bonafide,train/bonafide/huawei/arabic-NF-1037.jpg,5a818b980c38b1628dc5c0284f06b9d8c686f273ace2e3642c46652c580863a7,"(1, 512, 8, 13)",1,1,0.7395148873329163,0.7217826247215271,1.0,4.8633488347604725e-08,0.0,4.76837158203125e-07,0.0
arabic-NF-1037,huawei,digital_1,train/attack/digital_1/huawei/arabic-NF-1037.jpg,7186b485b27eeb441afa6109945f1c097076c2d411c85fa64650d72c4a9697ad,"(1, 512, 8, 13)",1,1,0.7388811111450195,0.7226601839065552,0.9999999403953552,5.39485789374794e-08,0.0,3.5762786865234375e-07,0.0
arabic-NF-1037,huawei,digital_2,train/attack/digital_2/huawei/arabic-NF-1037.jpg,f7aacdf787e243d4f4b4638216550cc18eb66ee36f0450a29c3607022066bc32,"(1, 512, 8, 13)",1,1,0.7340936064720154,0.7292550802230835,1.0,5.407643044463839e-08,0.0,4.76837158203125e-07,0.0
arabic-NF-1037,iphone15pro,bonafide,train/bonafide/iphone15pro/arabic-NF-1037.jpg,7ac00909cfc496f6feeebc22a2099c9039107b889e315cfa83fe398878f948fe,"(1, 512, 8, 14)",1,1,0.7618751525878906,0.6901084780693054,0.9999999403953552,3.559377503847827e-08,0.0,2.384185791015625e-07,0.0
arabic-NF-1037,iphone15pro,digital_1,train/attack/digital_1/iphone15pro/arabic-NF-1037.jpg,2b96474e55aa3a7ec499ec0b0fb8ac0db675f6ea42964e4d212181dcd3600125,"(1, 512, 8, 14)",1,1,0.7551056146621704,0.6998490691184998,1.0000001192092896,2.931893305913036e-08,0.0,1.1920928955078125e-07,0.0
arabic-NF-1037,iphone15pro,digital_2,train/attack/digital_2/iphone15pro/arabic-NF-1037.jpg,0d4dcf2944d6a744bb0a78d00ce50b4254ada40d45ebc2149fe8d9056e3b7e29,"(1, 512, 8, 14)",1,1,0.7568705081939697,0.69732266664505,0.9999998807907104,4.3466513943712926e-08,0.0,2.384185791015625e-07,0.0
arabic-NF-1037,scan,bonafide,train/bonafide/scan/arabic-NF-1037.jpg,25ae759d5155b981230b614e6bb48806af6d9ec1140ebb21ccbac2e0593b470e,"(1, 512, 8, 13)",1,1,0.7509046792984009,0.7058261036872864,1.0,5.5314256286465024e-08,0.0,4.76837158203125e-07,0.0
arabic-NF-1037,scan,digital_1,train/attack/digital_1/scan/arabic-NF-1037.jpg,16ecca4937130d7f08a864d45095264f31bd8808deefdb503433cb831a59584c,"(1, 512, 8, 13)",1,1,0.7411243915557861,0.719549298286438,0.9999999403953552,5.925193491407299e-08,0.0,4.76837158203125e-07,0.0
arabic-NF-1037,scan,digital_2,train/attack/digital_2/scan/arabic-NF-1037.jpg,02d6d0714cb69529b13e67a6f445561d9449177c4b6bf364c8191c2a8c82ff26,"(1, 512, 8, 13)",1,1,0.7426179647445679,0.7174705862998962,1.0,5.245409440135518e-08,0.0,2.384185791015625e-07,0.0
arabic-NF-1040,huawei,bonafide,train/bonafide/huawei/arabic-NF-1040.jpg,fccbf5c3c31988ed48c902230c028104c67c04ea6eeee7e9df13d2bf93f5875e,"(1, 512, 8, 13)",1,1,0.7566733360290527,0.6976053714752197,1.0,6.219118375838661e-08,0.0,4.76837158203125e-07,0.0
arabic-NF-1040,huawei,digital_1,train/attack/digital_1/huawei/arabic-NF-1040.jpg,6cb962b42d3fa09974152b9ac08f5910f67c17142ae41823800f0d359a415e31,"(1, 512, 8, 13)",1,1,0.7586201429367065,0.6948091387748718,1.0,4.431815270322659e-08,0.0,3.5762786865234375e-07,0.0
arabic-NF-1040,huawei,digital_2,train/attack/digital_2/huawei/arabic-NF-1040.jpg,787dbcf796b69ba3401d39008ecaed642450f8bd811094bb8f963c209618e91a,"(1, 512, 8, 13)",1,1,0.7456571459770203,0.7132220268249512,1.0,4.9327390172493324e-08,0.0,2.384185791015625e-07,0.0
arabic-NF-1040,iphone15pro,bonafide,train/bonafide/iphone15pro/arabic-NF-1040.jpg,feaa2822a40189738616f8f91dcb1ae2555ebb9c9dbd57b9f364d92ebc923e8f,"(1, 512, 8, 13)",1,1,0.7583713531494141,0.6951669454574585,1.0,4.899099792510242e-08,0.0,2.384185791015625e-07,0.0
arabic-NF-1040,iphone15pro,digital_1,train/attack/digital_1/iphone15pro/arabic-NF-1040.jpg,516c298522f280a924b6f07f1b224e0cdf5729db88ba59abd4e1d66225ca438c,"(1, 512, 8, 13)",1,1,0.7524290680885315,0.7036631107330322,0.9999999403953552,6.974905630841022e-08,0.0,7.152557373046875e-07,0.0
arabic-NF-1040,iphone15pro,digital_2,train/attack/digital_2/iphone15pro/arabic-NF-1040.jpg,9005961ea52c8e8d398f6911864f3d06fd828a7c631dfd952f5378d89ec2d55e,"(1, 512, 8, 13)",1,1,0.7366909384727478,0.7256847023963928,1.0,4.4466695214850915e-08,0.0,2.384185791015625e-07,0.0
arabic-NF-1040,scan,bonafide,train/bonafide/scan/arabic-NF-1040.jpg,382e4f6701bbf76635db35ac2a830693481f9a0a993bfcb407768929de384964,"(1, 512, 8, 13)",1,1,0.7587916851043701,0.6945621967315674,0.9999998807907104,5.491232357712761e-08,0.0,4.76837158203125e-07,0.0
arabic-NF-1040,scan,digital_1,train/attack/digital_1/scan/arabic-NF-1040.jpg,510a485260ce19ee7434368c9a56a25a74307b3880b69ec84ccccf0d87290977,"(1, 512, 8, 13)",1,1,0.7531153559684753,0.7026872038841248,1.000000238418579,6.022166587626998e-08,0.0,4.76837158203125e-07,0.0
arabic-NF-1040,scan,digital_2,train/attack/digital_2/scan/arabic-NF-1040.jpg,9e98a2c9bd028add1bade2357245ff261b9d4cf3ec063833fd3418944a40c1d9,"(1, 512, 8, 13)",1,1,0.7535287141799927,0.7020986676216125,1.0,5.02294525972502e-08,0.0,2.384185791015625e-07,0.0
arabic-NF-1045,huawei,bonafide,train/bonafide/huawei/arabic-NF-1045.jpg,b404cfff62d720f871aeac84b212f9d93160c1aacf24b6df0f8bdc8da5ecaf7d,"(1, 512, 8, 13)",1,1,0.7412194013595581,0.7194170951843262,0.9999998807907104,5.582692352845697e-08,0.0,2.384185791015625e-07,0.0
arabic-NF-1045,huawei,digital_1,train/attack/digital_1/huawei/arabic-NF-1045.jpg,b9f997b2229bbe56a240764e0ac200e028c064967361fad5a67b699e5ebb51ed,"(1, 512, 8, 13)",1,1,0.7364668250083923,0.725993275642395,0.9999999403953552,5.405772185440583e-08,0.0,4.76837158203125e-07,0.0
arabic-NF-1045,huawei,digital_2,train/attack/digital_2/huawei/arabic-NF-1045.jpg,e39ef85e6d7be0760854b07e26bc8ef7902b861e63679732f03b3cdc6aff8b2e,"(1, 512, 8, 13)",1,1,0.7417271733283997,0.7187110781669617,0.9999999403953552,6.171936206555984e-08,0.0,4.76837158203125e-07,0.0
arabic-NF-1045,iphone15pro,bonafide,train/bonafide/iphone15pro/arabic-NF-1045.jpg,5bd195ea24ebfd35045609f48c7d0482237db0979e56b9dbb72aabbe0d5157df,"(1, 512, 8, 13)",1,1,0.7551351189613342,0.6998069286346436,1.0,4.78692889771537e-08,0.0,2.384185791015625e-07,0.0
arabic-NF-1045,iphone15pro,digital_1,train/attack/digital_1/iphone15pro/arabic-NF-1045.jpg,b9742f7b0f88e2bcbea440c82dabdfbe6fcc681cabfd6f03faa2885339580ba5,"(1, 512, 8, 13)",1,1,0.7491468191146851,0.7083123326301575,1.0000001192092896,5.4599116339204556e-08,0.0,4.76837158203125e-07,0.0
arabic-NF-1045,iphone15pro,digital_2,train/attack/digital_2/iphone15pro/arabic-NF-1045.jpg,aa854761e97b894bcdc86a3345ea24b225abca5989f446c820696a228f9a0b37,"(1, 512, 8, 13)",1,1,0.75422602891922,0.7011049389839172,0.9999998807907104,5.666420932470828e-08,0.0,3.5762786865234375e-07,0.0
arabic-NF-1045,scan,bonafide,train/bonafide/scan/arabic-NF-1045.jpg,dba4f924f4d20b7bdc8fbb0f9ad93e1a3b335902b1c503c0ebee6dc0073a34bb,"(1, 512, 8, 13)",1,1,0.7580784559249878,0.6955882906913757,1.0000001192092896,5.909558353778266e-08,0.0,4.76837158203125e-07,0.0
arabic-NF-1045,scan,digital_1,train/attack/digital_1/scan/arabic-NF-1045.jpg,440b1628191d67c5cea9c7e2a75404a74dab6814f872b15c3d468a3eac27f22a,"(1, 512, 8, 13)",1,1,0.7402899265289307,0.7207080125808716,0.9999998807907104,5.883438447540357e-08,0.0,4.76837158203125e-07,0.0
arabic-NF-1045,scan,digital_2,train/attack/digital_2/scan/arabic-NF-1045.jpg,fb2eec0d61cf68e43cef64c2f546b11fea887f4f99ae06a8c84727ebd05fe31b,"(1, 512, 8, 13)",1,1,0.7462238073348999,0.7124271392822266,1.0,5.418887027985875e-08,0.0,4.76837158203125e-07,0.0
arabic-NF-1049,huawei,bonafide,train/bonafide/huawei/arabic-NF-1049.jpg,cd92749e1d741df86286207d511fe6ed2e28d0ee6eb2b4f72c2af62602e2c24d,"(1, 512, 8, 13)",1,1,0.7438539266586304,0.7157458662986755,1.0,5.546923986798902e-08,0.0,4.76837158203125e-07,0.0
arabic-NF-1049,huawei,digital_1,train/attack/digital_1/huawei/arabic-NF-1049.jpg,594a4a4c716a24c7332a9f06ab1b434f0eb8e3a41df7329434a4173967f5a808,"(1, 512, 8, 13)",1,1,0.7482083439826965,0.7096362113952637,1.0000001192092896,6.749619529955453e-08,0.0,4.76837158203125e-07,0.0
arabic-NF-1049,huawei,digital_2,train/attack/digital_2/huawei/arabic-NF-1049.jpg,66d0223b8b355ac9a161187e0827c7bd5e71bf01519104e5e7753d23e2d6180f,"(1, 512, 8, 13)",1,1,0.7472873330116272,0.710932731628418,1.0,5.455589047187459e-08,0.0,2.384185791015625e-07,0.0
arabic-NF-1049,iphone15pro,bonafide,train/bonafide/iphone15pro/arabic-NF-1049.jpg,b01bad7a90aae8c5ea5afbfcfeacef94dc34363f34ffd462db6569ea405e2d4a,"(1, 512, 8, 13)",1,1,0.7500497698783875,0.7070363163948059,1.0,5.555956761327252e-08,0.0,4.76837158203125e-07,0.0
arabic-NF-1049,iphone15pro,digital_1,train/attack/digital_1/iphone15pro/arabic-NF-1049.jpg,841de70112197bd622365a0c29a9bbc5f1a91313b9d46d95ff0399c852a04d5b,"(1, 512, 8, 13)",1,1,0.7470801472663879,0.7112241387367249,1.0,5.39900888441025e-08,0.0,2.384185791015625e-07,0.0
arabic-NF-1049,iphone15pro,digital_2,train/attack/digital_2/iphone15pro/arabic-NF-1049.jpg,913c9714a06e261bcc784341d5ff8247f6389fbba0b50c18f95979e4d15c23ef,"(1, 512, 8, 13)",1,1,0.7418357133865356,0.7185600996017456,0.9999999403953552,5.019963111863035e-08,0.0,2.384185791015625e-07,0.0
arabic-NF-1049,scan,bonafide,train/bonafide/scan/arabic-NF-1049.jpg,ddb6d00c7a3878efb44d5bf6130f9c0b227d6ab6d16fb58f9837ab9ea0232182,"(1, 512, 8, 13)",1,1,0.7421591281890869,0.7181097865104675,1.0,5.752696452532291e-08,0.0,4.76837158203125e-07,0.0
arabic-NF-1049,scan,digital_1,train/attack/digital_1/scan/arabic-NF-1049.jpg,88c422048a113b03cd3adc6aa3189901ba250f77ea7be348d71eb145c2f6930d,"(1, 512, 8, 13)",1,1,0.7371822595596313,0.7250072956085205,0.9999999403953552,4.5707913898240804e-08,0.0,2.384185791015625e-07,0.0
arabic-NF-1049,scan,digital_2,train/attack/digital_2/scan/arabic-NF-1049.jpg,117b3ad111a3b01c4cb1ae09f50a43711e11a6d01f01282061e9069bb95f760a,"(1, 512, 8, 13)",1,1,0.7365017533302307,0.7259454131126404,1.0,4.553960764042131e-08,0.0,2.384185791015625e-07,0.0
arabic-NF-1053,huawei,bonafide,train/bonafide/huawei/arabic-NF-1053.jpg,5b09c373e00e322ac7e3c0f883b8fd98b6dae3bd29622bbd3ebbb421ba99cb7e,"(1, 512, 8, 13)",1,1,0.7374426126480103,0.7246478796005249,0.9999999403953552,5.473418696055887e-08,0.0,4.76837158203125e-07,0.0
arabic-NF-1053,huawei,digital_1,train/attack/digital_1/huawei/arabic-NF-1053.jpg,c3cbb368b1855cdbd5da0627b59743f337144af192c431eca49a094c9d53c82f,"(1, 512, 8, 13)",1,1,0.7334654927253723,0.7301155924797058,0.9999998807907104,5.864144370093527e-08,0.0,2.384185791015625e-07,0.0
arabic-NF-1053,huawei,digital_2,train/attack/digital_2/huawei/arabic-NF-1053.jpg,2b387c48ff2722185b34887930763b09806a48467a6eed26987d10f968cbb976,"(1, 512, 8, 13)",1,1,0.729987621307373,0.7348637580871582,1.0,5.262468505407014e-08,0.0,2.384185791015625e-07,0.0
arabic-NF-1053,iphone15pro,bonafide,train/bonafide/iphone15pro/arabic-NF-1053.jpg,aff3753634be7d5fa7d09e3417319530c9c7d45fcafd972f42976ea7923474a3,"(1, 512, 8, 13)",1,1,0.7381166219711304,0.723717212677002,1.0,5.978150596774867e-08,0.0,4.76837158203125e-07,0.0
arabic-NF-1053,iphone15pro,digital_1,train/attack/digital_1/iphone15pro/arabic-NF-1053.jpg,dd62eaed3c9abd78be250ffcb6bdf498eea801ceae5495c6dca2831aba1ab6e1,"(1, 512, 8, 13)",1,1,0.7418047785758972,0.718603253364563,1.0,6.283649867100394e-08,0.0,4.76837158203125e-07,0.0
arabic-NF-1053,iphone15pro,digital_2,train/attack/digital_2/iphone15pro/arabic-NF-1053.jpg,6373756f62a237d13c7ee8c61eaa0947b6fb3f7e7df7eeb25a1e7ef774c60076,"(1, 512, 8, 13)",1,1,0.7317432165145874,0.7324708700180054,1.0,4.531757724635099e-08,0.0,2.384185791015625e-07,0.0
arabic-NF-1053,scan,bonafide,train/bonafide/scan/arabic-NF-1053.jpg,c6a74c343ad6a9cd4b2835546733e4ba691f1096c1acae19166d03568bc5d385,"(1, 512, 8, 13)",1,1,0.7443680763244629,0.7150270938873291,1.0,4.360186167673419e-08,0.0,2.384185791015625e-07,0.0
arabic-NF-1053,scan,digital_1,train/attack/digital_1/scan/arabic-NF-1053.jpg,f5c67831e2d6944979ab9f682821a1bdd42d04f772fee9fe93c342aa5047c075,"(1, 512, 8, 13)",1,1,0.7477909922599792,0.7102239727973938,1.0,5.639216382746781e-08,0.0,4.76837158203125e-07,0.0
arabic-NF-1053,scan,digital_2,train/attack/digital_2/scan/arabic-NF-1053.jpg,918c83cdf88bd71eb835d4fab21921cf34a59b5f277ae3ab7f4462a1a483e428,"(1, 512, 8, 13)",1,1,0.7404619455337524,0.7204692363739014,1.0,5.480860565398871e-08,0.0,2.384185791015625e-07,0.0
arabic-NF-1100,huawei,bonafide,train/bonafide/huawei/arabic-NF-1100.jpg,72276cc57be46932c8d6fc62a71a90369722c3e0b20d8c31ad7ef133fb6068d0,"(1, 512, 8, 13)",1,1,0.7558640241622925,0.6987645030021667,1.0,5.3465267768615377e-08,0.0,2.384185791015625e-07,0.0
arabic-NF-1100,huawei,digital_1,train/attack/digital_1/huawei/arabic-NF-1100.jpg,25a408efb438af289ca46753f14f616b948f06135d911aa45ce5a8794b01a1e3,"(1, 512, 8, 13)",1,1,0.7487137317657471,0.7089236974716187,1.0,5.850771955806522e-08,0.0,4.76837158203125e-07,0.0
arabic-NF-1100,huawei,digital_2,train/attack/digital_2/huawei/arabic-NF-1100.jpg,647da859af0d663195716d332f1cbfc761ffb11a8e349f992f4b86c60f1d43ea,"(1, 512, 8, 13)",1,1,0.7432601451873779,0.7165748476982117,1.0,5.3219558537875855e-08,0.0,4.76837158203125e-07,0.0
arabic-NF-1100,iphone15pro,bonafide,train/bonafide/iphone15pro/arabic-NF-1100.jpg,bf68eea664105635ce7d5263babf33cc2d07ea9f0f8e8bb87550d4d61465ce3d,"(1, 512, 8, 13)",1,1,0.7569957971572876,0.6971431374549866,0.9999997615814209,5.498105792867136e-08,0.0,3.5762786865234375e-07,0.0
arabic-NF-1100,iphone15pro,digital_1,train/attack/digital_1/iphone15pro/arabic-NF-1100.jpg,15e6efc827a8625803ceee68e300ec3f900fe79cb9333aed3c43f06d344142c8,"(1, 512, 8, 13)",1,1,0.7465459108352661,0.7119748592376709,0.9999998807907104,5.5064248272174154e-08,0.0,4.76837158203125e-07,0.0
arabic-NF-1100,iphone15pro,digital_2,train/attack/digital_2/iphone15pro/arabic-NF-1100.jpg,7f12eb047e2145b36840a7913bd0fbd1306884f4703030d7359ac18406f620ad,"(1, 512, 8, 13)",1,1,0.7497601509094238,0.7074458003044128,1.0,4.734357261781952e-08,0.0,2.384185791015625e-07,0.0
arabic-NF-1100,scan,bonafide,train/bonafide/scan/arabic-NF-1100.jpg,0fcd16c02228f1ac83ba1bd759b5ccf5099edc31d3f55ca23bf5db34d7cf8771,"(1, 512, 8, 13)",1,1,0.755536675453186,0.6992329359054565,1.0000001192092896,4.3333855614946515e-08,0.0,2.384185791015625e-07,0.0
arabic-NF-1100,scan,digital_1,train/attack/digital_1/scan/arabic-NF-1100.jpg,e47edecf7c153752b33c4868aab561c24d87cb2b137d85ad7024383f13a1c4f9,"(1, 512, 8, 13)",1,1,0.7512331008911133,0.7053605914115906,0.9999999403953552,4.5788560498749575e-08,0.0,2.384185791015625e-07,0.0
arabic-NF-1100,scan,digital_2,train/attack/digital_2/scan/arabic-NF-1100.jpg,f9379fb15459558c64d36b8b774ecc3523cbf01c5ec864ff5a2a3478813a8833,"(1, 512, 8, 13)",1,1,0.7496169209480286,0.7076482176780701,0.9999998807907104,5.217488308062457e-08,0.0,4.76837158203125e-07,0.0
arabic-NM-1029,huawei,bonafide,train/bonafide/huawei/arabic-NM-1029.jpg,b0423a3f7be7cb17f413a405af7f909f05faf38e2bff3ddba1eb62e8ed76a659,"(1, 512, 8, 13)",1,1,0.7502375245094299,0.7067708969116211,0.9999998807907104,5.946998271610937e-08,0.0,3.5762786865234375e-07,0.0
arabic-NM-1029,huawei,digital_1,train/attack/digital_1/huawei/arabic-NM-1029.jpg,4016eae2029d4d18d949a0955b3d139075212a131ec6fc2b6a7f0b0b0eb04d85,"(1, 512, 8, 13)",1,1,0.7463904619216919,0.7121931910514832,0.9999998807907104,4.8424059428953115e-08,0.0,4.76837158203125e-07,0.0
arabic-NM-1029,huawei,digital_2,train/attack/digital_2/huawei/arabic-NM-1029.jpg,723a5eee61ac1348b0d29ae08c178c13c8d5e804643a2c522c95a2990ce59a5a,"(1, 512, 8, 13)",1,1,0.7455570697784424,0.7133623957633972,1.0,6.089723569857597e-08,0.0,4.76837158203125e-07,0.0
arabic-NM-1029,iphone15pro,bonafide,train/bonafide/iphone15pro/arabic-NM-1029.jpg,7cd74ba09c08d80da1a12b3694a9810eb9606073e0aa33dac018f0103f7258d6,"(1, 512, 8, 13)",1,1,0.7542673349380493,0.7010459303855896,1.0,5.8845138539709296e-08,0.0,4.76837158203125e-07,0.0
arabic-NM-1029,iphone15pro,digital_1,train/attack/digital_1/iphone15pro/arabic-NM-1029.jpg,601afd9837d2afe306c5168b3576e95a95452aacb30d9040c77978d6cc055a00,"(1, 512, 8, 13)",1,1,0.755875825881958,0.6987475752830505,1.000000238418579,4.9440554761304156e-08,0.0,2.384185791015625e-07,0.0
arabic-NM-1029,iphone15pro,digital_2,train/attack/digital_2/iphone15pro/arabic-NM-1029.jpg,4f1ea60a7389b02b37d7a2f306d4e7a98859a807ddce12c5c45520a41e6ff627,"(1, 512, 8, 13)",1,1,0.7496210932731628,0.7076423764228821,1.0,5.937765834573838e-08,0.0,4.76837158203125e-07,0.0
arabic-NM-1029,scan,bonafide,train/bonafide/scan/arabic-NM-1029.jpg,09e19057a23e1593e0a819b5a40d39661ade6744a357eb98fadb26ed4bfc29a8,"(1, 512, 8, 13)",1,1,0.758515477180481,0.694959819316864,1.0,4.793372099243243e-08,0.0,2.384185791015625e-07,0.0
arabic-NM-1029,scan,digital_1,train/attack/digital_1/scan/arabic-NM-1029.jpg,553d1e0ec6faf78d024a6499908d3e43b20c0ed87c1006357e1e63fe9a546549,"(1, 512, 8, 13)",1,1,0.7544634342193604,0.7007662057876587,1.000000238418579,5.560250926350818e-08,0.0,2.384185791015625e-07,0.0
arabic-NM-1029,scan,digital_2,train/attack/digital_2/scan/arabic-NM-1029.jpg,08bb8c68af9ba101964368cdb96617d6ef7a36d54c9d7d5a31041b679eb4a067,"(1, 512, 8, 13)",1,1,0.7546504735946655,0.7004990577697754,0.9999998807907104,5.63768480787985e-08,0.0,4.76837158203125e-07,0.0
arabic-NM-1064,huawei,bonafide,train/bonafide/huawei/arabic-NM-1064.jpg,4242f7f0b9e3896ac1208aa3d24aa8ed1384abfa983caf008551b58705c65004,"(1, 512, 8, 13)",1,1,0.7423198223114014,0.7178860902786255,0.9999999403953552,5.3932883048446456e-08,0.0,2.384185791015625e-07,0.0
arabic-NM-1064,huawei,digital_1,train/attack/digital_1/huawei/arabic-NM-1064.jpg,de2b490e228546c991bb9ab5a4244f2405a935649dd289a5c2e1b3a655024921,"(1, 512, 8, 13)",1,1,0.7475783824920654,0.7105233073234558,1.0000001192092896,5.533642521982074e-08,0.0,4.76837158203125e-07,0.0
arabic-NM-1064,huawei,digital_2,train/attack/digital_2/huawei/arabic-NM-1064.jpg,eea15ca10d6533452131f0d0c8b365f762467998f8f9b5180dda7260321f7336,"(1, 512, 8, 13)",1,1,0.7450496554374695,0.7140734195709229,1.0000001192092896,5.3854837034350567e-08,0.0,4.76837158203125e-07,0.0
arabic-NM-1064,iphone15pro,bonafide,train/bonafide/iphone15pro/arabic-NM-1064.jpg,a66fdac083cb9efb39ec20fd2ab96858caf3df463845e912b56465972694ed73,"(1, 512, 8, 13)",1,1,0.7395089864730835,0.7217909693717957,1.0,4.8975170585663363e-08,0.0,4.76837158203125e-07,0.0
arabic-NM-1064,iphone15pro,digital_1,train/attack/digital_1/iphone15pro/arabic-NM-1064.jpg,7534ab5dc655c61c9130f970c54a89aee19b3343a2a78a695df137932655a333,"(1, 512, 8, 13)",1,1,0.74831223487854,0.709489643573761,1.0000001192092896,4.5295418971136314e-08,0.0,2.384185791015625e-07,0.0
arabic-NM-1064,iphone15pro,digital_2,train/attack/digital_2/iphone15pro/arabic-NM-1064.jpg,f1ba060dd110caa5b66235e181adf5a09832cb68cf2eda3566ab967128c402b8,"(1, 512, 8, 13)",1,1,0.7444004416465759,0.7149821519851685,1.0000001192092896,5.7752938431576695e-08,0.0,4.76837158203125e-07,0.0
arabic-NM-1064,scan,bonafide,train/bonafide/scan/arabic-NM-1064.jpg,07437c3c972a79662529eac4d75175cf5a5f6c96b3682aadd938acde1a906733,"(1, 512, 8, 13)",1,1,0.7612842321395874,0.6909642219543457,1.0,5.419166981823764e-08,0.0,4.76837158203125e-07,0.0
arabic-NM-1064,scan,digital_1,train/attack/digital_1/scan/arabic-NM-1064.jpg,f4d88b0aa8941f050d49b1ec8da75de7d5cf03e82921c87caee7914222f58c57,"(1, 512, 8, 13)",1,1,0.75709068775177,0.6970068216323853,1.0,5.5519180364171916e-08,0.0,4.76837158203125e-07,0.0
arabic-NM-1064,scan,digital_2,train/attack/digital_2/scan/arabic-NM-1064.jpg,3b29985cc0134e5feaf15a0ca88a6e30f09578a01eb8af36f71ec4b0d245665f,"(1, 512, 8, 13)",1,1,0.7540706992149353,0.7013264298439026,1.0,5.5788682118418365e-08,0.0,3.5762786865234375e-07,0.0
chinese-018_03,huawei,bonafide,train/bonafide/huawei/chinese-018_03.jpg,58850216f6a11460bb05abfa4a05f6d7c8e0083f9d54f615ce180808a46f0a90,"(1, 512, 8, 13)",1,1,0.7588322758674622,0.6945040225982666,0.9999998807907104,6.629002768931969e-08,0.0,4.76837158203125e-07,0.0
chinese-018_03,huawei,digital_1,train/attack/digital_1/huawei/chinese-018_03.jpg,4102fba8451600bf3013c8f8be6490d9e9ab8fb859f43be2ec6e6e28f5c48011,"(1, 512, 8, 13)",1,1,0.7556692361831665,0.6990433931350708,0.9999998807907104,5.8810961434119235e-08,0.0,4.76837158203125e-07,0.0
chinese-018_03,huawei,digital_2,train/attack/digital_2/huawei/chinese-018_03.jpg,e36ef61914f3dc3c656075f56f7e77c981377b26262beae18eb909cfadbe0e52,"(1, 512, 8, 13)",1,1,0.7526676654815674,0.7033239603042603,1.0,6.0933260215279e-08,0.0,4.76837158203125e-07,0.0
chinese-018_03,iphone15pro,bonafide,train/bonafide/iphone15pro/chinese-018_03.jpg,5ccbac87a8f9ec6f864123287ba74d9d024c32f12333548f750ba70343128566,"(1, 512, 8, 13)",1,1,0.7494068145751953,0.7079451680183411,1.0,5.5007379984317595e-08,0.0,2.384185791015625e-07,0.0
chinese-018_03,iphone15pro,digital_1,train/attack/digital_1/iphone15pro/chinese-018_03.jpg,e465633027bc06a3d22563f11ca1141fa8451e3b4fd547315e91423d9e0dc756,"(1, 512, 8, 13)",1,1,0.7479532957077026,0.7099953889846802,1.0,5.314558038094219e-08,0.0,4.76837158203125e-07,0.0
chinese-018_03,iphone15pro,digital_2,train/attack/digital_2/iphone15pro/chinese-018_03.jpg,087dd29c5bb1a95fe9f0bf4e3d9fa51bf01f8622f5c17603333553284644b01c,"(1, 512, 8, 13)",1,1,0.7490155696868896,0.7084975838661194,0.9999999403953552,6.260786733491841e-08,0.0,4.76837158203125e-07,0.0
chinese-018_03,scan,bonafide,train/bonafide/scan/chinese-018_03.jpg,97caf4016b83da1998be0901f3204c3f712117ebc0193b28fe4ea27234870f73,"(1, 512, 8, 13)",1,1,0.7532714605331421,0.7024648785591125,1.0,6.579725209121534e-08,0.0,9.5367431640625e-07,0.0
chinese-018_03,scan,digital_1,train/attack/digital_1/scan/chinese-018_03.jpg,130bb9172d72179ee994d81c1d2c336cdf67921f5d5830d9f40424c5d75f528c,"(1, 512, 8, 13)",1,1,0.7526244521141052,0.703385591506958,0.9999999403953552,6.079061165564781e-08,0.0,4.76837158203125e-07,0.0
chinese-018_03,scan,digital_2,train/attack/digital_2/scan/chinese-018_03.jpg,c7a544a7de57c2a7d7d6423317bb537ead504551cd2754002fbfc1738f4d214a,"(1, 512, 8, 13)",1,1,0.7535110712051392,0.7021237015724182,1.0,5.934736080348557e-08,0.0,4.76837158203125e-07,0.0
chinese-020_03,huawei,bonafide,train/bonafide/huawei/chinese-020_03.jpg,702a600a255558cee810d781a2a95c6be884b83488bc58efaed6e71b07c17198,"(1, 512, 8, 13)",1,1,0.7529492378234863,0.7029235363006592,1.0,5.328602981080621e-08,0.0,4.76837158203125e-07,0.0
chinese-020_03,huawei,digital_1,train/attack/digital_1/huawei/chinese-020_03.jpg,380ee8ddbfc5ca16c7b851b6aa0d0a03126b083c162a259036ff4676c358be49,"(1, 512, 8, 13)",1,1,0.752712070941925,0.7032605409622192,0.9999999403953552,6.842363831083276e-08,0.0,4.76837158203125e-07,0.0
chinese-020_03,huawei,digital_2,train/attack/digital_2/huawei/chinese-020_03.jpg,3f22bc5df24e8e63e25b1808552c1bb78703ec730afa99a17b028c72c9429398,"(1, 512, 8, 13)",1,1,0.7517339587211609,0.7046501040458679,1.0,5.104697464730634e-08,0.0,2.384185791015625e-07,0.0
chinese-020_03,iphone15pro,bonafide,train/bonafide/iphone15pro/chinese-020_03.jpg,15b055f214a9db2a0edc5c8865ce95bc88dcbb72d72880a5d6f1c54c3a4c3e66,"(1, 512, 8, 13)",1,1,0.742172360420227,0.7180913686752319,1.0,5.6631378697602486e-08,0.0,4.76837158203125e-07,0.0
chinese-020_03,iphone15pro,digital_1,train/attack/digital_1/iphone15pro/chinese-020_03.jpg,5d4ed950bbe2dba0efff0fb43e8bcc020c5f7e59be58b1051f8b31e941d84aee,"(1, 512, 8, 13)",1,1,0.7368612289428711,0.7254500389099121,1.000000238418579,4.522011920471414e-08,0.0,2.384185791015625e-07,0.0
chinese-020_03,iphone15pro,digital_2,train/attack/digital_2/iphone15pro/chinese-020_03.jpg,3dc3dd5db21844f3580f6e855d776ce558fcd547169d51487cd99b89a6dc04c6,"(1, 512, 8, 13)",1,1,0.7415052652359009,0.7190198302268982,1.0,5.82775783186662e-08,0.0,4.76837158203125e-07,0.0
chinese-020_03,scan,bonafide,train/bonafide/scan/chinese-020_03.jpg,0cbb5a2c57ef981ad0e628ca82d792290ffcb5e10606424d3ce327e801fa7994,"(1, 512, 8, 13)",1,1,0.7512224316596985,0.7053757905960083,1.0000001192092896,5.927006085926223e-08,0.0,4.76837158203125e-07,0.0
chinese-020_03,scan,digital_1,train/attack/digital_1/scan/chinese-020_03.jpg,250eeac8aa426e133ca44c4ddb149340334857a56d1030fc5db31ff57d13bc5e,"(1, 512, 8, 13)",1,1,0.7510585188865662,0.7056082487106323,1.0,5.450052853461784e-08,0.0,4.76837158203125e-07,0.0
chinese-020_03,scan,digital_2,train/attack/digital_2/scan/chinese-020_03.jpg,98ac74350892864f392b498701046c059ca06715674e47e5939c7036069db817,"(1, 512, 8, 13)",1,1,0.7531689405441284,0.7026107311248779,0.9999999403953552,5.642030131980391e-08,0.0,4.76837158203125e-07,0.0
chinese-039_03,huawei,bonafide,train/bonafide/huawei/chinese-039_03.jpg,bf11c74cb986adfe37dfb940d3e125bdf0b4ae3efc041ea5182aff7daaaad33e,"(1, 512, 8, 13)",1,1,0.7455273866653442,0.7134039998054504,0.9999999403953552,4.767380445969138e-08,0.0,4.76837158203125e-07,0.0
chinese-039_03,huawei,digital_1,train/attack/digital_1/huawei/chinese-039_03.jpg,144f702bee700447cbc466367784e93dbcaccc6f13d9331e14735011969b50ea,"(1, 512, 8, 13)",1,1,0.7465539574623108,0.7119635343551636,0.9999999403953552,4.976015688384905e-08,0.0,4.76837158203125e-07,0.0
chinese-039_03,huawei,digital_2,train/attack/digital_2/huawei/chinese-039_03.jpg,4284b961ddd8389b7ab9b57f2aec9a35070687fd7a4ab93c91c68f8ca20c98e2,"(1, 512, 8, 13)",1,1,0.7408460378646851,0.719936192035675,1.0,5.982556672279316e-08,0.0,4.76837158203125e-07,0.0
chinese-039_03,iphone15pro,bonafide,train/bonafide/iphone15pro/chinese-039_03.jpg,1b2ca16b006ddbf79803eb3662676041397f48e967132be5c52f6061fd3477a1,"(1, 512, 8, 13)",1,1,0.7374290227890015,0.7246668338775635,1.0,4.51084467556484e-08,0.0,2.384185791015625e-07,0.0
chinese-039_03,iphone15pro,digital_1,train/attack/digital_1/iphone15pro/chinese-039_03.jpg,39fb14af3422d692f63e1d1b48b8084c77b411259db2f5c7e46ff3dc4e9cdc54,"(1, 512, 8, 13)",1,1,0.7383044958114624,0.7234578132629395,0.9999998807907104,5.952735193659464e-08,0.0,4.76837158203125e-07,0.0
chinese-039_03,iphone15pro,digital_2,train/attack/digital_2/iphone15pro/chinese-039_03.jpg,0ecbfdf0d2bfc51454627792993265aa6e6d94fa53f63b3f4a44abfc242e8937,"(1, 512, 8, 13)",1,1,0.7350794076919556,0.7279019951820374,1.0000001192092896,4.988440949205142e-08,0.0,4.76837158203125e-07,0.0
chinese-039_03,scan,bonafide,train/bonafide/scan/chinese-039_03.jpg,e734275b34d33592d9acfd4c89acd25dec517ab28d9db51810fca72402b67b5e,"(1, 512, 8, 13)",1,1,0.7527456283569336,0.7032132148742676,1.0,5.346802112171645e-08,0.0,4.76837158203125e-07,0.0
chinese-039_03,scan,digital_1,train/attack/digital_1/scan/chinese-039_03.jpg,5b27033cb34964a154bd8387cbf46d87aecfaaf406631480705ec1b639f39a68,"(1, 512, 8, 13)",1,1,0.7512268424034119,0.7053696513175964,1.0,6.406124697377891e-08,0.0,7.152557373046875e-07,0.0
chinese-039_03,scan,digital_2,train/attack/digital_2/scan/chinese-039_03.jpg,51340cd5bcf331103b482bbaa2d41825c0ab1dedd879ea1c055ac04f9c452e51,"(1, 512, 8, 13)",1,1,0.7527017593383789,0.7032755017280579,1.0,5.386930368445064e-08,0.0,4.76837158203125e-07,0.0
chinese-064_03,huawei,bonafide,train/bonafide/huawei/chinese-064_03.jpg,97a1a4309b4005ba4fcc9fa0bde8f6c710260005d3b5b1210aacdf8608e7c203,"(1, 512, 8, 14)",1,1,0.7440903186798096,0.7154155373573303,0.9999998807907104,3.926393787878624e-08,0.0,2.384185791015625e-07,0.0
chinese-064_03,huawei,digital_1,train/attack/digital_1/huawei/chinese-064_03.jpg,d763fe88b4b65ce2ad1c224a4601ee7aa935e709464c9bdf68d64bee5edf0995,"(1, 512, 8, 14)",1,1,0.7431743144989014,0.7166948318481445,1.0,4.260655472876351e-08,0.0,2.384185791015625e-07,0.0
chinese-064_03,huawei,digital_2,train/attack/digital_2/huawei/chinese-064_03.jpg,aa57ef9692e82076f3ec50bf92b682f0631137e380d63d64feed472d400abc5a,"(1, 512, 8, 14)",1,1,0.7395749092102051,0.7216994762420654,1.0,3.8079594588680266e-08,0.0,2.384185791015625e-07,0.0
chinese-064_03,iphone15pro,bonafide,train/bonafide/iphone15pro/chinese-064_03.jpg,411b899b7d06bebabb07e295f64ba2bf0581ad0f2adb6254c51afb67751256b3,"(1, 512, 8, 13)",1,1,0.7477790117263794,0.7102407217025757,0.9999999403953552,5.3152504619902174e-08,0.0,2.384185791015625e-07,0.0
chinese-064_03,iphone15pro,digital_1,train/attack/digital_1/iphone15pro/chinese-064_03.jpg,e929f8af4697f3f27db2b46b78297e154d950767058b732980281ccd10c48abc,"(1, 512, 8, 13)",1,1,0.7476202249526978,0.7104644775390625,1.0,5.047946061154107e-08,0.0,4.76837158203125e-07,0.0
chinese-064_03,iphone15pro,digital_2,train/attack/digital_2/iphone15pro/chinese-064_03.jpg,ed31061fbeee66cfbc40b9f3e01018edf54fb6ad043305a9f94ef80043bdff39,"(1, 512, 8, 13)",1,1,0.7472185492515564,0.7110295295715332,1.0,4.565358224795091e-08,0.0,2.384185791015625e-07,0.0
chinese-064_03,scan,bonafide,train/bonafide/scan/chinese-064_03.jpg,6c0b82eff96f82a761ac9ec1db626c1a4c69e2f1e64560edc79afa0c0fb3f134,"(1, 512, 8, 13)",1,1,0.7481375932693481,0.7097356915473938,1.0,5.4631726698062266e-08,0.0,4.76837158203125e-07,0.0
chinese-064_03,scan,digital_1,train/attack/digital_1/scan/chinese-064_03.jpg,dc7747a51f504ec8e209bcc316478303583b5386509968e9c4f163e4f9dc45d1,"(1, 512, 8, 13)",1,1,0.7443347573280334,0.7150737643241882,0.9999998807907104,4.5004210136312395e-08,0.0,2.384185791015625e-07,0.0
chinese-064_03,scan,digital_2,train/attack/digital_2/scan/chinese-064_03.jpg,e4e6ac306cb3a1ba5eda6b3a30955ea58e7b598b3bae32c440a5b4c52c3652a3,"(1, 512, 8, 13)",1,1,0.7467221617698669,0.7117273211479187,0.9999999403953552,5.585657447682024e-08,0.0,4.76837158203125e-07,0.0
chinese-081_03,huawei,bonafide,train/bonafide/huawei/chinese-081_03.jpg,a4fdab9b948a9994f3f72f5358218bec05ce8192d58686608c791ae9aab783bb,"(1, 512, 8, 14)",1,1,0.7527014017105103,0.7032760977745056,1.0,4.269492137609632e-08,0.0,4.76837158203125e-07,0.0
chinese-081_03,huawei,digital_1,train/attack/digital_1/huawei/chinese-081_03.jpg,4b85122b138a484570a90646a3a695dfcbe043cf452677f86b570d964e4e03f3,"(1, 512, 8, 14)",1,1,0.7464956045150757,0.7120454907417297,1.0,4.6660431962664006e-08,0.0,2.384185791015625e-07,0.0
chinese-081_03,huawei,digital_2,train/attack/digital_2/huawei/chinese-081_03.jpg,0bd811ccd74da4d66ad703065adb2979550af4620e9b729bb8b505243ee049c5,"(1, 512, 8, 14)",1,1,0.7482665777206421,0.7095539569854736,1.0000001192092896,4.491836236297786e-08,0.0,2.384185791015625e-07,0.0
chinese-081_03,iphone15pro,bonafide,train/bonafide/iphone15pro/chinese-081_03.jpg,813e9c562c5b287912146c393359273aaee5e7abedd52c460469cd759ffcf4f0,"(1, 512, 8, 13)",1,1,0.7610940933227539,0.6912393569946289,1.0,5.6350511812297555e-08,0.0,4.76837158203125e-07,0.0
chinese-081_03,iphone15pro,digital_1,train/attack/digital_1/iphone15pro/chinese-081_03.jpg,553dc540683c315422a6ddad6c24729bb3d1fd63b8e4432a7de8e8bd2a26cdac,"(1, 512, 8, 13)",1,1,0.7518185377120972,0.7045302391052246,1.0,4.925178842540845e-08,0.0,2.384185791015625e-07,0.0
chinese-081_03,iphone15pro,digital_2,train/attack/digital_2/iphone15pro/chinese-081_03.jpg,dd2c598c4139c787607e93dda503f71687a66835755e89b6e5ea8419b1d6a336,"(1, 512, 8, 13)",1,1,0.7558696866035461,0.6987565755844116,1.0,5.482473852680414e-08,0.0,4.76837158203125e-07,0.0
chinese-081_03,scan,bonafide,train/bonafide/scan/chinese-081_03.jpg,dbc3f338b618ec42b7a6c09c67bbccc29dad93b2565bd503c3137bebf87b96ad,"(1, 512, 8, 13)",1,1,0.764503002166748,0.6862902045249939,1.0,6.017435794092307e-08,0.0,4.76837158203125e-07,0.0
chinese-081_03,scan,digital_1,train/attack/digital_1/scan/chinese-081_03.jpg,0b4d429124bafce4c11863b931a92cf6d2f091840d35ed2c8d4d4950c38ecb95,"(1, 512, 8, 13)",1,1,0.7562776207923889,0.6981725692749023,1.0000001192092896,4.864660496650686e-08,0.0,2.384185791015625e-07,0.0
chinese-081_03,scan,digital_2,train/attack/digital_2/scan/chinese-081_03.jpg,65e892e4fb11cad3ac58c6c973c401c1a5de62c062e1494ad8329776c0efbfdc,"(1, 512, 8, 13)",1,1,0.7619688510894775,0.6899726986885071,1.0,4.541638887189947e-08,0.0,2.384185791015625e-07,0.0
chinese-096_03,huawei,bonafide,train/bonafide/huawei/chinese-096_03.jpg,d2e5572870588d95911c0f556019f0ea675d10ed2a8825fed4d5d92fac1ced82,"(1, 512, 8, 13)",1,1,0.759691059589386,0.6932660937309265,1.0,5.127160207507586e-08,0.0,2.384185791015625e-07,0.0
chinese-096_03,huawei,digital_1,train/attack/digital_1/huawei/chinese-096_03.jpg,8827fec2a8522e457aca30ef871bbd12438a799a6c0eac4cdc63585213fc38b1,"(1, 512, 8, 13)",1,1,0.7545742988586426,0.7006077170372009,0.9999999403953552,5.955653392675231e-08,0.0,4.76837158203125e-07,0.0
chinese-096_03,huawei,digital_2,train/attack/digital_2/huawei/chinese-096_03.jpg,e34baaf7c32b2f874cfa08110e8e67e41223f072ec8178274dc523f63e46852c,"(1, 512, 8, 13)",1,1,0.7558807134628296,0.6987407803535461,1.000000238418579,5.502973365878461e-08,0.0,4.76837158203125e-07,0.0
chinese-096_03,iphone15pro,bonafide,train/bonafide/iphone15pro/chinese-096_03.jpg,6fed50152f95400b659788633a4c39786d77665db128fed202993840def16e72,"(1, 512, 8, 13)",1,1,0.7463096380233765,0.7123064994812012,1.0,5.721318530049757e-08,0.0,4.76837158203125e-07,0.0
chinese-096_03,iphone15pro,digital_1,train/attack/digital_1/iphone15pro/chinese-096_03.jpg,0592b5cff83aad8ca4728e5a3719d9b7d6bfa33f9f057bc45364f0b72d8f959f,"(1, 512, 8, 13)",1,1,0.7441061735153198,0.7153933644294739,1.0,5.96952958176189e-08,0.0,4.76837158203125e-07,0.0
chinese-096_03,iphone15pro,digital_2,train/attack/digital_2/iphone15pro/chinese-096_03.jpg,18ff8a3bf148ca645193f0578e94be44030dfed7edac76c92cf34f81dd5337d9,"(1, 512, 8, 13)",1,1,0.7475080490112305,0.7106223106384277,1.0,5.963349991588984e-08,0.0,4.76837158203125e-07,0.0
chinese-096_03,scan,bonafide,train/bonafide/scan/chinese-096_03.jpg,d37d1878c5d756bcc043680e699df171a49ff839305653e5e8a57f9e73a9a29d,"(1, 512, 8, 13)",1,1,0.7514511346817017,0.7050514221191406,1.0,6.341628733252946e-08,0.0,4.76837158203125e-07,0.0
chinese-096_03,scan,digital_1,train/attack/digital_1/scan/chinese-096_03.jpg,6f9076827640571117e0e6c5fe894e7bf5171f21e72ac5360800fcf66cc02619,"(1, 512, 8, 13)",1,1,0.7549484968185425,0.7000734210014343,1.0,6.282881059860301e-08,0.0,3.5762786865234375e-07,0.0
chinese-096_03,scan,digital_2,train/attack/digital_2/scan/chinese-096_03.jpg,8d75d9648e68c9282a7ab563157e5b4f62bafef01051c39daa2af84d11e56afd,"(1, 512, 8, 13)",1,1,0.7524383068084717,0.7036499977111816,1.0,6.031253008131898e-08,0.0,4.76837158203125e-07,0.0
chinese-099_03,huawei,bonafide,train/bonafide/huawei/chinese-099_03.jpg,2d9f9ccd82c86f5b7a55cf3ad58c55b0e1866393a07b653149dc05d750fc4c48,"(1, 512, 8, 14)",1,1,0.7493574619293213,0.7080148458480835,1.0,4.601749736821148e-08,0.0,4.76837158203125e-07,0.0
chinese-099_03,huawei,digital_1,train/attack/digital_1/huawei/chinese-099_03.jpg,4fc9dca7f31bd917d2ac7f2712857a5b3acf7750e4545e91a9ff524e19c3e813,"(1, 512, 8, 14)",1,1,0.7460662722587585,0.7126482129096985,0.9999999403953552,4.4492846740240566e-08,0.0,3.5762786865234375e-07,0.0
chinese-099_03,huawei,digital_2,train/attack/digital_2/huawei/chinese-099_03.jpg,870190f80b44dbc5e6fc8703c831341c6090558d45d5e27f21e29df7760ada0c,"(1, 512, 8, 14)",1,1,0.7487086653709412,0.7089306116104126,1.0,3.0946530671371875e-08,0.0,2.384185791015625e-07,0.0
chinese-099_03,iphone15pro,bonafide,train/bonafide/iphone15pro/chinese-099_03.jpg,1c5e140edb7d9aa32dcb5b029bfb957a4354c43b4de16055e036c1d0d591a3fb,"(1, 512, 8, 13)",1,1,0.7490241527557373,0.7084855437278748,1.0000001192092896,5.7542408171684656e-08,0.0,4.76837158203125e-07,0.0
chinese-099_03,iphone15pro,digital_1,train/attack/digital_1/iphone15pro/chinese-099_03.jpg,59512cb46a2ced6353d42a5060d305124d06e0ead46b91136fa1c404556bea50,"(1, 512, 8, 13)",1,1,0.745591402053833,0.7133141160011292,1.0,5.5104766971680874e-08,0.0,4.76837158203125e-07,0.0
chinese-099_03,iphone15pro,digital_2,train/attack/digital_2/iphone15pro/chinese-099_03.jpg,f10a61656adfb042b749e248ce48c6eb59dfa598b6e89aec3cad4fd82f490f4e,"(1, 512, 8, 13)",1,1,0.7513419389724731,0.7052065134048462,1.0000001192092896,5.5924513020499944e-08,0.0,4.76837158203125e-07,0.0
chinese-099_03,scan,bonafide,train/bonafide/scan/chinese-099_03.jpg,6c2b9d9906e3df1e2d313fea979d645b12ca466354ac19cd39f8e02acee86624,"(1, 512, 8, 13)",1,1,0.7515391707420349,0.7049267292022705,1.0,5.4511929192813113e-08,0.0,4.76837158203125e-07,0.0
chinese-099_03,scan,digital_1,train/attack/digital_1/scan/chinese-099_03.jpg,425a55741d1b88cd4ab2cbae2332e9edc8ef79e682ebd8f9f0fc749a6a6a4e08,"(1, 512, 8, 13)",1,1,0.7476344108581543,0.7104443311691284,1.0,6.653192485828185e-08,0.0,4.76837158203125e-07,0.0
chinese-099_03,scan,digital_2,train/attack/digital_2/scan/chinese-099_03.jpg,e37ce0f21c61875c144ae70fba7c89005baad41355d627a1e3916f2ab9b5bd62,"(1, 512, 8, 13)",1,1,0.750944972038269,0.7057690620422363,1.0000001192092896,6.546142117258569e-08,0.0,4.76837158203125e-07,0.0
chinese-102_03,huawei,bonafide,train/bonafide/huawei/chinese-102_03.jpg,97a81578ab527c1142559502b0be65e8bb46cbc2ac7784ab0ea46ac9ed39748e,"(1, 512, 8, 13)",1,1,0.7538028955459595,0.7017080187797546,1.0,5.322003815422249e-08,0.0,4.76837158203125e-07,0.0
chinese-102_03,huawei,digital_1,train/attack/digital_1/huawei/chinese-102_03.jpg,b622b18fec2b02025d45a0abcf0839692310c6cba28acec38539d42217022eee,"(1, 512, 8, 13)",1,1,0.7539594173431396,0.7014850378036499,1.0,4.5907000867373426e-08,0.0,2.384185791015625e-07,0.0
chinese-102_03,huawei,digital_2,train/attack/digital_2/huawei/chinese-102_03.jpg,d48aa5055ef580ee874cdaa80b019ad64289ccd585267d9c532b015e53811309,"(1, 512, 8, 13)",1,1,0.7550331354141235,0.6999528408050537,1.0000001192092896,5.286898385747918e-08,0.0,4.76837158203125e-07,0.0
chinese-102_03,iphone15pro,bonafide,train/bonafide/iphone15pro/chinese-102_03.jpg,6d6b72d0f07bd479ad9af4ba3657098312191eb18cd9b96c41a2fe5190c128fd,"(1, 512, 8, 13)",1,1,0.74396151304245,0.7155954837799072,1.0,5.2071019496224835e-08,0.0,4.76837158203125e-07,0.0
chinese-102_03,iphone15pro,digital_1,train/attack/digital_1/iphone15pro/chinese-102_03.jpg,c23e56d5d08d439e9ffdd4f89901b1f1fda7682eb68dbf6fd67a28c466201cd0,"(1, 512, 8, 13)",1,1,0.740284264087677,0.7207159996032715,1.0,5.6939708059644545e-08,0.0,4.76837158203125e-07,0.0
chinese-102_03,iphone15pro,digital_2,train/attack/digital_2/iphone15pro/chinese-102_03.jpg,91dd24853a6a428567214bf47dd6a830dadf949e3a35dc33d0d08604a1e1713b,"(1, 512, 8, 13)",1,1,0.7418903708457947,0.7184839844703674,1.0,5.997723206974115e-08,0.0,4.76837158203125e-07,0.0
chinese-102_03,scan,bonafide,train/bonafide/scan/chinese-102_03.jpg,72b60d3dcd012e80cd035d3b55e29c17d31047b14f64cd8da993fa9dc0ae5b55,"(1, 512, 8, 13)",1,1,0.7640414834022522,0.6869621276855469,0.9999998807907104,5.8959294335636514e-08,0.0,4.76837158203125e-07,0.0
chinese-102_03,scan,digital_1,train/attack/digital_1/scan/chinese-102_03.jpg,134e076e014f11fe33747bfa9afe41b2e267a056b281805578bca688b46944c9,"(1, 512, 8, 13)",1,1,0.7577810883522034,0.6960156559944153,0.9999999403953552,4.982241463835635e-08,0.0,2.384185791015625e-07,0.0
chinese-102_03,scan,digital_2,train/attack/digital_2/scan/chinese-102_03.jpg,698b39b90d5a17d85c269deedd3292d83e1dd05863cd973a34ed148494367f57,"(1, 512, 8, 13)",1,1,0.7534511089324951,0.7022093534469604,1.0,4.8125478713245684e-08,0.0,2.384185791015625e-07,0.0
chinese-107_03,huawei,bonafide,train/bonafide/huawei/chinese-107_03.jpg,93606de55e2be2614e0053f474844339028f372f3260fb0cdbe34c407dfc70f6,"(1, 512, 8, 13)",1,1,0.7403135299682617,0.7206752300262451,0.9999999403953552,5.482903020492813e-08,0.0,4.76837158203125e-07,0.0
chinese-107_03,huawei,digital_1,train/attack/digital_1/huawei/chinese-107_03.jpg,5eca447a042b02d42f363441ced2a6f9c5204a91f8f9e753621b183606c78a49,"(1, 512, 8, 13)",1,1,0.7420538067817688,0.7182564735412598,1.0,3.9627540360243074e-08,0.0,2.384185791015625e-07,0.0
chinese-107_03,huawei,digital_2,train/attack/digital_2/huawei/chinese-107_03.jpg,4200a2d62984310a7627611ca7da44c940912dae70fd46892fc968a315283840,"(1, 512, 8, 13)",1,1,0.7442398071289062,0.7152066826820374,1.0,4.3150365058863827e-08,0.0,2.384185791015625e-07,0.0
chinese-107_03,iphone15pro,bonafide,train/bonafide/iphone15pro/chinese-107_03.jpg,c5e94e65ed3f2561fc5171f7c417eaf76f1d70dd77e388134ae93aaee7dd4a4a,"(1, 512, 8, 13)",1,1,0.7356873750686646,0.7270662188529968,0.9999999403953552,6.267179486485475e-08,0.0,4.76837158203125e-07,0.0
chinese-107_03,iphone15pro,digital_1,train/attack/digital_1/iphone15pro/chinese-107_03.jpg,75c63fd051512847307d3772520a55a7bc0a136b2e746fec153bdde8a0dbc52a,"(1, 512, 8, 13)",1,1,0.7306305170059204,0.7339885234832764,1.0,6.20603017864596e-08,0.0,4.76837158203125e-07,0.0
chinese-107_03,iphone15pro,digital_2,train/attack/digital_2/iphone15pro/chinese-107_03.jpg,fbc95f12127ec10eb13442ba64b8351dcac8b75a57395ea581d8ddef20711a63,"(1, 512, 8, 13)",1,1,0.7363452911376953,0.7261607050895691,1.0,5.233123800962858e-08,0.0,2.384185791015625e-07,0.0
chinese-107_03,scan,bonafide,train/bonafide/scan/chinese-107_03.jpg,4da4bc9419c7259dc9bfb353ee4d0aacd0f0bc165d343009aa6df8008a4c9125,"(1, 512, 8, 13)",1,1,0.7451258301734924,0.7139667272567749,0.9999999403953552,5.211842335484107e-08,0.0,2.384185791015625e-07,0.0
chinese-107_03,scan,digital_1,train/attack/digital_1/scan/chinese-107_03.jpg,f3ff68a711bc5df5f65469210892739b28d5da9df75d46d191fba4f03d9bf37e,"(1, 512, 8, 13)",1,1,0.7447421550750732,0.7145036458969116,1.0,4.2171095060439256e-08,0.0,2.384185791015625e-07,0.0
chinese-107_03,scan,digital_2,train/attack/digital_2/scan/chinese-107_03.jpg,7964430b5cfa7e2f959028e10a54a608c0a5c231152f62dfdfd02a5204b35990,"(1, 512, 8, 13)",1,1,0.7479439973831177,0.7100083231925964,1.0,5.287599336156745e-08,0.0,4.76837158203125e-07,0.0
chinese-NF-1014,huawei,bonafide,train/bonafide/huawei/chinese-NF-1014.jpg,d8a18c73243cff429a81e6a8091f9bdc2a837d35d8ecbd678436a1a7d9d68322,"(1, 512, 8, 13)",1,1,0.7408827543258667,0.7198852300643921,1.0,5.485301457497371e-08,0.0,2.384185791015625e-07,0.0
chinese-NF-1014,huawei,digital_1,train/attack/digital_1/huawei/chinese-NF-1014.jpg,de65cfbf4c1984435b77853f6e5718a0f8bb9fa1fa872dae8dbd476316969971,"(1, 512, 8, 13)",1,1,0.7468340396881104,0.7115700840950012,0.9999999403953552,5.3462041904595026e-08,0.0,2.384185791015625e-07,0.0
chinese-NF-1014,huawei,digital_2,train/attack/digital_2/huawei/chinese-NF-1014.jpg,086ce006392655d97e1e8688b4b3bda201848db8cef81cd3d986bb2165f523ca,"(1, 512, 8, 13)",1,1,0.7454317808151245,0.7135381102561951,1.0000001192092896,5.813555858935615e-08,0.0,4.76837158203125e-07,0.0
chinese-NF-1014,iphone15pro,bonafide,train/bonafide/iphone15pro/chinese-NF-1014.jpg,70b3ac45082f282e17013c31ee10509af1204222b0212f318754038a5e8febfc,"(1, 512, 8, 13)",1,1,0.7514162063598633,0.7051010131835938,0.9999999403953552,6.332982849244218e-08,0.0,4.76837158203125e-07,0.0
chinese-NF-1014,iphone15pro,digital_1,train/attack/digital_1/iphone15pro/chinese-NF-1014.jpg,f2d4bb0ffe4deb88fbb1e507247d2a585df6778298852dd66de86a5b67f99d2f,"(1, 512, 8, 13)",1,1,0.7502347230911255,0.7067747712135315,1.0,4.6563233269125703e-08,0.0,2.384185791015625e-07,0.0
chinese-NF-1014,iphone15pro,digital_2,train/attack/digital_2/iphone15pro/chinese-NF-1014.jpg,6be6860437c2283e0023bda6d8b28e1f7f0e48245cafa996590b3d7f7742d6e4,"(1, 512, 8, 13)",1,1,0.7502354383468628,0.7067737579345703,1.0,5.8951801662487924e-08,0.0,4.76837158203125e-07,0.0
chinese-NF-1014,scan,bonafide,train/bonafide/scan/chinese-NF-1014.jpg,63df90a77ea2843723ea6f032d99483a5a14d500904c8efa130cb4c8a992d256,"(1, 512, 8, 13)",1,1,0.7536138296127319,0.7019774913787842,1.0,4.2204217010066714e-08,0.0,2.384185791015625e-07,0.0
chinese-NF-1014,scan,digital_1,train/attack/digital_1/scan/chinese-NF-1014.jpg,553fc1ffa8c54141555477519ccdce3f191c9ace0c1bb8b43c02d175965175a6,"(1, 512, 8, 13)",1,1,0.7550013065338135,0.6999980807304382,1.0,5.1211760165870146e-08,0.0,4.76837158203125e-07,0.0
chinese-NF-1014,scan,digital_2,train/attack/digital_2/scan/chinese-NF-1014.jpg,a8cd5c93a2e0566bee8661bdad560a72ae0401ddfefbb8ae14067afed584b06e,"(1, 512, 8, 13)",1,1,0.7500114440917969,0.7070906162261963,1.0000001192092896,4.954222987407775e-08,0.0,2.384185791015625e-07,0.0
chinese-NF-1023,huawei,bonafide,train/bonafide/huawei/chinese-NF-1023.jpg,68340d4d71a441cc7b6835c2bf1f86ba2d5bdbd799f3e5fc3ba4d284a72ad37a,"(1, 512, 8, 13)",1,1,0.7506334781646729,0.7062103748321533,0.9999998807907104,6.183370260259835e-08,0.0,4.76837158203125e-07,0.0
chinese-NF-1023,huawei,digital_1,train/attack/digital_1/huawei/chinese-NF-1023.jpg,5fbc98021be248bc5ca71bd748b03a441a45dc73fd5ba724cfa12b289020fcfc,"(1, 512, 8, 13)",1,1,0.7480636835098267,0.7098399996757507,1.0,5.272920944321413e-08,0.0,4.76837158203125e-07,0.0
chinese-NF-1023,huawei,digital_2,train/attack/digital_2/huawei/chinese-NF-1023.jpg,af44a3e7f695b57b25b0d1d1fbc029ea03a7c9b821480d0d1901d7fb19def19f,"(1, 512, 8, 13)",1,1,0.7453157901763916,0.7137006521224976,0.9999999403953552,4.26533794950501e-08,0.0,2.384185791015625e-07,0.0
chinese-NF-1023,iphone15pro,bonafide,train/bonafide/iphone15pro/chinese-NF-1023.jpg,21246a569e5df8422f652b465603696ab43ca3e9ed031bc15761ac574ebcd18e,"(1, 512, 8, 13)",1,1,0.7419446706771851,0.7184083461761475,1.0,5.137941627708642e-08,0.0,4.76837158203125e-07,0.0
chinese-NF-1023,iphone15pro,digital_1,train/attack/digital_1/iphone15pro/chinese-NF-1023.jpg,67ea2514834d8ce0df68ee561c09f117ee40e74760a0b944a3e49545e7210c53,"(1, 512, 8, 13)",1,1,0.7424068450927734,0.7177647948265076,1.0,5.220472232281281e-08,0.0,4.76837158203125e-07,0.0
chinese-NF-1023,iphone15pro,digital_2,train/attack/digital_2/iphone15pro/chinese-NF-1023.jpg,e66457deff1eed121ef3fa8fc8c6ce58133bb07368b92c70f1b79e0c2f52fb6f,"(1, 512, 8, 13)",1,1,0.7408596277236938,0.7199171185493469,1.0000001192092896,4.126509622892627e-08,0.0,2.384185791015625e-07,0.0
chinese-NF-1023,scan,bonafide,train/bonafide/scan/chinese-NF-1023.jpg,d7c08a7e6e240dd051720cb7f40a58ca414b45c255ac14a242345db89bfbf8ab,"(1, 512, 8, 13)",1,1,0.757310152053833,0.6966919898986816,1.0,4.819089483021344e-08,0.0,4.76837158203125e-07,0.0
chinese-NF-1023,scan,digital_1,train/attack/digital_1/scan/chinese-NF-1023.jpg,7afdaa3f3d728c2347aaf7826d1be6a1a129a24ed19b3a2843ac81580e8b4adb,"(1, 512, 8, 13)",1,1,0.7531319260597229,0.7026636600494385,1.0000001192092896,4.858573277033429e-08,0.0,2.384185791015625e-07,0.0
chinese-NF-1023,scan,digital_2,train/attack/digital_2/scan/chinese-NF-1023.jpg,cfa4d1781cc8b22b92d1e28d9ae0e6bfaa2580785cd5637921e55a62edaa63fa,"(1, 512, 8, 13)",1,1,0.7572186589241028,0.6968231797218323,0.9999998807907104,5.3061608440430064e-08,0.0,4.76837158203125e-07,0.0
chinese-NF-1042,huawei,bonafide,train/bonafide/huawei/chinese-NF-1042.jpg,5197712aa103317bbf593ce6a541c39de31a32fca1b233e74e78ad8c5d325523,"(1, 512, 8, 14)",1,1,0.7468123435974121,0.7116004824638367,0.9999998807907104,4.514615525863519e-08,0.0,4.76837158203125e-07,0.0
chinese-NF-1042,huawei,digital_1,train/attack/digital_1/huawei/chinese-NF-1042.jpg,3ed7f7ace9302dcf2c19fb08e1aa5340b7e18389404df28ec3c08c02385df465,"(1, 512, 8, 14)",1,1,0.7469114065170288,0.7114614248275757,1.0,4.218273019773733e-08,0.0,4.76837158203125e-07,0.0
chinese-NF-1042,huawei,digital_2,train/attack/digital_2/huawei/chinese-NF-1042.jpg,a1b73c7a5c26ff19ae12da0b6b63efe73fde255cdbb7684e40e556feb2e27762,"(1, 512, 8, 14)",1,1,0.7440438270568848,0.715480387210846,0.9999999403953552,3.641538981469239e-08,0.0,2.384185791015625e-07,0.0
chinese-NF-1042,iphone15pro,bonafide,train/bonafide/iphone15pro/chinese-NF-1042.jpg,26900079bc33f4cfdb35cf2a8ddb91c58b2d4ff0512b0ecdbe7f72d878d31f26,"(1, 512, 8, 13)",1,1,0.7507505416870117,0.7060444951057434,1.0,6.498505200625004e-08,0.0,4.76837158203125e-07,0.0
chinese-NF-1042,iphone15pro,digital_1,train/attack/digital_1/iphone15pro/chinese-NF-1042.jpg,bdd3104b25d21a2ad6b471a4d57a0645a7e7e19ca0db790e9e502c3be9c7b358,"(1, 512, 8, 13)",1,1,0.7434070110321045,0.7163701057434082,1.0,4.3566920737703185e-08,0.0,2.384185791015625e-07,0.0
chinese-NF-1042,iphone15pro,digital_2,train/attack/digital_2/iphone15pro/chinese-NF-1042.jpg,633cd67dded5449899c70969575494b5acad15557dee03dc55dacb20a0c760ec,"(1, 512, 8, 13)",1,1,0.7457178831100464,0.7131369113922119,1.0,5.741252806501507e-08,0.0,4.76837158203125e-07,0.0
chinese-NF-1042,scan,bonafide,train/bonafide/scan/chinese-NF-1042.jpg,24e3703ca3807f8efd76b3bb4e76d75ae760a3bc5e2f6c6906b86704f9e925ef,"(1, 512, 8, 13)",1,1,0.7535954713821411,0.7020038366317749,1.0,5.73849376905855e-08,0.0,4.76837158203125e-07,0.0
chinese-NF-1042,scan,digital_1,train/attack/digital_1/scan/chinese-NF-1042.jpg,63924a3c24476ddc4a3cb032865921f89067f11d082bd464a7fd5bfa8067f29a,"(1, 512, 8, 13)",1,1,0.7527771592140198,0.7031684517860413,1.0,4.8012601894242835e-08,0.0,3.5762786865234375e-07,0.0
chinese-NF-1042,scan,digital_2,train/attack/digital_2/scan/chinese-NF-1042.jpg,8372b4097ffd03e6297e3f0859712a177844dd1e40076cdf6b22c732f1d792ed,"(1, 512, 8, 13)",1,1,0.7555098533630371,0.6992714405059814,0.9999998807907104,5.2960693608383735e-08,0.0,4.76837158203125e-07,0.0
chinese-NF-1059,huawei,bonafide,train/bonafide/huawei/chinese-NF-1059.jpg,86ac878373a0028b2ac4a642a9f4082dbc7f1918ecc230c75f73ded401d35c0a,"(1, 512, 8, 13)",1,1,0.7408859729766846,0.7198807001113892,0.9999998807907104,4.8695095955508805e-08,0.0,2.384185791015625e-07,0.0
chinese-NF-1059,huawei,digital_1,train/attack/digital_1/huawei/chinese-NF-1059.jpg,4726cca8cbf5a6de0543c4833d4968b3d17498312fa71e86cf2a496d59738f42,"(1, 512, 8, 13)",1,1,0.7385479211807251,0.7231212854385376,0.9999999403953552,4.9413696245892424e-08,0.0,4.76837158203125e-07,0.0
chinese-NF-1059,huawei,digital_2,train/attack/digital_2/huawei/chinese-NF-1059.jpg,e06098a43263dd322cfca085f581e6ee74891ad5cbf617a932063fae6316b33c,"(1, 512, 8, 13)",1,1,0.738264799118042,0.7235125303268433,1.0,5.56480053148789e-08,0.0,3.5762786865234375e-07,0.0
chinese-NF-1059,iphone15pro,bonafide,train/bonafide/iphone15pro/chinese-NF-1059.jpg,3abd0a8867a8fa565de178537ce1681ad101beef88f74b5c9787fc6bcea603a3,"(1, 512, 8, 14)",1,1,0.741989254951477,0.718346357345581,1.0,4.0289833691531385e-08,0.0,2.384185791015625e-07,0.0
chinese-NF-1059,iphone15pro,digital_1,train/attack/digital_1/iphone15pro/chinese-NF-1059.jpg,81985ac2c671405206c4f01e23b7f1591034df3d7612fa9b67f7a88a839a667d,"(1, 512, 8, 14)",1,1,0.728086531162262,0.7374462485313416,0.9999999403953552,4.479186443973049e-08,0.0,4.76837158203125e-07,0.0
chinese-NF-1059,iphone15pro,digital_2,train/attack/digital_2/iphone15pro/chinese-NF-1059.jpg,83144cfeac4b97352141d6ba946534bbf81498c55e057fbae7ed7d9017aaa010,"(1, 512, 8, 14)",1,1,0.7458251714706421,0.712986409664154,1.0,4.381969631594984e-08,0.0,3.5762786865234375e-07,0.0
chinese-NF-1059,scan,bonafide,train/bonafide/scan/chinese-NF-1059.jpg,595f33a21b74134fc1ea63b1b0f1b5558e6579eb4c37ed4318eba580104a4adc,"(1, 512, 8, 13)",1,1,0.7506871819496155,0.7061343193054199,1.0,5.143169090615629e-08,0.0,4.76837158203125e-07,0.0
chinese-NF-1059,scan,digital_1,train/attack/digital_1/scan/chinese-NF-1059.jpg,ef8f7bf5e0432462701a6f7736401bfe32531bab8af408bd25ce8c72925ff38c,"(1, 512, 8, 13)",1,1,0.7343213558197021,0.7289426326751709,0.9999998807907104,6.147037368009478e-08,0.0,4.76837158203125e-07,0.0
chinese-NF-1059,scan,digital_2,train/attack/digital_2/scan/chinese-NF-1059.jpg,d1768ebb7b02e16f015c0285ce8cd96ec5ea07c9108c4d55125b1354998ca168,"(1, 512, 8, 13)",1,1,0.753807544708252,0.7017013430595398,1.0,5.341700415328887e-08,0.0,4.76837158203125e-07,0.0
chinese-NF-1067,huawei,bonafide,train/bonafide/huawei/chinese-NF-1067.jpg,5970d93f2847b335be53fd1849fc4abdbb537be1a073f2f52416d4ef236a2e7a,"(1, 512, 8, 13)",1,1,0.7512415647506714,0.7053486704826355,1.0,4.8291251886212194e-08,0.0,4.76837158203125e-07,0.0
chinese-NF-1067,huawei,digital_1,train/attack/digital_1/huawei/chinese-NF-1067.jpg,a3497cd7a54363fb7f1977fdddbce57d40b91cdd1f56c41a39dbf3ae48c1a74c,"(1, 512, 8, 13)",1,1,0.7512747645378113,0.705301821231842,0.9999998807907104,6.335906022059135e-08,0.0,7.152557373046875e-07,0.0
chinese-NF-1067,huawei,digital_2,train/attack/digital_2/huawei/chinese-NF-1067.jpg,c69a4f2d84d27285a0a8922b9f2383c75c4b7e8c350f2d64d42aec5bee85644a,"(1, 512, 8, 13)",1,1,0.7483899593353271,0.7093801498413086,0.9999999403953552,6.221566906106091e-08,0.0,4.76837158203125e-07,0.0
chinese-NF-1067,iphone15pro,bonafide,train/bonafide/iphone15pro/chinese-NF-1067.jpg,acb4fde58a9be350a5c0f16d0da7cedc98e90f7e1d7b0a3abbbe53452c7d9304,"(1, 512, 8, 14)",1,1,0.7542784214019775,0.7010302543640137,0.9999998807907104,3.7204554104164345e-08,0.0,2.384185791015625e-07,0.0
chinese-NF-1067,iphone15pro,digital_1,train/attack/digital_1/iphone15pro/chinese-NF-1067.jpg,3e58b265f7d28d08d427ca9dfc2d8b86802ea6ddeb0b2edbde8153daf6ac4c50,"(1, 512, 8, 14)",1,1,0.7537086009979248,0.7018425464630127,1.0,4.489967864174105e-08,0.0,2.384185791015625e-07,0.0
chinese-NF-1067,iphone15pro,digital_2,train/attack/digital_2/iphone15pro/chinese-NF-1067.jpg,11352d7ebcd36b22745733ef5e4179b7c62722a23fd063cf4bdd2539940207c8,"(1, 512, 8, 14)",1,1,0.7493044137954712,0.7080897688865662,1.0,3.480090171592565e-08,0.0,2.384185791015625e-07,0.0
chinese-NF-1067,scan,bonafide,train/bonafide/scan/chinese-NF-1067.jpg,a1cb9072b253dbb543db068337089a1ba8cb6d001008c694382c685aafa112d0,"(1, 512, 8, 13)",1,1,0.7662296295166016,0.6837695837020874,1.0,6.202564151180923e-08,0.0,4.76837158203125e-07,0.0
chinese-NF-1067,scan,digital_1,train/attack/digital_1/scan/chinese-NF-1067.jpg,e96924deebc257a75fbbc35a63e37aa09d9716c7c57578991a54bca49d90bf72,"(1, 512, 8, 13)",1,1,0.76706862449646,0.6825413703918457,1.0,5.5340731108799446e-08,0.0,4.76837158203125e-07,0.0
chinese-NF-1067,scan,digital_2,train/attack/digital_2/scan/chinese-NF-1067.jpg,65db7a636696a137a5379fb0abe11af340107106781b240783de6aed05dc58e1,"(1, 512, 8, 13)",1,1,0.7577250003814697,0.6960962414741516,1.0000001192092896,4.466646430500987e-08,0.0,2.384185791015625e-07,0.0
chinese-NF-1072,huawei,bonafide,train/bonafide/huawei/chinese-NF-1072.jpg,a4a548b83fd435d3e4a612ee07350b888fe3ad6999e035fded002c1c7918ca88,"(1, 512, 8, 13)",1,1,0.7384512424468994,0.7232547998428345,0.9999998807907104,5.788024992625651e-08,0.0,4.76837158203125e-07,0.0
chinese-NF-1072,huawei,digital_1,train/attack/digital_1/huawei/chinese-NF-1072.jpg,81885aad8c314c711f1c865962e87efbfa16b3bb5159ac8d6e954fb5be358992,"(1, 512, 8, 13)",1,1,0.7366610169410706,0.7257258296012878,1.0,6.231530136346919e-08,0.0,7.152557373046875e-07,0.0
chinese-NF-1072,huawei,digital_2,train/attack/digital_2/huawei/chinese-NF-1072.jpg,43c6f871b195e6e620c4ba8a0b08fbba0c1ab52895fb7862d98fa0234d8ef138,"(1, 512, 8, 13)",1,1,0.7347274422645569,0.728385329246521,1.0,5.7754512283736403e-08,0.0,4.76837158203125e-07,0.0
chinese-NF-1072,iphone15pro,bonafide,train/bonafide/iphone15pro/chinese-NF-1072.jpg,9fde1f5c7848cf2f557c86b502f7df60fc94fae389ccf3eb5b06cfcf63a9e090,"(1, 512, 8, 13)",1,1,0.7343544363975525,0.728897213935852,0.9999998807907104,5.233668787241186e-08,0.0,4.76837158203125e-07,0.0
chinese-NF-1072,iphone15pro,digital_1,train/attack/digital_1/iphone15pro/chinese-NF-1072.jpg,236b675e4172b7fde7779d14d053ffc09102efb8109445f3d679d8f18cbd9d42,"(1, 512, 8, 13)",1,1,0.7354331612586975,0.7274156808853149,1.0000001192092896,5.648905343491606e-08,0.0,4.76837158203125e-07,0.0
chinese-NF-1072,iphone15pro,digital_2,train/attack/digital_2/iphone15pro/chinese-NF-1072.jpg,7807264cc9abad450721c7b699803b586031187a8cfb3b6631300ad5ecd3a0c5,"(1, 512, 8, 13)",1,1,0.7356638312339783,0.7270985841751099,1.0000001192092896,4.435406708580558e-08,0.0,4.76837158203125e-07,0.0
chinese-NF-1072,scan,bonafide,train/bonafide/scan/chinese-NF-1072.jpg,e3a3d9a6cfa2d5ee503bc2be44ad62b6a9aa75a0bcc2eaca28eb8d7cfd8d1b7e,"(1, 512, 8, 13)",1,1,0.7459539175033569,0.7128058075904846,1.0,5.7592998814470775e-08,0.0,4.76837158203125e-07,0.0
chinese-NF-1072,scan,digital_1,train/attack/digital_1/scan/chinese-NF-1072.jpg,664920cae0f70a44cb6184834c1e672955c0c5c559bf11001d38f01217315bc5,"(1, 512, 8, 13)",1,1,0.7395706176757812,0.7217055559158325,0.9999999403953552,4.9092513165760465e-08,0.0,4.76837158203125e-07,0.0
chinese-NF-1072,scan,digital_2,train/attack/digital_2/scan/chinese-NF-1072.jpg,85da6bc092e299cbf6c3d9f78dfcf728485ca3d055dd929fedca222a61fd8dd5,"(1, 512, 8, 13)",1,1,0.7481683492660522,0.7096923589706421,0.9999999403953552,5.085733079113197e-08,0.0,4.76837158203125e-07,0.0
chinese-NF-1088,huawei,bonafide,train/bonafide/huawei/chinese-NF-1088.jpg,79ae9b6ec5ad9f145dde3e524e7fd732e536bc2ae0e6ac5db247fd595296961f,"(1, 512, 8, 13)",1,1,0.7499552965164185,0.7071698307991028,1.0,5.8782674727808626e-08,0.0,7.152557373046875e-07,0.0
chinese-NF-1088,huawei,digital_1,train/attack/digital_1/huawei/chinese-NF-1088.jpg,9b0a499a6e3deaf0f242a414132617355e2dbbefc5c2959554ed9730a79beafb,"(1, 512, 8, 13)",1,1,0.7470263242721558,0.7112998366355896,1.0,5.301900785070757e-08,0.0,4.76837158203125e-07,0.0
chinese-NF-1088,huawei,digital_2,train/attack/digital_2/huawei/chinese-NF-1088.jpg,f38769dba2059f3f3b8f49fb2e025eeef67cb67ecd0ebeddfd8ddc12037ad51a,"(1, 512, 8, 13)",1,1,0.747549295425415,0.7105641961097717,1.0,7.73637935935767e-08,0.0,9.5367431640625e-07,0.0
chinese-NF-1088,iphone15pro,bonafide,train/bonafide/iphone15pro/chinese-NF-1088.jpg,a43ad79fda9e40b22d0be4d5ce5b3a910c9e8d921e74c7da36557ed49f495754,"(1, 512, 8, 14)",1,1,0.752018928527832,0.7042455673217773,0.9999999403953552,3.519813773777969e-08,0.0,2.384185791015625e-07,0.0
chinese-NF-1088,iphone15pro,digital_1,train/attack/digital_1/iphone15pro/chinese-NF-1088.jpg,f4dd53549bd649a7f8ba32c4dcde285050f59dc7510f2fcaa054d9734488d95b,"(1, 512, 8, 14)",1,1,0.7467925548553467,0.711628258228302,1.0,3.991128849634151e-08,0.0,2.384185791015625e-07,0.0
chinese-NF-1088,iphone15pro,digital_2,train/attack/digital_2/iphone15pro/chinese-NF-1088.jpg,d6c29789a177e19aa2f5e45427a1df755b2e0dc26d0bad4e1a84698ed9455d7a,"(1, 512, 8, 14)",1,1,0.7574084997177124,0.696550726890564,1.0000001192092896,4.941836806438005e-08,0.0,4.76837158203125e-07,0.0
chinese-NF-1088,scan,bonafide,train/bonafide/scan/chinese-NF-1088.jpg,4140aa9501db5710779e6c281cd768f799cf0a4cfed92c66f6127f4ad5781e84,"(1, 512, 8, 13)",1,1,0.7554630041122437,0.6993381977081299,0.9999998807907104,5.134568326070621e-08,0.0,4.76837158203125e-07,0.0
chinese-NF-1088,scan,digital_1,train/attack/digital_1/scan/chinese-NF-1088.jpg,a61ca49d692787664ad6484941c31945c53f6d10ea66bf2f2f1bfff40af80368,"(1, 512, 8, 13)",1,1,0.7515286207199097,0.7049416303634644,1.0,5.53742225406495e-08,0.0,4.76837158203125e-07,0.0
chinese-NF-1088,scan,digital_2,train/attack/digital_2/scan/chinese-NF-1088.jpg,16845d86d8adca31f5b6488d52b0b4f50a1aae07ac99d5c546ab9a9402dac992,"(1, 512, 8, 13)",1,1,0.7526494264602661,0.7033500671386719,1.0000001192092896,5.644752576472456e-08,0.0,4.76837158203125e-07,0.0
chinese-NF-1101,huawei,bonafide,train/bonafide/huawei/chinese-NF-1101.jpg,0a19cd966e3748042a9c2a5ff1107840eea963dcd037c31dfc63546b076a652d,"(1, 512, 8, 13)",1,1,0.754615068435669,0.7005497813224792,1.0000001192092896,5.304812233930534e-08,0.0,4.76837158203125e-07,0.0
chinese-NF-1101,huawei,digital_1,train/attack/digital_1/huawei/chinese-NF-1101.jpg,a70654100795677fa8cfa3acb492a4226d9670e81a9535323b446e3bd89d3a85,"(1, 512, 8, 13)",1,1,0.7515065670013428,0.7049726843833923,0.9999998807907104,5.036692130033771e-08,0.0,2.384185791015625e-07,0.0
chinese-NF-1101,huawei,digital_2,train/attack/digital_2/huawei/chinese-NF-1101.jpg,708240926f3cfd4565f755232b1b7a2efe2c6909ef3e23e68f403b5c5f7d00cd,"(1, 512, 8, 13)",1,1,0.751072883605957,0.7055878639221191,0.9999998807907104,4.8563055798922505e-08,0.0,4.76837158203125e-07,0.0
chinese-NF-1101,iphone15pro,bonafide,train/bonafide/iphone15pro/chinese-NF-1101.jpg,6c14368b43531ce31ef8e7f04722073b0f5b9f1cb8acd990b683ae96a1c0ff5c,"(1, 512, 8, 14)",1,1,0.7461255192756653,0.7125648856163025,1.0000001192092896,4.436928691120556e-08,0.0,2.384185791015625e-07,0.0
chinese-NF-1101,iphone15pro,digital_1,train/attack/digital_1/iphone15pro/chinese-NF-1101.jpg,3913d701f3965857b2500ba8fcd8db7f6ae8e905d01d58256b5d8f0a95db6e2d,"(1, 512, 8, 14)",1,1,0.751801609992981,0.7045543789863586,1.0,3.826715300192518e-08,0.0,2.384185791015625e-07,0.0
chinese-NF-1101,iphone15pro,digital_2,train/attack/digital_2/iphone15pro/chinese-NF-1101.jpg,4b5ff718b430059e575d09674d071db5a4e31d9c4297fb594864aeb570256748,"(1, 512, 8, 14)",1,1,0.7468193769454956,0.711590588092804,1.0,4.053286772887077e-08,0.0,4.76837158203125e-07,0.0
chinese-NF-1101,scan,bonafide,train/bonafide/scan/chinese-NF-1101.jpg,537933cf3d21ee7344acdac5a61cdd3214bd377e3f5e1381e9512842ad369405,"(1, 512, 8, 13)",1,1,0.7650712728500366,0.6854616403579712,1.0,5.761250321256739e-08,0.0,4.76837158203125e-07,0.0
chinese-NF-1101,scan,digital_1,train/attack/digital_1/scan/chinese-NF-1101.jpg,e947310a88500b1ade158e8d4422cee47d96376da6fd3d334d1591d5a35dc4b5,"(1, 512, 8, 13)",1,1,0.7659828662872314,0.6841303706169128,1.0,4.908732265107574e-08,0.0,2.384185791015625e-07,0.0
chinese-NF-1101,scan,digital_2,train/attack/digital_2/scan/chinese-NF-1101.jpg,b89f59e0c5e0baa3bb6f5c95d98a0265b37fa2e7f12a504146f732c22fa885b1,"(1, 512, 8, 13)",1,1,0.7616987824440002,0.6903640031814575,0.9999998807907104,5.3085773998873265e-08,0.0,4.76837158203125e-07,0.0
french-022_03,huawei,bonafide,train/bonafide/huawei/french-022_03.jpg,7ac87cf27893f3dbb509fefd45b47f83f536567c551f65fa5fc575df9752360d,"(1, 512, 8, 13)",1,1,0.7506521344184875,0.7061838507652283,1.0,4.0708492576868593e-08,0.0,2.384185791015625e-07,0.0
french-022_03,huawei,digital_1,train/attack/digital_1/huawei/french-022_03.jpg,bbdaa00b7f9130deb66f39e3b94372a94f6e210d26912e2aba55729181af115d,"(1, 512, 8, 13)",1,1,0.7413471937179565,0.7192395925521851,1.0,5.701910765765206e-08,0.0,4.76837158203125e-07,0.0
french-022_03,huawei,digital_2,train/attack/digital_2/huawei/french-022_03.jpg,2bd538b283fd0fd4e683a2c601f453e9152b1ad0bc073ac13bc7a9704300778d,"(1, 512, 8, 13)",1,1,0.7453299760818481,0.7136806845664978,1.0,5.028561389508468e-08,0.0,2.384185791015625e-07,0.0
french-022_03,iphone15pro,bonafide,train/bonafide/iphone15pro/french-022_03.jpg,6a50c3aa905b06a4f13ce2bb85fdd2cae1c84793e72971e446dfc0957e28c8c0,"(1, 512, 8, 13)",1,1,0.7776312828063965,0.6668863892555237,1.0,5.1912085297090016e-08,0.0,4.76837158203125e-07,0.0
french-022_03,iphone15pro,digital_1,train/attack/digital_1/iphone15pro/french-022_03.jpg,cb6acb5d34284b84511072f415a3e47e18b511be762b750ca7e4d46686d315ca,"(1, 512, 8, 13)",1,1,0.7662609815597534,0.6837236881256104,0.9999999403953552,6.052916035059752e-08,0.0,4.76837158203125e-07,0.0
french-022_03,iphone15pro,digital_2,train/attack/digital_2/iphone15pro/french-022_03.jpg,207c3d9e485a3b87c46aaa82164f4f7ccf7b41c7c7051e67df74bba14935d425,"(1, 512, 8, 13)",1,1,0.7697247862815857,0.6786388754844666,1.0,6.163246979440373e-08,0.0,4.76837158203125e-07,0.0
french-022_03,scan,bonafide,train/bonafide/scan/french-022_03.jpg,f0211b4fad45b1bcc2622ececc139c3467fe91f7d2bd96f52dc6ee734896354b,"(1, 512, 8, 13)",1,1,0.7566057443618774,0.6977020502090454,1.0,5.675443759400878e-08,0.0,4.76837158203125e-07,0.0
french-022_03,scan,digital_1,train/attack/digital_1/scan/french-022_03.jpg,8d024046dc80152150573540dc56a9c4cbf4e2285ef5212b8d6ece042816e633,"(1, 512, 8, 13)",1,1,0.7542811632156372,0.7010261416435242,0.9999999403953552,4.758801352977571e-08,0.0,2.384185791015625e-07,0.0
french-022_03,scan,digital_2,train/attack/digital_2/scan/french-022_03.jpg,99a67a4179ca83ca9830573b3b9e792df8ffcd87ebea31f734cbb2a6adf4e73e,"(1, 512, 8, 13)",1,1,0.7588919401168823,0.6944178342819214,0.9999999403953552,4.081388738086389e-08,0.0,2.384185791015625e-07,0.0
french-033_03,huawei,bonafide,train/bonafide/huawei/french-033_03.jpg,1b7c8bcb40dc3a0d3391082df855915221fed0e7e9a0d42cab00b8a0f22a1eec,"(1, 512, 8, 13)",1,1,0.7597029805183411,0.6932489275932312,1.0,5.7750831672365166e-08,0.0,4.76837158203125e-07,0.0
french-033_03,huawei,digital_1,train/attack/digital_1/huawei/french-033_03.jpg,6841f58bd426e28c70e738ff904f85e023ecf372ac91dd5cb6486ea512e1d7d0,"(1, 512, 8, 13)",1,1,0.7520802617073059,0.7041587233543396,1.0000001192092896,6.061856083761086e-08,0.0,4.76837158203125e-07,0.0
french-033_03,huawei,digital_2,train/attack/digital_2/huawei/french-033_03.jpg,cbfa106ffeeafdc829ba8a48b1a7da5e584cedd952f2140d164c1c24ab28d003,"(1, 512, 8, 13)",1,1,0.7596101760864258,0.6933826804161072,1.0,4.9567475457479304e-08,0.0,2.384185791015625e-07,0.0
french-033_03,iphone15pro,bonafide,train/bonafide/iphone15pro/french-033_03.jpg,0eff35b925c9de160ff7c7c22890def943da655116b98750b3f4b77e2236cc89,"(1, 512, 8, 13)",1,1,0.7613981366157532,0.6907992959022522,1.0,6.1142507945533e-08,0.0,4.76837158203125e-07,0.0
french-033_03,iphone15pro,digital_1,train/attack/digital_1/iphone15pro/french-033_03.jpg,b91d43f74f77c597fe8a19a27982cd3bc90e78b3ffab008436bc0a48da4248c8,"(1, 512, 8, 13)",1,1,0.7564014196395874,0.6979951858520508,0.9999998807907104,5.04091204334145e-08,0.0,2.384185791015625e-07,0.0
french-033_03,iphone15pro,digital_2,train/attack/digital_2/iphone15pro/french-033_03.jpg,f00f115adbeefa0163cbb80bc36e434a50f6fd3bc99190fa9dfd23091d2aa008,"(1, 512, 8, 13)",1,1,0.7583509087562561,0.6951965689659119,1.000000238418579,5.3150344569985464e-08,0.0,4.76837158203125e-07,0.0
french-033_03,scan,bonafide,train/bonafide/scan/french-033_03.jpg,154ac0ba110e52b3155f21854068d06aea972b56b1a010bbc7d2a01e44d693a3,"(1, 512, 8, 13)",1,1,0.7635101079940796,0.6877352595329285,1.0000001192092896,4.8859803314371675e-08,0.0,2.384185791015625e-07,0.0
french-033_03,scan,digital_1,train/attack/digital_1/scan/french-033_03.jpg,16c2c4937917f923ebf5a198f88807f5b6284912f476824b3217bd4ffe4c7e08,"(1, 512, 8, 13)",1,1,0.7555646300315857,0.6991928219795227,0.9999999403953552,4.857308866235144e-08,0.0,2.384185791015625e-07,0.0
french-033_03,scan,digital_2,train/attack/digital_2/scan/french-033_03.jpg,93d8236b26bfc3aa3f97c917486e6321279bbd637c9917b29dd2f6554876513e,"(1, 512, 8, 13)",1,1,0.7634364366531372,0.6878423094749451,1.0,5.441792083615837e-08,0.0,3.5762786865234375e-07,0.0
french-044_03,huawei,bonafide,train/bonafide/huawei/french-044_03.jpg,801d7be8c7e44fd17f1dffbbbab64f40cf1b368434cecee2aff26e734231a1ac,"(1, 512, 8, 13)",1,1,0.7488313317298889,0.7087575793266296,1.0,6.328964019530758e-08,0.0,4.76837158203125e-07,0.0
french-044_03,huawei,digital_1,train/attack/digital_1/huawei/french-044_03.jpg,9c605f12581fb513fede4a7eb2ae48eb416a5e72e99ae15d3f47ab202f9b475d,"(1, 512, 8, 13)",1,1,0.7432656288146973,0.71656733751297,0.9999998807907104,6.127330465233172e-08,0.0,4.76837158203125e-07,0.0
french-044_03,huawei,digital_2,train/attack/digital_2/huawei/french-044_03.jpg,ce73473b15bc0d7d4313a446cf0636d039fbc06d5a4be1cabcc5ed32a59b8491,"(1, 512, 8, 13)",1,1,0.7521221041679382,0.7040993571281433,1.0,6.272599506473853e-08,0.0,4.76837158203125e-07,0.0
french-044_03,iphone15pro,bonafide,train/bonafide/iphone15pro/french-044_03.jpg,43889c30222028ed18bc29389457a3b70d5edbd64825ad1fdbef4f399a1db465,"(1, 512, 8, 13)",1,1,0.7645446062088013,0.6862293481826782,0.9999999403953552,5.264676516958389e-08,0.0,4.76837158203125e-07,0.0
french-044_03,iphone15pro,digital_1,train/attack/digital_1/iphone15pro/french-044_03.jpg,9be8272bca6d65b7b157be585396fdd72d741827df96e2fe46bc89a74d25b86f,"(1, 512, 8, 13)",1,1,0.7541036605834961,0.7012792825698853,1.0,5.776627531872691e-08,0.0,4.76837158203125e-07,0.0
french-044_03,iphone15pro,digital_2,train/attack/digital_2/iphone15pro/french-044_03.jpg,957b50bf4a5604282612d0f604ef780c3b131b67b71ce259ce124a286c377b37,"(1, 512, 8, 13)",1,1,0.7601385116577148,0.6926203370094299,0.9999998807907104,5.570289118850269e-08,0.0,4.76837158203125e-07,0.0
french-044_03,scan,bonafide,train/bonafide/scan/french-044_03.jpg,f91138f589afce81e2025e55682cc08294681e4978fcea5ae5ce2bc66a6e1a6b,"(1, 512, 8, 13)",1,1,0.7525291442871094,0.7035209536552429,1.0,6.466009239147752e-08,0.0,4.76837158203125e-07,0.0
french-044_03,scan,digital_1,train/attack/digital_1/scan/french-044_03.jpg,b7d9c497445499914502c8526caf7a7cccd36e234bfbb71bf2e80158473084ec,"(1, 512, 8, 13)",1,1,0.7467449307441711,0.71169513463974,1.0,5.9329014590048246e-08,0.0,4.76837158203125e-07,0.0
french-044_03,scan,digital_2,train/attack/digital_2/scan/french-044_03.jpg,399c84ec2ba8755e4943722b51a7ff5a9c0c3edc39c185552d7c5060ee844da6,"(1, 512, 8, 13)",1,1,0.7497726678848267,0.7074280381202698,1.0,6.214286685235493e-08,0.0,4.76837158203125e-07,0.0
french-068_03,huawei,bonafide,train/bonafide/huawei/french-068_03.jpg,10a8e7215d59483d5e1a596621b2b45223f679d634f968e7633364f9badb17d2,"(1, 512, 8, 13)",1,1,0.7576278448104858,0.696235716342926,1.0,5.481105702642708e-08,0.0,4.76837158203125e-07,0.0
french-068_03,huawei,digital_1,train/attack/digital_1/huawei/french-068_03.jpg,d6d55b31e12b98aa5e4230aec47da6ca78b2dde33bdc3f43785aa77a49f3ae97,"(1, 512, 8, 13)",1,1,0.7488187551498413,0.7087753415107727,0.9999998807907104,5.267071756520636e-08,0.0,4.76837158203125e-07,0.0
french-068_03,huawei,digital_2,train/attack/digital_2/huawei/french-068_03.jpg,f01a7dc238b2460b2734faf22e485127f74390804b48edf028493ff05ba8a88f,"(1, 512, 8, 13)",1,1,0.7545948624610901,0.7005784511566162,1.0,7.48900248481732e-08,0.0,4.76837158203125e-07,0.0
french-068_03,iphone15pro,bonafide,train/bonafide/iphone15pro/french-068_03.jpg,44396fb8a1318ac305dba61ceac895c46daea0a647bb1193046c8dc41d47b9dd,"(1, 512, 8, 13)",1,1,0.7581339478492737,0.695508599281311,1.0,4.7566931726805706e-08,0.0,3.5762786865234375e-07,0.0
french-068_03,iphone15pro,digital_1,train/attack/digital_1/iphone15pro/french-068_03.jpg,7b46abe894bb4c7a7995de7b36c36aa4cc3120a847767d01a1392271a447a46b,"(1, 512, 8, 13)",1,1,0.7559838891029358,0.6985931992530823,1.0,4.912644868682037e-08,0.0,4.76837158203125e-07,0.0
french-068_03,iphone15pro,digital_2,train/attack/digital_2/iphone15pro/french-068_03.jpg,8a8b8532b5eca68c0d33bd7474c29baf60100e748734ba456109f57e139deab8,"(1, 512, 8, 13)",1,1,0.7592984437942505,0.6938323378562927,1.0,6.157105048032463e-08,0.0,4.76837158203125e-07,0.0
french-068_03,scan,bonafide,train/bonafide/scan/french-068_03.jpg,e4a7f68add0ac930e6860ffbd76af27e44d2ce600efee3d8f2a2704eb4f7b91e,"(1, 512, 8, 13)",1,1,0.7496370077133179,0.7076200246810913,0.9999998807907104,5.41059570480229e-08,0.0,2.384185791015625e-07,0.0
french-068_03,scan,digital_1,train/attack/digital_1/scan/french-068_03.jpg,ccb51c978ec572d47bb7a7b91436cde11cb15f33fa2d40809b45816205f9ae29,"(1, 512, 8, 13)",1,1,0.7398658990859985,0.7212960720062256,1.0,5.364033128785195e-08,0.0,2.384185791015625e-07,0.0
french-068_03,scan,digital_2,train/attack/digital_2/scan/french-068_03.jpg,e0f615c2b8b19ed7baeb3e333e4cc8b2edb3bf552111f975a6d040f2fc7f98d7,"(1, 512, 8, 13)",1,1,0.7433470487594604,0.7164537310600281,1.0,4.90172453737614e-08,0.0,4.76837158203125e-07,0.0
french-090_03,huawei,bonafide,train/bonafide/huawei/french-090_03.jpg,c90f9e8a275d98fff87abf86b142413c8526ad9060cb5a847ff8a30511171068,"(1, 512, 8, 13)",1,1,0.7505602240562439,0.7063141465187073,1.0,7.124196343966105e-08,0.0,4.76837158203125e-07,0.0
french-090_03,huawei,digital_1,train/attack/digital_1/huawei/french-090_03.jpg,eb174f6a2e0f2100e55a73249627144778124ab40534a7b1c06ec60cec8e99cf,"(1, 512, 8, 13)",1,1,0.7488541603088379,0.7087253332138062,1.0000001192092896,4.968634570445829e-08,0.0,4.76837158203125e-07,0.0
french-090_03,huawei,digital_2,train/attack/digital_2/huawei/french-090_03.jpg,e2e989a0bc12f209d87b1fe31998f0f4ee33a157fb301f2a1742f9175e59e49e,"(1, 512, 8, 13)",1,1,0.7489135265350342,0.7086417078971863,1.0000001192092896,5.7693377186751604e-08,0.0,4.76837158203125e-07,0.0
french-090_03,iphone15pro,bonafide,train/bonafide/iphone15pro/french-090_03.jpg,c369ffe7125b5e00bb0f52c3653376556b4955103e95c8f3323a6df02175fd18,"(1, 512, 8, 14)",1,1,0.7499215006828308,0.707217812538147,1.0,4.92470206836515e-08,0.0,4.76837158203125e-07,0.0
french-090_03,iphone15pro,digital_1,train/attack/digital_1/iphone15pro/french-090_03.jpg,4ffb37ad7a4aab2af35ee90dee747df60dbbe350af4c281e7e3fe92fc72d3947,"(1, 512, 8, 14)",1,1,0.7491990327835083,0.7082386612892151,0.9999999403953552,4.6493621397303286e-08,0.0,3.5762786865234375e-07,0.0
french-090_03,iphone15pro,digital_2,train/attack/digital_2/iphone15pro/french-090_03.jpg,a029b458c787d86d7997e9af27640ceef42d4e956aba2edccaf905813e562456,"(1, 512, 8, 14)",1,1,0.7514657974243164,0.7050309777259827,1.0000001192092896,4.0983405114047855e-08,0.0,2.384185791015625e-07,0.0
french-090_03,scan,bonafide,train/bonafide/scan/french-090_03.jpg,b42e435532491b16dbe25c639f2ae145dc7250d3b2a31464664b9758da6e72cb,"(1, 512, 8, 13)",1,1,0.7587087154388428,0.6946816444396973,1.0,6.507734440219792e-08,0.0,4.76837158203125e-07,0.0
french-090_03,scan,digital_1,train/attack/digital_1/scan/french-090_03.jpg,dbfc1af75ddd8726ac5ab5367f804142cfcb2691489f98b3b979ddc7f6dbfe11,"(1, 512, 8, 13)",1,1,0.75309157371521,0.7027212381362915,1.0000001192092896,6.266850505198818e-08,0.0,4.76837158203125e-07,0.0
french-090_03,scan,digital_2,train/attack/digital_2/scan/french-090_03.jpg,00296f5ffc59f5149e9ca6e9fa84daa8e5855fe5b7f678488ac981d4be59c855,"(1, 512, 8, 13)",1,1,0.7575886845588684,0.6962919235229492,1.0,5.586938200963232e-08,0.0,4.76837158203125e-07,0.0
french-091_03,huawei,bonafide,train/bonafide/huawei/french-091_03.jpg,502e022672222d526cdc5436a4e622af6306aaeebb9fba99b44da58905049cf9,"(1, 512, 8, 13)",1,1,0.7514536380767822,0.7050480842590332,0.9999999403953552,4.770014783161969e-08,0.0,2.384185791015625e-07,0.0
french-091_03,huawei,digital_1,train/attack/digital_1/huawei/french-091_03.jpg,2c2ef1c71a864741e2e91a6a165111535b670fe7099c9e4eb1f2c3e4e8468540,"(1, 512, 8, 13)",1,1,0.7515606880187988,0.7048961520195007,0.9999998807907104,5.1635396403071354e-08,0.0,2.384185791015625e-07,0.0
french-091_03,huawei,digital_2,train/attack/digital_2/huawei/french-091_03.jpg,e11a3992a8f947d888c32ab03ae1909c0b895ac4a1348b24f0438a6742ac53bf,"(1, 512, 8, 13)",1,1,0.7438637614250183,0.7157320380210876,0.9999999403953552,4.4475548577338486e-08,0.0,2.384185791015625e-07,0.0
french-091_03,iphone15pro,bonafide,train/bonafide/iphone15pro/french-091_03.jpg,485cbf4a54b763e5ea96acedfb6a5ad878d7c33383c67b34c90af9647385dec1,"(1, 512, 8, 13)",1,1,0.7602259516716003,0.6924940347671509,0.9999999403953552,4.92179950128957e-08,0.0,2.384185791015625e-07,0.0
french-091_03,iphone15pro,digital_1,train/attack/digital_1/iphone15pro/french-091_03.jpg,2866f2af73dd82bb1b409179f92dea1f7a9d664268b243f70606ab6d115dceb0,"(1, 512, 8, 13)",1,1,0.7581355571746826,0.6955063939094543,0.9999999403953552,6.124606244384267e-08,0.0,4.76837158203125e-07,0.0
french-091_03,iphone15pro,digital_2,train/attack/digital_2/iphone15pro/french-091_03.jpg,9cd76c3e50f30297b59028129f9359f23646b20d9c0ca7c728a9eecd02daa317,"(1, 512, 8, 13)",1,1,0.7589911222457886,0.69427490234375,0.9999999403953552,5.004786629569935e-08,0.0,2.384185791015625e-07,0.0
french-091_03,scan,bonafide,train/bonafide/scan/french-091_03.jpg,e1213298a4b1ce03054d2bbe4502fc236f966131202369b2edd3c36a1773a4a3,"(1, 512, 8, 13)",1,1,0.7534990310668945,0.7021408081054688,1.0000001192092896,5.866175811775065e-08,0.0,4.76837158203125e-07,0.0
french-091_03,scan,digital_1,train/attack/digital_1/scan/french-091_03.jpg,555123b2e7ecd3b1422f0e9be78217521f869967db184396cea160d396fee505,"(1, 512, 8, 13)",1,1,0.7545204162597656,0.7006847262382507,0.9999998807907104,5.430470295664236e-08,0.0,2.384185791015625e-07,0.0
french-091_03,scan,digital_2,train/attack/digital_2/scan/french-091_03.jpg,897f1e5386b34fabee56f96fcc78ab4de77d713b333bf5b9a2f6a1e0ed929906,"(1, 512, 8, 13)",1,1,0.750756025314331,0.7060367465019226,1.0,5.464975671998218e-08,0.0,4.76837158203125e-07,0.0
french-097_03,huawei,bonafide,train/bonafide/huawei/french-097_03.jpg,2ca18c254cae997528beb3b4fc7d28ac37dca782084c2a16178478adc477c8d9,"(1, 512, 8, 13)",1,1,0.7537763714790344,0.7017459273338318,1.0000001192092896,5.579811457323558e-08,0.0,2.384185791015625e-07,0.0
french-097_03,huawei,digital_1,train/attack/digital_1/huawei/french-097_03.jpg,30d76f2586ed727faa9d0cf83cc6c30d8cbf7fb0a0739f2fae8993f452ad8947,"(1, 512, 8, 13)",1,1,0.7540888786315918,0.7013005614280701,1.0,4.818692644903422e-08,0.0,4.76837158203125e-07,0.0
french-097_03,huawei,digital_2,train/attack/digital_2/huawei/french-097_03.jpg,a77c5be7bd72024bc7fd0151fdd8cd76ee3edabe05adb4fd4e657667d425316e,"(1, 512, 8, 13)",1,1,0.7465564012527466,0.7119601964950562,0.9999999403953552,5.836485783561329e-08,0.0,4.76837158203125e-07,0.0
french-097_03,iphone15pro,bonafide,train/bonafide/iphone15pro/french-097_03.jpg,d7f0f0b50a1318c018214aff043180e02d4b2e90aaed73e9ba1d3b69b4502520,"(1, 512, 8, 13)",1,1,0.7732840776443481,0.6733735799789429,1.0,4.8940986374645945e-08,0.0,2.384185791015625e-07,0.0
french-097_03,iphone15pro,digital_1,train/attack/digital_1/iphone15pro/french-097_03.jpg,c36d06c7650c9759b3fb35102ded14cce6cbbc92fdcb4a564988e71c1c313b44,"(1, 512, 8, 13)",1,1,0.7752813100814819,0.6704010367393494,1.0,4.835091615973397e-08,0.0,3.5762786865234375e-07,0.0
french-097_03,iphone15pro,digital_2,train/attack/digital_2/iphone15pro/french-097_03.jpg,248300b6c58af2d5aea2f07ec87375e79e3d9fa496396ba4892c1e9085db39ba,"(1, 512, 8, 13)",1,1,0.7712768316268921,0.676347553730011,0.9999999403953552,5.2680153572737254e-08,0.0,3.5762786865234375e-07,0.0
french-097_03,scan,bonafide,train/bonafide/scan/french-097_03.jpg,e66081bb9f0270c9609242f5dd66ba01c2dae107ce24fdb000bd19639c19a808,"(1, 512, 8, 13)",1,1,0.7431436777114868,0.7167375683784485,0.9999998807907104,4.6708652945426365e-08,0.0,3.5762786865234375e-07,0.0
french-097_03,scan,digital_1,train/attack/digital_1/scan/french-097_03.jpg,d75f538545a7551f2284861d2752d2e6593bad036054e0be5a4b6fbaf365722f,"(1, 512, 8, 13)",1,1,0.7392207384109497,0.7221901416778564,0.9999999403953552,5.550729653691633e-08,0.0,2.384185791015625e-07,0.0
french-097_03,scan,digital_2,train/attack/digital_2/scan/french-097_03.jpg,7814a811d90bf7a743e417a76f9df73af5eb1d27a6c42e7dcc48b4991fbd441d,"(1, 512, 8, 13)",1,1,0.7372409105300903,0.7249261736869812,1.0,5.984774276157623e-08,0.0,3.5762786865234375e-07,0.0
french-100_03,huawei,bonafide,train/bonafide/huawei/french-100_03.jpg,f0a8242e669e16949512abbb3e3c8f652acd85e4c4c00a753e37510bdc877c72,"(1, 512, 8, 13)",1,1,0.7662708759307861,0.6837092041969299,1.0,4.912139672796911e-08,0.0,2.384185791015625e-07,0.0
french-100_03,huawei,digital_1,train/attack/digital_1/huawei/french-100_03.jpg,a11acaeaf8d1f8ecb2b380bf929be5bc53ae8546899b88eb15a54405d3fda43d,"(1, 512, 8, 13)",1,1,0.756131649017334,0.6983816027641296,0.9999999403953552,5.857996399072363e-08,0.0,4.76837158203125e-07,0.0
french-100_03,huawei,digital_2,train/attack/digital_2/huawei/french-100_03.jpg,6030ce7b501bf84e509fc11089a258714fee7c26e5ec3a1f5f318ef45d4423ff,"(1, 512, 8, 13)",1,1,0.753811240196228,0.7016961574554443,1.0,3.7578278266892085e-08,0.0,2.384185791015625e-07,0.0
french-100_03,iphone15pro,bonafide,train/bonafide/iphone15pro/french-100_03.jpg,8e4b0431c38ad173aeb72d381503233155f5dbef6b60f95e7a9c1d68d45e5a78,"(1, 512, 8, 13)",1,1,0.7641578912734985,0.68679279088974,0.9999999403953552,6.144255593198977e-08,0.0,4.76837158203125e-07,0.0
french-100_03,iphone15pro,digital_1,train/attack/digital_1/iphone15pro/french-100_03.jpg,751a4633ce65d5aa1e57e477f504c952c9a78867af4a399ec0830097d02a5adf,"(1, 512, 8, 13)",1,1,0.7589755058288574,0.6942974328994751,1.0,4.206046710919509e-08,0.0,2.384185791015625e-07,0.0
french-100_03,iphone15pro,digital_2,train/attack/digital_2/iphone15pro/french-100_03.jpg,698ae1fb2942692834b0d84d07b0a02e90da12a2754521ca452ef21a56789e76,"(1, 512, 8, 13)",1,1,0.7588498592376709,0.6944783926010132,1.0000001192092896,5.31534389835997e-08,0.0,4.76837158203125e-07,0.0
french-100_03,scan,bonafide,train/bonafide/scan/french-100_03.jpg,830d42cf1f5488bd811e234690b975f0524429d1ec1c7c5fd861c72138569349,"(1, 512, 8, 13)",1,1,0.7562963962554932,0.6981457471847534,1.0,5.68428184521963e-08,0.0,4.76837158203125e-07,0.0
french-100_03,scan,digital_1,train/attack/digital_1/scan/french-100_03.jpg,337d2be177e6aa59acbb76a102b529d7d27259401e730a942a8330458f5014f8,"(1, 512, 8, 13)",1,1,0.7478523254394531,0.710137665271759,1.0,5.377785683435832e-08,0.0,4.76837158203125e-07,0.0
french-100_03,scan,digital_2,train/attack/digital_2/scan/french-100_03.jpg,cb0dc05c5ccb45168e9c420626e7e921e4f33efa6bdd2a25da341cd30934fa49,"(1, 512, 8, 13)",1,1,0.7520484328269958,0.7042039632797241,1.0,4.969638922602826e-08,0.0,2.384185791015625e-07,0.0
french-118_03,huawei,bonafide,train/bonafide/huawei/french-118_03.jpg,1c8a6aef70eacbba3daed493a468a7fc5cf25e5c85c7445af123e47b63131b1d,"(1, 512, 8, 13)",1,1,0.754305899143219,0.7009908556938171,0.9999998807907104,5.5996807191149855e-08,0.0,4.76837158203125e-07,0.0
french-118_03,huawei,digital_1,train/attack/digital_1/huawei/french-118_03.jpg,dff046d17e7c9f2fb0ef323819016ee2f9a3e300e3c0b5c111046b5e500a8871,"(1, 512, 8, 13)",1,1,0.7534396648406982,0.7022256255149841,1.000000238418579,5.143501269344597e-08,0.0,2.384185791015625e-07,0.0
french-118_03,huawei,digital_2,train/attack/digital_2/huawei/french-118_03.jpg,ac81287169773689f2d0f1c47816767f9f4b2804fac64f80b7a0ba43cd62bdd8,"(1, 512, 8, 13)",1,1,0.7537707090377808,0.7017538547515869,1.0,5.0730164957712987e-08,0.0,2.384185791015625e-07,0.0
french-118_03,iphone15pro,bonafide,train/bonafide/iphone15pro/french-118_03.jpg,1eadad96eb44f02b16cb11ccf0fe26624e6edb5dbb1a21c63fa8b9806898af3b,"(1, 512, 8, 13)",1,1,0.7660739421844482,0.6839970350265503,1.0,4.8893330273358515e-08,0.0,2.384185791015625e-07,0.0
french-118_03,iphone15pro,digital_1,train/attack/digital_1/iphone15pro/french-118_03.jpg,4f44ed532ccbfef5f1c434f9bb2dc7dfaefc80ea2778d25386316e6b86002dfb,"(1, 512, 8, 13)",1,1,0.7666593790054321,0.6831408143043518,0.9999999403953552,4.754762983338878e-08,0.0,2.384185791015625e-07,0.0
french-118_03,iphone15pro,digital_2,train/attack/digital_2/iphone15pro/french-118_03.jpg,7feffab1d5c3cefd8517e544af1008f7dd4e98c8a1ac5e346be81e91d7895aa9,"(1, 512, 8, 13)",1,1,0.7652833461761475,0.6851521134376526,1.0,5.325180651993833e-08,0.0,4.76837158203125e-07,0.0
french-118_03,scan,bonafide,train/bonafide/scan/french-118_03.jpg,83fda07cfc9ecea0ec1af9a966beeb9e6570373f0b5410714b26f12e9133e9b6,"(1, 512, 8, 13)",1,1,0.7555360794067383,0.6992337703704834,1.0000001192092896,5.329871655135321e-08,0.0,2.384185791015625e-07,0.0
french-118_03,scan,digital_1,train/attack/digital_1/scan/french-118_03.jpg,ae505b528e658c4a4331cc1896a954c7be88869d89518d0d7b47e6421968a33f,"(1, 512, 8, 13)",1,1,0.7493759393692017,0.7079889178276062,1.0,6.404474817145456e-08,0.0,4.76837158203125e-07,0.0
french-118_03,scan,digital_2,train/attack/digital_2/scan/french-118_03.jpg,e1c2b08dd1f81285b6610e4e0cfd933a59c1b04ca77998f639ad71f151f37591,"(1, 512, 8, 13)",1,1,0.7563013434410095,0.6981385350227356,0.9999999403953552,5.456484331034517e-08,0.0,4.76837158203125e-07,0.0
french-135_03,huawei,bonafide,train/bonafide/huawei/french-135_03.jpg,c028254379fcba7baa66e79d9d9132a4bc54ea4090c0049c4e720efab2a9ec97,"(1, 512, 8, 14)",1,1,0.7361430525779724,0.7264391183853149,1.0,4.883111515141536e-08,0.0,4.76837158203125e-07,0.0
french-135_03,huawei,digital_1,train/attack/digital_1/huawei/french-135_03.jpg,e22960f43ad7d4a2d449384bdd5e6c3af9bb5fc428eec7329ce2c2f7eef128c9,"(1, 512, 8, 14)",1,1,0.7316645383834839,0.7325781583786011,0.9999999403953552,4.58425688520947e-08,0.0,2.384185791015625e-07,0.0
french-135_03,huawei,digital_2,train/attack/digital_2/huawei/french-135_03.jpg,7f6942242c1dd1560288ad99af0819dbbc57c08b4e0edd4f4fc03a32efdd60d1,"(1, 512, 8, 14)",1,1,0.7323831915855408,0.7315967082977295,1.0,4.245634244171015e-08,0.0,2.384185791015625e-07,0.0
french-135_03,iphone15pro,bonafide,train/bonafide/iphone15pro/french-135_03.jpg,0baf9527fdef5413d699b0c462d9658aca65d8fb4e64a8cb42a2c8bf234eae2c,"(1, 512, 8, 13)",1,1,0.7592552304267883,0.6938945055007935,0.9999998807907104,5.2640935166436975e-08,0.0,4.76837158203125e-07,0.0
french-135_03,iphone15pro,digital_1,train/attack/digital_1/iphone15pro/french-135_03.jpg,305c7ce8eca73791085a32ed563cd931f60397fc7e2f1177b4cb25f6aad5304a,"(1, 512, 8, 13)",1,1,0.7551066279411316,0.6998476386070251,1.0,5.640768918624417e-08,0.0,4.76837158203125e-07,0.0
french-135_03,iphone15pro,digital_2,train/attack/digital_2/iphone15pro/french-135_03.jpg,ad43a69357701ef8ab1937cba134c4a60668a283394765259a4d5e579956e6d6,"(1, 512, 8, 13)",1,1,0.7558826208114624,0.6987379789352417,0.9999998807907104,4.342575010696237e-08,0.0,2.384185791015625e-07,0.0
french-135_03,scan,bonafide,train/bonafide/scan/french-135_03.jpg,6adfa2b7a24432ec22e41a22986e7ef2fdbc73d0f58d5fb88f578a063eeacfa7,"(1, 512, 8, 13)",1,1,0.7516372203826904,0.7047876119613647,1.0,4.6690381338976295e-08,0.0,2.384185791015625e-07,0.0
french-135_03,scan,digital_1,train/attack/digital_1/scan/french-135_03.jpg,6ce4139f4c9673c911c27c807c991a5af044083441e5b63664863f186aa8ceed,"(1, 512, 8, 13)",1,1,0.7539399862289429,0.7015126347541809,0.9999998807907104,4.9906422106005266e-08,0.0,2.384185791015625e-07,0.0
french-135_03,scan,digital_2,train/attack/digital_2/scan/french-135_03.jpg,19781cae77bc6f7943cabab52eceda1763f0fcec4a92f05fbe90265eff1d1af7,"(1, 512, 8, 13)",1,1,0.7524718046188354,0.7036024332046509,1.0,5.8245841927373476e-08,0.0,4.76837158203125e-07,0.0
french-NF-1020,huawei,bonafide,train/bonafide/huawei/french-NF-1020.jpg,49b0e62262cb1c06bbe9dd3f45b8181e398677fd6a832ca947153d68df54217c,"(1, 512, 8, 13)",1,1,0.7328417301177979,0.7309697866439819,0.9999999403953552,5.23806384933323e-08,0.0,2.384185791015625e-07,0.0
french-NF-1020,huawei,digital_1,train/attack/digital_1/huawei/french-NF-1020.jpg,81c9ce0093a37fb3d7260f7dd5f3ccf29f8b7494dd36d1da1a864e29d4c27c37,"(1, 512, 8, 13)",1,1,0.7252056002616882,0.7413426041603088,1.0,5.286999282816396e-08,0.0,4.76837158203125e-07,0.0
french-NF-1020,huawei,digital_2,train/attack/digital_2/huawei/french-NF-1020.jpg,065e1a4541be1cd1dda210fe6bd858314349935fe2605c702ac09d4a63b0daba,"(1, 512, 8, 13)",1,1,0.7363458871841431,0.7261599898338318,1.0,4.655622021232375e-08,0.0,2.384185791015625e-07,0.0
french-NF-1020,iphone15pro,bonafide,train/bonafide/iphone15pro/french-NF-1020.jpg,616f0ecfcec818097ce0517160419ac12212fa3152bf035b005786ff709b4446,"(1, 512, 8, 13)",1,1,0.7612156271934509,0.691063642501831,0.9999998807907104,5.64709310424405e-08,0.0,4.76837158203125e-07,0.0
french-NF-1020,iphone15pro,digital_1,train/attack/digital_1/iphone15pro/french-NF-1020.jpg,c0d250073b4d393ac4ebf0866ca1a024250974ccdbf09bf1f2a48a021043d18a,"(1, 512, 8, 13)",1,1,0.7552171945571899,0.6996896266937256,1.0,7.326486439751534e-08,0.0,7.152557373046875e-07,0.0
french-NF-1020,iphone15pro,digital_2,train/attack/digital_2/iphone15pro/french-NF-1020.jpg,def352592514eb3c4cd8ef493dcc47b8005ea934ef8b0bb41786505b7164a4a2,"(1, 512, 8, 13)",1,1,0.7574443221092224,0.6964992880821228,0.9999999403953552,5.1268422396333335e-08,0.0,2.384185791015625e-07,0.0
french-NF-1020,scan,bonafide,train/bonafide/scan/french-NF-1020.jpg,158a9f5838797463921fe3a087c9887a657e8c42bec7b1ae9273ad83420750c2,"(1, 512, 8, 13)",1,1,0.7475091218948364,0.7106207013130188,0.9999998807907104,6.007914521433122e-08,0.0,4.76837158203125e-07,0.0
french-NF-1020,scan,digital_1,train/attack/digital_1/scan/french-NF-1020.jpg,19f78c225e33003ae2e43406a8c72921525012ca0b96d86cf4472fd28e4411cc,"(1, 512, 8, 13)",1,1,0.7420552968978882,0.7182543277740479,1.0,4.876207526649523e-08,0.0,2.384185791015625e-07,0.0
french-NF-1020,scan,digital_2,train/attack/digital_2/scan/french-NF-1020.jpg,4671583b907daa212b1e89abd89027a8274ddbb9310b1acc63b57b1d52c290c3,"(1, 512, 8, 13)",1,1,0.7487355470657349,0.708892822265625,0.9999999403953552,5.033570715795577e-08,0.0,2.384185791015625e-07,0.0
french-NF-1056,huawei,bonafide,train/bonafide/huawei/french-NF-1056.jpg,b2114468c16e1d963bbbcd3de1b86c65ff09cee43818ce356b70f680492ea826,"(1, 512, 8, 13)",1,1,0.7367819547653198,0.7255591750144958,1.0,4.8026347343466114e-08,0.0,4.76837158203125e-07,0.0
french-NF-1056,huawei,digital_1,train/attack/digital_1/huawei/french-NF-1056.jpg,2459f8ae6cb465076f5cadca9a77534215f08deef9f4aab244bc1f164ef33a03,"(1, 512, 8, 13)",1,1,0.7414391040802002,0.7191115617752075,1.0,4.123306851511188e-08,0.0,2.384185791015625e-07,0.0
french-NF-1056,huawei,digital_2,train/attack/digital_2/huawei/french-NF-1056.jpg,770a2e4021facf5dfce77b990e6c896c5d3eee75633d6f96a58efc5bc3cc0b24,"(1, 512, 8, 13)",1,1,0.7278090715408325,0.7378223538398743,1.0000001192092896,5.0285802188909656e-08,0.0,2.384185791015625e-07,0.0
french-NF-1056,iphone15pro,bonafide,train/bonafide/iphone15pro/french-NF-1056.jpg,2fc1566acd7c4f1f748d6744fe16777cf04cd58625b5ee667b2c1bb582ebbc20,"(1, 512, 8, 13)",1,1,0.7534562349319458,0.7022019624710083,1.0,5.1349068996842107e-08,0.0,4.76837158203125e-07,0.0
french-NF-1056,iphone15pro,digital_1,train/attack/digital_1/iphone15pro/french-NF-1056.jpg,d4d4527027d325667f30becc02a06bf9f5eaf05865615655e4647b875566b987,"(1, 512, 8, 13)",1,1,0.7471256256103516,0.7111601829528809,1.0,5.739812181104753e-08,0.0,4.76837158203125e-07,0.0
french-NF-1056,iphone15pro,digital_2,train/attack/digital_2/iphone15pro/french-NF-1056.jpg,e14be90890b394c5b5d3e3b35df7f1c0832fe06e42a7705553b4faad6509a0d4,"(1, 512, 8, 13)",1,1,0.7490234375,0.7084864974021912,0.9999999403953552,5.423172666496612e-08,0.0,4.76837158203125e-07,0.0
french-NF-1056,scan,bonafide,train/bonafide/scan/french-NF-1056.jpg,5de4234aad30a168238aa5bd0f282c908559df9d359ee01e898883ba2e482fcd,"(1, 512, 8, 13)",1,1,0.7516317963600159,0.7047951817512512,1.0,5.309662398644832e-08,0.0,2.384185791015625e-07,0.0
french-NF-1056,scan,digital_1,train/attack/digital_1/scan/french-NF-1056.jpg,81ba7a632ceee26ba92507e1fd549218c847d2d3b1a0b0d39d0d648a6ae5e804,"(1, 512, 8, 13)",1,1,0.7502126693725586,0.7068061232566833,1.0,5.316622875284338e-08,0.0,3.5762786865234375e-07,0.0
french-NF-1056,scan,digital_2,train/attack/digital_2/scan/french-NF-1056.jpg,0b52c8f0b3ea967eb61a98fa5d75303bff8af9823a6f099f9c178e2bd64ad3c0,"(1, 512, 8, 13)",1,1,0.7483693361282349,0.7094091773033142,1.0,5.586226237142e-08,0.0,4.76837158203125e-07,0.0
french-NF-1063,huawei,bonafide,train/bonafide/huawei/french-NF-1063.jpg,05e5c1f6c55cd02131c58e84ab019e7cb8890c3c0214335c4b872b5e3b9a37ea,"(1, 512, 8, 13)",1,1,0.7460821866989136,0.7126260995864868,1.0,5.9116331385666854e-08,0.0,4.76837158203125e-07,0.0
french-NF-1063,huawei,digital_1,train/attack/digital_1/huawei/french-NF-1063.jpg,470508d77b3fde0ec707990ecedd723e18eb1ac4cfa68005415ddb98d51a755b,"(1, 512, 8, 13)",1,1,0.745025634765625,0.7141069769859314,0.9999998807907104,6.548488329372049e-08,0.0,4.76837158203125e-07,0.0
french-NF-1063,huawei,digital_2,train/attack/digital_2/huawei/french-NF-1063.jpg,be3f601847d0ae9390c878603cfcd74003fecb85db4c73f6f0cc7a656d2125b7,"(1, 512, 8, 13)",1,1,0.7432588934898376,0.7165767550468445,0.9999998807907104,6.37877164422207e-08,0.0,4.76837158203125e-07,0.0
french-NF-1063,iphone15pro,bonafide,train/bonafide/iphone15pro/french-NF-1063.jpg,4bfb9f5e87c5bcd75c8c937076e6a467fd7e7a3b1fc7e472b68fac7bfde51dc9,"(1, 512, 8, 13)",1,1,0.7575753331184387,0.6963112354278564,1.0,4.2985451642607586e-08,0.0,2.384185791015625e-07,0.0
french-NF-1063,iphone15pro,digital_1,train/attack/digital_1/iphone15pro/french-NF-1063.jpg,096a0fc708f43ad6f27cacf1b664d06a8ce676b9d52c26dbec275fd8233110ef,"(1, 512, 8, 13)",1,1,0.7565712332725525,0.6977518796920776,0.9999998807907104,6.405927877040085e-08,0.0,4.76837158203125e-07,0.0
french-NF-1063,iphone15pro,digital_2,train/attack/digital_2/iphone15pro/french-NF-1063.jpg,305d0d93b89cb5693947534b09b28275c31e0e2f8fa92edc40777a26ab619073,"(1, 512, 8, 13)",1,1,0.7539609670639038,0.701482892036438,0.9999998807907104,4.4383941855130615e-08,0.0,2.384185791015625e-07,0.0
french-NF-1063,scan,bonafide,train/bonafide/scan/french-NF-1063.jpg,971f783d712f92f40802d2be31eef472e52e5b816a7a4b5e397f1e43943e5153,"(1, 512, 8, 13)",1,1,0.7533086538314819,0.7024121880531311,0.9999999403953552,4.718852508744931e-08,0.0,2.384185791015625e-07,0.0
french-NF-1063,scan,digital_1,train/attack/digital_1/scan/french-NF-1063.jpg,76e819f7131d3ec5e4a3f595eada782e91f39ddebb7d95ef3a4868995ab0761c,"(1, 512, 8, 13)",1,1,0.745914101600647,0.7128618359565735,1.0,4.768942574173707e-08,0.0,2.384185791015625e-07,0.0
french-NF-1063,scan,digital_2,train/attack/digital_2/scan/french-NF-1063.jpg,406a838843945212019381a658e56c7682c6a4791b2ed5887349da20aba441f1,"(1, 512, 8, 13)",1,1,0.7513362169265747,0.7052145600318909,1.0,6.094197857464678e-08,0.0,4.76837158203125e-07,0.0
french-NF-1095,huawei,bonafide,train/bonafide/huawei/french-NF-1095.jpg,98e471a347929801491b716f0088299e50c94c07eec27d512838ee33b3c7f3b2,"(1, 512, 8, 13)",1,1,0.7357254028320312,0.7270138263702393,0.9999998807907104,4.532336461693376e-08,0.0,2.384185791015625e-07,0.0
french-NF-1095,huawei,digital_1,train/attack/digital_1/huawei/french-NF-1095.jpg,64cdd32211d3a6476c5d8c1a506d9a27a1e54e5434d542eb0bd130a8081a2ffe,"(1, 512, 8, 13)",1,1,0.7301793098449707,0.7346029281616211,0.9999999403953552,4.8079655812216515e-08,0.0,4.76837158203125e-07,0.0
french-NF-1095,huawei,digital_2,train/attack/digital_2/huawei/french-NF-1095.jpg,b84a541146b1b1cf323cd506c35735f3c40501da842c5dc086714d7a7a627e92,"(1, 512, 8, 13)",1,1,0.7294430732727051,0.7356043457984924,0.9999998807907104,5.356340437856488e-08,0.0,2.384185791015625e-07,0.0
french-NF-1095,iphone15pro,bonafide,train/bonafide/iphone15pro/french-NF-1095.jpg,d8c3521aeeb26b03bc33a89daa21b0a87804528c0e68f1b0cc38e9e2286b4fcc,"(1, 512, 8, 14)",1,1,0.7379240989685059,0.7239833474159241,1.0,3.956387217840529e-08,0.0,2.384185791015625e-07,0.0
french-NF-1095,iphone15pro,digital_1,train/attack/digital_1/iphone15pro/french-NF-1095.jpg,34ecc7c2d309f8a1494fee5668a1ff2e2ef64f794766c1dd316f36d0ab2b682e,"(1, 512, 8, 14)",1,1,0.7365188598632812,0.7259218096733093,1.0,3.646419699521175e-08,0.0,1.1920928955078125e-07,0.0
french-NF-1095,iphone15pro,digital_2,train/attack/digital_2/iphone15pro/french-NF-1095.jpg,3ef7794e9d292da5ea9da00b674bfefc90aa8699a6dcb8d4f17a95daf2482bab,"(1, 512, 8, 14)",1,1,0.7338797450065613,0.7295479774475098,0.9999999403953552,3.6253481994208414e-08,0.0,2.384185791015625e-07,0.0
french-NF-1095,scan,bonafide,train/bonafide/scan/french-NF-1095.jpg,876e3d8315c327403223e4ac7eaba4514697c0e078698b6ee0a54c61eb9af647,"(1, 512, 8, 13)",1,1,0.7343289852142334,0.7289322018623352,1.0,5.981841866287141e-08,0.0,4.76837158203125e-07,0.0
french-NF-1095,scan,digital_1,train/attack/digital_1/scan/french-NF-1095.jpg,b21800c41ef36961b4126bafa8e889c6a6bf79635b12ab623f438ee2ccfcdde3,"(1, 512, 8, 13)",1,1,0.7356112003326416,0.7271709442138672,1.0,5.207308007015854e-08,0.0,3.5762786865234375e-07,0.0
french-NF-1095,scan,digital_2,train/attack/digital_2/scan/french-NF-1095.jpg,e99016e5d89650270dd7e1e11dc91b59ecafa36e513489d7aaa744d43ae89ab5,"(1, 512, 8, 13)",1,1,0.7369659543037415,0.7253055572509766,1.0,6.221748805046445e-08,0.0,4.76837158203125e-07,0.0
french-NF-1110,huawei,bonafide,train/bonafide/huawei/french-NF-1110.jpg,7e4c76213f6d1ffb45d6e87df22e75044e6f6e12d39b2a6a2ab790c56647b5ce,"(1, 512, 8, 13)",1,1,0.7460110187530518,0.7127257585525513,1.0000001192092896,4.456236979422101e-08,0.0,2.384185791015625e-07,0.0
french-NF-1110,huawei,digital_1,train/attack/digital_1/huawei/french-NF-1110.jpg,e806eba28147e95d1da00355a896d395e861f238ef8ac19673b34cdcfd9a3ee9,"(1, 512, 8, 13)",1,1,0.7377123832702637,0.724275529384613,1.0,4.2494207264098804e-08,0.0,2.384185791015625e-07,0.0
french-NF-1110,huawei,digital_2,train/attack/digital_2/huawei/french-NF-1110.jpg,c20dea4265521283f13cf41f5e000dbc5ce06e91dbc3b1ee69fc1a01e467ced7,"(1, 512, 8, 13)",1,1,0.7395163178443909,0.7217806577682495,0.9999999403953552,5.457649976392531e-08,0.0,4.76837158203125e-07,0.0
french-NF-1110,iphone15pro,bonafide,train/bonafide/iphone15pro/french-NF-1110.jpg,453fbdbcea252a4ea04b4af5a34d6251d7cd4f7cc052a5ff1de66c89e8cadbf7,"(1, 512, 8, 13)",1,1,0.7494729161262512,0.707851767539978,1.0000001192092896,5.222766219503683e-08,0.0,2.384185791015625e-07,0.0
french-NF-1110,iphone15pro,digital_1,train/attack/digital_1/iphone15pro/french-NF-1110.jpg,bccb312bfd81fb8ece8931d8f78b38d3f173e017a83fbcca4d6053239bc4adf3,"(1, 512, 8, 13)",1,1,0.7476613521575928,0.7104065418243408,0.9999999403953552,5.2523560611916764e-08,0.0,2.384185791015625e-07,0.0
french-NF-1110,iphone15pro,digital_2,train/attack/digital_2/iphone15pro/french-NF-1110.jpg,05c006dae0fb76be5ba0f36684d259512995a6ba8df1689032c4e6955c713032,"(1, 512, 8, 13)",1,1,0.7460018396377563,0.7127385139465332,1.0,5.2118998894457036e-08,0.0,4.76837158203125e-07,0.0
french-NF-1110,scan,bonafide,train/bonafide/scan/french-NF-1110.jpg,2b691e609efa50dc889d677f9062eb40cc94acc1287bd8a6a8ce0263035c2563,"(1, 512, 8, 13)",1,1,0.7524634003639221,0.703614354133606,1.0,5.465689056904921e-08,0.0,4.76837158203125e-07,0.0
french-NF-1110,scan,digital_1,train/attack/digital_1/scan/french-NF-1110.jpg,35133079489e3c99394d3929913005bde343934e8947880c913224ceac5d82c4,"(1, 512, 8, 13)",1,1,0.7434399724006653,0.7163240909576416,1.0,6.04031740181199e-08,0.0,4.76837158203125e-07,0.0
french-NF-1110,scan,digital_2,train/attack/digital_2/scan/french-NF-1110.jpg,fd67866a0d66a906da37fa60e193d78a470a08eb1273f518ba485816f959ebcb,"(1, 512, 8, 13)",1,1,0.7436416745185852,0.7160423994064331,1.0,6.370857619231174e-08,0.0,4.76837158203125e-07,0.0
french-NM-1070,huawei,bonafide,train/bonafide/huawei/french-NM-1070.jpg,edc8a920af1f5f6c128bd073b97ad6d9f6fc8b2c55b334839b3263db4ddcb0ae,"(1, 512, 8, 14)",1,1,0.7273145914077759,0.7384922504425049,0.9999999403953552,3.6030716188406586e-08,0.0,2.384185791015625e-07,0.0
french-NM-1070,huawei,digital_1,train/attack/digital_1/huawei/french-NM-1070.jpg,2655312b378174beab16f1f70a211a30a914cb607745c9829b124a329b9fb045,"(1, 512, 8, 14)",1,1,0.724894642829895,0.7417619824409485,1.0,3.7921459750123176e-08,0.0,2.384185791015625e-07,0.0
french-NM-1070,huawei,digital_2,train/attack/digital_2/huawei/french-NM-1070.jpg,4cbe88e0789321af583a2ba9fff0dbf2b5570a1899cccb18830de6bc092ef097,"(1, 512, 8, 14)",1,1,0.7266515493392944,0.7393895387649536,1.0,4.374581052957183e-08,0.0,4.76837158203125e-07,0.0
french-NM-1070,iphone15pro,bonafide,train/bonafide/iphone15pro/french-NM-1070.jpg,1cf61a9bfb9e29045fa4c7965d5ea6178fa75b79f59f7179b8738cbc78d22a0b,"(1, 512, 8, 13)",1,1,0.7535625696182251,0.702050507068634,1.0,5.03611907731738e-08,0.0,2.384185791015625e-07,0.0
french-NM-1070,iphone15pro,digital_1,train/attack/digital_1/iphone15pro/french-NM-1070.jpg,581234a91cfb4873ee82c28a17e00985c8ea4c9399768b0e1682ac7ef7eab7b6,"(1, 512, 8, 13)",1,1,0.7558459043502808,0.6987906694412231,0.9999998807907104,5.2118316773430706e-08,0.0,2.384185791015625e-07,0.0
french-NM-1070,iphone15pro,digital_2,train/attack/digital_2/iphone15pro/french-NM-1070.jpg,e789240d84c33afa0d417f8b699de0ba3576a2b9f156f8a4d693dcc518246a94,"(1, 512, 8, 13)",1,1,0.7521649599075317,0.704038143157959,1.0,5.024825711075209e-08,0.0,4.76837158203125e-07,0.0
french-NM-1070,scan,bonafide,train/bonafide/scan/french-NM-1070.jpg,b1dab74e96315bca2e6e9532005755733e1f1f834a7048414563024482260673,"(1, 512, 8, 13)",1,1,0.7359915971755981,0.7266474962234497,1.0,4.837057332451877e-08,0.0,2.384185791015625e-07,0.0
french-NM-1070,scan,digital_1,train/attack/digital_1/scan/french-NM-1070.jpg,f3c7a2d3ded77a16a08e88e19d156b5e5b43d46dda845649efab9ac2ee7ce84e,"(1, 512, 8, 13)",1,1,0.7191202640533447,0.7495061755180359,0.9999998807907104,4.791223773281672e-08,0.0,2.384185791015625e-07,0.0
french-NM-1070,scan,digital_2,train/attack/digital_2/scan/french-NM-1070.jpg,37a8ce399c0156c9253ceb771377f776f4ddd811f8b50431f8c912968ee4bccd,"(1, 512, 8, 13)",1,1,0.7412358522415161,0.7193946242332458,0.9999998807907104,5.466151975497269e-08,0.0,2.384185791015625e-07,0.0
french-NM-1104,huawei,bonafide,train/bonafide/huawei/french-NM-1104.jpg,7dcedd3aa10391023ea5f449341f25bdb3058e3302ac39c832bf3583058d6b68,"(1, 512, 8, 13)",1,1,0.7423200607299805,0.7178857326507568,1.0,5.354395682388713e-08,0.0,4.76837158203125e-07,0.0
french-NM-1104,huawei,digital_1,train/attack/digital_1/huawei/french-NM-1104.jpg,b0347a66aa6c34e1ed1cd674546703fca3e9baec6b2f72de364290b8d40dfc91,"(1, 512, 8, 13)",1,1,0.7312796115875244,0.7331035733222961,0.9999999403953552,4.6488587202020426e-08,0.0,2.384185791015625e-07,0.0
french-NM-1104,huawei,digital_2,train/attack/digital_2/huawei/french-NM-1104.jpg,a1af5e50fab2c8b3f00670ea9f571e1bef1d21acd3a371b59d6010d2993a4e2a,"(1, 512, 8, 13)",1,1,0.7368954420089722,0.7254028916358948,1.0,5.1638590292668596e-08,0.0,2.384185791015625e-07,0.0
french-NM-1104,iphone15pro,bonafide,train/bonafide/iphone15pro/french-NM-1104.jpg,69626040c085cb3d0a7379bac22166b7a0a83e0221f8e88c3c9c9bde2b3ad0cf,"(1, 512, 8, 13)",1,1,0.7568188905715942,0.6973966956138611,1.0,5.13659799139532e-08,0.0,3.5762786865234375e-07,0.0
french-NM-1104,iphone15pro,digital_1,train/attack/digital_1/iphone15pro/french-NM-1104.jpg,62168b4a0d526e744d99402bb68e77f5234b28f1afb97a454797f4c75c73eacc,"(1, 512, 8, 13)",1,1,0.731360912322998,0.7329927086830139,0.9999998807907104,5.321895457655046e-08,0.0,2.384185791015625e-07,0.0
french-NM-1104,iphone15pro,digital_2,train/attack/digital_2/iphone15pro/french-NM-1104.jpg,8138e631ef45d9616e1533f3de2a7459f2ff9f7610a22c62cbb9be5b4bed6bca,"(1, 512, 8, 13)",1,1,0.7483624219894409,0.7094189524650574,1.0,5.489451382345578e-08,0.0,4.76837158203125e-07,0.0
french-NM-1104,scan,bonafide,train/bonafide/scan/french-NM-1104.jpg,363c36998e7dcbf811ecb97a5aa80df3e471f1fc6d8802edfe86c8fab2cdfe58,"(1, 512, 8, 13)",1,1,0.7502179741859436,0.7067985534667969,0.9999998211860657,5.103517253246537e-08,0.0,2.384185791015625e-07,0.0
french-NM-1104,scan,digital_1,train/attack/digital_1/scan/french-NM-1104.jpg,ef83dbd5710a3daca8aa6cdf830fa98ec2d9ad2891237c7ef9324e996f4494ce,"(1, 512, 8, 13)",1,1,0.7411394119262695,0.7195283770561218,1.0000001192092896,5.194621977011593e-08,0.0,2.384185791015625e-07,0.0
french-NM-1104,scan,digital_2,train/attack/digital_2/scan/french-NM-1104.jpg,c0454d255e183f7435d8025f04e57b4389dea345c5c6fd88b38322f3ca811a86,"(1, 512, 8, 13)",1,1,0.7478536367416382,0.7101356387138367,0.9999998807907104,6.668268781595543e-08,0.0,4.76837158203125e-07,0.0
indian-012_03,huawei,bonafide,train/bonafide/huawei/indian-012_03.jpg,6a2b97baa36275579ea8d60e0498a820bb1b1554a8d4a1634af9a0eef562fac4,"(1, 512, 8, 13)",1,1,0.7494931221008301,0.7078232169151306,1.0,6.111163486366422e-08,0.0,4.76837158203125e-07,0.0
indian-012_03,huawei,digital_1,train/attack/digital_1/huawei/indian-012_03.jpg,2035edd3c2d86cc4da20b0340684a404ea9832f172b3dbd580149250b9181e55,"(1, 512, 8, 13)",1,1,0.749222993850708,0.7082047462463379,0.9999998807907104,5.923560664200522e-08,0.0,4.76837158203125e-07,0.0
indian-012_03,huawei,digital_2,train/attack/digital_2/huawei/indian-012_03.jpg,061f182a135e8975056fe732ad12b2a57a2b0751c1b38abf0442b6231be0269c,"(1, 512, 8, 13)",1,1,0.7471098303794861,0.7111823558807373,1.0,5.732191610263726e-08,0.0,4.76837158203125e-07,0.0
indian-012_03,iphone15pro,bonafide,train/bonafide/iphone15pro/indian-012_03.jpg,a27eb74ba2d0b507c24195a86dc85febb621ee7a7a56309f50ce03703b4a4f6e,"(1, 512, 8, 13)",1,1,0.7403900027275085,0.7205693125724792,1.0000001192092896,5.205480846370847e-08,0.0,2.384185791015625e-07,0.0
indian-012_03,iphone15pro,digital_1,train/attack/digital_1/iphone15pro/indian-012_03.jpg,54f7f508e98bfef10ecec0008bfd2364852340d8a45af4a03b928742c5d88f5e,"(1, 512, 8, 13)",1,1,0.7435360550880432,0.7161898612976074,1.0,6.192754398171019e-08,0.0,4.76837158203125e-07,0.0
indian-012_03,iphone15pro,digital_2,train/attack/digital_2/iphone15pro/indian-012_03.jpg,c1277eec0f3bc21ce8b54a1d857cc9e5e8df6a3b8d82e28d14bfa23f69249512,"(1, 512, 8, 13)",1,1,0.7466586828231812,0.7118165493011475,1.0,5.113902901143774e-08,0.0,2.384185791015625e-07,0.0
indian-012_03,scan,bonafide,train/bonafide/scan/indian-012_03.jpg,f96311d3d13f50000c6583eced4b0cf84ff010b2a55b356ebd791062f5ff38f6,"(1, 512, 8, 13)",1,1,0.7429524660110474,0.7170041799545288,1.0,3.758229638606281e-08,0.0,2.384185791015625e-07,0.0
indian-012_03,scan,digital_1,train/attack/digital_1/scan/indian-012_03.jpg,47462a2521fc278a6d699026c157072edf341a9f0867d5e323731a0b2703a75e,"(1, 512, 8, 13)",1,1,0.7449086308479309,0.7142707705497742,0.9999999403953552,4.98827361639087e-08,0.0,2.384185791015625e-07,0.0
indian-012_03,scan,digital_2,train/attack/digital_2/scan/indian-012_03.jpg,5a2bcab6866a5bc106ab10d63fbaeafedab2a6c3a26b34d2eec912aa0fc98dae,"(1, 512, 8, 13)",1,1,0.7363799810409546,0.7261130809783936,1.0,4.374624751335432e-08,0.0,2.384185791015625e-07,0.0
indian-037_03,huawei,bonafide,train/bonafide/huawei/indian-037_03.jpg,9cb4fe5e6ae03412351d169747558a1f2274908ff267064794f523d472d7c885,"(1, 512, 8, 13)",1,1,0.7418395280838013,0.7185547947883606,1.0,5.529043178853499e-08,0.0,2.384185791015625e-07,0.0
indian-037_03,huawei,digital_1,train/attack/digital_1/huawei/indian-037_03.jpg,4f741148c9cc5be28e2b9a4bdf0342a52306639be669d3efbbca86fdbd76320a,"(1, 512, 8, 13)",1,1,0.7434209585189819,0.7163505554199219,1.0,4.57395543662642e-08,0.0,2.384185791015625e-07,0.0
indian-037_03,huawei,digital_2,train/attack/digital_2/huawei/indian-037_03.jpg,69982f9ca8cd15977d7db03ef5ea5842045e4e9e7016886feb5496ecdbd2ba3b,"(1, 512, 8, 13)",1,1,0.742671012878418,0.7173967361450195,1.0,5.6118658164905355e-08,0.0,2.384185791015625e-07,0.0
indian-037_03,iphone15pro,bonafide,train/bonafide/iphone15pro/indian-037_03.jpg,2945de2ac1b5a4f36942fde16473ef70492d7ca37bb6a597c79cd50a7437bd2c,"(1, 512, 8, 14)",1,1,0.7362778186798096,0.7262537479400635,1.0000001192092896,3.610960064293067e-08,0.0,2.384185791015625e-07,0.0
indian-037_03,iphone15pro,digital_1,train/attack/digital_1/iphone15pro/indian-037_03.jpg,e2384ddad3e0aab41a766f4a0ce34a0c15357b1f10fbd6372380730122f5be9e,"(1, 512, 8, 14)",1,1,0.7422178983688354,0.7180279493331909,1.0,3.8070947283586065e-08,0.0,2.384185791015625e-07,0.0
indian-037_03,iphone15pro,digital_2,train/attack/digital_2/iphone15pro/indian-037_03.jpg,6631d40a64fdfff4772f5fb7df49047c540a0d7ab6a64cdf3e0aa27309c272c7,"(1, 512, 8, 14)",1,1,0.7427961826324463,0.7172221541404724,1.0,6.223692849971485e-08,0.0,4.76837158203125e-07,0.0
indian-037_03,scan,bonafide,train/bonafide/scan/indian-037_03.jpg,79064e6b087ce48d429ff748eb364aeb061c9e220f0f31453bdf651cee997500,"(1, 512, 8, 13)",1,1,0.7409145832061768,0.7198408246040344,1.0000001192092896,6.127844898173862e-08,0.0,4.76837158203125e-07,0.0
indian-037_03,scan,digital_1,train/attack/digital_1/scan/indian-037_03.jpg,2a9e2c25cf2480cf20aaedfe4a26c69e786ccb4cdffda6738ea6ce524153b1fa,"(1, 512, 8, 13)",1,1,0.7439059019088745,0.7156733274459839,1.0,6.00910468051552e-08,0.0,4.76837158203125e-07,0.0
indian-037_03,scan,digital_2,train/attack/digital_2/scan/indian-037_03.jpg,7b2ba9e297f676a4e2de7640462cc0b84d9e640c7610dc96870de9587710d1a9,"(1, 512, 8, 13)",1,1,0.7409485578536987,0.7197935581207275,1.0,5.363527577628702e-08,0.0,4.76837158203125e-07,0.0
indian-038_03,huawei,bonafide,train/bonafide/huawei/indian-038_03.jpg,b241f980b4461c4d3c9da7f2144314f4bf71122c1e4f72451ee978f4826a3b42,"(1, 512, 8, 13)",1,1,0.7324517965316772,0.7315028309822083,1.0,4.825787769391354e-08,0.0,2.384185791015625e-07,0.0
indian-038_03,huawei,digital_1,train/attack/digital_1/huawei/indian-038_03.jpg,40868a91790ef850322a084a859efbd6cb11660f6139a45b4b59566e97239af0,"(1, 512, 8, 13)",1,1,0.7323262691497803,0.7316744923591614,1.0000001192092896,4.752335769353522e-08,0.0,4.76837158203125e-07,0.0
indian-038_03,huawei,digital_2,train/attack/digital_2/huawei/indian-038_03.jpg,e393d4d2d4de7e3cb5bde6eaa5977afedd666024e9c8c147cf406cc032339bc9,"(1, 512, 8, 13)",1,1,0.7295012474060059,0.7355252504348755,1.0000001192092896,6.298697741158321e-08,0.0,4.76837158203125e-07,0.0
indian-038_03,iphone15pro,bonafide,train/bonafide/iphone15pro/indian-038_03.jpg,30f4413f6d5fb0c6e29f47c5231b229c5f1f67ac96dff4ebfdb4d9d9352d367d,"(1, 512, 8, 13)",1,1,0.7454156875610352,0.7135604023933411,1.0000001192092896,6.347620740143611e-08,0.0,4.76837158203125e-07,0.0
indian-038_03,iphone15pro,digital_1,train/attack/digital_1/iphone15pro/indian-038_03.jpg,fc2228bb2565e25c57c3fb6a55dff5346717f71bcd81f5ee36b0d7472997bc77,"(1, 512, 8, 13)",1,1,0.7405707836151123,0.7203182578086853,0.9999998807907104,5.2575213516092845e-08,0.0,2.384185791015625e-07,0.0
indian-038_03,iphone15pro,digital_2,train/attack/digital_2/iphone15pro/indian-038_03.jpg,dd93f57d17db2784c0b06b1ec619ad2d6e4362f21beebd804fd2619346dfe814,"(1, 512, 8, 13)",1,1,0.7383311986923218,0.7234206795692444,1.0,5.9530151474973536e-08,0.0,4.76837158203125e-07,0.0
indian-038_03,scan,bonafide,train/bonafide/scan/indian-038_03.jpg,e4ba1ac82e02014bf89f24520cce6a0b3d1a6b478406ad4afe7e33174ba299cb,"(1, 512, 8, 13)",1,1,0.7480665445327759,0.7098358869552612,0.9999999403953552,5.038835126924823e-08,0.0,4.76837158203125e-07,0.0
indian-038_03,scan,digital_1,train/attack/digital_1/scan/indian-038_03.jpg,41631a9ac9c98565a452d241474d4354d98c343c26a50d7e5df70a825848fbc9,"(1, 512, 8, 13)",1,1,0.7393776178359985,0.7219727039337158,1.0,4.9732093998500204e-08,0.0,3.5762786865234375e-07,0.0
indian-038_03,scan,digital_2,train/attack/digital_2/scan/indian-038_03.jpg,287921a6e30a2d3407405237c572dd66f350e3a0ade422fab42a9a2a979ea70e,"(1, 512, 8, 13)",1,1,0.7432195544242859,0.7166315317153931,1.0,4.857889734921628e-08,0.0,2.384185791015625e-07,0.0
indian-094_03,huawei,bonafide,train/bonafide/huawei/indian-094_03.jpg,8acb9db6575772690290bccfa33d3d740b92c8edd9356d37cd100cb28a4e72d8,"(1, 512, 8, 13)",1,1,0.741620659828186,0.7188592553138733,1.0,5.413176751289939e-08,0.0,2.384185791015625e-07,0.0
indian-094_03,huawei,digital_1,train/attack/digital_1/huawei/indian-094_03.jpg,5f8a57461b1a4e227d52949c910015a1faa292a39728afcc9460d79a1b1ad222,"(1, 512, 8, 13)",1,1,0.7374337911605835,0.7246600985527039,0.9999998807907104,5.949658543613623e-08,0.0,4.76837158203125e-07,0.0
indian-094_03,huawei,digital_2,train/attack/digital_2/huawei/indian-094_03.jpg,b994fc85bf13962d260d4d0ec94a6598222544dca4afb7b5c5d0b995961c3f04,"(1, 512, 8, 13)",1,1,0.7390463948249817,0.7224312424659729,0.9999999403953552,4.565272604395432e-08,0.0,2.384185791015625e-07,0.0
indian-094_03,iphone15pro,bonafide,train/bonafide/iphone15pro/indian-094_03.jpg,3ab5f88c0062489133d61b85956c24a070ed893c3948fbee2c4d6cf23b944967,"(1, 512, 8, 13)",1,1,0.7435778379440308,0.716131329536438,1.0,4.482430071561794e-08,0.0,2.384185791015625e-07,0.0
indian-094_03,iphone15pro,digital_1,train/attack/digital_1/iphone15pro/indian-094_03.jpg,db0b2b3d1b1b7150b7a898711cd9d7c33a17920d86197ab180dbe8773269d081,"(1, 512, 8, 13)",1,1,0.7347560524940491,0.7283459305763245,1.0,4.996431002268764e-08,0.0,3.5762786865234375e-07,0.0
indian-094_03,iphone15pro,digital_2,train/attack/digital_2/iphone15pro/indian-094_03.jpg,8289d7db8f891a24e29261ff9643fc4ffa2dab5d5c01caa5b8ebba3e33f97a4a,"(1, 512, 8, 13)",1,1,0.7319985628128052,0.7321221828460693,0.9999999403953552,5.733101815508235e-08,0.0,4.76837158203125e-07,0.0
indian-094_03,scan,bonafide,train/bonafide/scan/indian-094_03.jpg,6c03306f9dd82f2998904633261006c613b14914e42e2d3ba19efc7952fff826,"(1, 512, 8, 13)",1,1,0.7517741322517395,0.704593300819397,1.0000001192092896,5.906406030931066e-08,0.0,4.76837158203125e-07,0.0
indian-094_03,scan,digital_1,train/attack/digital_1/scan/indian-094_03.jpg,64dac1afa02548f5411d09f26a0f8f8acb2b4a6f3179a68639418a7c3743d2a5,"(1, 512, 8, 13)",1,1,0.748234212398529,0.7095996141433716,1.0,4.779716888947405e-08,0.0,2.384185791015625e-07,0.0
indian-094_03,scan,digital_2,train/attack/digital_2/scan/indian-094_03.jpg,97d8bf3aa5cc6f1e1b73897935412880338a6ba2df38459de08a59793eb80415,"(1, 512, 8, 13)",1,1,0.7456074953079224,0.7132917046546936,1.0,6.625950277339143e-08,0.0,7.152557373046875e-07,0.0
indian-108_03,huawei,bonafide,train/bonafide/huawei/indian-108_03.jpg,39b80db56e70ffec2cb751bb7c7a089a26d0712c3db48b796688319f391d5e5d,"(1, 512, 8, 13)",1,1,0.7563508152961731,0.6980675458908081,1.0,5.227303745414247e-08,0.0,4.76837158203125e-07,0.0
indian-108_03,huawei,digital_1,train/attack/digital_1/huawei/indian-108_03.jpg,a75e37261d57edb82e96f97766882878aa4109fb0cfb5a5b4e9065d133544600,"(1, 512, 8, 13)",1,1,0.7524358630180359,0.7036533951759338,1.0000001192092896,5.484615783757363e-08,0.0,4.76837158203125e-07,0.0
indian-108_03,huawei,digital_2,train/attack/digital_2/huawei/indian-108_03.jpg,cf4d09524508443a601794bcf1eb78828cb32124d330048669f2c660d54b2143,"(1, 512, 8, 13)",1,1,0.7508842945098877,0.7058550715446472,1.0,5.296170968449587e-08,0.0,4.76837158203125e-07,0.0
indian-108_03,iphone15pro,bonafide,train/bonafide/iphone15pro/indian-108_03.jpg,1bcae110b00f1f89d825e84181963848d047d5310f6b18da99b0b6b3df263b5c,"(1, 512, 8, 13)",1,1,0.7573986649513245,0.6965649127960205,1.0,5.2093383828832884e-08,0.0,2.384185791015625e-07,0.0
indian-108_03,iphone15pro,digital_1,train/attack/digital_1/iphone15pro/indian-108_03.jpg,77c9461f30cdc53bc3e28c07cf17c914fbc1ed4d09d7996acb5b8445f8bbf25e,"(1, 512, 8, 13)",1,1,0.7551820874214172,0.6997397541999817,0.9999998807907104,5.170168648760409e-08,0.0,2.384185791015625e-07,0.0
indian-108_03,iphone15pro,digital_2,train/attack/digital_2/iphone15pro/indian-108_03.jpg,5be8657f2e1573e9c68e0fbb087dacae233a8ddd575778f05711cd5099098144,"(1, 512, 8, 13)",1,1,0.7564219832420349,0.6979655623435974,1.0,6.767233884374946e-08,0.0,4.76837158203125e-07,0.0
indian-108_03,scan,bonafide,train/bonafide/scan/indian-108_03.jpg,54502988fe1989828a4888e98e3e952304828be09def9756b97b29fd86819517,"(1, 512, 8, 13)",1,1,0.7379293441772461,0.723976194858551,1.0,5.335970598707718e-08,0.0,4.76837158203125e-07,0.0
indian-108_03,scan,digital_1,train/attack/digital_1/scan/indian-108_03.jpg,da90895421cb9d8ecc199e5eefde27215f1269e867b08476c252d15b5c7a44c6,"(1, 512, 8, 13)",1,1,0.7405940890312195,0.720285952091217,0.9999998807907104,5.348581666453356e-08,0.0,3.5762786865234375e-07,0.0
indian-108_03,scan,digital_2,train/attack/digital_2/scan/indian-108_03.jpg,acafe632e0d91d7e431e5158e912a4a30681d32049df62c610be207956771718,"(1, 512, 8, 13)",1,1,0.7388266324996948,0.722735583782196,1.0,4.887179017032395e-08,0.0,2.384185791015625e-07,0.0
indian-NF-1006,huawei,bonafide,train/bonafide/huawei/indian-NF-1006.jpg,585a6312099271482f1e807da2175b54f4f028ddb09e1b29257acdd1ec5e8ec9,"(1, 512, 8, 13)",1,1,0.7142963409423828,0.7559148073196411,0.9999999403953552,5.706754535594882e-08,0.0,4.76837158203125e-07,0.0
indian-NF-1006,huawei,digital_1,train/attack/digital_1/huawei/indian-NF-1006.jpg,2ce8d2055903a092371bf2ce94d139f811ac40339fc72cb042354bc54dbd7afc,"(1, 512, 8, 13)",1,1,0.7115855813026428,0.7594924569129944,0.9999999403953552,5.322618079617314e-08,0.0,2.384185791015625e-07,0.0
indian-NF-1006,huawei,digital_2,train/attack/digital_2/huawei/indian-NF-1006.jpg,21172342687f8249323de1569898309e0b9716de3184321579561b5743b4b7be,"(1, 512, 8, 13)",1,1,0.7106485366821289,0.7607253789901733,1.0,5.339871123055673e-08,0.0,2.384185791015625e-07,0.0
indian-NF-1006,iphone15pro,bonafide,train/bonafide/iphone15pro/indian-NF-1006.jpg,5f060bbca4306d9f56d4450580209bd22a27370402ef0de9695e245d287a66ce,"(1, 512, 8, 13)",1,1,0.7236097455024719,0.7434921264648438,1.0,6.008581721062001e-08,0.0,4.76837158203125e-07,0.0
indian-NF-1006,iphone15pro,digital_1,train/attack/digital_1/iphone15pro/indian-NF-1006.jpg,85d4e1fb889622919b2e595ddecef8ed1085d64b4e4e534b0d15f854d0589220,"(1, 512, 8, 13)",1,1,0.7151585817337036,0.7547734975814819,1.0,5.817857129386539e-08,0.0,4.76837158203125e-07,0.0
indian-NF-1006,iphone15pro,digital_2,train/attack/digital_2/iphone15pro/indian-NF-1006.jpg,f9f17cd2345864b96a53120df3db7e2bc23ed6ed411e840f755cbb9127095463,"(1, 512, 8, 13)",1,1,0.7207996845245361,0.7472620010375977,1.0,5.2285599849710707e-08,0.0,2.384185791015625e-07,0.0
indian-NF-1006,scan,bonafide,train/bonafide/scan/indian-NF-1006.jpg,4f8c26b0bc20a58e84134e0103b40f54bb4511dd1409dfe1553be4eb6fec339d,"(1, 512, 8, 13)",1,1,0.7366296052932739,0.7257689833641052,0.9999999403953552,6.449430145494262e-08,0.0,4.76837158203125e-07,0.0
indian-NF-1006,scan,digital_1,train/attack/digital_1/scan/indian-NF-1006.jpg,1a0e393c4c73a7db5de8ac55173094d87d03a4385895773afe7416ea50f9fa84,"(1, 512, 8, 13)",1,1,0.7365640997886658,0.7258594036102295,0.9999999403953552,6.067354263450397e-08,0.0,4.76837158203125e-07,0.0
indian-NF-1006,scan,digital_2,train/attack/digital_2/scan/indian-NF-1006.jpg,c7fb42306b3d2917d55fad128742d264a18d33031099bc735952fefe5ea49678,"(1, 512, 8, 13)",1,1,0.7336822748184204,0.7298188209533691,1.0,5.6925639313476495e-08,0.0,3.5762786865234375e-07,0.0
indian-NF-1025,huawei,bonafide,train/bonafide/huawei/indian-NF-1025.jpg,2a6763bf194dd340d336c79d12291c5556e46047916bf229ae58cf7c80ca1882,"(1, 512, 8, 13)",1,1,0.7505219578742981,0.7063681483268738,1.0,5.098012678672603e-08,0.0,3.5762786865234375e-07,0.0
indian-NF-1025,huawei,digital_1,train/attack/digital_1/huawei/indian-NF-1025.jpg,66c4ee0b0744b6690516e48063d6a1dbadda19c035796b1c3715c5a8c06c99bc,"(1, 512, 8, 13)",1,1,0.7501152753829956,0.7069435119628906,1.0,5.7552956178597015e-08,0.0,4.76837158203125e-07,0.0
indian-NF-1025,huawei,digital_2,train/attack/digital_2/huawei/indian-NF-1025.jpg,a37f910ac75bfb0be99d90d8d1da51f08a5edb24dd3482cbbc10321d6b70ea75,"(1, 512, 8, 13)",1,1,0.7431447505950928,0.7167359590530396,0.9999999403953552,5.3689628742858986e-08,0.0,4.76837158203125e-07,0.0
indian-NF-1025,iphone15pro,bonafide,train/bonafide/iphone15pro/indian-NF-1025.jpg,76b8e03b75015499b6f5285ca46b70d33a45c8efa26314c2b67cbdad0944d27d,"(1, 512, 8, 14)",1,1,0.7505848407745361,0.7062792778015137,1.0,4.20776764542552e-08,0.0,2.384185791015625e-07,0.0
indian-NF-1025,iphone15pro,digital_1,train/attack/digital_1/iphone15pro/indian-NF-1025.jpg,770059d242291f6a8f4ef755ae9cb16aa37068134ea174bcb4e9b059be226d19,"(1, 512, 8, 14)",1,1,0.75017249584198,0.7068626880645752,1.0000001192092896,4.415187504491769e-08,0.0,4.76837158203125e-07,0.0
indian-NF-1025,iphone15pro,digital_2,train/attack/digital_2/iphone15pro/indian-NF-1025.jpg,481aa85c73d6775b075685c71160314a998800b47987ef2d45540be8d7f668c2,"(1, 512, 8, 14)",1,1,0.7430378198623657,0.7168851494789124,1.0,3.544067084249036e-08,0.0,2.384185791015625e-07,0.0
indian-NF-1025,scan,bonafide,train/bonafide/scan/indian-NF-1025.jpg,905a2f7ec5ec470866ea18c0b702a2cf07cd35983cc15f9ec5f206f7aecce716,"(1, 512, 8, 13)",1,1,0.7459443807601929,0.7128190994262695,0.9999998807907104,4.9297707249706946e-08,0.0,3.5762786865234375e-07,0.0
indian-NF-1025,scan,digital_1,train/attack/digital_1/scan/indian-NF-1025.jpg,98a96cc3a3ba607fe874647f1ebda909f093233c7d6caf0bfa184b0b142604f2,"(1, 512, 8, 13)",1,1,0.7412790656089783,0.7193341851234436,1.0000001192092896,5.7847394430154964e-08,0.0,4.76837158203125e-07,0.0
indian-NF-1025,scan,digital_2,train/attack/digital_2/scan/indian-NF-1025.jpg,819d0daf68e0a67b2847e4d10e0c359665dc757f12a969a77471fe13aceb7492,"(1, 512, 8, 13)",1,1,0.7470115423202515,0.7113204598426819,1.0,5.6323617769749035e-08,0.0,3.5762786865234375e-07,0.0
indian-NF-1039,huawei,bonafide,train/bonafide/huawei/indian-NF-1039.jpg,c68350fd5c895fc68a5aa8386996da6abf62f2f31fa71d8c4722b019b3e264b4,"(1, 512, 8, 13)",1,1,0.7307583093643188,0.7338142991065979,0.9999999403953552,5.2368839931205e-08,0.0,2.384185791015625e-07,0.0
indian-NF-1039,huawei,digital_1,train/attack/digital_1/huawei/indian-NF-1039.jpg,873872b03d1bbf596553ff8b860fb9e61b9d1a01bbab1bc5e3d91453ed2f7a77,"(1, 512, 8, 13)",1,1,0.7282924652099609,0.7371670007705688,1.0,5.9243067340730704e-08,0.0,4.76837158203125e-07,0.0
indian-NF-1039,huawei,digital_2,train/attack/digital_2/huawei/indian-NF-1039.jpg,a7f7c97ef4afe2701654ba10108adcb8011c4b5acc827eaf4fa4031fade3fe27,"(1, 512, 8, 13)",1,1,0.7333614230155945,0.7302583456039429,1.0000001192092896,5.7173220824324744e-08,0.0,4.76837158203125e-07,0.0
indian-NF-1039,iphone15pro,bonafide,train/bonafide/iphone15pro/indian-NF-1039.jpg,5f8025af2746343e5a2c3b087e1c3c703cd8a439e2d26f94310fd0713882e6a0,"(1, 512, 8, 13)",1,1,0.7270442843437195,0.7388581037521362,1.0,5.2344780954172165e-08,0.0,4.76837158203125e-07,0.0
indian-NF-1039,iphone15pro,digital_1,train/attack/digital_1/iphone15pro/indian-NF-1039.jpg,8f2d79190de3b2afdf10bfda44a59a2339646b293d14f4250cb4ca5b5a4ad2cd,"(1, 512, 8, 13)",1,1,0.7291691303253174,0.7359765768051147,0.9999998807907104,5.6020358130126624e-08,0.0,4.76837158203125e-07,0.0
indian-NF-1039,iphone15pro,digital_2,train/attack/digital_2/iphone15pro/indian-NF-1039.jpg,c3d6816f8921e6c27caaf7f3a7d6494cf30b32b9f050ed8481bcfbd3d6add2a6,"(1, 512, 8, 13)",1,1,0.7301742434501648,0.7346096634864807,1.0,5.1663796796219685e-08,0.0,2.384185791015625e-07,0.0
indian-NF-1039,scan,bonafide,train/bonafide/scan/indian-NF-1039.jpg,1f34c084fdeb6c26d56d96615d05543f4b868da8e374b9a9a17dc9c768e235a7,"(1, 512, 8, 13)",1,1,0.7329401969909668,0.7308349013328552,1.0,4.969313494029848e-08,0.0,2.384185791015625e-07,0.0
indian-NF-1039,scan,digital_1,train/attack/digital_1/scan/indian-NF-1039.jpg,7703d521fcf17193e0ee61d2ec56afe9f2f2e8607046ed0b46cee700bbab25ad,"(1, 512, 8, 13)",1,1,0.7324870824813843,0.7314547896385193,1.0,6.149679165901034e-08,0.0,4.76837158203125e-07,0.0
indian-NF-1039,scan,digital_2,train/attack/digital_2/scan/indian-NF-1039.jpg,128df62fa0e2066456214071fa5d1bdf24641fe42cc50d881ca7d0851735bc27,"(1, 512, 8, 13)",1,1,0.7349990606307983,0.7280123233795166,1.0,5.182621265475973e-08,0.0,3.5762786865234375e-07,0.0
indian-NF-1075,huawei,bonafide,train/bonafide/huawei/indian-NF-1075.jpg,f740daedb2926a2d10817efd3b0251dd2f7a64af899b41eb345490ec8dc090b6,"(1, 512, 8, 13)",1,1,0.72923743724823,0.7358839511871338,0.9999999403953552,4.5463586673122336e-08,0.0,2.384185791015625e-07,0.0
indian-NF-1075,huawei,digital_1,train/attack/digital_1/huawei/indian-NF-1075.jpg,872ccb5e376c236965590a27c360a7c9b1856224e38725acbdfac100c7808dfd,"(1, 512, 8, 13)",1,1,0.7293969392776489,0.7356670498847961,1.0000001192092896,4.389833918594377e-08,0.0,2.384185791015625e-07,0.0
indian-NF-1075,huawei,digital_2,train/attack/digital_2/huawei/indian-NF-1075.jpg,686334f2523f4a141bc5ac9a3a422c0fe7c8a246c269cc89e6710d2cbfa47621,"(1, 512, 8, 13)",1,1,0.7321418523788452,0.7319263815879822,1.0,5.652622192542367e-08,0.0,2.384185791015625e-07,0.0
indian-NF-1075,iphone15pro,bonafide,train/bonafide/iphone15pro/indian-NF-1075.jpg,ab8c1bc62b7171e1b09cd8aec48930d060cc5d6a46ec2b7ac32efb64d7c602b3,"(1, 512, 8, 13)",1,1,0.7316129207611084,0.7326487302780151,0.9999999403953552,4.5080088995064216e-08,0.0,3.5762786865234375e-07,0.0
indian-NF-1075,iphone15pro,digital_1,train/attack/digital_1/iphone15pro/indian-NF-1075.jpg,4ebd88ce79e8072d9004197887608db05145a48dc14c177582c80c4d310a7770,"(1, 512, 8, 13)",1,1,0.7313500046730042,0.7330074310302734,1.0,5.909063816034177e-08,0.0,7.152557373046875e-07,0.0
indian-NF-1075,iphone15pro,digital_2,train/attack/digital_2/iphone15pro/indian-NF-1075.jpg,dacfed24048147d74b3fb945a9988eae3d069be15b68df698e0c65f4ada47868,"(1, 512, 8, 13)",1,1,0.7332400679588318,0.7304244637489319,1.0,5.222389987125098e-08,0.0,4.76837158203125e-07,0.0
indian-NF-1075,scan,bonafide,train/bonafide/scan/indian-NF-1075.jpg,a4274708863803d8d2ef0bc689ee24a600ee007ff14efaed66e08a86dc16b034,"(1, 512, 8, 13)",1,1,0.7354727983474731,0.7273611426353455,0.9999999403953552,5.970008487565792e-08,0.0,4.76837158203125e-07,0.0
indian-NF-1075,scan,digital_1,train/attack/digital_1/scan/indian-NF-1075.jpg,dcef2892e441f4d12b8d2537e719a5d76d6c7ed136c16c61bc11b6e62effe32a,"(1, 512, 8, 13)",1,1,0.7360098361968994,0.7266222834587097,1.0,5.977805273005288e-08,0.0,4.76837158203125e-07,0.0
indian-NF-1075,scan,digital_2,train/attack/digital_2/scan/indian-NF-1075.jpg,2b4e9f6f11dbb986f8e931e5af9edfbb163f9a3d564bc837cbb640f6a0af061d,"(1, 512, 8, 13)",1,1,0.7415585517883301,0.7189456820487976,1.0,5.5493625694680304e-08,0.0,4.76837158203125e-07,0.0
indian-NF-1096,huawei,bonafide,train/bonafide/huawei/indian-NF-1096.jpg,8cea3bd763421b396211eac4828ddcacf7e07e9c43d7d47e834050aaad4fc3d4,"(1, 512, 8, 13)",1,1,0.7360738515853882,0.7265344262123108,1.0000001192092896,5.76396672613555e-08,0.0,4.76837158203125e-07,0.0
indian-NF-1096,huawei,digital_1,train/attack/digital_1/huawei/indian-NF-1096.jpg,80981eef5524abd91e8205a9365579d23b71c7d745e4d8e939804466ecd33b0d,"(1, 512, 8, 13)",1,1,0.7329436540603638,0.7308301329612732,0.9999999403953552,5.568210070805435e-08,0.0,2.384185791015625e-07,0.0
indian-NF-1096,huawei,digital_2,train/attack/digital_2/huawei/indian-NF-1096.jpg,72fc6b3ca774b3603399b5addd4a6a8c62d98f03ff876af00ad53280e862d388,"(1, 512, 8, 13)",1,1,0.7330243587493896,0.7307196855545044,0.9999999403953552,5.104304889869127e-08,0.0,2.384185791015625e-07,0.0
indian-NF-1096,iphone15pro,bonafide,train/bonafide/iphone15pro/indian-NF-1096.jpg,ab1e7c2e83e4574fced8a4f35cb9aef2f137d24dda9a5808c9bb8ad2db42cbf4,"(1, 512, 8, 13)",1,1,0.7448464632034302,0.7143577337265015,0.9999999403953552,5.802956337674914e-08,0.0,4.76837158203125e-07,0.0
indian-NF-1096,iphone15pro,digital_1,train/attack/digital_1/iphone15pro/indian-NF-1096.jpg,76ccbaca2e2df95592dfe1f8d3fbf557048e67273dc699b0df5eb26ad7cbfff5,"(1, 512, 8, 13)",1,1,0.7416954636573792,0.718755304813385,1.0,5.595638796762614e-08,0.0,4.76837158203125e-07,0.0
indian-NF-1096,iphone15pro,digital_2,train/attack/digital_2/iphone15pro/indian-NF-1096.jpg,e1f3f21aa0279f110344fd0820d38238c6c99227567e4f32be3f7dde244ae1ca,"(1, 512, 8, 13)",1,1,0.7480856776237488,0.7098088264465332,1.0,4.653235663454325e-08,0.0,3.5762786865234375e-07,0.0
indian-NF-1096,scan,bonafide,train/bonafide/scan/indian-NF-1096.jpg,dbc3e7e104756d320577edb549bfa7ae67a0bd7643b93a9ca7d1ea2bb5613e90,"(1, 512, 8, 13)",1,1,0.7404706478118896,0.7204573154449463,1.0,4.3490857137840067e-08,0.0,2.384185791015625e-07,0.0
indian-NF-1096,scan,digital_1,train/attack/digital_1/scan/indian-NF-1096.jpg,27d35a765ac5481b1b0aa756e29a425654bfbb83be1730bc1a09920a6d91bd5e,"(1, 512, 8, 13)",1,1,0.7366533279418945,0.7257364988327026,1.0,5.4748216626876456e-08,0.0,2.384185791015625e-07,0.0
indian-NF-1096,scan,digital_2,train/attack/digital_2/scan/indian-NF-1096.jpg,cd60a9339e614cc218fcfc0cc68f222d98a396c7358a6ec8b4fe25a9f199f4c6,"(1, 512, 8, 13)",1,1,0.7465677857398987,0.7119442224502563,1.0,4.657315599843059e-08,0.0,3.5762786865234375e-07,0.0
indian-NM-1058,huawei,bonafide,train/bonafide/huawei/indian-NM-1058.jpg,48d32587a3a1cab6d889786d8af28063002e95327e5d3155fe3bc47dbb54f9e7,"(1, 512, 8, 13)",1,1,0.7224047183990479,0.7451112270355225,0.9999999403953552,7.517083133734559e-08,0.0,4.76837158203125e-07,0.0
indian-NM-1058,huawei,digital_1,train/attack/digital_1/huawei/indian-NM-1058.jpg,90d8675646417e67568fb8b3e70a73f8d98097539316f310325ff7ba774afc77,"(1, 512, 8, 13)",1,1,0.7224128246307373,0.745100200176239,1.0,6.161684495964437e-08,0.0,4.76837158203125e-07,0.0
indian-NM-1058,huawei,digital_2,train/attack/digital_2/huawei/indian-NM-1058.jpg,e507df7bb5638c710fc5e7250e4806e84453d5e79b1afb678f152291f1a40dd2,"(1, 512, 8, 13)",1,1,0.7239750623703003,0.7430006265640259,0.9999998807907104,6.391616835799141e-08,0.0,4.76837158203125e-07,0.0
indian-NM-1058,iphone15pro,bonafide,train/bonafide/iphone15pro/indian-NM-1058.jpg,e017d13e4cdad0e65ca062f6735e38ebbe22e7b1fc6e3ce47ef600ca1dbb4626,"(1, 512, 8, 13)",1,1,0.7372345924377441,0.7249349355697632,0.9999998807907104,3.788577984664698e-08,0.0,2.384185791015625e-07,0.0
indian-NM-1058,iphone15pro,digital_1,train/attack/digital_1/iphone15pro/indian-NM-1058.jpg,890baee6e6a24cc418c37457db6e1ff00a889fea84e097d2ee26711a2a7d3a91,"(1, 512, 8, 13)",1,1,0.7230101823806763,0.7442981004714966,1.0,5.943914516137738e-08,0.0,4.76837158203125e-07,0.0
indian-NM-1058,iphone15pro,digital_2,train/attack/digital_2/iphone15pro/indian-NM-1058.jpg,6b9e66076c6ff5e039a71db53ecc66fb03e7abed37eb41cec65e07c90d8599ed,"(1, 512, 8, 13)",1,1,0.7309200763702393,0.733593761920929,1.0,5.2939313377464714e-08,0.0,3.5762786865234375e-07,0.0
indian-NM-1058,scan,bonafide,train/bonafide/scan/indian-NM-1058.jpg,992c4b25cbbbd618581b80cb8ca0d9bd1fca0333266bd424c0e2fe6909932513,"(1, 512, 8, 13)",1,1,0.7348387241363525,0.7282325029373169,1.0,5.1082896135312694e-08,0.0,4.76837158203125e-07,0.0
indian-NM-1058,scan,digital_1,train/attack/digital_1/scan/indian-NM-1058.jpg,fc2a669191dd5656a293040a48afd9b98361f3a9c878e86098b36fd32c455177,"(1, 512, 8, 13)",1,1,0.7281695604324341,0.7373335361480713,0.9999998807907104,5.3171046232591834e-08,0.0,4.76837158203125e-07,0.0
indian-NM-1058,scan,digital_2,train/attack/digital_2/scan/indian-NM-1058.jpg,581c9d6b61b40b70e22b9db083a783c961cdd0c5b2ca4a37b24242f18f21ed30,"(1, 512, 8, 13)",1,1,0.7303225994110107,0.7344077825546265,1.0,4.886301852025099e-08,0.0,2.384185791015625e-07,0.0
persian-010_03,huawei,bonafide,train/bonafide/huawei/persian-010_03.jpg,f909e1fa8bbf7d7569b45df05b39d23e7a8642c7ef1f13a7a6ef7e42369a7492,"(1, 512, 8, 13)",1,1,0.7457932233810425,0.7130311727523804,1.0,5.8553816018047655e-08,0.0,4.76837158203125e-07,0.0
persian-010_03,huawei,digital_1,train/attack/digital_1/huawei/persian-010_03.jpg,08caa673febb699c6fcc4a17ce94a442807215d4f3e5ed5c10d16487fc0b1475,"(1, 512, 8, 13)",1,1,0.7414466738700867,0.7191013693809509,1.0,5.266761249345109e-08,0.0,4.76837158203125e-07,0.0
persian-010_03,huawei,digital_2,train/attack/digital_2/huawei/persian-010_03.jpg,25ed2a778db83be650e0c4c15ce22eb551b16036dd1eddcdaab83d057c1cde25,"(1, 512, 8, 13)",1,1,0.74855637550354,0.7091453671455383,1.0,5.388394797023466e-08,0.0,4.76837158203125e-07,0.0
persian-010_03,iphone15pro,bonafide,train/bonafide/iphone15pro/persian-010_03.jpg,9631fbef4c2756fe8a5c5952a244e630f2a60909bc54cf0cc2bfee84860ae47b,"(1, 512, 8, 13)",1,1,0.7366259098052979,0.7257741689682007,1.0,5.987184437117321e-08,0.0,4.76837158203125e-07,0.0
persian-010_03,iphone15pro,digital_1,train/attack/digital_1/iphone15pro/persian-010_03.jpg,4fdaf3e93efdf185eba6da6a48fdd76a1a1aec407f309baf143df31ca316c22b,"(1, 512, 8, 13)",1,1,0.7362738847732544,0.7262592315673828,1.0,6.148479769763071e-08,0.0,4.76837158203125e-07,0.0
persian-010_03,iphone15pro,digital_2,train/attack/digital_2/iphone15pro/persian-010_03.jpg,bd81408b46a152dde8a4ab5411d103cab6636ba5dd4d86ae2b61b381569ec35e,"(1, 512, 8, 13)",1,1,0.7456022500991821,0.7132989764213562,1.0,5.280192638679182e-08,0.0,2.384185791015625e-07,0.0
persian-010_03,scan,bonafide,train/bonafide/scan/persian-010_03.jpg,c4436b83e5a457f9429c49bc735e34b355c9e2d9ef39fdc34d5c39c0e3398e44,"(1, 512, 8, 13)",1,1,0.7320600748062134,0.732038140296936,1.0,5.2076057244221374e-08,0.0,3.5762786865234375e-07,0.0
persian-010_03,scan,digital_1,train/attack/digital_1/scan/persian-010_03.jpg,e0a8a9391f91e9ec53b80601ad28e6d81b602383509dffbc718ff40ea6a5ba1e,"(1, 512, 8, 13)",1,1,0.7253825664520264,0.7411038875579834,1.0,6.868237534263244e-08,0.0,9.5367431640625e-07,0.0
persian-010_03,scan,digital_2,train/attack/digital_2/scan/persian-010_03.jpg,a0058267cda11b63892092136c6917664b80e8db437127f7ba671c275b43502f,"(1, 512, 8, 13)",1,1,0.7397099733352661,0.721512496471405,0.9999998807907104,6.664394192057443e-08,0.0,9.5367431640625e-07,0.0
persian-045_03,huawei,bonafide,train/bonafide/huawei/persian-045_03.jpg,25231cbb62f5c2a455f997bf6ef42ca0e8e2b13a50eff1abd39f5c1dc732d39f,"(1, 512, 8, 13)",1,1,0.7375622987747192,0.7244827747344971,1.0,5.754997900453418e-08,0.0,4.76837158203125e-07,0.0
persian-045_03,huawei,digital_1,train/attack/digital_1/huawei/persian-045_03.jpg,51ff1e1512c7ed651a2ef39cd890e2b5e8c0bbde83510346e8e2748bce75e06d,"(1, 512, 8, 13)",1,1,0.7306570410728455,0.7339522242546082,1.0000001192092896,5.606286279657979e-08,0.0,4.76837158203125e-07,0.0
persian-045_03,huawei,digital_2,train/attack/digital_2/huawei/persian-045_03.jpg,360af0073b8ae62e980f49b9e5e18a1d1bc1b1b5813d83c782820b3be715068b,"(1, 512, 8, 13)",1,1,0.7377406358718872,0.7242367267608643,0.9999999403953552,4.926153707174308e-08,0.0,2.384185791015625e-07,0.0
persian-045_03,iphone15pro,bonafide,train/bonafide/iphone15pro/persian-045_03.jpg,6bcda5e9f544ae53a9e2f805e987b9bc9dacf5010c427e9319881c071bc3e94a,"(1, 512, 8, 13)",1,1,0.7459862232208252,0.7127606868743896,1.0,5.4553481732000364e-08,0.0,2.384185791015625e-07,0.0
persian-045_03,iphone15pro,digital_1,train/attack/digital_1/iphone15pro/persian-045_03.jpg,5367b998dc32ee27b7ce59bde0f7bebe6fda2f38fc16c00abb7a43c2002c40b5,"(1, 512, 8, 13)",1,1,0.7455592155456543,0.7133592367172241,0.9999998807907104,5.24529006895591e-08,0.0,4.76837158203125e-07,0.0
persian-045_03,iphone15pro,digital_2,train/attack/digital_2/iphone15pro/persian-045_03.jpg,115ed64d791a4dc8afbdb306146a8834baa535cc3d24127f9df3393708460274,"(1, 512, 8, 13)",1,1,0.7404329180717468,0.7205098271369934,1.0,5.509417633220437e-08,0.0,3.5762786865234375e-07,0.0
persian-045_03,scan,bonafide,train/bonafide/scan/persian-045_03.jpg,ed1929118325d9e2eaa4f69f58ba51a1fdd6cf83c083ed3c194bfd93eb0407ca,"(1, 512, 8, 13)",1,1,0.7367876768112183,0.7255510687828064,0.9999999403953552,5.294434046732022e-08,0.0,4.76837158203125e-07,0.0
persian-045_03,scan,digital_1,train/attack/digital_1/scan/persian-045_03.jpg,f843bc6626338d7efb76e8aaaa1a48dc19cb7ab61eaa77b424086dbb910c6648,"(1, 512, 8, 13)",1,1,0.7377550601959229,0.724216878414154,0.9999999403953552,5.8305293038074524e-08,0.0,4.76837158203125e-07,0.0
persian-045_03,scan,digital_2,train/attack/digital_2/scan/persian-045_03.jpg,6781a76dc77a874d7317a518a220cf03bde5233dae64024132b9b6a4ccad2b19,"(1, 512, 8, 13)",1,1,0.7393769025802612,0.7219740152359009,1.0,5.296970684298685e-08,0.0,4.76837158203125e-07,0.0
persian-069_03,huawei,bonafide,train/bonafide/huawei/persian-069_03.jpg,8cb344674890ffee199d5ee7fe83adcd74ece40219f0346dbb788e600b761f9d,"(1, 512, 8, 13)",1,1,0.7339996099472046,0.7293838858604431,1.0,4.987987622939727e-08,0.0,4.76837158203125e-07,0.0
persian-069_03,huawei,digital_1,train/attack/digital_1/huawei/persian-069_03.jpg,5e9c45947f68f4d849e14f12d31aace00e746934d85162e8b8b713f44758967d,"(1, 512, 8, 13)",1,1,0.7323473691940308,0.7316455245018005,0.9999999403953552,4.7885414744541777e-08,0.0,4.76837158203125e-07,0.0
persian-069_03,huawei,digital_2,train/attack/digital_2/huawei/persian-069_03.jpg,a5910f53e39c9b1a676759a466f514f31d98e83950e9efaac470f83f7584a450,"(1, 512, 8, 13)",1,1,0.7339410781860352,0.7294641733169556,1.0,5.556942994644487e-08,0.0,7.152557373046875e-07,0.0
persian-069_03,iphone15pro,bonafide,train/bonafide/iphone15pro/persian-069_03.jpg,f00d8b56afffe5563d8532e0368c0e9ed19f1391bb0e03977e8de162c82a8eac,"(1, 512, 8, 13)",1,1,0.7453903555870056,0.7135961651802063,1.0,5.951791592906375e-08,0.0,4.76837158203125e-07,0.0
persian-069_03,iphone15pro,digital_1,train/attack/digital_1/iphone15pro/persian-069_03.jpg,4c10c22a117eb6a7c65f25cc68dae43cac7ac43bb0e6af6467313e290441de35,"(1, 512, 8, 13)",1,1,0.7438690662384033,0.715724766254425,1.0,6.15628934497181e-08,0.0,4.76837158203125e-07,0.0
persian-069_03,iphone15pro,digital_2,train/attack/digital_2/iphone15pro/persian-069_03.jpg,9b5e043b03698c5ef9bb6b92e05b912e07b5e3fa020e82730a82fee89e6af585,"(1, 512, 8, 13)",1,1,0.7475616931915283,0.7105466723442078,1.0,5.344005415963693e-08,0.0,3.5762786865234375e-07,0.0
persian-069_03,scan,bonafide,train/bonafide/scan/persian-069_03.jpg,4bb7f2272a7925c14a9c1d4fd4d04572fe8aea688a0a312ec2896c4b6a5cedc9,"(1, 512, 8, 13)",1,1,0.7402682900428772,0.7207379937171936,1.0000001192092896,4.440949652462223e-08,0.0,2.384185791015625e-07,0.0
persian-069_03,scan,digital_1,train/attack/digital_1/scan/persian-069_03.jpg,fd1867e00805ad083141e988316049b507b3284f5b4fc0cb0f9cdafecf6e7bf5,"(1, 512, 8, 13)",1,1,0.7415779829025269,0.7189188599586487,1.0,4.97677739019764e-08,0.0,2.384185791015625e-07,0.0
persian-069_03,scan,digital_2,train/attack/digital_2/scan/persian-069_03.jpg,7bab8140053e3d1b7b4ae6a978379a7efe54b98e6858f6df94c11449addcb0da,"(1, 512, 8, 13)",1,1,0.7437331676483154,0.7159146070480347,0.9999999403953552,6.330702717605163e-08,0.0,4.76837158203125e-07,0.0
persian-087_03,huawei,bonafide,train/bonafide/huawei/persian-087_03.jpg,812709d1d28bebc5d4e073d9ee134caeaa64bd7f632e199c88c6ea2fe1c61724,"(1, 512, 8, 13)",1,1,0.7256784439086914,0.7407044768333435,1.0000001192092896,4.978160461632797e-08,0.0,2.384185791015625e-07,0.0
persian-087_03,huawei,digital_1,train/attack/digital_1/huawei/persian-087_03.jpg,d4e0b0e44af4b53a652106186428d54bb88aee97641f8c85b22cf7724eb68320,"(1, 512, 8, 13)",1,1,0.7216505408287048,0.746122419834137,1.0,6.834597598981418e-08,0.0,4.76837158203125e-07,0.0
persian-087_03,huawei,digital_2,train/attack/digital_2/huawei/persian-087_03.jpg,cc8f6170475465c946be3edc409c0afd4bc8c396a76599e5b9a932935f68319c,"(1, 512, 8, 13)",1,1,0.7271636128425598,0.7386966943740845,1.0,6.245878125810123e-08,0.0,4.76837158203125e-07,0.0
persian-087_03,iphone15pro,bonafide,train/bonafide/iphone15pro/persian-087_03.jpg,804dd37ec17a83ea13d1609a24376489cfbc9e3cab92dda6666937e6f6820de6,"(1, 512, 8, 13)",1,1,0.7174053192138672,0.7517906427383423,1.0,6.180169975777972e-08,0.0,4.76837158203125e-07,0.0
persian-087_03,iphone15pro,digital_1,train/attack/digital_1/iphone15pro/persian-087_03.jpg,5903a629d0e0fbdd643ed70afa88946980649307b1ce7818184dfc44fcb154b7,"(1, 512, 8, 13)",1,1,0.7171021699905396,0.7521939873695374,1.0,5.1364239084250585e-08,0.0,4.76837158203125e-07,0.0
persian-087_03,iphone15pro,digital_2,train/attack/digital_2/iphone15pro/persian-087_03.jpg,4c07af758fe904112c8cdad5177bf17695727cebe356c5e2affbf5a7461791ae,"(1, 512, 8, 13)",1,1,0.7139452695846558,0.7563791871070862,1.0000001192092896,4.564395084116768e-08,0.0,3.5762786865234375e-07,0.0
persian-087_03,scan,bonafide,train/bonafide/scan/persian-087_03.jpg,2c6408369482dc6c61e0dc491942f94bbb21159922ffab8f933ec1cda8f5406b,"(1, 512, 8, 13)",1,1,0.7248521447181702,0.7418193221092224,1.0000001192092896,6.014141007426588e-08,0.0,4.76837158203125e-07,0.0
persian-087_03,scan,digital_1,train/attack/digital_1/scan/persian-087_03.jpg,0949da061a3bdebecf1675c4546f96c7ad0549f37a8966a628f6650eed9c3c03,"(1, 512, 8, 13)",1,1,0.7210538387298584,0.7469218969345093,1.0,5.040832462555045e-08,0.0,2.384185791015625e-07,0.0
persian-087_03,scan,digital_2,train/attack/digital_2/scan/persian-087_03.jpg,018a20b28b058bf249e30b6fdbe17ed46b7c1bd311f46b6dfee49c63c603ccaf,"(1, 512, 8, 13)",1,1,0.7240695953369141,0.7428733706474304,1.0,5.9437542887508243e-08,0.0,4.76837158203125e-07,0.0
persian-122_03,huawei,bonafide,train/bonafide/huawei/persian-122_03.jpg,4100adb23279995464243abe566686e3d5f0d440731581badf2335036a9b4b16,"(1, 512, 8, 14)",1,1,0.7173866033554077,0.7518156170845032,0.9999999403953552,4.2634127339624683e-08,0.0,4.76837158203125e-07,0.0
persian-122_03,huawei,digital_1,train/attack/digital_1/huawei/persian-122_03.jpg,ecffcaf87d942d263f8792fd73ff8a915e54ef9f55f40af182ca3527923505f7,"(1, 512, 8, 14)",1,1,0.7144743204116821,0.7556794285774231,1.0,4.768275374544828e-08,0.0,3.5762786865234375e-07,0.0
persian-122_03,huawei,digital_2,train/attack/digital_2/huawei/persian-122_03.jpg,1cf831062c4de575cd5a97faee599d50eca243e6e0fca986f398208b77b043ca,"(1, 512, 8, 14)",1,1,0.7090699076652527,0.7627975940704346,1.0,4.717796997510959e-08,0.0,3.5762786865234375e-07,0.0
persian-122_03,iphone15pro,bonafide,train/bonafide/iphone15pro/persian-122_03.jpg,7c03d6b26da5e6a7521025887aee24c421c69ef03da0fb4fa281cce4c2a6e085,"(1, 512, 8, 13)",1,1,0.726953387260437,0.7389811277389526,0.9999999403953552,5.384914203432345e-08,0.0,4.76837158203125e-07,0.0
persian-122_03,iphone15pro,digital_1,train/attack/digital_1/iphone15pro/persian-122_03.jpg,3d65ac82f22b414202b49213aadcb2a95cb1061b79a7779143140f75fff599ac,"(1, 512, 8, 13)",1,1,0.7227818965911865,0.7446046471595764,1.0,5.295055771625812e-08,0.0,4.76837158203125e-07,0.0
persian-122_03,iphone15pro,digital_2,train/attack/digital_2/iphone15pro/persian-122_03.jpg,ccc07017747444fddcb82cb590b03f0f135ed64d5ce74049472dbd8265fb5cae,"(1, 512, 8, 13)",1,1,0.7218390703201294,0.7458698749542236,1.0,5.202198849474371e-08,0.0,3.5762786865234375e-07,0.0
persian-122_03,scan,bonafide,train/bonafide/scan/persian-122_03.jpg,ec893c0abb95d4b7e60b0871e0a03bc685f8d6ba3f85765c8d8c32b3dffc0002,"(1, 512, 8, 13)",1,1,0.7247744202613831,0.7419238686561584,0.9999998807907104,5.6291657557494545e-08,0.0,3.5762786865234375e-07,0.0
persian-122_03,scan,digital_1,train/attack/digital_1/scan/persian-122_03.jpg,f764d1633e2950ccdfd8f33d11da25df72e0db4a108cd2c440ee0559a1336931,"(1, 512, 8, 13)",1,1,0.7198486328125,0.7485337853431702,1.0,5.311354200898677e-08,0.0,3.5762786865234375e-07,0.0
persian-122_03,scan,digital_2,train/attack/digital_2/scan/persian-122_03.jpg,bc7c58e43606dab2c3bef6278b8ff674cd17c6dc6988579e28eca44b04b007a1,"(1, 512, 8, 13)",1,1,0.7212598919868469,0.7466458678245544,1.0,6.666273577593529e-08,0.0,4.76837158203125e-07,0.0
persian-NF-1001,huawei,bonafide,train/bonafide/huawei/persian-NF-1001.jpg,381c1dae260bd1c540ce4cbd0f73cea40345c57cb45fbb3205005c29402c6371,"(1, 512, 8, 13)",1,1,0.7483070492744446,0.7094970345497131,1.0,5.008619652357993e-08,0.0,3.5762786865234375e-07,0.0
persian-NF-1001,huawei,digital_1,train/attack/digital_1/huawei/persian-NF-1001.jpg,4bf92613e13f62c15bd7746c1a3f7433bbb779b205ab60710ec0bbf191334abe,"(1, 512, 8, 13)",1,1,0.7442873120307922,0.7151402235031128,1.0,6.47863700464768e-08,0.0,7.152557373046875e-07,0.0
persian-NF-1001,huawei,digital_2,train/attack/digital_2/huawei/persian-NF-1001.jpg,a9458e8357a8765d91175af4ef5c2632283f87a9dc1a370d4d35d24787da426d,"(1, 512, 8, 13)",1,1,0.746972382068634,0.7113756537437439,1.0,5.5837340084963216e-08,0.0,4.76837158203125e-07,0.0
persian-NF-1001,iphone15pro,bonafide,train/bonafide/iphone15pro/persian-NF-1001.jpg,76e878faa40234025a6b0f6f1809c88000f0fc1c0b27ceb00db9eb03a355727d,"(1, 512, 8, 14)",1,1,0.7525533437728882,0.7034865617752075,1.0,3.315959773431132e-08,0.0,2.384185791015625e-07,0.0
persian-NF-1001,iphone15pro,digital_1,train/attack/digital_1/iphone15pro/persian-NF-1001.jpg,590d17f70e9d1620d5a86ac8815644f5beb7ea6103a1427bf15278d9e9cbe96a,"(1, 512, 8, 14)",1,1,0.7447081804275513,0.7145512104034424,1.0000001192092896,3.340880638802446e-08,0.0,2.384185791015625e-07,0.0
persian-NF-1001,iphone15pro,digital_2,train/attack/digital_2/iphone15pro/persian-NF-1001.jpg,8481221fdb3a3b0642425dea648d575928ef592d7f4ec9ab9aba9bda279884ef,"(1, 512, 8, 14)",1,1,0.7581043243408203,0.6955511569976807,1.0,4.904066486233205e-08,0.0,4.76837158203125e-07,0.0
persian-NF-1001,scan,bonafide,train/bonafide/scan/persian-NF-1001.jpg,7f3c783ede6424f0cb831a8c2d6f137f57be1a3a51b9fec2eb7198a63e895c54,"(1, 512, 8, 13)",1,1,0.7490746378898621,0.7084142565727234,1.0,5.3195538640693485e-08,0.0,3.5762786865234375e-07,0.0
persian-NF-1001,scan,digital_1,train/attack/digital_1/scan/persian-NF-1001.jpg,ff57740ca7321b65d8f5c6f2830ba415e28e559ce705ada7b786492aca310da3,"(1, 512, 8, 13)",1,1,0.7401055097579956,0.7209639549255371,1.0,5.521619783621645e-08,0.0,4.76837158203125e-07,0.0
persian-NF-1001,scan,digital_2,train/attack/digital_2/scan/persian-NF-1001.jpg,9b97766a3395abd11512b222a739a24617ba7f7ba16925e4c5fcfad5aca25b29,"(1, 512, 8, 13)",1,1,0.7524585723876953,0.7036211490631104,1.0,5.38370343861061e-08,0.0,4.76837158203125e-07,0.0
persian-NF-1031,huawei,bonafide,train/bonafide/huawei/persian-NF-1031.jpg,f9624e51fd109633ef8e439e489e242bb649f9512529f7fcbc81923629f71ae8,"(1, 512, 8, 13)",1,1,0.7142884731292725,0.7559252381324768,1.0000001192092896,5.8818155679318807e-08,0.0,4.76837158203125e-07,0.0
persian-NF-1031,huawei,digital_1,train/attack/digital_1/huawei/persian-NF-1031.jpg,40621190af653587ab43721431c15706ee8d421c21828cfc003773584d3d0ce0,"(1, 512, 8, 13)",1,1,0.7178134918212891,0.7512476444244385,0.9999999403953552,5.40682343341814e-08,0.0,2.384185791015625e-07,0.0
persian-NF-1031,huawei,digital_2,train/attack/digital_2/huawei/persian-NF-1031.jpg,860dfa9b3bd84e853f77081c6c6ebb4a5766ec3cdf5a48a0515b35862f4dd978,"(1, 512, 8, 13)",1,1,0.7181451320648193,0.7508059740066528,1.0,5.017442816779294e-08,0.0,4.76837158203125e-07,0.0
persian-NF-1031,iphone15pro,bonafide,train/bonafide/iphone15pro/persian-NF-1031.jpg,8c4d81165534a5f077dc4b676975f74a7608c26c7cf0cc499e09db78ce89d778,"(1, 512, 8, 14)",1,1,0.7415213584899902,0.7189973592758179,0.9999998807907104,3.3119057718522527e-08,0.0,2.384185791015625e-07,0.0
persian-NF-1031,iphone15pro,digital_1,train/attack/digital_1/iphone15pro/persian-NF-1031.jpg,f7c6cf68a609bdc9f51597e7d9bdbf09bd535521d4214653c0c6fa1f5f069235,"(1, 512, 8, 14)",1,1,0.735664963722229,0.7270970940589905,1.0000001192092896,4.241091033918565e-08,0.0,2.384185791015625e-07,0.0
persian-NF-1031,iphone15pro,digital_2,train/attack/digital_2/iphone15pro/persian-NF-1031.jpg,5a26c65f1e93635cfb37bfb42883015736f28b6f60c013d5babef5f523a637ec,"(1, 512, 8, 14)",1,1,0.7396145462989807,0.7216445803642273,1.0,3.655818048287074e-08,0.0,2.384185791015625e-07,0.0
persian-NF-1031,scan,bonafide,train/bonafide/scan/persian-NF-1031.jpg,233c11c0e12e2ce3c81eba8ce309ec37b82048a4bcdbb0f10ca37064a3f32ce6,"(1, 512, 8, 13)",1,1,0.7212527990341187,0.7466554641723633,1.0,6.183168466122879e-08,0.0,2.384185791015625e-07,0.0
persian-NF-1031,scan,digital_1,train/attack/digital_1/scan/persian-NF-1031.jpg,6f8941759d285314cd48cd125ed9f65e6d7a48fe516f59aed2cff0b230a19dd0,"(1, 512, 8, 13)",1,1,0.7171931266784668,0.7520729899406433,0.9999998807907104,5.0025427356104046e-08,0.0,2.384185791015625e-07,0.0
persian-NF-1031,scan,digital_2,train/attack/digital_2/scan/persian-NF-1031.jpg,d71a47c70d631d010d97cd14c5b327e8826a7bc16cf167ab1255d6e531aa0309,"(1, 512, 8, 13)",1,1,0.7211143970489502,0.7468407154083252,1.0,4.937488284895153e-08,0.0,2.384185791015625e-07,0.0
persian-NF-1034,huawei,bonafide,train/bonafide/huawei/persian-NF-1034.jpg,8b42715f7ce69eaf6389f6c6815e30383c4458725e85a44aa715d55484983b69,"(1, 512, 8, 13)",1,1,0.7235631942749023,0.7435548305511475,1.0,5.425313887030825e-08,0.0,4.76837158203125e-07,0.0
persian-NF-1034,huawei,digital_1,train/attack/digital_1/huawei/persian-NF-1034.jpg,d071139f62fb815ba2aef8944863093f9f07f325f8d0faca3282c11c3c8df2df,"(1, 512, 8, 13)",1,1,0.7192879319190979,0.7492825984954834,1.0000001192092896,6.158341392392686e-08,0.0,4.76837158203125e-07,0.0
persian-NF-1034,huawei,digital_2,train/attack/digital_2/huawei/persian-NF-1034.jpg,9615900e5c94bc6e9a3048cbe631917be93df8dbef7327ac6837e4e8d0560ecf,"(1, 512, 8, 13)",1,1,0.7245416641235352,0.7422374486923218,1.0000001192092896,5.754571574811962e-08,0.0,4.76837158203125e-07,0.0
persian-NF-1034,iphone15pro,bonafide,train/bonafide/iphone15pro/persian-NF-1034.jpg,4b2e5c1099524d340517ec168b8533457343ca185a25b7fc3e90ab28b5d1c9db,"(1, 512, 8, 13)",1,1,0.737036943435669,0.7252076268196106,1.0,6.34455759040975e-08,0.0,4.76837158203125e-07,0.0
persian-NF-1034,iphone15pro,digital_1,train/attack/digital_1/iphone15pro/persian-NF-1034.jpg,946491da8ad40360a93e708536a2055f0c33c9e19195547945eef4de09b32499,"(1, 512, 8, 13)",1,1,0.7358003854751587,0.7269107103347778,0.9999999403953552,5.9036125321654254e-08,0.0,4.76837158203125e-07,0.0
persian-NF-1034,iphone15pro,digital_2,train/attack/digital_2/iphone15pro/persian-NF-1034.jpg,f457fa896c336bcfe212a9b9c8c9f2e7491eefcbf9f78b89f364ff79fcae4010,"(1, 512, 8, 13)",1,1,0.7348065376281738,0.7282767295837402,1.0,5.383999379660054e-08,0.0,3.5762786865234375e-07,0.0
persian-NF-1034,scan,bonafide,train/bonafide/scan/persian-NF-1034.jpg,c9998b265ec57ea04578f1ba5422e260c466c0c24ec53d5daf6dc84135db01b8,"(1, 512, 8, 13)",1,1,0.7227932214736938,0.744589626789093,1.0,5.5192288073158124e-08,0.0,4.76837158203125e-07,0.0
persian-NF-1034,scan,digital_1,train/attack/digital_1/scan/persian-NF-1034.jpg,d88f822194ab05c630fb07c30d0c44411d6db6c6a98e22b805ca66442f91db1c,"(1, 512, 8, 13)",1,1,0.7187813520431519,0.7499582171440125,1.0,5.848168882494065e-08,0.0,4.76837158203125e-07,0.0
persian-NF-1034,scan,digital_2,train/attack/digital_2/scan/persian-NF-1034.jpg,7d7704c7057c52b78bcfd91a9968cc764296c36ceb0e5a5a7f925bd7c91c3e05,"(1, 512, 8, 13)",1,1,0.7253825068473816,0.7411038279533386,1.0,5.6844097429120666e-08,0.0,2.384185791015625e-07,0.0
persian-NF-1043,huawei,bonafide,train/bonafide/huawei/persian-NF-1043.jpg,6cc4179ee10087d9e248f153a37cbf0992b8ab0e5965aadf2456ae084fca84e8,"(1, 512, 8, 13)",1,1,0.734402060508728,0.7288320064544678,0.9999999403953552,5.547814652118177e-08,0.0,4.76837158203125e-07,0.0
persian-NF-1043,huawei,digital_1,train/attack/digital_1/huawei/persian-NF-1043.jpg,ab3febe9d1f813ff7839d3a8953937287569dbbd3b2c1b60b1a6eecd7a2e996d,"(1, 512, 8, 13)",1,1,0.7385344505310059,0.7231398224830627,1.0,5.560621474387517e-08,0.0,4.76837158203125e-07,0.0
persian-NF-1043,huawei,digital_2,train/attack/digital_2/huawei/persian-NF-1043.jpg,ac0099fd7cded78a9ec00b59366ac2610787a45e2ad50e7d1264c3c8e5471315,"(1, 512, 8, 13)",1,1,0.7372269630432129,0.7249456644058228,1.0,5.753886966886057e-08,0.0,2.384185791015625e-07,0.0
persian-NF-1043,iphone15pro,bonafide,train/bonafide/iphone15pro/persian-NF-1043.jpg,8328b2a93f82ad64d728f0e821d853d296f5c737d9db05afb878cbaad238fe93,"(1, 512, 8, 13)",1,1,0.7379530072212219,0.7239435315132141,1.0,5.923220314230093e-08,0.0,4.76837158203125e-07,0.0
persian-NF-1043,iphone15pro,digital_1,train/attack/digital_1/iphone15pro/persian-NF-1043.jpg,b46f2b2b6f7d4e1331d8238667fcf747a91babacd70300e6c8374e3e14823767,"(1, 512, 8, 13)",1,1,0.7388868927955627,0.7226521372795105,1.0,4.489221083758821e-08,0.0,2.384185791015625e-07,0.0
persian-NF-1043,iphone15pro,digital_2,train/attack/digital_2/iphone15pro/persian-NF-1043.jpg,1e9436852b57b39a8f176f8836ed01c52ee9fd84f4bae0207c37feef02df8959,"(1, 512, 8, 13)",1,1,0.7391736507415771,0.7222551703453064,1.0,6.752403436394161e-08,0.0,4.76837158203125e-07,0.0
persian-NF-1043,scan,bonafide,train/bonafide/scan/persian-NF-1043.jpg,d8bffc22606322880c1dec137011c54ddcf2ed99ef45f08189245e784b9b7cb4,"(1, 512, 8, 13)",1,1,0.7349412441253662,0.7280915379524231,0.9999999403953552,5.0591314249004427e-08,0.0,2.384185791015625e-07,0.0
persian-NF-1043,scan,digital_1,train/attack/digital_1/scan/persian-NF-1043.jpg,a9d09dff80f1373813b1a38a3e57becc7266d6163115b69afe85cfb1b5d5b31d,"(1, 512, 8, 13)",1,1,0.7425390481948853,0.7175804376602173,1.0,6.002695585038964e-08,0.0,4.76837158203125e-07,0.0
persian-NF-1043,scan,digital_2,train/attack/digital_2/scan/persian-NF-1043.jpg,3f60a921e166c1ac9ae252039cfe44b89886134d741eb5344d40aeb231796b3d,"(1, 512, 8, 13)",1,1,0.7408384084701538,0.7199466228485107,1.0,5.115103007824473e-08,0.0,3.5762786865234375e-07,0.0
persian-NF-1079,huawei,bonafide,train/bonafide/huawei/persian-NF-1079.jpg,ca94c034ffc7b09a9924b41eedd2bbfe0daaef299c094dda8537db6494a3cdca,"(1, 512, 8, 13)",1,1,0.7132797837257385,0.7572585940361023,1.0,5.7611423187609034e-08,0.0,4.76837158203125e-07,0.0
persian-NF-1079,huawei,digital_1,train/attack/digital_1/huawei/persian-NF-1079.jpg,5f6acfaab07565426b84b5fa2f5296be8352f78d706df893fa3fb21b4ed7b103,"(1, 512, 8, 13)",1,1,0.7143165469169617,0.7558881640434265,1.0,5.573222239263487e-08,0.0,4.76837158203125e-07,0.0
persian-NF-1079,huawei,digital_2,train/attack/digital_2/huawei/persian-NF-1079.jpg,c5b5c945c3cc203b74d9dfb786eebcd93b516e14395161635d4d20a99b0ca4c9,"(1, 512, 8, 13)",1,1,0.7220991849899292,0.7455210089683533,1.0,5.7925344520981525e-08,0.0,2.384185791015625e-07,0.0
persian-NF-1079,iphone15pro,bonafide,train/bonafide/iphone15pro/persian-NF-1079.jpg,dc850dfd140b1f6025c37398ee81dea9ecf74fae3bf52ff22839a3408d8e607e,"(1, 512, 8, 13)",1,1,0.7272632718086243,0.7385616898536682,0.9999998807907104,5.208469033846086e-08,0.0,2.384185791015625e-07,0.0
persian-NF-1079,iphone15pro,digital_1,train/attack/digital_1/iphone15pro/persian-NF-1079.jpg,79b0d52087d1f6ce3e183995bf1a57c86f8fb7807b47ec4c2d9631d2e98bb53c,"(1, 512, 8, 13)",1,1,0.7299432754516602,0.7349240779876709,0.9999999403953552,4.857584556816619e-08,0.0,4.76837158203125e-07,0.0
persian-NF-1079,iphone15pro,digital_2,train/attack/digital_2/iphone15pro/persian-NF-1079.jpg,c8286f374f5833004c4328f659f0ef4ea924e7d2b095d51fddd4cb96c3187d79,"(1, 512, 8, 13)",1,1,0.7319010496139526,0.7322554588317871,1.0,5.622991139375699e-08,0.0,4.76837158203125e-07,0.0
persian-NF-1079,scan,bonafide,train/bonafide/scan/persian-NF-1079.jpg,3c1be7ad884b19e025f328ef2c2688a399fc5ec4fdc50c2d739427102b610109,"(1, 512, 8, 13)",1,1,0.7329510450363159,0.7308200001716614,0.9999998807907104,5.108480394255821e-08,0.0,2.384185791015625e-07,0.0
persian-NF-1079,scan,digital_1,train/attack/digital_1/scan/persian-NF-1079.jpg,803aa5b5f64cc872928f4b84986d68debe2686ead77581d87d8b6e475fb22fe2,"(1, 512, 8, 13)",1,1,0.7350618839263916,0.7279258370399475,1.0,5.136984881914941e-08,0.0,4.76837158203125e-07,0.0
persian-NF-1079,scan,digital_2,train/attack/digital_2/scan/persian-NF-1079.jpg,0195388579bcbe66921211885fb2450d0eee9554975bdcd91f5aa83cde61b2d1,"(1, 512, 8, 13)",1,1,0.7343740463256836,0.7288703918457031,1.0,4.4213873451326435e-08,0.0,2.384185791015625e-07,0.0
persian-NF-1108,huawei,bonafide,train/bonafide/huawei/persian-NF-1108.jpg,ec93e4a44df20507b3b7d64cff02c8593ba8d2221391324a0c589648fd5d8e39,"(1, 512, 8, 13)",1,1,0.7217258810997009,0.7460216283798218,1.0,5.6402019055212804e-08,0.0,4.76837158203125e-07,0.0
persian-NF-1108,huawei,digital_1,train/attack/digital_1/huawei/persian-NF-1108.jpg,857a2440b8bcf1687feae8079d93c1f7a9feddb52477d526f331f96bdbd299e2,"(1, 512, 8, 13)",1,1,0.7195925116539001,0.7488757967948914,1.0,4.688455135237746e-08,0.0,2.384185791015625e-07,0.0
persian-NF-1108,huawei,digital_2,train/attack/digital_2/huawei/persian-NF-1108.jpg,b4a905cd0eaae7ffd356b58affceb49f0318ba65812b36c6992f4fa36936c3b5,"(1, 512, 8, 13)",1,1,0.7212779521942139,0.7466217875480652,1.0,5.675309466823819e-08,0.0,4.76837158203125e-07,0.0
persian-NF-1108,iphone15pro,bonafide,train/bonafide/iphone15pro/persian-NF-1108.jpg,011a0321bdda379336e8d1a343944bfc405748d48e066cd4ed432192ec17fb4e,"(1, 512, 8, 13)",1,1,0.7465800642967224,0.7119267582893372,0.9999999403953552,5.1177202919916454e-08,0.0,2.384185791015625e-07,0.0
persian-NF-1108,iphone15pro,digital_1,train/attack/digital_1/iphone15pro/persian-NF-1108.jpg,2098d3be2021fa163d8157c96130611a760b23a38f34e577a0066b575ae22e0b,"(1, 512, 8, 13)",1,1,0.7440344095230103,0.7154937386512756,1.0000001192092896,5.661469160145316e-08,0.0,4.76837158203125e-07,0.0
persian-NF-1108,iphone15pro,digital_2,train/attack/digital_2/iphone15pro/persian-NF-1108.jpg,25928ac4e658a61124c2fde92c4d70b6ddf8d6d2f5b8b1017f44c8e93b1a3a19,"(1, 512, 8, 13)",1,1,0.7460380792617798,0.7126877307891846,1.0,6.096535543065329e-08,0.0,4.76837158203125e-07,0.0
persian-NF-1108,scan,bonafide,train/bonafide/scan/persian-NF-1108.jpg,b7aec8eaa6e423c28d3970cde0ad3966ef0a8c280790465fff54267a13d28615,"(1, 512, 8, 13)",1,1,0.7200278043746948,0.7482943534851074,1.0,5.875695308077411e-08,0.0,4.76837158203125e-07,0.0
persian-NF-1108,scan,digital_1,train/attack/digital_1/scan/persian-NF-1108.jpg,08da0df9fdff289dc2da3a3faab9ad2d888fa3fe7b9712caf5abfd2e32933bd6,"(1, 512, 8, 13)",1,1,0.7185218334197998,0.750304102897644,1.0,5.7250193918889636e-08,0.0,4.76837158203125e-07,0.0
persian-NF-1108,scan,digital_2,train/attack/digital_2/scan/persian-NF-1108.jpg,e31c8f5ea884fb5b53e5a833e610674227e51c539f4ab625b0bd53ac992055c7,"(1, 512, 8, 13)",1,1,0.7205386161804199,0.7476112246513367,0.9999998807907104,5.5117201469556676e-08,0.0,2.384185791015625e-07,0.0
persian-NM-1010,huawei,bonafide,train/bonafide/huawei/persian-NM-1010.jpg,611db91d9eb56b3b56aace9dd6c9a4e84f747183f24a5a9bb7b36adf3bbf9e9f,"(1, 512, 8, 14)",1,1,0.7340903282165527,0.7292595505714417,1.0,4.3484142508987134e-08,0.0,4.76837158203125e-07,0.0
persian-NM-1010,huawei,digital_1,train/attack/digital_1/huawei/persian-NM-1010.jpg,d8f4a655cdc33fb97d6bf9252b71cafc7064fb0d6c5255e4f1ca8d6f6b0b725e,"(1, 512, 8, 14)",1,1,0.7320800423622131,0.7320107817649841,0.9999998807907104,3.3654707465302636e-08,0.0,2.384185791015625e-07,0.0
persian-NM-1010,huawei,digital_2,train/attack/digital_2/huawei/persian-NM-1010.jpg,09348f2873aabc16e9a78a8aee44794cfcaec87a947f0d1cbdb70e1c4b60eef3,"(1, 512, 8, 14)",1,1,0.7355374097824097,0.7272725105285645,1.0,4.5408082627318436e-08,0.0,4.76837158203125e-07,0.0
persian-NM-1010,iphone15pro,bonafide,train/bonafide/iphone15pro/persian-NM-1010.jpg,a2fa06c82503fb1632bf79128e04591863a9804a0ce40d9b53265fbcac28fe00,"(1, 512, 8, 13)",1,1,0.7213873863220215,0.7464751601219177,0.9999998807907104,5.174843309418975e-08,0.0,2.384185791015625e-07,0.0
persian-NM-1010,iphone15pro,digital_1,train/attack/digital_1/iphone15pro/persian-NM-1010.jpg,4b476abaef96fd51640d994c3890cf8730ec5bdcfd6cece97a0ed2b8d3a7bcde,"(1, 512, 8, 13)",1,1,0.7202388048171997,0.7480122447013855,1.0,5.726886342927173e-08,0.0,2.384185791015625e-07,0.0
persian-NM-1010,iphone15pro,digital_2,train/attack/digital_2/iphone15pro/persian-NM-1010.jpg,1a73a5c707e89e857d587fe853e3f24e97b6d1fdc72157f6c5e92d120dbeb6da,"(1, 512, 8, 13)",1,1,0.7250871658325195,0.7415022253990173,1.0,5.608259456835185e-08,0.0,4.76837158203125e-07,0.0
persian-NM-1010,scan,bonafide,train/bonafide/scan/persian-NM-1010.jpg,2956dea58a7f0ad0d6f91cb216f6eec04d05a18417513af849f71c871bf3182e,"(1, 512, 8, 13)",1,1,0.7343083620071411,0.7289604544639587,1.0,5.073441755598651e-08,0.0,3.5762786865234375e-07,0.0
persian-NM-1010,scan,digital_1,train/attack/digital_1/scan/persian-NM-1010.jpg,cdfbeb88506990d2734dcefdf800f538c47d019f322b7296b8e7c5bc1c6e786c,"(1, 512, 8, 13)",1,1,0.733875572681427,0.7295538783073425,0.9999999403953552,5.234658218000732e-08,0.0,4.76837158203125e-07,0.0
persian-NM-1010,scan,digital_2,train/attack/digital_2/scan/persian-NM-1010.jpg,8555771745c2662a5aaf3596094d42716e8e5bdfb5469e0fe26f3be4450a515c,"(1, 512, 8, 13)",1,1,0.7333486080169678,0.7302758693695068,1.0,5.116785573022753e-08,0.0,4.76837158203125e-07,0.0
persian-NM-1074,huawei,bonafide,train/bonafide/huawei/persian-NM-1074.jpg,5945262f725fcba79c8460340dd5ce7800c4c7c1a0710d6574792b9277edaa79,"(1, 512, 8, 13)",1,1,0.7213164567947388,0.7465701699256897,1.0,5.854811391259318e-08,0.0,4.76837158203125e-07,0.0
persian-NM-1074,huawei,digital_1,train/attack/digital_1/huawei/persian-NM-1074.jpg,4d732a78b261f9036fbb4ac6a0815e982a8bca38b28ed550fa8a366f830736da,"(1, 512, 8, 13)",1,1,0.7270029783248901,0.7389140129089355,1.0,4.858489432990609e-08,0.0,2.384185791015625e-07,0.0
persian-NM-1074,huawei,digital_2,train/attack/digital_2/huawei/persian-NM-1074.jpg,91f92dc058cfaab52c3d36316f4919b00b4904b0c1ea3325592d068cd15193ac,"(1, 512, 8, 13)",1,1,0.7242029905319214,0.7426937222480774,1.0,4.654357965705458e-08,0.0,2.384185791015625e-07,0.0
persian-NM-1074,iphone15pro,bonafide,train/bonafide/iphone15pro/persian-NM-1074.jpg,10e186df002fe2b78977eebde7b2460d5d509ade6505ea9de0e3efcbe80ddc51,"(1, 512, 8, 13)",1,1,0.7318005561828613,0.7323924899101257,1.0,5.48011662715453e-08,0.0,4.76837158203125e-07,0.0
persian-NM-1074,iphone15pro,digital_1,train/attack/digital_1/iphone15pro/persian-NM-1074.jpg,8544b03447a4567e2faa089d4a799ae9e842f79fe2860b85110c4f215438071a,"(1, 512, 8, 13)",1,1,0.7308517694473267,0.7336869835853577,0.9999998807907104,5.216432441557117e-08,0.0,2.384185791015625e-07,0.0
persian-NM-1074,iphone15pro,digital_2,train/attack/digital_2/iphone15pro/persian-NM-1074.jpg,fd44aad2289e16977d973d35a1a1fb2c929c946ca0531b8de1a932f12b5986d6,"(1, 512, 8, 13)",1,1,0.7390531301498413,0.7224220633506775,0.9999999403953552,5.8221385046408614e-08,0.0,4.76837158203125e-07,0.0
persian-NM-1074,scan,bonafide,train/bonafide/scan/persian-NM-1074.jpg,ed2093c0034471abf1d5c67adaceb03639fcdbb300f0b20c7ae8c6d5e51ba917,"(1, 512, 8, 13)",1,1,0.7232879400253296,0.7439249753952026,1.0,6.936919305644551e-08,0.0,7.152557373046875e-07,0.0
persian-NM-1074,scan,digital_1,train/attack/digital_1/scan/persian-NM-1074.jpg,7c02bae8133e815a7e549637ec862c243a5150c49aaa3aad9a6b37628c07f8be,"(1, 512, 8, 13)",1,1,0.7235048413276672,0.7436330914497375,1.0,5.686781889835402e-08,0.0,4.76837158203125e-07,0.0
persian-NM-1074,scan,digital_2,train/attack/digital_2/scan/persian-NM-1074.jpg,43f41a0c4c536ace3209a9d58f1663a374117fcad23cb092cd8dc3154f075541,"(1, 512, 8, 13)",1,1,0.7281877994537354,0.7373090386390686,1.0000001192092896,5.5839095125520544e-08,0.0,4.76837158203125e-07,0.0
portugal-004_03,huawei,bonafide,train/bonafide/huawei/portugal-004_03.jpg,6c6ac448f248ac7adc5b9e0e3679fa7d6adecde1dfaa7999ee8dc4af81ecb0ae,"(1, 512, 8, 13)",1,1,0.7266978025436401,0.739327073097229,1.0,5.147334292132655e-08,0.0,2.384185791015625e-07,0.0
portugal-004_03,huawei,digital_1,train/attack/digital_1/huawei/portugal-004_03.jpg,7ff9b5c72c15d907b1c4a92eaedc4da781f35b1770d19e22e39ae05b37f351a9,"(1, 512, 8, 13)",1,1,0.7238069772720337,0.7432268261909485,1.0,5.781831902140766e-08,0.0,4.76837158203125e-07,0.0
portugal-004_03,huawei,digital_2,train/attack/digital_2/huawei/portugal-004_03.jpg,fb457f3cfa63ca4eb2e96dd3eeaef36e30cea4e852761e3c2358014c70ed94f5,"(1, 512, 8, 13)",1,1,0.7252882122993469,0.7412312030792236,0.9999999403953552,5.6565188089052754e-08,0.0,4.76837158203125e-07,0.0
portugal-004_03,iphone15pro,bonafide,train/bonafide/iphone15pro/portugal-004_03.jpg,7dded80e119f745b3795b02e6d104035a2943669272de113be54b46a5bead3d8,"(1, 512, 8, 13)",1,1,0.740238606929779,0.7207794785499573,0.9999999403953552,4.5293372608057325e-08,0.0,2.384185791015625e-07,0.0
portugal-004_03,iphone15pro,digital_1,train/attack/digital_1/iphone15pro/portugal-004_03.jpg,6d926b9649c6308fea7927209dc0e2d06ce52b2221353df32b776e531054530a,"(1, 512, 8, 13)",1,1,0.7413021326065063,0.7193023562431335,0.9999999403953552,5.696714566738592e-08,0.0,4.76837158203125e-07,0.0
portugal-004_03,iphone15pro,digital_2,train/attack/digital_2/iphone15pro/portugal-004_03.jpg,c633f50fdda83ee32a381f5f2a718e0003b537a1d10090151416ae6cc1c8b887,"(1, 512, 8, 13)",1,1,0.7383007407188416,0.7234627604484558,0.9999999403953552,5.307523665010194e-08,0.0,4.76837158203125e-07,0.0
portugal-004_03,scan,bonafide,train/bonafide/scan/portugal-004_03.jpg,707ab88f9cd52877eceefe0f1b35e5b81134ce4e41822765eeacfa57bab9bb59,"(1, 512, 8, 13)",1,1,0.7280587553977966,0.7374837398529053,1.0,6.901134241843465e-08,0.0,4.76837158203125e-07,0.0
portugal-004_03,scan,digital_1,train/attack/digital_1/scan/portugal-004_03.jpg,4fe6e458dfe1e0892ef34c462d2d9966ee897173f0b4936f367e136a4bc8b72f,"(1, 512, 8, 13)",1,1,0.7273849248886108,0.7383970618247986,0.9999999403953552,5.184882923003897e-08,0.0,3.5762786865234375e-07,0.0
portugal-004_03,scan,digital_2,train/attack/digital_2/scan/portugal-004_03.jpg,2c7c81c2b303da66f32b7faecb98419464ffc673ac735795a342d6cec287294c,"(1, 512, 8, 13)",1,1,0.7258821725845337,0.7404292821884155,0.9999999403953552,6.090917281653674e-08,0.0,4.76837158203125e-07,0.0
portugal-026_03,huawei,bonafide,train/bonafide/huawei/portugal-026_03.jpg,6206b2e8c94c5a400f10723e38b56c189e4ccc4158f98f31af6b405f6039a1af,"(1, 512, 8, 13)",1,1,0.7318919897079468,0.7322677969932556,1.0,5.558519688975139e-08,0.0,4.76837158203125e-07,0.0
portugal-026_03,huawei,digital_1,train/attack/digital_1/huawei/portugal-026_03.jpg,37a0dfe324c637b92b88345f439553fa35df8be9c36961bf72f36265c0e9b045,"(1, 512, 8, 13)",1,1,0.7285453677177429,0.7368236184120178,1.0000001192092896,5.732798058488697e-08,0.0,4.76837158203125e-07,0.0
portugal-026_03,huawei,digital_2,train/attack/digital_2/huawei/portugal-026_03.jpg,72e0a3a3f4e5e3e9022203e0739d87bd7fc89eb374beb0dc9caaf9725fb9d900,"(1, 512, 8, 13)",1,1,0.7299091815948486,0.7349705696105957,1.0000001192092896,4.722360813502746e-08,0.0,2.384185791015625e-07,0.0
portugal-026_03,iphone15pro,bonafide,train/bonafide/iphone15pro/portugal-026_03.jpg,5b2212cfb2ef9d988fdd57a9d9b1d74b0373aae010e0f271234152611835d632,"(1, 512, 8, 13)",1,1,0.7425195574760437,0.717607855796814,0.9999999403953552,4.703533562633311e-08,0.0,4.76837158203125e-07,0.0
portugal-026_03,iphone15pro,digital_1,train/attack/digital_1/iphone15pro/portugal-026_03.jpg,289cba33af05d24da209e6c25571d3d1e6dc25ea474e693e335f53d588299a01,"(1, 512, 8, 13)",1,1,0.7363824844360352,0.726109504699707,1.0,5.465161834194987e-08,0.0,2.384185791015625e-07,0.0
portugal-026_03,iphone15pro,digital_2,train/attack/digital_2/iphone15pro/portugal-026_03.jpg,5d4c4a02c9868d33dd1363d396ddb31e69edb4f69c195ad2ab78db0f5ff53d53,"(1, 512, 8, 13)",1,1,0.7381815314292908,0.7236276865005493,1.0,4.45476082688856e-08,0.0,2.384185791015625e-07,0.0
portugal-026_03,scan,bonafide,train/bonafide/scan/portugal-026_03.jpg,565518581c315227dbeddb79a65e015cdce8502a932cf358c289b4ca20e465be,"(1, 512, 8, 13)",1,1,0.7267965078353882,0.7391936182975769,0.9999999403953552,4.634963346461518e-08,0.0,2.384185791015625e-07,0.0
portugal-026_03,scan,digital_1,train/attack/digital_1/scan/portugal-026_03.jpg,4ed253c84c4ae8b9cba6c8660208a40e731061f3087dab74680e58fda3a6c83d,"(1, 512, 8, 13)",1,1,0.7218140363693237,0.7459033727645874,1.0,5.653072676636839e-08,0.0,4.76837158203125e-07,0.0
portugal-026_03,scan,digital_2,train/attack/digital_2/scan/portugal-026_03.jpg,0333a0aaf509d232381a072f2ead59da318e3753ba23f573a014388a00ea5062,"(1, 512, 8, 13)",1,1,0.7288188338279724,0.7364524602890015,0.9999999403953552,5.681499004595025e-08,0.0,4.76837158203125e-07,0.0
portugal-042_03,huawei,bonafide,train/bonafide/huawei/portugal-042_03.jpg,ab73a5b947d76e47a40b97438c160997e0086efc5d12d0969a1c1459cba77cb1,"(1, 512, 8, 14)",1,1,0.7231374382972717,0.7441270351409912,0.9999998807907104,4.346789950204766e-08,0.0,4.76837158203125e-07,0.0
portugal-042_03,huawei,digital_1,train/attack/digital_1/huawei/portugal-042_03.jpg,d179374e7b87e0f83cd257e176c3d2dc91df3b83c69d142a607661baec6c32e9,"(1, 512, 8, 14)",1,1,0.7161527872085571,0.7534551024436951,0.9999999403953552,4.7604018504898704e-08,0.0,4.76837158203125e-07,0.0
portugal-042_03,huawei,digital_2,train/attack/digital_2/huawei/portugal-042_03.jpg,0027b6ab91698b9e30334db9865a857fdaaab1ff102fba8c4df4fd9a4fd07488,"(1, 512, 8, 14)",1,1,0.7184286117553711,0.7504285573959351,0.9999998807907104,4.461660552124158e-08,0.0,3.5762786865234375e-07,0.0
portugal-042_03,iphone15pro,bonafide,train/bonafide/iphone15pro/portugal-042_03.jpg,b97aacf183cd48cd681e44a73b4218de5831b1d869a62b3930d864fa024c2132,"(1, 512, 8, 13)",1,1,0.7378775477409363,0.7240476012229919,1.0,6.069518576623523e-08,0.0,9.5367431640625e-07,0.0
portugal-042_03,iphone15pro,digital_1,train/attack/digital_1/iphone15pro/portugal-042_03.jpg,6e7df82dafe7aa3481b61c7d624542e0e2b0872a237e816bd070232bee8c184c,"(1, 512, 8, 13)",1,1,0.7247630953788757,0.7419392466545105,0.9999999403953552,5.376748291041622e-08,0.0,4.76837158203125e-07,0.0
portugal-042_03,iphone15pro,digital_2,train/attack/digital_2/iphone15pro/portugal-042_03.jpg,693af7ab88dcf36bd9d979a1780b239dee3a50110c556c8dd2e8398300af61e7,"(1, 512, 8, 13)",1,1,0.7318568825721741,0.7323156595230103,1.0,5.5967486645158715e-08,0.0,4.76837158203125e-07,0.0
portugal-042_03,scan,bonafide,train/bonafide/scan/portugal-042_03.jpg,4200c20e20273a8361a58eb821b6468f6d5afb33c6982aba8e43ad813ab718a3,"(1, 512, 8, 13)",1,1,0.7236407399177551,0.743450403213501,0.9999999403953552,5.001319181019426e-08,0.0,2.384185791015625e-07,0.0
portugal-042_03,scan,digital_1,train/attack/digital_1/scan/portugal-042_03.jpg,43b5d6240d791579b5b5c8ada9946f5632140e6f144b79c11f77189c10c4f495,"(1, 512, 8, 13)",1,1,0.7158405184745789,0.753869354724884,1.0,5.590456808590716e-08,0.0,3.5762786865234375e-07,0.0
portugal-042_03,scan,digital_2,train/attack/digital_2/scan/portugal-042_03.jpg,f5ee563c7c8de23e7eb23453a6c3b097b4fdd5bd4184dcdd0d9a7389d27c71fa,"(1, 512, 8, 13)",1,1,0.7223995923995972,0.7451179623603821,1.0000001192092896,4.591766256112351e-08,0.0,2.384185791015625e-07,0.0
portugal-061_03,huawei,bonafide,train/bonafide/huawei/portugal-061_03.jpg,904b3ac79e66be9367fb14954ab1d516752b32cc6df4c99376b59d366de37b9a,"(1, 512, 8, 13)",1,1,0.7391215562820435,0.7223275303840637,1.0000001192092896,6.075968883578753e-08,0.0,4.76837158203125e-07,0.0
portugal-061_03,huawei,digital_1,train/attack/digital_1/huawei/portugal-061_03.jpg,3f2704df9c7f11cb9513de55b3d05ea175a145f58dbb2024c4b9c2a0e399bd9c,"(1, 512, 8, 13)",1,1,0.7321364879608154,0.7319336533546448,0.9999998807907104,5.504761091401633e-08,0.0,4.76837158203125e-07,0.0
portugal-061_03,huawei,digital_2,train/attack/digital_2/huawei/portugal-061_03.jpg,6c3164119d65523b565546f17bdcb8d44948a3b5630c141f656d1b8b7a673ac1,"(1, 512, 8, 13)",1,1,0.7349586486816406,0.7280678749084473,1.0,5.1229356756721245e-08,0.0,2.384185791015625e-07,0.0
portugal-061_03,iphone15pro,bonafide,train/bonafide/iphone15pro/portugal-061_03.jpg,79a490915004fd973032c50f67f4aca980ca6f10c168e31bfcf7eb60185cac5b,"(1, 512, 8, 13)",1,1,0.7359850406646729,0.7266566157341003,1.0,6.437703348183277e-08,0.0,4.76837158203125e-07,0.0
portugal-061_03,iphone15pro,digital_1,train/attack/digital_1/iphone15pro/portugal-061_03.jpg,d38c0967982be0090a813e88f53104ca7d3ee99cc0dcfec27130c0e51de6c556,"(1, 512, 8, 13)",1,1,0.7344527244567871,0.7287623882293701,1.0,5.3774929398286986e-08,0.0,4.76837158203125e-07,0.0
portugal-061_03,iphone15pro,digital_2,train/attack/digital_2/iphone15pro/portugal-061_03.jpg,87ad6e3f9025f9d3709335be9ec88edce9ae3d3d847eaf85b4fbb00a58714acf,"(1, 512, 8, 13)",1,1,0.734357476234436,0.7288930416107178,1.0,6.008223607523178e-08,0.0,4.76837158203125e-07,0.0
portugal-061_03,scan,bonafide,train/bonafide/scan/portugal-061_03.jpg,eb00aba4cafc85c5551f9f118662c877888441b8f692dd90586fd29d787adf89,"(1, 512, 8, 13)",1,1,0.730892539024353,0.7336313724517822,1.0,5.50898135998068e-08,0.0,4.76837158203125e-07,0.0
portugal-061_03,scan,digital_1,train/attack/digital_1/scan/portugal-061_03.jpg,ea8f8f8742f061d7b061bd744cb65a1c96f912c512a0ff9cde9ee088766c5150,"(1, 512, 8, 13)",1,1,0.7230388522148132,0.7442595362663269,1.0,5.371947864318827e-08,0.0,4.76837158203125e-07,0.0
portugal-061_03,scan,digital_2,train/attack/digital_2/scan/portugal-061_03.jpg,234c767013b09eb915a1edd0ddb1e4d7e2d0b5084551a12aabe5c181f8ba0e4d,"(1, 512, 8, 13)",1,1,0.7277411222457886,0.737914502620697,1.0000001192092896,5.222173982133427e-08,0.0,2.384185791015625e-07,0.0
portugal-066_03,huawei,bonafide,train/bonafide/huawei/portugal-066_03.jpg,bfaf2622a34c3ee64c5efa5e239ff95bc0da2cb55299100ecfa1dc41bfc62a88,"(1, 512, 8, 13)",1,1,0.7235933542251587,0.7435140609741211,1.0,6.803823993095648e-08,0.0,7.152557373046875e-07,0.0
portugal-066_03,huawei,digital_1,train/attack/digital_1/huawei/portugal-066_03.jpg,fb1b354571a0be587ac3ba6f7511fb9015f20c8b4e9c244aafe5a8566e5be3c8,"(1, 512, 8, 13)",1,1,0.7243531942367554,0.7424914836883545,1.0,6.482598280399543e-08,0.0,4.76837158203125e-07,0.0
portugal-066_03,huawei,digital_2,train/attack/digital_2/huawei/portugal-066_03.jpg,a4b5eb2944c22c93c79d6706980092974cd0fbf06a0d75fafdbc1adb4d5ea9d5,"(1, 512, 8, 13)",1,1,0.7265937328338623,0.7394677400588989,1.0,6.214469294718583e-08,0.0,4.76837158203125e-07,0.0
portugal-066_03,iphone15pro,bonafide,train/bonafide/iphone15pro/portugal-066_03.jpg,93d2cdbd50ba2b7913334a5fd6e5c6a17ae391636841d8cd0b23bb825f55aa07,"(1, 512, 8, 13)",1,1,0.7331895232200623,0.7304936647415161,1.0,5.2214407020301223e-08,0.0,4.76837158203125e-07,0.0
portugal-066_03,iphone15pro,digital_1,train/attack/digital_1/iphone15pro/portugal-066_03.jpg,a9dbd4c4626d93e9d66f7619e0f95f5b9fd66d2141148867f172194e23fb232c,"(1, 512, 8, 13)",1,1,0.7325891256332397,0.7313150763511658,1.0,4.859849056515486e-08,0.0,2.384185791015625e-07,0.0
portugal-066_03,iphone15pro,digital_2,train/attack/digital_2/iphone15pro/portugal-066_03.jpg,2b1ffa3eaa5aa58482aac3277fbe01ead195498e1d161ca27a09750103263ff4,"(1, 512, 8, 13)",1,1,0.7314296960830688,0.7328986525535583,1.0,6.19360207565478e-08,0.0,4.76837158203125e-07,0.0
portugal-066_03,scan,bonafide,train/bonafide/scan/portugal-066_03.jpg,3360f3cb8d2ee36ed74017b62ea3beade8699d95e39861fc97ba6df1abe7aed4,"(1, 512, 8, 13)",1,1,0.7250268459320068,0.7415835857391357,0.9999999403953552,6.26433305228602e-08,0.0,4.76837158203125e-07,0.0
portugal-066_03,scan,digital_1,train/attack/digital_1/scan/portugal-066_03.jpg,67e8d10fea2733355ddb552174315e01e3e207dd6eae9fa467b0b093043ba50e,"(1, 512, 8, 13)",1,1,0.7281366586685181,0.7373783588409424,1.0,5.0048239330635624e-08,0.0,2.384185791015625e-07,0.0
portugal-066_03,scan,digital_2,train/attack/digital_2/scan/portugal-066_03.jpg,f6cd3f5f1433ebc901a406c220bb819de61e8d61f9dd11667b1644bcf4984036,"(1, 512, 8, 13)",1,1,0.7241954803466797,0.7427038550376892,1.0000001192092896,5.724014684460599e-08,0.0,4.76837158203125e-07,0.0
portugal-070_03,huawei,bonafide,train/bonafide/huawei/portugal-070_03.jpg,042d81310bf608d8357ebbc593f6ebc6b8db66523679232ce36fbe2b584c705d,"(1, 512, 8, 13)",1,1,0.7230492234230042,0.744245707988739,1.0,5.385156498505239e-08,0.0,4.76837158203125e-07,0.0
portugal-070_03,huawei,digital_1,train/attack/digital_1/huawei/portugal-070_03.jpg,b0601d7a90f3936e8876f86ebe57aaedc30abd13bbaf94de60e22fe6e9e60942,"(1, 512, 8, 13)",1,1,0.7215827703475952,0.7462133169174194,1.0,6.296311028108903e-08,0.0,4.76837158203125e-07,0.0
portugal-070_03,huawei,digital_2,train/attack/digital_2/huawei/portugal-070_03.jpg,d3da4b7f249321e3704a26702da656012b01f4b2abe3af9011694fe5a8ea4613,"(1, 512, 8, 13)",1,1,0.7222843170166016,0.7452728152275085,0.9999998807907104,5.7188682234254884e-08,0.0,4.76837158203125e-07,0.0
portugal-070_03,iphone15pro,bonafide,train/bonafide/iphone15pro/portugal-070_03.jpg,80b4fbfdca5f20e1fbc45ae3eb3578b25fc972f19a0ef2a5982afc3028da2b41,"(1, 512, 8, 14)",1,1,0.73360276222229,0.7299277186393738,0.9999998807907104,4.803115416507353e-08,0.0,4.76837158203125e-07,0.0
portugal-070_03,iphone15pro,digital_1,train/attack/digital_1/iphone15pro/portugal-070_03.jpg,c87ab076f8612fd705ff1c0015793aa8620482d1c1f1a2220fdb44c5d878fdd0,"(1, 512, 8, 14)",1,1,0.7313822507858276,0.732963502407074,0.9999998807907104,4.8337629010575256e-08,0.0,4.76837158203125e-07,0.0
portugal-070_03,iphone15pro,digital_2,train/attack/digital_2/iphone15pro/portugal-070_03.jpg,19b3f71ffad46d75292cac73f5978f58ec840bd710a5a46f73ca178a667c1ef5,"(1, 512, 8, 14)",1,1,0.7314203977584839,0.7329114675521851,1.0,3.640245438418788e-08,0.0,2.384185791015625e-07,0.0
portugal-070_03,scan,bonafide,train/bonafide/scan/portugal-070_03.jpg,c8ac7d6770b1bc03ddf3485ccf65fa92da024ca142e1dc58118bf76cbc641a7f,"(1, 512, 8, 13)",1,1,0.7317057847976685,0.7325221300125122,0.9999998807907104,6.397711871386491e-08,0.0,4.76837158203125e-07,0.0
portugal-070_03,scan,digital_1,train/attack/digital_1/scan/portugal-070_03.jpg,f1f53a38822ea293980b9d933a20cf324bb9901a75a0feb2375a8ce66d3192e5,"(1, 512, 8, 13)",1,1,0.7264665961265564,0.7396398186683655,1.0000001192092896,4.775185757921463e-08,0.0,2.384185791015625e-07,0.0
portugal-070_03,scan,digital_2,train/attack/digital_2/scan/portugal-070_03.jpg,7783e66422af39bddd2487b901cfb577e8faee1de018c86d81e84d385e49c2d3,"(1, 512, 8, 13)",1,1,0.7294955849647522,0.7355328798294067,1.0,4.430952671441446e-08,0.0,2.384185791015625e-07,0.0
portugal-105_03,huawei,bonafide,train/bonafide/huawei/portugal-105_03.jpg,77a0c0c49f4d92724b8b798d754cb1faf4cd695dc618797e253f5ba70e8add22,"(1, 512, 8, 14)",1,1,0.7231859564781189,0.7440617680549622,1.0,4.030001576893483e-08,0.0,2.384185791015625e-07,0.0
portugal-105_03,huawei,digital_1,train/attack/digital_1/huawei/portugal-105_03.jpg,e3f76428170cf27c74024cf7f5be432cac8eb2dbbbed84e1bde9beead87c25f4,"(1, 512, 8, 14)",1,1,0.7191545367240906,0.7494605779647827,1.0,6.214009573568546e-08,0.0,9.5367431640625e-07,0.0
portugal-105_03,huawei,digital_2,train/attack/digital_2/huawei/portugal-105_03.jpg,84bf5cea40342d9581ec897b2d5c67d50d85f66b97da9345eadf82af182baa1e,"(1, 512, 8, 14)",1,1,0.7214071750640869,0.7464486956596375,1.0,3.348637633848739e-08,0.0,2.384185791015625e-07,0.0
portugal-105_03,iphone15pro,bonafide,train/bonafide/iphone15pro/portugal-105_03.jpg,82510cbe1a88b4bd7068899700cdb1fa57d090da70ed4b4ae87bd2fb736e5058,"(1, 512, 8, 13)",1,1,0.7463594675064087,0.7122365832328796,1.0,5.502925048972429e-08,0.0,4.76837158203125e-07,0.0
portugal-105_03,iphone15pro,digital_1,train/attack/digital_1/iphone15pro/portugal-105_03.jpg,9b9da728b7a22737c62f0033d7076615a652f45c953ce1ccae2032d6e3295084,"(1, 512, 8, 13)",1,1,0.7376270890235901,0.7243935465812683,1.0,5.077576403778039e-08,0.0,2.384185791015625e-07,0.0
portugal-105_03,iphone15pro,digital_2,train/attack/digital_2/iphone15pro/portugal-105_03.jpg,55a18187a47b7574191390d9d25f60b5b9f75af9b79c4920a998821c56da7161,"(1, 512, 8, 13)",1,1,0.7407075762748718,0.7201283574104309,1.0,6.668950192079137e-08,0.0,9.5367431640625e-07,0.0
portugal-105_03,scan,bonafide,train/bonafide/scan/portugal-105_03.jpg,f72f9712a7cbaf5e09a095cfa282384eff2da07d5ed83ef960a9bc0c2bac4e5e,"(1, 512, 8, 13)",1,1,0.7299754619598389,0.7348804473876953,0.9999999403953552,6.167855559624513e-08,0.0,4.76837158203125e-07,0.0
portugal-105_03,scan,digital_1,train/attack/digital_1/scan/portugal-105_03.jpg,8e6f334529cc659e33f4058e1838a0d8ed0fd1e2b01565016506ca78c234c90f,"(1, 512, 8, 13)",1,1,0.7239912748336792,0.7429788708686829,1.0,4.306743051074591e-08,0.0,2.384185791015625e-07,0.0
portugal-105_03,scan,digital_2,train/attack/digital_2/scan/portugal-105_03.jpg,f34aceeb8f2eb62d1ba3c15dd66c2460a64a2467100119b240328ce3688f6f16,"(1, 512, 8, 13)",1,1,0.7256740927696228,0.7407101988792419,1.0,5.2265082928215634e-08,0.0,3.5762786865234375e-07,0.0
portugal-125_03,huawei,bonafide,train/bonafide/huawei/portugal-125_03.jpg,09c8b5374afb520a9e7dddff6de11ad82c2680946352fc51f62a7682f71e0796,"(1, 512, 8, 13)",1,1,0.7373236417770386,0.7248121500015259,1.0,5.51458043673847e-08,0.0,4.76837158203125e-07,0.0
portugal-125_03,huawei,digital_1,train/attack/digital_1/huawei/portugal-125_03.jpg,42163c15d7d8ee2e26026f05b6018d48451c008d0dda31d886de3a27117e5617,"(1, 512, 8, 13)",1,1,0.7368226647377014,0.7255030274391174,1.0,5.204826081239844e-08,0.0,2.384185791015625e-07,0.0
portugal-125_03,huawei,digital_2,train/attack/digital_2/huawei/portugal-125_03.jpg,e2c78ccc9ce02d36f82cf7f72d5f4ab586acc7b46316ecbd2c849f651f5e9fbf,"(1, 512, 8, 13)",1,1,0.7380969524383545,0.7237445116043091,0.9999999403953552,5.42933840108617e-08,0.0,4.76837158203125e-07,0.0
portugal-125_03,iphone15pro,bonafide,train/bonafide/iphone15pro/portugal-125_03.jpg,ae284df63eacaf29b9c33807c3b3d8f29ccbf5763a312b1c28c612a192b37028,"(1, 512, 8, 14)",1,1,0.733427882194519,0.7301672697067261,1.0,3.925060099163602e-08,0.0,2.384185791015625e-07,0.0
portugal-125_03,iphone15pro,digital_1,train/attack/digital_1/iphone15pro/portugal-125_03.jpg,6ac55928f24107fe26cec25357ab312770ba12f4f9a35d387e92ea955bc47268,"(1, 512, 8, 14)",1,1,0.7260103225708008,0.7402562499046326,1.0,4.8977597089105984e-08,0.0,4.76837158203125e-07,0.0
portugal-125_03,iphone15pro,digital_2,train/attack/digital_2/iphone15pro/portugal-125_03.jpg,88647382e6b8767ea334e85b40bab139b2cfe423f549d90425f243550f5d165c,"(1, 512, 8, 14)",1,1,0.7300682067871094,0.7347540855407715,0.9999998807907104,2.9966372494527604e-08,0.0,2.384185791015625e-07,0.0
portugal-125_03,scan,bonafide,train/bonafide/scan/portugal-125_03.jpg,2a07d28daeb2204fa4d628b3d9c9f13b71c455e577db2a9e823179f8a6f30b02,"(1, 512, 8, 13)",1,1,0.7324888706207275,0.7314523458480835,1.0,5.4732517185129836e-08,0.0,4.76837158203125e-07,0.0
portugal-125_03,scan,digital_1,train/attack/digital_1/scan/portugal-125_03.jpg,9720558bd407dcf5fdf0b4ad464261e93e69091ae9783888edb06c3aad085a71,"(1, 512, 8, 13)",1,1,0.7271998524665833,0.7386476397514343,1.0,6.010458974969879e-08,0.0,4.76837158203125e-07,0.0
portugal-125_03,scan,digital_2,train/attack/digital_2/scan/portugal-125_03.jpg,2f480eea1d4a6617ed971adad956089790f1108a796b24afe778c630fba1d544,"(1, 512, 8, 13)",1,1,0.7321150302886963,0.7319629192352295,0.9999999403953552,6.49664073648637e-08,0.0,4.76837158203125e-07,0.0
portugal-143_03,huawei,bonafide,train/bonafide/huawei/portugal-143_03.jpg,d58d9a1f7cde91222c6fe3151173d0b6ebbb0ed629b6400bd435535a20a2b27b,"(1, 512, 8, 13)",1,1,0.7391447424888611,0.7222952842712402,1.0,5.594931806740533e-08,0.0,2.384185791015625e-07,0.0
portugal-143_03,huawei,digital_1,train/attack/digital_1/huawei/portugal-143_03.jpg,8feab87dec29879a2a91e42599394350d3076c138095f4f7f519db7f74c7da89,"(1, 512, 8, 13)",1,1,0.740348219871521,0.7206271886825562,1.0,6.030257537759098e-08,0.0,4.76837158203125e-07,0.0
portugal-143_03,huawei,digital_2,train/attack/digital_2/huawei/portugal-143_03.jpg,8d40fc7f28f4706c4c8b07a8f79a3512f4bc14fd792b81316446099dbf4b2fd0,"(1, 512, 8, 13)",1,1,0.7440645694732666,0.715451717376709,1.0,5.894710142229087e-08,0.0,4.76837158203125e-07,0.0
portugal-143_03,iphone15pro,bonafide,train/bonafide/iphone15pro/portugal-143_03.jpg,91d549362c279a9bd6bf4acdd3da43347f4fb173efb86132f9a3846155e133c7,"(1, 512, 8, 13)",1,1,0.738444447517395,0.723264217376709,1.0,7.270487145660809e-08,0.0,9.5367431640625e-07,0.0
portugal-143_03,iphone15pro,digital_1,train/attack/digital_1/iphone15pro/portugal-143_03.jpg,5a743fdfc26ec6f90fdf35d6faf46eec34d2a9a5b42c4097fb2e1e7eb3576c40,"(1, 512, 8, 13)",1,1,0.7331939935684204,0.7304875254631042,0.9999999403953552,5.487950716087653e-08,0.0,4.76837158203125e-07,0.0
portugal-143_03,iphone15pro,digital_2,train/attack/digital_2/iphone15pro/portugal-143_03.jpg,e5f068bbf747825965acc5035591b7d966eaeb3b6f08c258bcc61226fdf941c0,"(1, 512, 8, 13)",1,1,0.7320079207420349,0.7321093678474426,1.0,3.8717754335948484e-08,0.0,2.384185791015625e-07,0.0
portugal-143_03,scan,bonafide,train/bonafide/scan/portugal-143_03.jpg,c72ae8804cb24e36f6ee4ebf94fed7fea31dcbdb5f1dcff6e8ec36820613fbe2,"(1, 512, 8, 13)",1,1,0.7223804593086243,0.7451436519622803,1.0,6.638250482637886e-08,0.0,4.76837158203125e-07,0.0
portugal-143_03,scan,digital_1,train/attack/digital_1/scan/portugal-143_03.jpg,3086e3d4538b2c586942ff21592d4a5a0d503009806b1f248451f16e8ed9507d,"(1, 512, 8, 13)",1,1,0.7223469018936157,0.74518883228302,1.0,5.119565926747782e-08,0.0,4.76837158203125e-07,0.0
portugal-143_03,scan,digital_2,train/attack/digital_2/scan/portugal-143_03.jpg,fe516b828de6bdc58b6896e8ad12024bf3370b422618a2005fb93dd9b3be58be,"(1, 512, 8, 13)",1,1,0.7227881550788879,0.7445963025093079,0.9999998807907104,5.7614801818317574e-08,0.0,4.76837158203125e-07,0.0
portugal-172_03,huawei,bonafide,train/bonafide/huawei/portugal-172_03.jpg,aaf01ca19f2d6f8f832677d152f0501d3914d31fb62503ab894509de6c9e8e16,"(1, 512, 8, 13)",1,1,0.7383824586868286,0.7233499884605408,0.9999998807907104,4.4372779228751824e-08,0.0,2.384185791015625e-07,0.0
portugal-172_03,huawei,digital_1,train/attack/digital_1/huawei/portugal-172_03.jpg,8f041da1ec2a38f01fa8f6f5ea4a0376ca0e35b012cb77b97f5f9698ff3135c6,"(1, 512, 8, 13)",1,1,0.7331370711326599,0.7305654287338257,1.0,7.89694567515653e-08,0.0,9.5367431640625e-07,0.0
portugal-172_03,huawei,digital_2,train/attack/digital_2/huawei/portugal-172_03.jpg,9e8edc5e772bdb31fb99abdb7e1931ac8849ed169af0145ee8161013db01014f,"(1, 512, 8, 13)",1,1,0.7368646860122681,0.7254449725151062,1.0,6.008771435972449e-08,0.0,4.76837158203125e-07,0.0
portugal-172_03,iphone15pro,bonafide,train/bonafide/iphone15pro/portugal-172_03.jpg,d8ece948c4b85be0156c10d040abb775b1b80817d8959c19e4eb1ade69273636,"(1, 512, 8, 14)",1,1,0.7281301617622375,0.7373868823051453,0.9999998807907104,4.873462700061282e-08,0.0,4.76837158203125e-07,0.0
portugal-172_03,iphone15pro,digital_1,train/attack/digital_1/iphone15pro/portugal-172_03.jpg,eedd4c21950d547a884a85f0c03c21a560262c4c2f07bc53bebed5ab86dd9746,"(1, 512, 8, 14)",1,1,0.7222781181335449,0.7452808618545532,1.0000001192092896,4.586778246107315e-08,0.0,4.76837158203125e-07,0.0
portugal-172_03,iphone15pro,digital_2,train/attack/digital_2/iphone15pro/portugal-172_03.jpg,1084b41153dea642db98c98cee2c96c29806da859bc59a3fc9ba1f1599ed8855,"(1, 512, 8, 14)",1,1,0.7248889803886414,0.7417693734169006,1.0000001192092896,5.0766242765121206e-08,0.0,4.76837158203125e-07,0.0
portugal-172_03,scan,bonafide,train/bonafide/scan/portugal-172_03.jpg,effef43c828de4ee93ef8acb72c96872cf8030bd6de55d981ae7a3d6133db036,"(1, 512, 8, 13)",1,1,0.7334046959877014,0.7301989197731018,1.0,5.268827507620699e-08,0.0,2.384185791015625e-07,0.0
portugal-172_03,scan,digital_1,train/attack/digital_1/scan/portugal-172_03.jpg,4ed123a2fa0483f544b21576413e047daa003abaa418f73a141baa6035ad3e74,"(1, 512, 8, 13)",1,1,0.7262935042381287,0.7398736476898193,1.0,5.4325177245573286e-08,0.0,4.76837158203125e-07,0.0
portugal-172_03,scan,digital_2,train/attack/digital_2/scan/portugal-172_03.jpg,e89ddcea993ec3723c9a756b26f3f86c235cc855ea8e64b42bdae0d208a0b165,"(1, 512, 8, 13)",1,1,0.7306394577026367,0.7339760065078735,1.0,4.144954601770223e-08,0.0,2.384185791015625e-07,0.0
portugal-NF-1016,huawei,bonafide,train/bonafide/huawei/portugal-NF-1016.jpg,e783c78ef493cf51534fe6a09c398e83d16444e06ea12f3a2ecdba88636904c2,"(1, 512, 8, 13)",1,1,0.6974745988845825,0.7778499722480774,1.0,5.655761725620323e-08,0.0,4.76837158203125e-07,0.0
portugal-NF-1016,huawei,digital_1,train/attack/digital_1/huawei/portugal-NF-1016.jpg,939bbb5ac4bb5c8d000c62a1cef3b54471105bec87ce36d0381fbd5046e02541,"(1, 512, 8, 13)",1,1,0.6918766498565674,0.7850139141082764,1.0,5.0080309677014156e-08,0.0,4.76837158203125e-07,0.0
portugal-NF-1016,huawei,digital_2,train/attack/digital_2/huawei/portugal-NF-1016.jpg,a5c7acbb83111a2abc0186be498b3281bf61a9545b6d848b8c40061d4671a5ba,"(1, 512, 8, 13)",1,1,0.6960347890853882,0.7796989679336548,1.0,5.8828344862149606e-08,0.0,4.76837158203125e-07,0.0
portugal-NF-1016,iphone15pro,bonafide,train/bonafide/iphone15pro/portugal-NF-1016.jpg,57fce34bec95ce7a2f1d1cbb6080d2499d5c29f74170f8badd211a76bf3f2902,"(1, 512, 8, 13)",1,1,0.7169271111488342,0.7524265050888062,1.0,6.776492966764636e-08,0.0,9.5367431640625e-07,0.0
portugal-NF-1016,iphone15pro,digital_1,train/attack/digital_1/iphone15pro/portugal-NF-1016.jpg,eba11297daa364b211bbbb969c669349d538cc7d31a37999cfd757ec1d6c971a,"(1, 512, 8, 13)",1,1,0.7059706449508667,0.7668496966362,1.0000001192092896,6.09693415754009e-08,0.0,4.76837158203125e-07,0.0
portugal-NF-1016,iphone15pro,digital_2,train/attack/digital_2/iphone15pro/portugal-NF-1016.jpg,45f6bf35b70e33d474d2458068d8170ebd716159af1cf326f7489497977a82f4,"(1, 512, 8, 13)",1,1,0.7133775949478149,0.7571293711662292,1.0,4.1017138130428066e-08,0.0,2.384185791015625e-07,0.0
portugal-NF-1016,scan,bonafide,train/bonafide/scan/portugal-NF-1016.jpg,653957e0d6201784894d23079b63679b3b3ea481b40fc4069a75ec658f6a6e8c,"(1, 512, 8, 13)",1,1,0.7161247730255127,0.7534921765327454,0.9999999403953552,5.184629259247231e-08,0.0,2.384185791015625e-07,0.0
portugal-NF-1016,scan,digital_1,train/attack/digital_1/scan/portugal-NF-1016.jpg,34ecfba1fe2a82ce7393d0c12790d2ca0ee9e7ccbf05d86f50adc6472e7621f1,"(1, 512, 8, 13)",1,1,0.7101619243621826,0.7613646388053894,1.0,5.392991653252466e-08,0.0,4.76837158203125e-07,0.0
portugal-NF-1016,scan,digital_2,train/attack/digital_2/scan/portugal-NF-1016.jpg,05f59b071801a0e6fd1af3d58d87df10046c1ecd61bb1f0581f71f09649582d9,"(1, 512, 8, 13)",1,1,0.7131447792053223,0.7574369311332703,1.0,5.755303789101163e-08,0.0,3.5762786865234375e-07,0.0
portugal-NF-1022,huawei,bonafide,train/bonafide/huawei/portugal-NF-1022.jpg,2fa58a865aa31e32c8f4dd402b69e5c12eba0e68d71b7b144a3ea5184c3d26a4,"(1, 512, 8, 13)",1,1,0.7057216167449951,0.7671745419502258,0.9999999403953552,5.088934784680532e-08,0.0,4.76837158203125e-07,0.0
portugal-NF-1022,huawei,digital_1,train/attack/digital_1/huawei/portugal-NF-1022.jpg,847e801bfe053c01ed6078ed2890acdb8fdeef0c0b2202ad3f4ba245af9b7f50,"(1, 512, 8, 13)",1,1,0.7018837928771973,0.7721608877182007,1.0,6.28691836368489e-08,0.0,4.76837158203125e-07,0.0
portugal-NF-1022,huawei,digital_2,train/attack/digital_2/huawei/portugal-NF-1022.jpg,fc2696f75abb560b0bbad60c900f70ed38b8f2530741eac3ac5a5050874756b7,"(1, 512, 8, 13)",1,1,0.7010359764099121,0.7732581496238708,1.0000001192092896,5.66704230209325e-08,0.0,4.76837158203125e-07,0.0
portugal-NF-1022,iphone15pro,bonafide,train/bonafide/iphone15pro/portugal-NF-1022.jpg,13cdde663f3849d64cf0d3d2366e39ab14e4a19f1207614f7f7e381a3f27f164,"(1, 512, 8, 13)",1,1,0.7125120162963867,0.7582716941833496,1.0,5.0336780077486765e-08,0.0,2.384185791015625e-07,0.0
portugal-NF-1022,iphone15pro,digital_1,train/attack/digital_1/iphone15pro/portugal-NF-1022.jpg,aca52b7bfabd2a3d8db7f7792a8d2cc4d6234b71494ee09e288da21af612df71,"(1, 512, 8, 13)",1,1,0.7090998888015747,0.7627583146095276,0.9999999403953552,5.283548176748809e-08,0.0,4.76837158203125e-07,0.0
portugal-NF-1022,iphone15pro,digital_2,train/attack/digital_2/iphone15pro/portugal-NF-1022.jpg,0c9c95a07fda3f1204f966f8e5d25799213fd3467aeeb68cf349c236bc69a848,"(1, 512, 8, 13)",1,1,0.7084152102470398,0.7636554837226868,1.0,6.170215982592708e-08,0.0,4.76837158203125e-07,0.0
portugal-NF-1022,scan,bonafide,train/bonafide/scan/portugal-NF-1022.jpg,7647a7f66fad07af8575ba31a9c130ae861ea43b39d8284b5d1f0a0973b02fcb,"(1, 512, 8, 13)",1,1,0.7068811655044556,0.7656615376472473,1.0,5.385945556213301e-08,0.0,2.384185791015625e-07,0.0
portugal-NF-1022,scan,digital_1,train/attack/digital_1/scan/portugal-NF-1022.jpg,465a7bafadde9ce7c62f7b18d9298d77a27ccb37d7feca574fd8c9d002438476,"(1, 512, 8, 13)",1,1,0.7016047835350037,0.7725221514701843,1.0,4.9357844034148e-08,0.0,3.5762786865234375e-07,0.0
portugal-NF-1022,scan,digital_2,train/attack/digital_2/scan/portugal-NF-1022.jpg,b9b9344f81bd8e9feb310c6da2a4446f2160d0e57d8a6c00badf26d82a14c3d1,"(1, 512, 8, 13)",1,1,0.7036960124969482,0.7698103189468384,1.0,4.816798337969885e-08,0.0,4.76837158203125e-07,0.0
portugal-NF-1024,huawei,bonafide,train/bonafide/huawei/portugal-NF-1024.jpg,73b41d2916a47f5e484a06939a51ba5d56dedc0e78e525af5eef3f6966412bc1,"(1, 512, 8, 13)",1,1,0.7070081233978271,0.765495777130127,1.0,6.454768453068027e-08,0.0,4.76837158203125e-07,0.0
portugal-NF-1024,huawei,digital_1,train/attack/digital_1/huawei/portugal-NF-1024.jpg,9834a82a59c7494f7946fbfabdc006bb465c07a20de18fefd8f8c857ff16a4ea,"(1, 512, 8, 13)",1,1,0.7067630290985107,0.7658158540725708,1.0,5.4931941662061945e-08,0.0,4.76837158203125e-07,0.0
portugal-NF-1024,huawei,digital_2,train/attack/digital_2/huawei/portugal-NF-1024.jpg,d55e6d01170ea656d0bae6e372c474a23cee6e4cbd2e9ab9df20c5c2fb1870b6,"(1, 512, 8, 13)",1,1,0.7083231210708618,0.7637758255004883,1.0,3.979216245397765e-08,0.0,2.384185791015625e-07,0.0
portugal-NF-1024,iphone15pro,bonafide,train/bonafide/iphone15pro/portugal-NF-1024.jpg,4cb4a5ef67b7e4c4ae225974d2a32490e08b6562954a8c6146f001178c538a2f,"(1, 512, 8, 13)",1,1,0.7287446856498718,0.7365531325340271,1.0000001192092896,4.504077111278093e-08,0.0,4.76837158203125e-07,0.0
portugal-NF-1024,iphone15pro,digital_1,train/attack/digital_1/iphone15pro/portugal-NF-1024.jpg,f0c13e9f19d65fd558c6b120d000c2c1577af63465c2b1a04a97620b9471f9c3,"(1, 512, 8, 13)",1,1,0.720447301864624,0.7477336525917053,1.0000001192092896,5.61327944126333e-08,0.0,3.5762786865234375e-07,0.0
portugal-NF-1024,iphone15pro,digital_2,train/attack/digital_2/iphone15pro/portugal-NF-1024.jpg,c7e9792680ec4bc6faf27b12291cea7fe289012a001d80584b404a44b7d090a1,"(1, 512, 8, 13)",1,1,0.7273625135421753,0.7384274005889893,0.9999999403953552,5.111626322218399e-08,0.0,2.384185791015625e-07,0.0
portugal-NF-1024,scan,bonafide,train/bonafide/scan/portugal-NF-1024.jpg,2cd75f036c993b20f01531e2cefdd41b916708e7473710ba3a0272b77c7989f3,"(1, 512, 8, 13)",1,1,0.7097423076629639,0.7619156241416931,1.0,4.467243286399025e-08,0.0,2.384185791015625e-07,0.0
portugal-NF-1024,scan,digital_1,train/attack/digital_1/scan/portugal-NF-1024.jpg,0793aed2f3a06edd56a88f6756317593b74f999715fb53fff9502d317cf8f1a5,"(1, 512, 8, 13)",1,1,0.7105414867401123,0.7608660459518433,1.000000238418579,5.2302993935882114e-08,0.0,4.76837158203125e-07,0.0
portugal-NF-1024,scan,digital_2,train/attack/digital_2/scan/portugal-NF-1024.jpg,476825841045a33196facd287e398f0bd889a4059a7138cac205cdefefecdba1,"(1, 512, 8, 13)",1,1,0.7161650657653809,0.7534387707710266,1.0,4.125991637238258e-08,0.0,2.384185791015625e-07,0.0
portugal-NF-1026,huawei,bonafide,train/bonafide/huawei/portugal-NF-1026.jpg,812a38695c07b8ed659a7d3dc8d3164a33cd0dc9635e63f0797713ec62367dac,"(1, 512, 8, 13)",1,1,0.715118408203125,0.7548267245292664,1.0,4.76199559784618e-08,0.0,4.76837158203125e-07,0.0
portugal-NF-1026,huawei,digital_1,train/attack/digital_1/huawei/portugal-NF-1026.jpg,e929dc2edefd5513351507136b99fd9168df73b5420f35625479a04b3a8ceaf8,"(1, 512, 8, 13)",1,1,0.7129544019699097,0.757688045501709,1.0,4.1740001677226246e-08,0.0,2.384185791015625e-07,0.0
portugal-NF-1026,huawei,digital_2,train/attack/digital_2/huawei/portugal-NF-1026.jpg,95aa0d717f7dfb66c31cba33cf627048092b839667082c01f368ba223bfdeb1d,"(1, 512, 8, 13)",1,1,0.7136614322662354,0.7567543983459473,0.9999999403953552,5.673146930007533e-08,0.0,4.76837158203125e-07,0.0
portugal-NF-1026,iphone15pro,bonafide,train/bonafide/iphone15pro/portugal-NF-1026.jpg,932595207b54f28991e15104f119dd1487e5867493b115c2ad43c9a0e0a9c8d9,"(1, 512, 8, 13)",1,1,0.732631504535675,0.7312570810317993,1.0,4.6748844795274636e-08,0.0,2.384185791015625e-07,0.0
portugal-NF-1026,iphone15pro,digital_1,train/attack/digital_1/iphone15pro/portugal-NF-1026.jpg,d4f3f562ef0079ea34c83fc3f8c9f1033d394503be647a31c1be943a68bc0aad,"(1, 512, 8, 13)",1,1,0.728524923324585,0.7368514537811279,1.0,5.60349917577696e-08,0.0,4.76837158203125e-07,0.0
portugal-NF-1026,iphone15pro,digital_2,train/attack/digital_2/iphone15pro/portugal-NF-1026.jpg,a1164bbcd7570a89e993b1ba144fe69d643005a4b282f1d935bb20ee51efbca7,"(1, 512, 8, 13)",1,1,0.7258191108703613,0.7405145764350891,0.9999999403953552,5.957793902666708e-08,0.0,4.76837158203125e-07,0.0
portugal-NF-1026,scan,bonafide,train/bonafide/scan/portugal-NF-1026.jpg,ccf02504907595ffb81375f4e9dd0f05f9141356e981a734b415da96c9d604e9,"(1, 512, 8, 13)",1,1,0.7200706601142883,0.7482369542121887,1.0,6.312581035672338e-08,0.0,4.76837158203125e-07,0.0
portugal-NF-1026,scan,digital_1,train/attack/digital_1/scan/portugal-NF-1026.jpg,082f19cf0b9a6d87d787828299d3dc74b4d2d8ecb1ef377cb708417cebaa6768,"(1, 512, 8, 13)",1,1,0.7129648327827454,0.7576742172241211,1.0,5.003824909977084e-08,0.0,2.384185791015625e-07,0.0
portugal-NF-1026,scan,digital_2,train/attack/digital_2/scan/portugal-NF-1026.jpg,643b6d776d1db2aa53163662f317d2345d32320281598f9107a5807b4776c18b,"(1, 512, 8, 13)",1,1,0.7119150757789612,0.7590586543083191,1.0,5.592201546278375e-08,0.0,4.76837158203125e-07,0.0
portugal-NF-1041,huawei,bonafide,train/bonafide/huawei/portugal-NF-1041.jpg,8e669a54da72479f94157ded90cba258f3036580b4c040739b13c04c3c2d8280,"(1, 512, 8, 13)",1,1,0.7083911895751953,0.7636869549751282,1.0,4.7952532611361676e-08,0.0,2.384185791015625e-07,0.0
portugal-NF-1041,huawei,digital_1,train/attack/digital_1/huawei/portugal-NF-1041.jpg,81ada891f4a2eaedaac25a6979bb751434cbeb74408c2b211af48920f74a7d49,"(1, 512, 8, 13)",1,1,0.7101893424987793,0.7613288164138794,1.0,5.414304027340222e-08,0.0,4.76837158203125e-07,0.0
portugal-NF-1041,huawei,digital_2,train/attack/digital_2/huawei/portugal-NF-1041.jpg,2d06bac282e90121df676ee9ade20aaf9271644eba9beb7cbac08c397736cef0,"(1, 512, 8, 13)",1,1,0.7091034054756165,0.7627536654472351,1.0000001192092896,4.523210250795273e-08,0.0,2.384185791015625e-07,0.0
portugal-NF-1041,iphone15pro,bonafide,train/bonafide/iphone15pro/portugal-NF-1041.jpg,7c4847a1e38c474fe8d5538158409bf7fad3ad586fc2fa2eadebe296a491c9a8,"(1, 512, 8, 13)",1,1,0.7265651226043701,0.7395063042640686,0.9999999403953552,7.163465198800623e-08,0.0,9.5367431640625e-07,0.0
portugal-NF-1041,iphone15pro,digital_1,train/attack/digital_1/iphone15pro/portugal-NF-1041.jpg,1021051e44d65720b37f0813aac8bccb396ed7e6ae8bbbc8a16d7216024640e7,"(1, 512, 8, 13)",1,1,0.7254161834716797,0.7410585284233093,0.9999999403953552,5.4055391274232534e-08,0.0,4.76837158203125e-07,0.0
portugal-NF-1041,iphone15pro,digital_2,train/attack/digital_2/iphone15pro/portugal-NF-1041.jpg,35d8448e2ab0463c70f131fc8ab90993d1464f4e75e34cdee26b22ec725079d3,"(1, 512, 8, 13)",1,1,0.7272311449050903,0.7386053800582886,1.0,4.364148509239385e-08,0.0,2.384185791015625e-07,0.0
portugal-NF-1041,scan,bonafide,train/bonafide/scan/portugal-NF-1041.jpg,4e79921493dc4e0868bc5872775d44b4cc3ec145b32f663ea37754fd81b44548,"(1, 512, 8, 13)",1,1,0.7221495509147644,0.7454535365104675,1.0,5.444400130727445e-08,0.0,4.76837158203125e-07,0.0
portugal-NF-1041,scan,digital_1,train/attack/digital_1/scan/portugal-NF-1041.jpg,b95bc7f3fab7589bbacfcef0509d2d20b638edfb731206557798c891b80c445b,"(1, 512, 8, 13)",1,1,0.7216551303863525,0.7461163401603699,0.9999998807907104,4.897962924133026e-08,0.0,2.384185791015625e-07,0.0
portugal-NF-1041,scan,digital_2,train/attack/digital_2/scan/portugal-NF-1041.jpg,ba5aafbec4f08e95e8e6fee4a9412a0ae41cfc4aa6dd63ca8d0f84e41dadb2e5,"(1, 512, 8, 13)",1,1,0.7238117456436157,0.7432203888893127,1.0,5.1723365146472133e-08,0.0,4.76837158203125e-07,0.0
portugal-NF-1083,huawei,bonafide,train/bonafide/huawei/portugal-NF-1083.jpg,4c6883228f760bbdbe27a79d7e7fe9687d210e4c6df8216c37203897f1b03be9,"(1, 512, 8, 13)",1,1,0.7346506714820862,0.7284906506538391,0.9999999403953552,7.50023900764063e-08,0.0,9.5367431640625e-07,0.0
portugal-NF-1083,huawei,digital_1,train/attack/digital_1/huawei/portugal-NF-1083.jpg,f9fad3a960b05dce313cc45c3309a8edd3845a468114c85cdbef9128abc751d7,"(1, 512, 8, 13)",1,1,0.732558012008667,0.7313576936721802,1.0,5.759866184007478e-08,0.0,4.76837158203125e-07,0.0
portugal-NF-1083,huawei,digital_2,train/attack/digital_2/huawei/portugal-NF-1083.jpg,3daa94e6fe021af675a9f196a68c9fe5bfcb242322070771a9f7b528c0967bb5,"(1, 512, 8, 13)",1,1,0.7333896160125732,0.7302197813987732,1.0,5.4681315475590964e-08,0.0,4.76837158203125e-07,0.0
portugal-NF-1083,iphone15pro,bonafide,train/bonafide/iphone15pro/portugal-NF-1083.jpg,c288b53274e29ee99e2eba63a33935efb0ebed53e071815f4e5d23a0b6062d2e,"(1, 512, 8, 14)",1,1,0.7254637479782104,0.740994393825531,0.9999998807907104,6.337883462492755e-08,0.0,9.5367431640625e-07,0.0
portugal-NF-1083,iphone15pro,digital_1,train/attack/digital_1/iphone15pro/portugal-NF-1083.jpg,807c88cb5cd92dbaf1901e1e4c4f9cb3b23f563ca17a610926c106f6f764e3df,"(1, 512, 8, 14)",1,1,0.7255416512489319,0.7408893704414368,1.0,4.404906306376688e-08,0.0,4.76837158203125e-07,0.0
portugal-NF-1083,iphone15pro,digital_2,train/attack/digital_2/iphone15pro/portugal-NF-1083.jpg,0de3f993aea2542f6bc6163eb4eb859bdf10d5657c17e2cab281762bc81e0551,"(1, 512, 8, 14)",1,1,0.7256490588188171,0.7407442927360535,1.0,3.809774540286526e-08,0.0,4.76837158203125e-07,0.0
portugal-NF-1083,scan,bonafide,train/bonafide/scan/portugal-NF-1083.jpg,f90c49b15c1d953896ef0d1184c609e94b2a4e012e1a3685bf09b936b5e3be19,"(1, 512, 8, 13)",1,1,0.7271031141281128,0.7387784719467163,0.9999999403953552,6.705119659500269e-08,0.0,7.152557373046875e-07,0.0
portugal-NF-1083,scan,digital_1,train/attack/digital_1/scan/portugal-NF-1083.jpg,b072d0dae3d1b3cb0d6fbcc8e4d61c38955e2bbe9d4b058ee3f540d25a330469,"(1, 512, 8, 13)",1,1,0.7285572290420532,0.7368077039718628,0.9999999403953552,4.9954433478660576e-08,0.0,2.384185791015625e-07,0.0
portugal-NF-1083,scan,digital_2,train/attack/digital_2/scan/portugal-NF-1083.jpg,94251c15bb4201d2d6e44c167b5c4551d94fac20d3e85408a804b34cf50bd818,"(1, 512, 8, 13)",1,1,0.7282872796058655,0.737173855304718,1.0,5.409973269365764e-08,0.0,4.76837158203125e-07,0.0
portugal-NF-1086,huawei,bonafide,train/bonafide/huawei/portugal-NF-1086.jpg,ba6aecd16a92765371b3718b140c1cfff7a7bba0be077342981eb5df3a41bff7,"(1, 512, 8, 14)",1,1,0.7088750600814819,0.7630529999732971,0.9999998807907104,6.465052848625419e-08,0.0,9.5367431640625e-07,0.0
portugal-NF-1086,huawei,digital_1,train/attack/digital_1/huawei/portugal-NF-1086.jpg,64b4290d4ead74cb71b379703c140f7a8168a96727bcecd57b8c40c7b2c72831,"(1, 512, 8, 14)",1,1,0.7023177146911621,0.771598756313324,1.0,3.143507498748477e-08,0.0,2.384185791015625e-07,0.0
portugal-NF-1086,huawei,digital_2,train/attack/digital_2/huawei/portugal-NF-1086.jpg,98d6df5d2b0b2794a29464eedbc034b6028c20ca2515048ac3020d8370f89a36,"(1, 512, 8, 14)",1,1,0.7074424624443054,0.7649281620979309,0.9999999403953552,4.356157390361659e-08,0.0,4.76837158203125e-07,0.0
portugal-NF-1086,iphone15pro,bonafide,train/bonafide/iphone15pro/portugal-NF-1086.jpg,0ac3d2bd12feb6e5fffd85423743c409c80fd0f6fd494b8410617dd91062e94d,"(1, 512, 8, 13)",1,1,0.7336364984512329,0.7298815250396729,1.0,7.234417154222683e-08,0.0,9.5367431640625e-07,0.0
portugal-NF-1086,iphone15pro,digital_1,train/attack/digital_1/iphone15pro/portugal-NF-1086.jpg,9a36cc768720569688d452a06e73871f2355a25cada6ea00d4a4fa4165356fdf,"(1, 512, 8, 13)",1,1,0.7281884551048279,0.7373080253601074,1.0000001192092896,5.8268891933721534e-08,0.0,4.76837158203125e-07,0.0
portugal-NF-1086,iphone15pro,digital_2,train/attack/digital_2/iphone15pro/portugal-NF-1086.jpg,04e101829a33eddc16578121deb163741aea650ebc86063299a87172389da989,"(1, 512, 8, 13)",1,1,0.7328112125396729,0.731011152267456,1.0,5.686499804369305e-08,0.0,4.76837158203125e-07,0.0
portugal-NF-1086,scan,bonafide,train/bonafide/scan/portugal-NF-1086.jpg,0fa704429654a189d9d9a6d2c757acdebc5d674211c9f3eaa8792d2df6cda69c,"(1, 512, 8, 13)",1,1,0.7261361479759216,0.7400861978530884,1.0000001192092896,5.0827374309392326e-08,0.0,4.76837158203125e-07,0.0
portugal-NF-1086,scan,digital_1,train/attack/digital_1/scan/portugal-NF-1086.jpg,e5d36dcfa007be49e43eebd6c88b560f67e68635e45080b23f940227545313b2,"(1, 512, 8, 13)",1,1,0.7227798700332642,0.7446074485778809,0.9999999403953552,5.5202477255988924e-08,0.0,4.76837158203125e-07,0.0
portugal-NF-1086,scan,digital_2,train/attack/digital_2/scan/portugal-NF-1086.jpg,88e5150954d188353db65f8bb75730c0eb96c2724e67f1c3a7b68c18aad71273,"(1, 512, 8, 13)",1,1,0.7303663492202759,0.7343483567237854,1.0,5.5716913749392916e-08,0.0,4.76837158203125e-07,0.0
portugal-NF-1105,huawei,bonafide,train/bonafide/huawei/portugal-NF-1105.jpg,e954a5c7366b462c986e7417cf1df07ea84d9330c74f9a250a811fca0b2fa4d7,"(1, 512, 8, 13)",1,1,0.7221407890319824,0.7454655170440674,1.0,5.472207220691416e-08,0.0,4.76837158203125e-07,0.0
portugal-NF-1105,huawei,digital_1,train/attack/digital_1/huawei/portugal-NF-1105.jpg,8b5d1be1be21f72b1eebd1ba5a5964dbbb2fce53f8bc828046584cf9713c595d,"(1, 512, 8, 13)",1,1,0.725325345993042,0.7411811947822571,1.0,4.8299870769596964e-08,0.0,4.76837158203125e-07,0.0
portugal-NF-1105,huawei,digital_2,train/attack/digital_2/huawei/portugal-NF-1105.jpg,5606570a8aef997c5b596a45e8e6dfddd99dee1e9af243b0e78552d3c52517f6,"(1, 512, 8, 13)",1,1,0.7223456501960754,0.7451903223991394,1.0000001192092896,4.865630742756366e-08,0.0,4.76837158203125e-07,0.0
portugal-NF-1105,iphone15pro,bonafide,train/bonafide/iphone15pro/portugal-NF-1105.jpg,e23edff80aac60200b069e484e452595c5c80404f74d5db4ce519fd4c7365e1a,"(1, 512, 8, 13)",1,1,0.7325316667556763,0.7313935160636902,1.0,7.11556324972662e-08,0.0,9.5367431640625e-07,0.0
portugal-NF-1105,iphone15pro,digital_1,train/attack/digital_1/iphone15pro/portugal-NF-1105.jpg,84b0258962321ffd1e8736af63fca1ce2a09658dd8b724e5f4e9c55e43f416c8,"(1, 512, 8, 13)",1,1,0.7333276867866516,0.7303043603897095,0.9999998807907104,4.6712774093293774e-08,0.0,2.384185791015625e-07,0.0
portugal-NF-1105,iphone15pro,digital_2,train/attack/digital_2/iphone15pro/portugal-NF-1105.jpg,d4e2aca316dab3c7d7cff823b262d733675a14c63e29e39297c1fcd9f7b1b26e,"(1, 512, 8, 13)",1,1,0.7300946712493896,0.7347181439399719,1.0,6.298407129179395e-08,0.0,4.76837158203125e-07,0.0
portugal-NF-1105,scan,bonafide,train/bonafide/scan/portugal-NF-1105.jpg,34d20bcdeffac26a90e785e3c25a9b169bbc572c75fcf85c74c3a42fa38fd17d,"(1, 512, 8, 13)",1,1,0.7305800318717957,0.7340570688247681,0.9999998807907104,4.6229818195797634e-08,0.0,2.384185791015625e-07,0.0
portugal-NF-1105,scan,digital_1,train/attack/digital_1/scan/portugal-NF-1105.jpg,bde4b4a2147da093097bfab93be1e5c44405d5868b700d5e3f58c01eaa55de8d,"(1, 512, 8, 13)",1,1,0.7313888669013977,0.7329544425010681,1.0,5.667307689805057e-08,0.0,4.76837158203125e-07,0.0
portugal-NF-1105,scan,digital_2,train/attack/digital_2/scan/portugal-NF-1105.jpg,53dc92fea7759b025f57cff74bf2f73c2237cb06cb492a60de2b0e32c91706b5,"(1, 512, 8, 13)",1,1,0.7301688194274902,0.7346169352531433,1.0,5.5629154616099186e-08,0.0,4.76837158203125e-07,0.0
portugal-NF-1107,huawei,bonafide,train/bonafide/huawei/portugal-NF-1107.jpg,e4b53843e20bb0248d435044207af5bd6b29d318b6f88addae90ab868b333040,"(1, 512, 8, 13)",1,1,0.7057838439941406,0.7670935988426208,1.0,4.446125956292235e-08,0.0,2.384185791015625e-07,0.0
portugal-NF-1107,huawei,digital_1,train/attack/digital_1/huawei/portugal-NF-1107.jpg,9c620680923a2f5e2dbd3702aa333a527708f5755d0f95e538ee6fec87efe75c,"(1, 512, 8, 13)",1,1,0.7065492868423462,0.7660948038101196,1.0,5.427286353665295e-08,0.0,4.76837158203125e-07,0.0
portugal-NF-1107,huawei,digital_2,train/attack/digital_2/huawei/portugal-NF-1107.jpg,076f3a596b634ba6dedae49b7ba5d13ecc232de08a6ebcf91d6ec11bbc343fea,"(1, 512, 8, 13)",1,1,0.7106999158859253,0.7606576085090637,1.0,6.109122097086583e-08,0.0,4.76837158203125e-07,0.0
portugal-NF-1107,iphone15pro,bonafide,train/bonafide/iphone15pro/portugal-NF-1107.jpg,cd4110c86c1ce29e20d46be06ed8e2cf610fa52f43b47f2aebd9a8592fb6d1b8,"(1, 512, 8, 13)",1,1,0.7212820053100586,0.7466164231300354,1.0,5.914945688800799e-08,0.0,4.76837158203125e-07,0.0
portugal-NF-1107,iphone15pro,digital_1,train/attack/digital_1/iphone15pro/portugal-NF-1107.jpg,2b1d7249d28fa8a953c1dde35219f81bc4011fb5734c8a724a17d7b0f5d87bd2,"(1, 512, 8, 13)",1,1,0.7249144315719604,0.7417353391647339,0.9999999403953552,5.94232716366605e-08,0.0,4.76837158203125e-07,0.0
portugal-NF-1107,iphone15pro,digital_2,train/attack/digital_2/iphone15pro/portugal-NF-1107.jpg,f6e9c63ac2cedfcd6da119d976ed0797565ec2cb93a0eb3119522554b2c940c1,"(1, 512, 8, 13)",1,1,0.7195775508880615,0.7488958239555359,0.9999998807907104,4.7722547691364525e-08,0.0,2.384185791015625e-07,0.0
portugal-NF-1107,scan,bonafide,train/bonafide/scan/portugal-NF-1107.jpg,5a79c3e86ae441fa1f1e6bf74dc7a641e70259833c8e2d25d1502c1a13a45eb7,"(1, 512, 8, 13)",1,1,0.7118794322013855,0.7591056823730469,1.0,5.479136433450549e-08,0.0,4.76837158203125e-07,0.0
portugal-NF-1107,scan,digital_1,train/attack/digital_1/scan/portugal-NF-1107.jpg,46f1eb2507959719e412f8d8ad8cbab6bff17fa628c4758abe7bb4032f6b2f45,"(1, 512, 8, 13)",1,1,0.7143858075141907,0.7557966113090515,1.0,4.635058914459478e-08,0.0,2.384185791015625e-07,0.0
portugal-NF-1107,scan,digital_2,train/attack/digital_2/scan/portugal-NF-1107.jpg,7aebc1df5e82923c5bce209b02df63928c4d711bd651ea3eaed87ab043c8e2ec,"(1, 512, 8, 13)",1,1,0.7148691415786743,0.7551566958427429,1.0,4.3576072528139775e-08,0.0,3.5762786865234375e-07,0.0
portugal-NM-1091,huawei,bonafide,train/bonafide/huawei/portugal-NM-1091.jpg,30f98cf7140ef7f913f77fe9b87825a287d9a07cb0006bcb89a3a094e39828cb,"(1, 512, 8, 13)",1,1,0.7109423875808716,0.7603389024734497,1.0,5.7675368481113765e-08,0.0,4.76837158203125e-07,0.0
portugal-NM-1091,huawei,digital_1,train/attack/digital_1/huawei/portugal-NM-1091.jpg,e57e5c9444d0abfc60752a54b5387d02be191c73a09bd400ca6dbdf992c7f4ad,"(1, 512, 8, 13)",1,1,0.7050438523292542,0.7680575251579285,1.0,6.271463348639372e-08,0.0,7.152557373046875e-07,0.0
portugal-NM-1091,huawei,digital_2,train/attack/digital_2/huawei/portugal-NM-1091.jpg,f176848d80da82f39d6373eed6ecb416c61f96d8daa2a030f66667d0e28244c5,"(1, 512, 8, 13)",1,1,0.7069165706634521,0.7656155228614807,1.0,5.245263423603319e-08,0.0,4.76837158203125e-07,0.0
portugal-NM-1091,iphone15pro,bonafide,train/bonafide/iphone15pro/portugal-NM-1091.jpg,cc4a1e9ce9d236f5b95fa01ab28e4ec5277360ee8654b79114e785ce23083038,"(1, 512, 8, 13)",1,1,0.7295708060264587,0.7354308366775513,1.0,5.991433482677166e-08,0.0,4.76837158203125e-07,0.0
portugal-NM-1091,iphone15pro,digital_1,train/attack/digital_1/iphone15pro/portugal-NM-1091.jpg,b570803a4542030e1aac20cf79a4f7d0aa2faa5b3af0faad25709bc494d0183c,"(1, 512, 8, 13)",1,1,0.7201218605041504,0.7481686472892761,1.0,6.193892687633706e-08,0.0,4.76837158203125e-07,0.0
portugal-NM-1091,iphone15pro,digital_2,train/attack/digital_2/iphone15pro/portugal-NM-1091.jpg,007bf834ca40381d3dfca676190cfdce114a16c76808787a726fa22218a10f1a,"(1, 512, 8, 13)",1,1,0.7250232696533203,0.7415885329246521,1.0,4.9397932855299587e-08,0.0,4.76837158203125e-07,0.0
portugal-NM-1091,scan,bonafide,train/bonafide/scan/portugal-NM-1091.jpg,08295ebaad5b77948c43da4950b8a0048a45ca5af7cdd3872ff5b8721a6cb416,"(1, 512, 8, 13)",1,1,0.7199232578277588,0.7484341263771057,1.0000001192092896,4.4725830150582624e-08,0.0,2.384185791015625e-07,0.0
portugal-NM-1091,scan,digital_1,train/attack/digital_1/scan/portugal-NM-1091.jpg,d179a3c54f68837ced1ed7cc41f97ef588531d9715f17bb1eccd7ba50d2a0f53,"(1, 512, 8, 13)",1,1,0.7098008990287781,0.7618386149406433,1.0000001192092896,4.393049835016427e-08,0.0,2.384185791015625e-07,0.0
portugal-NM-1091,scan,digital_2,train/attack/digital_2/scan/portugal-NM-1091.jpg,246aec1556a34f1eb284d2f9dcc43b864b7f84990786c277819d2694968c930b,"(1, 512, 8, 13)",1,1,0.7162946462631226,0.7532665133476257,1.0000001192092896,4.551970533839267e-08,0.0,2.384185791015625e-07,0.0
portugal-NM-1102,huawei,bonafide,train/bonafide/huawei/portugal-NM-1102.jpg,b2e80e84ff87a346d35183f5593fe5968fdaa30e2e5f25eb3c3c5c6285c0b6dc,"(1, 512, 8, 13)",1,1,0.7095129489898682,0.7622166872024536,1.0,5.9284467113229766e-08,0.0,4.76837158203125e-07,0.0
portugal-NM-1102,huawei,digital_1,train/attack/digital_1/huawei/portugal-NM-1102.jpg,f9edfa02d7a034f6757da3c22875adbc61d43cb52b024cd6fc41368fc8229a7e,"(1, 512, 8, 13)",1,1,0.7143125534057617,0.755893349647522,0.9999998807907104,5.2502084457728415e-08,0.0,2.384185791015625e-07,0.0
portugal-NM-1102,huawei,digital_2,train/attack/digital_2/huawei/portugal-NM-1102.jpg,7658da5356b66e69195cc6c98e08d93e46dfda8098ced93ddde93d2038aa2773,"(1, 512, 8, 13)",1,1,0.7171082496643066,0.7521860003471375,0.9999999403953552,6.548060582645121e-08,0.0,4.76837158203125e-07,0.0
portugal-NM-1102,iphone15pro,bonafide,train/bonafide/iphone15pro/portugal-NM-1102.jpg,672a2f6424eadaed9da32e3d8083c91da33f85321539e785b08f20cecc8d3e1c,"(1, 512, 8, 13)",1,1,0.7390698194503784,0.7223990559577942,1.0,5.15400664369281e-08,0.0,4.76837158203125e-07,0.0
portugal-NM-1102,iphone15pro,digital_1,train/attack/digital_1/iphone15pro/portugal-NM-1102.jpg,17608913d227d7322abac9cc10e6415f5d77b6fe1e36763f2a31e0488adb4dcc,"(1, 512, 8, 13)",1,1,0.7319914102554321,0.7321319580078125,0.9999998807907104,4.8681382480708635e-08,0.0,2.384185791015625e-07,0.0
portugal-NM-1102,iphone15pro,digital_2,train/attack/digital_2/iphone15pro/portugal-NM-1102.jpg,31bb651bfe18572299d8f0b9c4981c7b14b8a75839103df7f18bb53d8ca08480,"(1, 512, 8, 13)",1,1,0.7363334894180298,0.726176917552948,1.0,4.842375389557674e-08,0.0,4.76837158203125e-07,0.0
portugal-NM-1102,scan,bonafide,train/bonafide/scan/portugal-NM-1102.jpg,ee021bed4adce8d64ba71a98e0f3607c0198a0f823442f84bd3d6085ce6cbaf2,"(1, 512, 8, 13)",1,1,0.7177886962890625,0.7512805461883545,1.0,5.91022804030672e-08,0.0,4.76837158203125e-07,0.0
portugal-NM-1102,scan,digital_1,train/attack/digital_1/scan/portugal-NM-1102.jpg,1149ea7dd3a51645b5794a64acdf31de83e3a479ba4234b616ecd42859a61a25,"(1, 512, 8, 13)",1,1,0.7212823033332825,0.7466159462928772,1.0,4.2625202922863537e-08,0.0,2.384185791015625e-07,0.0
portugal-NM-1102,scan,digital_2,train/attack/digital_2/scan/portugal-NM-1102.jpg,8139502c8ae81584eccb9be1540a42f41fd73721f5abca7d9f9dfc522d26437d,"(1, 512, 8, 13)",1,1,0.7244649529457092,0.7423408627510071,0.9999998807907104,5.6094489053748475e-08,0.0,4.76837158203125e-07,0.0
russian-002_03,huawei,bonafide,train/bonafide/huawei/russian-002_03.jpg,a9baa43b7f9053ca2aa017badd43eecbcfd1e604d35404f0ec29251b6248665b,"(1, 512, 8, 13)",1,1,0.7312036752700806,0.733207106590271,1.0,5.589968310459881e-08,0.0,4.76837158203125e-07,0.0
russian-002_03,huawei,digital_1,train/attack/digital_1/huawei/russian-002_03.jpg,2b38faa8cb49b2ddba15db8d31239376613239726e95af7a7d843c425a2065d7,"(1, 512, 8, 13)",1,1,0.7263950109481812,0.7397362589836121,1.0,7.636842980218717e-08,0.0,7.152557373046875e-07,0.0
russian-002_03,huawei,digital_2,train/attack/digital_2/huawei/russian-002_03.jpg,7a326a4aaf4326ed20996d938bacf5bb2f97eadcd813bbbc385f726a0fc309f4,"(1, 512, 8, 13)",1,1,0.7304879426956177,0.7341827154159546,1.0,4.86265214760806e-08,0.0,2.384185791015625e-07,0.0
russian-002_03,iphone15pro,bonafide,train/bonafide/iphone15pro/russian-002_03.jpg,f86ef3d5960d29105821a2d2aa1eca9d9efd4ce0eb1bbdb2b3707759d35d02ee,"(1, 512, 8, 13)",1,1,0.7355736494064331,0.7272226810455322,0.9999999403953552,5.201117758701912e-08,0.0,2.384185791015625e-07,0.0
russian-002_03,iphone15pro,digital_1,train/attack/digital_1/iphone15pro/russian-002_03.jpg,0d67a86494e3d4cce4f124980b0f17754ea1846d02296ebcf9a9d9c039520a2c,"(1, 512, 8, 13)",1,1,0.7285640239715576,0.7367984056472778,1.0,3.831256378816761e-08,0.0,2.384185791015625e-07,0.0
russian-002_03,iphone15pro,digital_2,train/attack/digital_2/iphone15pro/russian-002_03.jpg,2559758bed45a2464237f84bf813fcc7bb874456b3aff0842490c1e6cd3739e3,"(1, 512, 8, 13)",1,1,0.7375632524490356,0.7244815826416016,1.0,4.8021096432648847e-08,0.0,4.76837158203125e-07,0.0
russian-002_03,scan,bonafide,train/bonafide/scan/russian-002_03.jpg,aca584cf6c8887880ea7a5874f589c77b92f1da8d84c28230990b65a59bb62d7,"(1, 512, 8, 13)",1,1,0.7299656867980957,0.7348936796188354,0.9999999403953552,6.093754478797564e-08,0.0,4.76837158203125e-07,0.0
russian-002_03,scan,digital_1,train/attack/digital_1/scan/russian-002_03.jpg,23fed9109663e74437f2dab8b6cc0c768aa018051a970f45ba5376ceadcdbe5b,"(1, 512, 8, 13)",1,1,0.7241400480270386,0.742778480052948,0.9999998807907104,5.2399546035530875e-08,0.0,2.384185791015625e-07,0.0
russian-002_03,scan,digital_2,train/attack/digital_2/scan/russian-002_03.jpg,edece47360c9423bf53da98d01e5feb70cbe0ea4ef0c3d08f65d39a675c1971c,"(1, 512, 8, 13)",1,1,0.7314028739929199,0.7329354286193848,1.0,5.865116037284679e-08,0.0,4.76837158203125e-07,0.0
russian-027_03,huawei,bonafide,train/bonafide/huawei/russian-027_03.jpg,d62db7b5a58f42f2cf1db45e25dda706771b8f87ca88b313de97d57164fadc87,"(1, 512, 8, 13)",1,1,0.7267826795578003,0.7392123341560364,1.0,4.7728150320835994e-08,0.0,4.76837158203125e-07,0.0
russian-027_03,huawei,digital_1,train/attack/digital_1/huawei/russian-027_03.jpg,0fc55e9e74ca62b46c77748727d1579b9b13e6dbdc46b04f16ad10907a1d0251,"(1, 512, 8, 13)",1,1,0.7291123867034912,0.7360537648200989,0.9999999403953552,6.073749148072238e-08,0.0,4.76837158203125e-07,0.0
russian-027_03,huawei,digital_2,train/attack/digital_2/huawei/russian-027_03.jpg,3995f4560a9a298f1de1d1f22de33728968b152af15c9769c5fb62c208ff3440,"(1, 512, 8, 13)",1,1,0.7244082689285278,0.7424173951148987,1.0000001192092896,5.7624038873882455e-08,0.0,4.76837158203125e-07,0.0
russian-027_03,iphone15pro,bonafide,train/bonafide/iphone15pro/russian-027_03.jpg,fb624929b3c1b1b75dd196b2e291031f620dcff3ae8b738f7db62c5a29dc1c29,"(1, 512, 8, 13)",1,1,0.7344799041748047,0.7287249565124512,0.9999998807907104,5.987204332313922e-08,0.0,7.152557373046875e-07,0.0
russian-027_03,iphone15pro,digital_1,train/attack/digital_1/iphone15pro/russian-027_03.jpg,dfde642ea92461277b77e29ac6bfc227766bb03e83a4de7958d7cd448b061fa3,"(1, 512, 8, 13)",1,1,0.7338680028915405,0.7295641899108887,1.0,4.556310173597922e-08,0.0,2.384185791015625e-07,0.0
russian-027_03,iphone15pro,digital_2,train/attack/digital_2/iphone15pro/russian-027_03.jpg,abc25ce7b70718afbe2198a266ce061d45f9e12a270434ec19507aad100c1cd9,"(1, 512, 8, 13)",1,1,0.7321224808692932,0.7319529056549072,1.0,5.551961734795441e-08,0.0,2.384185791015625e-07,0.0
russian-027_03,scan,bonafide,train/bonafide/scan/russian-027_03.jpg,d9dec1ad015064fa6a8f2b6ff87cfe6abaebef173a192d651ecb90f24c9d774b,"(1, 512, 8, 13)",1,1,0.7305619120597839,0.7340818643569946,0.9999999403953552,5.198132768668984e-08,0.0,3.5762786865234375e-07,0.0
russian-027_03,scan,digital_1,train/attack/digital_1/scan/russian-027_03.jpg,64a18a4a65cb616a8747ae731bd4549cbfdacc8d458380d58b1f0870e6d7499d,"(1, 512, 8, 13)",1,1,0.7275403141975403,0.738186776638031,1.0,5.314143791679271e-08,0.0,4.76837158203125e-07,0.0
russian-027_03,scan,digital_2,train/attack/digital_2/scan/russian-027_03.jpg,81baffcba720f5bb9394a47cdbf5dba870ceb6e57387051b13db7c80bc94c201,"(1, 512, 8, 13)",1,1,0.7266322374343872,0.73941570520401,1.0000001192092896,5.126287661028073e-08,0.0,2.384185791015625e-07,0.0
russian-082_03,huawei,bonafide,train/bonafide/huawei/russian-082_03.jpg,992e6174063de935913073a5953c7e36216a2f95dc72343e7eb810809fa42c91,"(1, 512, 8, 13)",1,1,0.7240017056465149,0.7429648041725159,1.0,5.938009550732204e-08,0.0,4.76837158203125e-07,0.0
russian-082_03,huawei,digital_1,train/attack/digital_1/huawei/russian-082_03.jpg,af05b7de206a33a9a08ca80d6647d3b1bfb55aa476b86b4e58a6bbe2bdb31d5f,"(1, 512, 8, 13)",1,1,0.7287365198135376,0.7365641593933105,0.9999998807907104,6.065722146786356e-08,0.0,4.76837158203125e-07,0.0
russian-082_03,huawei,digital_2,train/attack/digital_2/huawei/russian-082_03.jpg,fa8ebc1d1f068c31141c17b34f51f0ac4cfb46a3681c72d263209595230cfbd8,"(1, 512, 8, 13)",1,1,0.7212989330291748,0.7465935945510864,1.0,5.664030666707731e-08,0.0,4.76837158203125e-07,0.0
russian-082_03,iphone15pro,bonafide,train/bonafide/iphone15pro/russian-082_03.jpg,391cb66e0ef407bf5b26ac35e7e47fbe0af48c2bdf1c7a3ea95e09d3d9407a9b,"(1, 512, 8, 13)",1,1,0.7337545156478882,0.729719877243042,1.0,5.740287178923609e-08,0.0,4.76837158203125e-07,0.0
russian-082_03,iphone15pro,digital_1,train/attack/digital_1/iphone15pro/russian-082_03.jpg,0c3f2348a5383b2c4646ef04be543af2810e62d6e54ee6094d1d6dd61ce6deaf,"(1, 512, 8, 13)",1,1,0.7328445911407471,0.7309656143188477,0.9999998807907104,6.231495319752867e-08,0.0,4.76837158203125e-07,0.0
russian-082_03,iphone15pro,digital_2,train/attack/digital_2/iphone15pro/russian-082_03.jpg,11eeae0976c5c0d577ea621759e6dd21932f90220b787111eca595d56d13345d,"(1, 512, 8, 13)",1,1,0.7271608710289001,0.7387003898620605,1.0,5.728691476747372e-08,0.0,4.76837158203125e-07,0.0
russian-082_03,scan,bonafide,train/bonafide/scan/russian-082_03.jpg,10e21d03ad5ef9278fb996d034074102e773011df90f5b30cba986ae1ea5c33d,"(1, 512, 8, 13)",1,1,0.7210891246795654,0.7468748688697815,0.9999999403953552,5.106019074219148e-08,0.0,2.384185791015625e-07,0.0
russian-082_03,scan,digital_1,train/attack/digital_1/scan/russian-082_03.jpg,b4218f9ac01fd1d17979ecb9a652db35cdbbcf753140a936e59f898096c27ff6,"(1, 512, 8, 13)",1,1,0.7171061038970947,0.752188503742218,1.0,5.3764949825563235e-08,0.0,2.384185791015625e-07,0.0
russian-082_03,scan,digital_2,train/attack/digital_2/scan/russian-082_03.jpg,557073d4e12e0b945cbba61455e307da3e607c6a8f4dc89a8b23770a5bfb6c35,"(1, 512, 8, 13)",1,1,0.7119853496551514,0.7589659690856934,1.0,5.975860517537512e-08,0.0,4.76837158203125e-07,0.0
russian-123_03,huawei,bonafide,train/bonafide/huawei/russian-123_03.jpg,778f93aa5f8d67d06debdf0f5ea0c20b07152ae936c860d7ced4031fd40e92a6,"(1, 512, 8, 13)",1,1,0.7124027609825134,0.7584157586097717,0.9999998807907104,4.949545839849634e-08,0.0,2.384185791015625e-07,0.0
russian-123_03,huawei,digital_1,train/attack/digital_1/huawei/russian-123_03.jpg,50c75c9a5b443fcb6bf1790308bdfcb91bb18c452846d0ea796650b11078c6f0,"(1, 512, 8, 13)",1,1,0.7108154296875,0.7605058550834656,1.0,4.880624615566376e-08,0.0,2.384185791015625e-07,0.0
russian-123_03,huawei,digital_2,train/attack/digital_2/huawei/russian-123_03.jpg,10af78d18ee878ebbe03e278e4d6b11e7da590ec850470ff87c49083b29a40b0,"(1, 512, 8, 13)",1,1,0.7136794924736023,0.7567304372787476,1.0000001192092896,5.349593479309078e-08,0.0,4.76837158203125e-07,0.0
russian-123_03,iphone15pro,bonafide,train/bonafide/iphone15pro/russian-123_03.jpg,4bfc2ae9d5a70f4cdd179c897093bbb445a9f4fe842b6503aad3a696fd8fe83b,"(1, 512, 8, 13)",1,1,0.7501847743988037,0.7068455219268799,1.0,6.409656094774618e-08,0.0,4.76837158203125e-07,0.0
russian-123_03,iphone15pro,digital_1,train/attack/digital_1/iphone15pro/russian-123_03.jpg,7225bc7f5bfadfcfe31613129e9812b25be406576df21e28f13ed7834901c16c,"(1, 512, 8, 13)",1,1,0.75013667345047,0.7069134712219238,1.0,4.947422382883815e-08,0.0,2.384185791015625e-07,0.0
russian-123_03,iphone15pro,digital_2,train/attack/digital_2/iphone15pro/russian-123_03.jpg,563a2ef38f93a0473e74e3db232c8271133ac3ed1154742bae12c4a766c9e1fb,"(1, 512, 8, 13)",1,1,0.7490764856338501,0.7084118127822876,1.0,5.5115041419639965e-08,0.0,4.76837158203125e-07,0.0
russian-123_03,scan,bonafide,train/bonafide/scan/russian-123_03.jpg,fb4022019f5ff9ba746f11b53c3cd918b94460920b3f6c9e7eeb014efb9ed253,"(1, 512, 8, 13)",1,1,0.7362090349197388,0.7263484001159668,0.9999998807907104,5.7480864512626795e-08,0.0,4.76837158203125e-07,0.0
russian-123_03,scan,digital_1,train/attack/digital_1/scan/russian-123_03.jpg,a12fed125137fa299ae41e9b3f91d6a350a30e22f2e4e9a010aab5b0878393dc,"(1, 512, 8, 13)",1,1,0.7329843044281006,0.7307743430137634,0.9999998807907104,5.286399940018782e-08,0.0,4.76837158203125e-07,0.0
russian-123_03,scan,digital_2,train/attack/digital_2/scan/russian-123_03.jpg,a1ea17790f6a3bc7f97153f7b5fd217e6820e8ec82737c209e59cb8e0b0708b9,"(1, 512, 8, 13)",1,1,0.7337484359741211,0.7297280430793762,1.0000001192092896,4.7727972685152054e-08,0.0,4.76837158203125e-07,0.0
russian-140_03,huawei,bonafide,train/bonafide/huawei/russian-140_03.jpg,a19eb716ec1bf633687b714d6b7ac4546d57e8781966d2b2a6ae1a861a09a320,"(1, 512, 8, 14)",1,1,0.7228147387504578,0.7445605397224426,1.0,5.251125756444708e-08,0.0,4.76837158203125e-07,0.0
russian-140_03,huawei,digital_1,train/attack/digital_1/huawei/russian-140_03.jpg,26a91dc1318b97d898056e25254e0357009395c8a53575acf744a74409932cea,"(1, 512, 8, 14)",1,1,0.7211809754371643,0.7467517852783203,1.0,4.2007251011000335e-08,0.0,2.384185791015625e-07,0.0
russian-140_03,huawei,digital_2,train/attack/digital_2/huawei/russian-140_03.jpg,ce8f5b2f145f8989f017228fe212450db0787a80fa7dd5530e4af13813cfb319,"(1, 512, 8, 14)",1,1,0.7220720052719116,0.7455575466156006,1.0,3.754804822619917e-08,0.0,2.384185791015625e-07,0.0
russian-140_03,iphone15pro,bonafide,train/bonafide/iphone15pro/russian-140_03.jpg,e66fae0abb046a6eec8011a2d380d0ecfbb78502297d861285205c5e626bc692,"(1, 512, 8, 13)",1,1,0.7443729639053345,0.7150200009346008,1.0,5.379197887123155e-08,0.0,4.76837158203125e-07,0.0
russian-140_03,iphone15pro,digital_1,train/attack/digital_1/iphone15pro/russian-140_03.jpg,4e5bb7bad47e162395422978f1a0ad86fc44fc45792779f030b68a5d0801e008,"(1, 512, 8, 13)",1,1,0.7372514009475708,0.7249117493629456,1.0,5.708654526870305e-08,0.0,4.76837158203125e-07,0.0
russian-140_03,iphone15pro,digital_2,train/attack/digital_2/iphone15pro/russian-140_03.jpg,3e7a24f10be39e2463d321b978e443254cba33eef0999fcc575dd9793c38d4cf,"(1, 512, 8, 13)",1,1,0.7331379652023315,0.7305641770362854,1.0,4.755986182658489e-08,0.0,2.384185791015625e-07,0.0
russian-140_03,scan,bonafide,train/bonafide/scan/russian-140_03.jpg,b02a365a6ce71a0840ace198f1db9c285f48f8376a0b371043c67cae064732e7,"(1, 512, 8, 13)",1,1,0.7415648102760315,0.7189368605613708,1.0,5.690906945687857e-08,0.0,4.76837158203125e-07,0.0
russian-140_03,scan,digital_1,train/attack/digital_1/scan/russian-140_03.jpg,93b14b7f375ae161b28fb54ae8492bbd9e75b70ddd31c19b7130fa358dfcba8d,"(1, 512, 8, 13)",1,1,0.7380997538566589,0.7237406969070435,1.0,5.1236966669421236e-08,0.0,4.76837158203125e-07,0.0
russian-140_03,scan,digital_2,train/attack/digital_2/scan/russian-140_03.jpg,cb863bb0a247a556ea3fb352a1c002407a794a28ae1fe73406202bc22fbe71ed,"(1, 512, 8, 13)",1,1,0.7359540462493896,0.7266993522644043,1.0000001192092896,5.586810658542163e-08,0.0,2.384185791015625e-07,0.0
russian-141_03,huawei,bonafide,train/bonafide/huawei/russian-141_03.jpg,8b0de2cf803c6cc7d4b6f56488e8692dbb41553f9cc587b7efe74e78f22b0368,"(1, 512, 8, 13)",1,1,0.7196058630943298,0.7488579750061035,1.0,6.610547131913336e-08,0.0,7.152557373046875e-07,0.0
russian-141_03,huawei,digital_1,train/attack/digital_1/huawei/russian-141_03.jpg,b54ace976bd588ce9ad02a5f0da43402fcbe8317154f9587eb20fc5744df522d,"(1, 512, 8, 13)",1,1,0.7213958501815796,0.7464637756347656,1.0,6.285037557063333e-08,0.0,4.76837158203125e-07,0.0
russian-141_03,huawei,digital_2,train/attack/digital_2/huawei/russian-141_03.jpg,f113bf29a448f025c87002b8a17cd03e19d5d78a1587bd0eaffc810e0a52eb02,"(1, 512, 8, 13)",1,1,0.7215914130210876,0.7462018132209778,1.0,4.663639074919956e-08,0.0,3.5762786865234375e-07,0.0
russian-141_03,iphone15pro,bonafide,train/bonafide/iphone15pro/russian-141_03.jpg,8ab15419d9a9f7a12a043fef6b0b71eb249b82708c615b50e085ef848c785fa8,"(1, 512, 8, 13)",1,1,0.7251290082931519,0.741445779800415,1.0,6.384777151424714e-08,0.0,4.76837158203125e-07,0.0
russian-141_03,iphone15pro,digital_1,train/attack/digital_1/iphone15pro/russian-141_03.jpg,87cae302bce8b9452792cb3f04755722e506e35df590ffa912a6f41d15b3566f,"(1, 512, 8, 13)",1,1,0.7256132960319519,0.7407923340797424,1.0,6.029171828458857e-08,0.0,4.76837158203125e-07,0.0
russian-141_03,iphone15pro,digital_2,train/attack/digital_2/iphone15pro/russian-141_03.jpg,080bcc3a1cb9fd9e480c3e4cc8ad635775f0cbd7e9d82548b12e272ef890f0ef,"(1, 512, 8, 13)",1,1,0.7253546714782715,0.7411413788795471,0.9999998807907104,5.15835552050703e-08,0.0,2.384185791015625e-07,0.0
russian-141_03,scan,bonafide,train/bonafide/scan/russian-141_03.jpg,7f0a088969e74033261dacdac4fc86db73583ca975da48b20e97e0ca9b20640a,"(1, 512, 8, 13)",1,1,0.7196168303489685,0.7488434314727783,1.0,5.116187296039243e-08,0.0,2.384185791015625e-07,0.0
russian-141_03,scan,digital_1,train/attack/digital_1/scan/russian-141_03.jpg,b791ad060bbc42679e8815b53df107dd5dea91a3ec989f360b3ec5f0b09a39f9,"(1, 512, 8, 13)",1,1,0.7230907678604126,0.7441897988319397,1.0,5.1061860517620516e-08,0.0,2.384185791015625e-07,0.0
russian-141_03,scan,digital_2,train/attack/digital_2/scan/russian-141_03.jpg,97a8a15f84a24f9fa95139f1a8c48444b3ae6066b3cfcc905325a4228317b8e4,"(1, 512, 8, 13)",1,1,0.7224035263061523,0.7451126575469971,1.0,5.7475116221894496e-08,0.0,4.76837158203125e-07,0.0
russian-NF-1013,huawei,bonafide,train/bonafide/huawei/russian-NF-1013.jpg,71ee87d39edb0b0c3d3808cb92007745b636026509290f708fd2ff59a7da3988,"(1, 512, 8, 13)",1,1,0.7063832879066467,0.7663114070892334,1.0,5.4958061213028486e-08,0.0,4.76837158203125e-07,0.0
russian-NF-1013,huawei,digital_1,train/attack/digital_1/huawei/russian-NF-1013.jpg,a3659543dc81b17decfb5cf0f4b2c1326f065460e4257baf0d13cb056b6ab2b0,"(1, 512, 8, 13)",1,1,0.7044884562492371,0.7687803506851196,0.9999999403953552,5.39353557371669e-08,0.0,4.76837158203125e-07,0.0
russian-NF-1013,huawei,digital_2,train/attack/digital_2/huawei/russian-NF-1013.jpg,cdff41273562680b0ee8cccacc9995b272db3d19fb217aab32c700ff332db657,"(1, 512, 8, 13)",1,1,0.7020559310913086,0.7719380855560303,1.0,5.0185398947633075e-08,0.0,2.384185791015625e-07,0.0
russian-NF-1013,iphone15pro,bonafide,train/bonafide/iphone15pro/russian-NF-1013.jpg,be0a59667dbc70672cc184ce7b50050fe67187fd77fbd956a89ecf698a76a423,"(1, 512, 8, 13)",1,1,0.7364145517349243,0.7260655164718628,1.0,4.376583007115187e-08,0.0,2.384185791015625e-07,0.0
russian-NF-1013,iphone15pro,digital_1,train/attack/digital_1/iphone15pro/russian-NF-1013.jpg,69ac024493d58759709f35db936192b8234b43007137377077b338e8ce24b17a,"(1, 512, 8, 13)",1,1,0.723979115486145,0.7429953217506409,0.9999999403953552,5.910636247108414e-08,0.0,7.152557373046875e-07,0.0
russian-NF-1013,iphone15pro,digital_2,train/attack/digital_2/iphone15pro/russian-NF-1013.jpg,d84f3e57edaa651ec44ba381b208893392ed5e71c4d232bdb18d3614fc88b128,"(1, 512, 8, 13)",1,1,0.7279512882232666,0.7376296520233154,1.0,5.083412446538205e-08,0.0,4.76837158203125e-07,0.0
russian-NF-1013,scan,bonafide,train/bonafide/scan/russian-NF-1013.jpg,fe91db2880f78c04bf8cfc48ec58597bdccdac5d6c5633d5984cde15681e3fd0,"(1, 512, 8, 13)",1,1,0.7241397500038147,0.7427787780761719,1.0,5.4442438113255776e-08,0.0,4.76837158203125e-07,0.0
russian-NF-1013,scan,digital_1,train/attack/digital_1/scan/russian-NF-1013.jpg,4f451d4c0abc313ec494753f9fa00f80010c2f5e243b38acbe472bfabf823be3,"(1, 512, 8, 13)",1,1,0.7217381596565247,0.7460052967071533,1.0,6.702706656369628e-08,0.0,4.76837158203125e-07,0.0
russian-NF-1013,scan,digital_2,train/attack/digital_2/scan/russian-NF-1013.jpg,1dbf76f0eb904ea5f6d5f5847c0715b7c9b6d3f98b8b9fafd04e30068fe9df67,"(1, 512, 8, 13)",1,1,0.7194585800170898,0.7490546703338623,1.0,4.526001617932707e-08,0.0,2.384185791015625e-07,0.0
russian-NF-1028,huawei,bonafide,train/bonafide/huawei/russian-NF-1028.jpg,85fbbaab2d26abd3b610db9f5f1486ccf67b905979f256ff4c7d3cefc4fe686d,"(1, 512, 8, 13)",1,1,0.7253230214118958,0.7411841750144958,1.0000001192092896,5.9555450349080274e-08,0.0,4.76837158203125e-07,0.0
russian-NF-1028,huawei,digital_1,train/attack/digital_1/huawei/russian-NF-1028.jpg,43584c27873848fb3fdb8d89a898edc8e6dc5e2474f35c4206bcb9305174101f,"(1, 512, 8, 13)",1,1,0.727994978427887,0.7375705242156982,0.9999999403953552,6.855284340190337e-08,0.0,7.152557373046875e-07,0.0
russian-NF-1028,huawei,digital_2,train/attack/digital_2/huawei/russian-NF-1028.jpg,c2716d4849d72a0cf35666491118e1caa608ad12c9e1c1088d400dd479e31b2d,"(1, 512, 8, 13)",1,1,0.7246543169021606,0.7420856356620789,1.0,5.657755508536866e-08,0.0,4.76837158203125e-07,0.0
russian-NF-1028,iphone15pro,bonafide,train/bonafide/iphone15pro/russian-NF-1028.jpg,a04b7d30d70a87d1c089d11799b0ff217d169727aa9a28975a8b06ed4954e702,"(1, 512, 8, 13)",1,1,0.718267560005188,0.7506428360939026,1.0,7.416184644171153e-08,0.0,4.76837158203125e-07,0.0
russian-NF-1028,iphone15pro,digital_1,train/attack/digital_1/iphone15pro/russian-NF-1028.jpg,902d654e981a93c0e616a19d88b0c67e61933d39cba5e7c44e428f2b03005f1c,"(1, 512, 8, 13)",1,1,0.7228845357894897,0.7444667816162109,0.9999998807907104,5.461642871296135e-08,0.0,4.76837158203125e-07,0.0
russian-NF-1028,iphone15pro,digital_2,train/attack/digital_2/iphone15pro/russian-NF-1028.jpg,cb500fe617c81c18c429e888f3153ef428cd053ad48673683ea034be7e3d7018,"(1, 512, 8, 13)",1,1,0.7223494052886963,0.7451854944229126,0.9999999403953552,5.675111935943278e-08,0.0,4.76837158203125e-07,0.0
russian-NF-1028,scan,bonafide,train/bonafide/scan/russian-NF-1028.jpg,9cf027cbe95f26d689baf7829360cf0112d547b07bcbc91cb30863e240c9df05,"(1, 512, 8, 13)",1,1,0.7200931906700134,0.7482067942619324,1.0000001192092896,6.380719952403524e-08,0.0,4.76837158203125e-07,0.0
russian-NF-1028,scan,digital_1,train/attack/digital_1/scan/russian-NF-1028.jpg,68f63046c9f01aa6b2e14956d04b579654f15050aaa854189cebc9ad443a1981,"(1, 512, 8, 13)",1,1,0.7271900177001953,0.738660991191864,1.0,4.688558163934431e-08,0.0,4.76837158203125e-07,0.0
russian-NF-1028,scan,digital_2,train/attack/digital_2/scan/russian-NF-1028.jpg,12e1dc9e1d6df7d702f5b2479635fb3a562c9cdb18af98e6a0e4e3e31bf7d6fa,"(1, 512, 8, 13)",1,1,0.7266846299171448,0.7393448352813721,1.0,4.7883109033364235e-08,0.0,2.384185791015625e-07,0.0
russian-NF-1069,huawei,bonafide,train/bonafide/huawei/russian-NF-1069.jpg,61bd5eb8dc27662c6252984ddf336dc9773a10963ac0eb38bde8e44c9d0c2e6b,"(1, 512, 8, 14)",1,1,0.7167503237724304,0.7526614665985107,0.9999999403953552,4.3385451675703735e-08,0.0,4.76837158203125e-07,0.0
russian-NF-1069,huawei,digital_1,train/attack/digital_1/huawei/russian-NF-1069.jpg,4a4e49acf323688d5c7b7a22b4393ec2535140e228e514a761fe2983be595525,"(1, 512, 8, 14)",1,1,0.7195273637771606,0.7489628195762634,1.0,4.8326437962487034e-08,0.0,4.76837158203125e-07,0.0
russian-NF-1069,huawei,digital_2,train/attack/digital_2/huawei/russian-NF-1069.jpg,ce203046c95f5a6cac8d03c2c6d5e6233c40693d38f4ff3e82cffa4ac4432873,"(1, 512, 8, 14)",1,1,0.7185971736907959,0.7502038478851318,1.0,4.184679625041099e-08,0.0,4.76837158203125e-07,0.0
russian-NF-1069,iphone15pro,bonafide,train/bonafide/iphone15pro/russian-NF-1069.jpg,43db03de211deb34dee0e69abff0a94318d885c0c0f048b3ba98746421dac2fb,"(1, 512, 8, 13)",1,1,0.7262961864471436,0.739870011806488,0.9999998807907104,5.203404995768324e-08,0.0,4.76837158203125e-07,0.0
russian-NF-1069,iphone15pro,digital_1,train/attack/digital_1/iphone15pro/russian-NF-1069.jpg,ced21b0ddfec775e795bfc197c6164aa47f0ea43ebd97550adaf65da95a825f5,"(1, 512, 8, 13)",1,1,0.7244781255722046,0.7423231601715088,1.0,5.523302348819925e-08,0.0,2.384185791015625e-07,0.0
russian-NF-1069,iphone15pro,digital_2,train/attack/digital_2/iphone15pro/russian-NF-1069.jpg,747aff43ff32c591208b5b6147debf274bef1e46edf3ccca3327f4d87bb94a4e,"(1, 512, 8, 13)",1,1,0.7283157706260681,0.7371352314949036,1.0,4.860281777041564e-08,0.0,4.76837158203125e-07,0.0
russian-NF-1069,scan,bonafide,train/bonafide/scan/russian-NF-1069.jpg,5c381aca0caa20f929682dca1f0478e000f3543dc9144e4e8b5d21a6ba33fa1d,"(1, 512, 8, 13)",1,1,0.7303769588470459,0.7343336343765259,1.0000001192092896,4.303161205143624e-08,0.0,2.384185791015625e-07,0.0
russian-NF-1069,scan,digital_1,train/attack/digital_1/scan/russian-NF-1069.jpg,0a8114e19544139aa6faacd856b55ea223410813f157656fee681d2c82f03364,"(1, 512, 8, 13)",1,1,0.7243192195892334,0.7425371408462524,1.0,6.955627895877114e-08,0.0,4.76837158203125e-07,0.0
russian-NF-1069,scan,digital_2,train/attack/digital_2/scan/russian-NF-1069.jpg,8c03f6b2024d21c8195b02c50ab4b5e98b1ff8eaeebe28f1fdd4aa8324ae3dc6,"(1, 512, 8, 13)",1,1,0.7292926907539368,0.7358087301254272,1.0,3.957423189149267e-08,0.0,1.7881393432617188e-07,0.0
russian-NF-1080,huawei,bonafide,train/bonafide/huawei/russian-NF-1080.jpg,794898174a1db3ac22adfe92ad9166d2a9f1f3a1d016c48e78705e4cbdb74c73,"(1, 512, 8, 13)",1,1,0.7286301851272583,0.7367086410522461,1.0,5.4611827948747305e-08,0.0,2.384185791015625e-07,0.0
russian-NF-1080,huawei,digital_1,train/attack/digital_1/huawei/russian-NF-1080.jpg,1c5c85e96f5dd338848681d67da0c1b97913153f50a4c3e66e81c76563ec7a6c,"(1, 512, 8, 13)",1,1,0.7304611206054688,0.7342192530632019,0.9999998807907104,6.039671518465184e-08,0.0,4.76837158203125e-07,0.0
russian-NF-1080,huawei,digital_2,train/attack/digital_2/huawei/russian-NF-1080.jpg,eab3264bde5d70b9f148778437d24fec98709189d0af6c141f98f4fd9efc83db,"(1, 512, 8, 13)",1,1,0.7268452048301697,0.7391275763511658,1.0000001192092896,4.1499120584376215e-08,0.0,2.384185791015625e-07,0.0
russian-NF-1080,iphone15pro,bonafide,train/bonafide/iphone15pro/russian-NF-1080.jpg,133f94092e39b5b05b781ed7aad5e8c2ccbc3680100f80f32a62a6b98af908e4,"(1, 512, 8, 13)",1,1,0.7307699918746948,0.7337982654571533,0.9999998807907104,5.142893400034154e-08,0.0,3.5762786865234375e-07,0.0
russian-NF-1080,iphone15pro,digital_1,train/attack/digital_1/iphone15pro/russian-NF-1080.jpg,298975d2552c66ce11b881c66357c5970c935210ff709a73ab7e6ff9aaa79ae0,"(1, 512, 8, 13)",1,1,0.7292137145996094,0.735916018486023,0.9999998807907104,6.618694214921561e-08,0.0,4.76837158203125e-07,0.0
russian-NF-1080,iphone15pro,digital_2,train/attack/digital_2/iphone15pro/russian-NF-1080.jpg,adf0787302309872c7ec2dbaeafae38ae16378ed572a3fd2b940605e46410417,"(1, 512, 8, 13)",1,1,0.7277731895446777,0.7378712296485901,1.0,4.860085667246494e-08,0.0,2.384185791015625e-07,0.0
russian-NF-1080,scan,bonafide,train/bonafide/scan/russian-NF-1080.jpg,db161bda33b06fae54026b6ba5327a14ba19d54f9c35df0f277f8e2f4c016d6b,"(1, 512, 8, 13)",1,1,0.7237240076065063,0.743338406085968,0.9999999403953552,6.130071028564998e-08,0.0,4.76837158203125e-07,0.0
russian-NF-1080,scan,digital_1,train/attack/digital_1/scan/russian-NF-1080.jpg,c31bb107c1d3f9a2e941c18570a98e7c3c345c61f549edc5b98f197fb322ceee,"(1, 512, 8, 13)",1,1,0.7273491621017456,0.7384454607963562,1.0000001192092896,6.41124628941725e-08,0.0,4.76837158203125e-07,0.0
russian-NF-1080,scan,digital_2,train/attack/digital_2/scan/russian-NF-1080.jpg,18b1cfffb9113435cd6999907c62edddae4c86765fd30a4433ca6529e401a8b7,"(1, 512, 8, 13)",1,1,0.7224206924438477,0.7450895309448242,1.0,7.577855143381385e-08,0.0,9.5367431640625e-07,0.0
russian-NF-1081,huawei,bonafide,train/bonafide/huawei/russian-NF-1081.jpg,e84b73740a715ce605f4348261cc77ddaf00cf4789140b3ee1dff99f081afa17,"(1, 512, 8, 13)",1,1,0.711574912071228,0.7595066428184509,0.9999998807907104,5.1164377623535984e-08,0.0,3.5762786865234375e-07,0.0
russian-NF-1081,huawei,digital_1,train/attack/digital_1/huawei/russian-NF-1081.jpg,9e7ba8951d5f9479087d0e82118cc0886f1ec06b1a06ac4e67000f08b6b38b00,"(1, 512, 8, 13)",1,1,0.7121897339820862,0.7586966156959534,0.9999998807907104,4.589514546182727e-08,0.0,2.384185791015625e-07,0.0
russian-NF-1081,huawei,digital_2,train/attack/digital_2/huawei/russian-NF-1081.jpg,7b5114beae87faa8666e2907d810867fc335dfea5084690f50037a08b926c700,"(1, 512, 8, 13)",1,1,0.7080543041229248,0.7641280293464661,0.9999999403953552,5.577317807592408e-08,0.0,4.76837158203125e-07,0.0
russian-NF-1081,iphone15pro,bonafide,train/bonafide/iphone15pro/russian-NF-1081.jpg,b119b48407d1e29a3554029112f8bb3934669a8514509394221f64ca1d35b501,"(1, 512, 8, 13)",1,1,0.724837064743042,0.7418397068977356,1.0,5.679219938770075e-08,0.0,2.384185791015625e-07,0.0
russian-NF-1081,iphone15pro,digital_1,train/attack/digital_1/iphone15pro/russian-NF-1081.jpg,fd14f96b5885c858e840f3cf3b70e2857fcf95a98752ef9ce3a8615f1fdb6033,"(1, 512, 8, 13)",1,1,0.7163462042808533,0.7531982660293579,1.0,5.981281958611362e-08,0.0,4.76837158203125e-07,0.0
russian-NF-1081,iphone15pro,digital_2,train/attack/digital_2/iphone15pro/russian-NF-1081.jpg,c572187975c92636bd6bc056cdef6d03b03ffe902af906131f076f838b46e4e4,"(1, 512, 8, 13)",1,1,0.7172228693962097,0.7520334124565125,1.0,5.984948359127884e-08,0.0,4.76837158203125e-07,0.0
russian-NF-1081,scan,bonafide,train/bonafide/scan/russian-NF-1081.jpg,e8972bf55f4aaf625664992d591a2cb188a25dde14b1dbaf663d43ea1d5ae2f1,"(1, 512, 8, 13)",1,1,0.7164173126220703,0.7531038522720337,0.9999999403953552,6.792730999904961e-08,0.0,4.76837158203125e-07,0.0
russian-NF-1081,scan,digital_1,train/attack/digital_1/scan/russian-NF-1081.jpg,00a5884168fa2468632b29e4185ad0740201b74c00685b334d09006a6e18e8b4,"(1, 512, 8, 13)",1,1,0.7186005115509033,0.7501992583274841,1.0,5.828673010910279e-08,0.0,4.76837158203125e-07,0.0
russian-NF-1081,scan,digital_2,train/attack/digital_2/scan/russian-NF-1081.jpg,253f5b5b71526d2de8518756c9275f91f030b2cb36b957bc031bcb19344f5de8,"(1, 512, 8, 13)",1,1,0.7118977308273315,0.759081244468689,1.0,6.428654586443372e-08,0.0,4.76837158203125e-07,0.0
russian-NM-1027,huawei,bonafide,train/bonafide/huawei/russian-NM-1027.jpg,fcd95aa8798997374c314629ab43a63ba4f1d21dac0c223cab5b922e0801c6fc,"(1, 512, 8, 13)",1,1,0.7267264723777771,0.7392882108688354,1.0,4.4458289494286873e-08,0.0,2.384185791015625e-07,0.0
russian-NM-1027,huawei,digital_1,train/attack/digital_1/huawei/russian-NM-1027.jpg,eab844ba26246124ad45c66ed7066f7184046ddbd9f8520cdf4f59962727038e,"(1, 512, 8, 13)",1,1,0.7318680286407471,0.7323005795478821,0.9999999403953552,6.201531022043127e-08,0.0,7.152557373046875e-07,0.0
russian-NM-1027,huawei,digital_2,train/attack/digital_2/huawei/russian-NM-1027.jpg,bbf32bd3b81d2c6b401fc113357209a11c3ded969c5dce0863d8460f801dd731,"(1, 512, 8, 13)",1,1,0.7276991605758667,0.737971305847168,1.0,5.428280402952623e-08,0.0,2.384185791015625e-07,0.0
russian-NM-1027,iphone15pro,bonafide,train/bonafide/iphone15pro/russian-NM-1027.jpg,04b1d784d184fa98540d586c5a86cbe78a8f1d61e14e23901f4a4d95b708ac62,"(1, 512, 8, 13)",1,1,0.7255895137786865,0.7408245801925659,1.0,5.0096222281581504e-08,0.0,3.5762786865234375e-07,0.0
russian-NM-1027,iphone15pro,digital_1,train/attack/digital_1/iphone15pro/russian-NM-1027.jpg,7fc366d782bb64768e9c7532b079006001518e9ccae21efadb79a90e603d414e,"(1, 512, 8, 13)",1,1,0.722883939743042,0.7444676160812378,1.0000001192092896,5.898945332205585e-08,0.0,4.76837158203125e-07,0.0
russian-NM-1027,iphone15pro,digital_2,train/attack/digital_2/iphone15pro/russian-NM-1027.jpg,12314dfbdba6f7caabefb3ea39eef00fe29c6e99480ee4ca82ceb06e03273411,"(1, 512, 8, 13)",1,1,0.7257402539253235,0.7406209111213684,0.9999999403953552,7.574334404125693e-08,0.0,7.152557373046875e-07,0.0
russian-NM-1027,scan,bonafide,train/bonafide/scan/russian-NM-1027.jpg,f7cda9f09a9a9b627e68eae3bbd4cef69ec751784c6d9c91398a67628471db06,"(1, 512, 8, 13)",1,1,0.7144775986671448,0.7556749582290649,1.0,6.590437351405853e-08,0.0,4.76837158203125e-07,0.0
russian-NM-1027,scan,digital_1,train/attack/digital_1/scan/russian-NM-1027.jpg,ab02bb10f80bb34ed032b19e6671a2246ab129b5c6e0e681705cd5a469333402,"(1, 512, 8, 13)",1,1,0.7189893126487732,0.7496809959411621,1.0,4.6806363229734416e-08,0.0,2.384185791015625e-07,0.0
russian-NM-1027,scan,digital_2,train/attack/digital_2/scan/russian-NM-1027.jpg,dfb83f4aacf9ac492504aae417a4992f790b0dd753bf1734209c795d3afab223,"(1, 512, 8, 13)",1,1,0.7164491415023804,0.7530615925788879,1.0,5.874267827721269e-08,0.0,4.76837158203125e-07,0.0
turkiye-008_03,huawei,bonafide,train/bonafide/huawei/turkiye-008_03.jpg,7f72f2335ec7157cda108f80cc793078656ede80a5e2707d0bc95855e605331d,"(1, 512, 8, 13)",1,1,0.7481716871261597,0.7096877694129944,1.0,5.8455899676346235e-08,0.0,4.76837158203125e-07,0.0
turkiye-008_03,huawei,digital_1,train/attack/digital_1/huawei/turkiye-008_03.jpg,ab6cfb911e02c5f6af1eb9ea4d588c19a2615fa6c6660a8997602c38826af885,"(1, 512, 8, 13)",1,1,0.7466902732849121,0.7117719054222107,0.9999998807907104,5.586685958292037e-08,0.0,3.5762786865234375e-07,0.0
turkiye-008_03,huawei,digital_2,train/attack/digital_2/huawei/turkiye-008_03.jpg,d4ad84166e42ca0922ab6b3fbc2605c696c81e7e49de2641d280a9af14884c6d,"(1, 512, 8, 13)",1,1,0.7443687915802002,0.7150260806083679,0.9999998807907104,5.347293807744791e-08,0.0,2.384185791015625e-07,0.0
turkiye-008_03,iphone15pro,bonafide,train/bonafide/iphone15pro/turkiye-008_03.jpg,47dda94843419151444176b4f4111ef4c4493a951b569c3b4644bfbb4c7e6e2d,"(1, 512, 8, 13)",1,1,0.7343870997428894,0.7288522720336914,0.9999998807907104,4.43951897466377e-08,0.0,2.384185791015625e-07,0.0
turkiye-008_03,iphone15pro,digital_1,train/attack/digital_1/iphone15pro/turkiye-008_03.jpg,806e52e9a29ff75229841c28a42878d96710d382e3b09f32ea89bfe956902c3d,"(1, 512, 8, 13)",1,1,0.7361737489700317,0.7263970375061035,1.0,5.2943690320716996e-08,0.0,3.5762786865234375e-07,0.0
turkiye-008_03,iphone15pro,digital_2,train/attack/digital_2/iphone15pro/turkiye-008_03.jpg,4580963edcf94830295c61406af1c01c03fd3c765793e0649731b82c52d75464,"(1, 512, 8, 13)",1,1,0.7350889444351196,0.7278886437416077,0.9999998807907104,4.927776231511416e-08,0.0,2.384185791015625e-07,0.0
turkiye-008_03,scan,bonafide,train/bonafide/scan/turkiye-008_03.jpg,0de0d7b58ac72983769954f6797381864839c5c7cfbd85dc1c0598d29f8fd1da,"(1, 512, 8, 13)",1,1,0.7391365766525269,0.7223065495491028,1.0000001192092896,5.3416137291151244e-08,0.0,2.384185791015625e-07,0.0
turkiye-008_03,scan,digital_1,train/attack/digital_1/scan/turkiye-008_03.jpg,413befa4052bd4e8bc55966bee85b257f027c1c0a089c4cf4da8b1fbfb44a27d,"(1, 512, 8, 13)",1,1,0.740654468536377,0.7202019691467285,1.0,5.192178420543314e-08,0.0,2.384185791015625e-07,0.0
turkiye-008_03,scan,digital_2,train/attack/digital_2/scan/turkiye-008_03.jpg,bb1666b16f71aee914ca87f940cffd4269f8f27cb21d15ec1c2a1fe3fe1fd72a,"(1, 512, 8, 13)",1,1,0.7403340339660645,0.7206469774246216,1.0,5.445702910833461e-08,0.0,4.76837158203125e-07,0.0
turkiye-031_03,huawei,bonafide,train/bonafide/huawei/turkiye-031_03.jpg,125eec82e18e82f22c2b492794393ca682bc29fa7a2a03afc76178d24bc947d7,"(1, 512, 8, 13)",1,1,0.7549880146980286,0.7000170946121216,1.0,5.2709172138065696e-08,0.0,2.384185791015625e-07,0.0
turkiye-031_03,huawei,digital_1,train/attack/digital_1/huawei/turkiye-031_03.jpg,25273183bcbc197448b0227ef2fa29ae426e32f1711a25f88da03e0138b952d5,"(1, 512, 8, 13)",1,1,0.7473877668380737,0.7107912302017212,0.9999999403953552,5.72844207624712e-08,0.0,2.384185791015625e-07,0.0
turkiye-031_03,huawei,digital_2,train/attack/digital_2/huawei/turkiye-031_03.jpg,683b9c6e570470ceeac488e011ae3a29eba07d9f92bf0e48bb883bf513451354,"(1, 512, 8, 13)",1,1,0.7492413520812988,0.708178699016571,0.9999998807907104,5.0849617849735296e-08,0.0,2.384185791015625e-07,0.0
turkiye-031_03,iphone15pro,bonafide,train/bonafide/iphone15pro/turkiye-031_03.jpg,56e4063d1dd0cc049a1556ffc53ef6b71a01fc009a63a1f7d14d6b1a87cdcce4,"(1, 512, 8, 13)",1,1,0.7501238584518433,0.7069317698478699,0.9999998807907104,4.439364431618742e-08,0.0,2.384185791015625e-07,0.0
turkiye-031_03,iphone15pro,digital_1,train/attack/digital_1/iphone15pro/turkiye-031_03.jpg,bec369b8a4fd3ca55f6be340220d683751a25a23d83c19b8c639e22d34167a39,"(1, 512, 8, 13)",1,1,0.7505908012390137,0.7062708735466003,0.9999999403953552,5.46824487912545e-08,0.0,4.76837158203125e-07,0.0
turkiye-031_03,iphone15pro,digital_2,train/attack/digital_2/iphone15pro/turkiye-031_03.jpg,f141ede7baebbdd3683ab5aebf88fad53b2fd5a781ae289e9b18dc2c7d8e31f0,"(1, 512, 8, 13)",1,1,0.7449760437011719,0.7141762971878052,1.0,5.191482443933637e-08,0.0,4.76837158203125e-07,0.0
turkiye-031_03,scan,bonafide,train/bonafide/scan/turkiye-031_03.jpg,53e804d52e0acfa86dc19fb21b01b800b7f1306029290d99b28c81e5c103b0a4,"(1, 512, 8, 13)",1,1,0.7595617771148682,0.6934524774551392,1.0000001192092896,5.3334659355641634e-08,0.0,2.384185791015625e-07,0.0
turkiye-031_03,scan,digital_1,train/attack/digital_1/scan/turkiye-031_03.jpg,b83a0851551c7f2752a5c41e85404afc8ae004df527c2380002423e1021c6d49,"(1, 512, 8, 13)",1,1,0.7571461200714111,0.6969274282455444,1.0,5.29023971296283e-08,0.0,2.384185791015625e-07,0.0
turkiye-031_03,scan,digital_2,train/attack/digital_2/scan/turkiye-031_03.jpg,603fcc5de93aec9df8f3f1f01cc5f88bbc271c4885770aec4a6dba0c01462260,"(1, 512, 8, 13)",1,1,0.754084050655365,0.7013073563575745,1.0,6.702111932099797e-08,0.0,4.76837158203125e-07,0.0
turkiye-036_03,huawei,bonafide,train/bonafide/huawei/turkiye-036_03.jpg,5c244ab9e70045b89d230d378f735761247886cdf025bdf90f4e3b944adbcb30,"(1, 512, 8, 13)",1,1,0.7432405948638916,0.7166023254394531,1.0000001192092896,6.100216154436566e-08,0.0,4.76837158203125e-07,0.0
turkiye-036_03,huawei,digital_1,train/attack/digital_1/huawei/turkiye-036_03.jpg,e494e0b98600c2e779d31fa7bab7ffeb368fbd0a51ac14cfac8a0ad9700a3d1c,"(1, 512, 8, 13)",1,1,0.7463564276695251,0.7122408747673035,1.0000001192092896,6.022768417324187e-08,0.0,4.76837158203125e-07,0.0
turkiye-036_03,huawei,digital_2,train/attack/digital_2/huawei/turkiye-036_03.jpg,4da9b36f984ffb0f4376ca7e913f5098b2f6d4f8a89fe8d3f9016002ac296b8c,"(1, 512, 8, 13)",1,1,0.7443498969078064,0.7150527238845825,0.9999999403953552,4.99242140961087e-08,0.0,4.76837158203125e-07,0.0
turkiye-036_03,iphone15pro,bonafide,train/bonafide/iphone15pro/turkiye-036_03.jpg,8eb211b219462e988437b69b6db648aebb00c6e031ca8e0affbac43d083fc56b,"(1, 512, 8, 13)",1,1,0.7347924113273621,0.7282960414886475,1.0,4.5857365904566905e-08,0.0,2.384185791015625e-07,0.0
turkiye-036_03,iphone15pro,digital_1,train/attack/digital_1/iphone15pro/turkiye-036_03.jpg,6850ee820f384ca11014f2d595b875d5dab82132631269f3fb0d0200ca8ae0b1,"(1, 512, 8, 13)",1,1,0.733372688293457,0.7302428483963013,1.0,4.559801780601447e-08,0.0,2.384185791015625e-07,0.0
turkiye-036_03,iphone15pro,digital_2,train/attack/digital_2/iphone15pro/turkiye-036_03.jpg,541b88841c3a053bafff5245a2f2b11768445531739fa2fa9aa1a77b52273dc9,"(1, 512, 8, 13)",1,1,0.7347192168235779,0.7283965945243835,1.0,4.182196633450985e-08,0.0,2.384185791015625e-07,0.0
turkiye-036_03,scan,bonafide,train/bonafide/scan/turkiye-036_03.jpg,d04566ba8d0b37ec4afef579480264b7bd020c7b9d84307b0c4ca7057226f13f,"(1, 512, 8, 13)",1,1,0.746435284614563,0.7121299505233765,1.0,4.5966984885126294e-08,0.0,2.384185791015625e-07,0.0
turkiye-036_03,scan,digital_1,train/attack/digital_1/scan/turkiye-036_03.jpg,12b60a056a43ee01b7899279ba7d7969547e4eddd7e6f9bc657757a5311e382b,"(1, 512, 8, 13)",1,1,0.7496681213378906,0.7075760960578918,0.9999999403953552,6.291115539625025e-08,0.0,4.76837158203125e-07,0.0
turkiye-036_03,scan,digital_2,train/attack/digital_2/scan/turkiye-036_03.jpg,efa967159a682e565df41a4862a33064b46615ab6e718728e2f8637ddf567bac,"(1, 512, 8, 13)",1,1,0.7472751140594482,0.7109499573707581,1.0,5.981647888120278e-08,0.0,2.384185791015625e-07,0.0
turkiye-041_03,huawei,bonafide,train/bonafide/huawei/turkiye-041_03.jpg,f6a1709cf620b2d4dc0a549d8bb6d6ab0968208a34c3b5c81d47dd8fbd50a535,"(1, 512, 8, 13)",1,1,0.7499081492424011,0.707236647605896,1.0,4.959284538585962e-08,0.0,2.384185791015625e-07,0.0
turkiye-041_03,huawei,digital_1,train/attack/digital_1/huawei/turkiye-041_03.jpg,18d168b8e5dca6914dcbefc9fdc880a120940c909a18779dc83893e64b7c6e0d,"(1, 512, 8, 13)",1,1,0.7511721253395081,0.705447256565094,0.9999999403953552,4.544407872231204e-08,0.0,2.384185791015625e-07,0.0
turkiye-041_03,huawei,digital_2,train/attack/digital_2/huawei/turkiye-041_03.jpg,036731314084d24bd9c514dc9cb939c4494ce71a3b864b7cec305614bdd0a70d,"(1, 512, 8, 13)",1,1,0.7490408420562744,0.7084619402885437,1.0000001192092896,5.895802956956686e-08,0.0,4.76837158203125e-07,0.0
turkiye-041_03,iphone15pro,bonafide,train/bonafide/iphone15pro/turkiye-041_03.jpg,afb149eb13adc985f2503865efb30b1950abbfe6415c0f731b5ada18f702c08e,"(1, 512, 8, 13)",1,1,0.7389049530029297,0.7226272225379944,1.0,5.1555598901131816e-08,0.0,4.76837158203125e-07,0.0
turkiye-041_03,iphone15pro,digital_1,train/attack/digital_1/iphone15pro/turkiye-041_03.jpg,53aeb89211531fb037676f4f8ab3a6917a0c021afbfe7aa6998b2472d7953217,"(1, 512, 8, 13)",1,1,0.7363606095314026,0.7261398434638977,1.0,6.104171745846543e-08,0.0,4.76837158203125e-07,0.0
turkiye-041_03,iphone15pro,digital_2,train/attack/digital_2/iphone15pro/turkiye-041_03.jpg,731d11667ecf3b726aedca5a71195e40cac7031af2b938ebe2a313e6284de026,"(1, 512, 8, 13)",1,1,0.7376253008842468,0.7243958711624146,1.0,5.2364239166990956e-08,0.0,3.5762786865234375e-07,0.0
turkiye-041_03,scan,bonafide,train/bonafide/scan/turkiye-041_03.jpg,179a11c6a986af3395226ec30cd72afe31d565e3cbe5e830f7877a4db6c829fd,"(1, 512, 8, 13)",1,1,0.7430527806282043,0.7168644070625305,0.9999999403953552,5.360817567634513e-08,0.0,4.76837158203125e-07,0.0
turkiye-041_03,scan,digital_1,train/attack/digital_1/scan/turkiye-041_03.jpg,ac193f7ae0964f7eff851a2196c16f6e700823a48bdb6ee42f6785e5ee9a3605,"(1, 512, 8, 13)",1,1,0.747073769569397,0.7112329602241516,1.0,4.867118619245048e-08,0.0,2.384185791015625e-07,0.0
turkiye-041_03,scan,digital_2,train/attack/digital_2/scan/turkiye-041_03.jpg,c5fc1f8674c58acc3a3ce56ab20d65e8d30d5dd7ef555af7a614569fe882bb5c,"(1, 512, 8, 13)",1,1,0.7446476221084595,0.7146361470222473,1.0000001192092896,5.377313527787919e-08,0.0,2.384185791015625e-07,0.0
turkiye-083_03,huawei,bonafide,train/bonafide/huawei/turkiye-083_03.jpg,a8a1f87014b8c9ecc1fc6349952f7ea97f1de1f12f8a711c57550a3482ae87cd,"(1, 512, 8, 13)",1,1,0.7600216865539551,0.6927890777587891,1.0000001192092896,5.8574695316337966e-08,0.0,4.76837158203125e-07,0.0
turkiye-083_03,huawei,digital_1,train/attack/digital_1/huawei/turkiye-083_03.jpg,93c9608ce392c7475c2b2b3f04b2a34dcba345ab8d038734e00eb4b9e702efa2,"(1, 512, 8, 13)",1,1,0.7567268013954163,0.6975286602973938,1.0,6.109766559347918e-08,0.0,4.76837158203125e-07,0.0
turkiye-083_03,huawei,digital_2,train/attack/digital_2/huawei/turkiye-083_03.jpg,d0f6cb1515f368a83052d8f1e74ba7a78b70be00309b8bb8b86b3cd5d7a32129,"(1, 512, 8, 13)",1,1,0.7555044889450073,0.6992789506912231,1.0,5.480762510501336e-08,0.0,4.76837158203125e-07,0.0
turkiye-083_03,iphone15pro,bonafide,train/bonafide/iphone15pro/turkiye-083_03.jpg,a0a37e3a9962fff23b22fbaf28ba2ef5dc5f991076f17bd78516e56179b190c9,"(1, 512, 8, 13)",1,1,0.7584289312362671,0.6950843930244446,1.0,4.893569993669189e-08,0.0,2.384185791015625e-07,0.0
turkiye-083_03,iphone15pro,digital_1,train/attack/digital_1/iphone15pro/turkiye-083_03.jpg,99cce7a22e99de33ad03743290daea90254fff81d88bd73a0477889707b6a6de,"(1, 512, 8, 13)",1,1,0.7565205097198486,0.6978244185447693,1.0,5.151888871068877e-08,0.0,4.76837158203125e-07,0.0
turkiye-083_03,iphone15pro,digital_2,train/attack/digital_2/iphone15pro/turkiye-083_03.jpg,a815535d6b7e169c58b2a94d9361f6ff5e7bf600d8d0bb1bd8b1f32e059252c1,"(1, 512, 8, 13)",1,1,0.7553443312644958,0.6995077729225159,1.0,5.708770345336234e-08,0.0,4.76837158203125e-07,0.0
turkiye-083_03,scan,bonafide,train/bonafide/scan/turkiye-083_03.jpg,f0f3bf80566005f171c0920555cee72fb7bde0a4770c09fd670576b151014598,"(1, 512, 8, 13)",1,1,0.7512778043746948,0.7052973508834839,1.0,6.487497472562609e-08,0.0,4.76837158203125e-07,0.0
turkiye-083_03,scan,digital_1,train/attack/digital_1/scan/turkiye-083_03.jpg,b967bd2e2522d56cef04d1a4fbe0f83d93eee0b3a77a3dc885b5da6e1ecec4ad,"(1, 512, 8, 13)",1,1,0.7530709505081177,0.7027502655982971,0.9999999403953552,6.133330998636666e-08,0.0,4.76837158203125e-07,0.0
turkiye-083_03,scan,digital_2,train/attack/digital_2/scan/turkiye-083_03.jpg,1c39fb80dcb9109022942fc8021ebcc62f06434d4fd2d3e0d67bfa1040142bad,"(1, 512, 8, 13)",1,1,0.7530842423439026,0.7027314305305481,1.0,5.6415490945482816e-08,0.0,4.76837158203125e-07,0.0
turkiye-086_03,huawei,bonafide,train/bonafide/huawei/turkiye-086_03.jpg,acca17d6a0373856ce9ec5b0a3957e266b3bd2e0d1b78cbfe0198b45bf660737,"(1, 512, 8, 13)",1,1,0.7551797032356262,0.6997430324554443,1.0,5.840973216209022e-08,0.0,4.76837158203125e-07,0.0
turkiye-086_03,huawei,digital_1,train/attack/digital_1/huawei/turkiye-086_03.jpg,b39abc764f323236bd76b0601b552239ae460d8933893201a4cec5e40b987f3a,"(1, 512, 8, 13)",1,1,0.7552552223205566,0.6996353268623352,1.0,4.825169597211243e-08,0.0,2.384185791015625e-07,0.0
turkiye-086_03,huawei,digital_2,train/attack/digital_2/huawei/turkiye-086_03.jpg,5fb475e053d7a1eee6cd48e7e332641ca815c1f35e54e295dd99b67b6b9c407c,"(1, 512, 8, 13)",1,1,0.7498281598091125,0.7073497176170349,0.9999999403953552,4.521133689650014e-08,0.0,2.384185791015625e-07,0.0
turkiye-086_03,iphone15pro,bonafide,train/bonafide/iphone15pro/turkiye-086_03.jpg,3bff6a1182d137378115a081623bd8b14f865ba368ff9d477554d31e40be4c95,"(1, 512, 8, 13)",1,1,0.7384887933731079,0.7232028841972351,0.9999999403953552,4.77698947065619e-08,0.0,4.76837158203125e-07,0.0
turkiye-086_03,iphone15pro,digital_1,train/attack/digital_1/iphone15pro/turkiye-086_03.jpg,c10a3c85bbbfd8a2468e554437bf619a9142a00a339ef1c65d9cc62d49827bee,"(1, 512, 8, 13)",1,1,0.7387696504592896,0.7228143811225891,1.0,5.425965809990885e-08,0.0,4.76837158203125e-07,0.0
turkiye-086_03,iphone15pro,digital_2,train/attack/digital_2/iphone15pro/turkiye-086_03.jpg,14cd7b08b55aeabc2266c6c3f44c0f6d70df2c11895c62aef98fb326a055fc58,"(1, 512, 8, 13)",1,1,0.7338837385177612,0.7295427322387695,1.0,5.570511163455194e-08,0.0,2.384185791015625e-07,0.0
turkiye-086_03,scan,bonafide,train/bonafide/scan/turkiye-086_03.jpg,968573402c9165001d260b0b658c412e134bfdfbdbfc04873be909ce4844a8f5,"(1, 512, 8, 13)",1,1,0.7448558807373047,0.7143443822860718,0.9999999403953552,5.34683977093664e-08,0.0,4.76837158203125e-07,0.0
turkiye-086_03,scan,digital_1,train/attack/digital_1/scan/turkiye-086_03.jpg,f27d13f6bba26b234248cc69a72d0bf766fcbde338c77777646ce846be0c0d39,"(1, 512, 8, 13)",1,1,0.750300407409668,0.7066817879676819,1.0,6.152064457864981e-08,0.0,4.76837158203125e-07,0.0
turkiye-086_03,scan,digital_2,train/attack/digital_2/scan/turkiye-086_03.jpg,abafc2b9ea1173f8e80f8b8bbfd71ccd9f0a1774d44f9fc17035bfb8f437e1f7,"(1, 512, 8, 13)",1,1,0.745830774307251,0.7129784226417542,0.9999998807907104,5.758762355867475e-08,0.0,4.76837158203125e-07,0.0
turkiye-092_03,huawei,bonafide,train/bonafide/huawei/turkiye-092_03.jpg,ef69c9b646bae01ca46671e690aec2a74b0348825a62591bdd0c3412cb02c901,"(1, 512, 8, 13)",1,1,0.7460816502571106,0.7126265168190002,1.0,5.735598662681696e-08,0.0,4.76837158203125e-07,0.0
turkiye-092_03,huawei,digital_1,train/attack/digital_1/huawei/turkiye-092_03.jpg,cf4684e3545f4dc85b5a161b99879d9218db3b7e52c5aa025e28f5165cc728c4,"(1, 512, 8, 13)",1,1,0.7403804659843445,0.7205823659896851,1.0000001192092896,5.093460586635956e-08,0.0,2.384185791015625e-07,0.0
turkiye-092_03,huawei,digital_2,train/attack/digital_2/huawei/turkiye-092_03.jpg,821407e7981a273c8ca28cd68cb90816c3058184778e6bdbf7f9d9233e492705,"(1, 512, 8, 13)",1,1,0.7413157224655151,0.7192833423614502,1.0,5.621638976549548e-08,0.0,2.384185791015625e-07,0.0
turkiye-092_03,iphone15pro,bonafide,train/bonafide/iphone15pro/turkiye-092_03.jpg,8267284061fa1f5f5396899b469de797d9ad1b449a13db224e9bce8ee35a1dc0,"(1, 512, 8, 14)",1,1,0.7400915622711182,0.7209833264350891,0.9999998211860657,3.223804512231254e-08,0.0,2.384185791015625e-07,0.0
turkiye-092_03,iphone15pro,digital_1,train/attack/digital_1/iphone15pro/turkiye-092_03.jpg,bd7d8b59d66aab1a7a9d18d4514b137b42b680231256ebc775aa8a22931da1ba,"(1, 512, 8, 14)",1,1,0.7388362288475037,0.7227224111557007,1.0000001192092896,3.8903014143443215e-08,0.0,4.76837158203125e-07,0.0
turkiye-092_03,iphone15pro,digital_2,train/attack/digital_2/iphone15pro/turkiye-092_03.jpg,fcb41be223fe6264be7a79c5382beb88ecdd7ed79053fe84ff7f5696832f4370,"(1, 512, 8, 14)",1,1,0.7411075234413147,0.7195728421211243,1.0,4.166513889458656e-08,0.0,2.384185791015625e-07,0.0
turkiye-092_03,scan,bonafide,train/bonafide/scan/turkiye-092_03.jpg,62fc5c07f0d35a87e82c043eeb436d99ca75d5c15a8256b0ad99212cf0ea6d2f,"(1, 512, 8, 13)",1,1,0.7334344387054443,0.7301582098007202,1.0,5.680778158989597e-08,0.0,4.76837158203125e-07,0.0
turkiye-092_03,scan,digital_1,train/attack/digital_1/scan/turkiye-092_03.jpg,13e2e44a19d274c30875cb794337ab97d5ee013bb3eda1171ac9b7f91e17bb32,"(1, 512, 8, 13)",1,1,0.7308135032653809,0.7337389588356018,0.9999998807907104,5.932863800239829e-08,0.0,4.76837158203125e-07,0.0
turkiye-092_03,scan,digital_2,train/attack/digital_2/scan/turkiye-092_03.jpg,daa09fe7036bccd7ad64f1da8b74b9fca883d394a38340a08d31049eb9e80fc7,"(1, 512, 8, 13)",1,1,0.73098224401474,0.7335090637207031,1.0,5.210080189499422e-08,0.0,2.384185791015625e-07,0.0
turkiye-121_03,huawei,bonafide,train/bonafide/huawei/turkiye-121_03.jpg,16e2692723d454146279f353d733bdd9d16ebe66b1ac9e5c954b4c6b5c7697b6,"(1, 512, 8, 13)",1,1,0.7403290271759033,0.7206538319587708,1.0,5.683730108785312e-08,0.0,2.384185791015625e-07,0.0
turkiye-121_03,huawei,digital_1,train/attack/digital_1/huawei/turkiye-121_03.jpg,79911f110ce0cedbb6975f0e5de29d8d78af6e5fda5554720c553208fc3762b5,"(1, 512, 8, 13)",1,1,0.7350117564201355,0.7279947996139526,0.9999999403953552,6.2995795246934e-08,0.0,4.76837158203125e-07,0.0
turkiye-121_03,huawei,digital_2,train/attack/digital_2/huawei/turkiye-121_03.jpg,a751313e2471f4aa21b0a52c15e9e82bd864a10a826ab622f7bcf08280815e0a,"(1, 512, 8, 13)",1,1,0.738257884979248,0.7235220670700073,0.9999999403953552,6.069641500516809e-08,0.0,2.384185791015625e-07,0.0
turkiye-121_03,iphone15pro,bonafide,train/bonafide/iphone15pro/turkiye-121_03.jpg,2094d690257bbf0ef698fd5b8dbbfb01ac91a25a7f904cb8c5f949f81805f9a2,"(1, 512, 8, 14)",1,1,0.7371822595596313,0.7250072360038757,1.0000001192092896,4.566287614693465e-08,0.0,4.76837158203125e-07,0.0
turkiye-121_03,iphone15pro,digital_1,train/attack/digital_1/iphone15pro/turkiye-121_03.jpg,d2ec436de3b6b38cc36e74514fde9ac5e4247987893a3a00dbfba262c3d77db4,"(1, 512, 8, 14)",1,1,0.7315483093261719,0.7327368259429932,1.0,4.0057891226297215e-08,0.0,2.384185791015625e-07,0.0
turkiye-121_03,iphone15pro,digital_2,train/attack/digital_2/iphone15pro/turkiye-121_03.jpg,6c047dd816fafdaa3f7ca7682d82875d9560e38c021fd06cadc079a02e8202c8,"(1, 512, 8, 14)",1,1,0.7367870807647705,0.7255520820617676,1.0,4.372489215143105e-08,0.0,4.76837158203125e-07,0.0
turkiye-121_03,scan,bonafide,train/bonafide/scan/turkiye-121_03.jpg,f4dfbe134b52b2271cb330acea398a62c8430a74fc37db611f44bfa553a01bcd,"(1, 512, 8, 13)",1,1,0.7399226427078247,0.7212173938751221,1.0,6.272181707345226e-08,0.0,4.76837158203125e-07,0.0
turkiye-121_03,scan,digital_1,train/attack/digital_1/scan/turkiye-121_03.jpg,c84febdd823485525a8380591405b543fc78ec1405d915352bb44dc53258c842,"(1, 512, 8, 13)",1,1,0.7337225675582886,0.7297636866569519,1.0,6.763809778931318e-08,0.0,4.76837158203125e-07,0.0
turkiye-121_03,scan,digital_2,train/attack/digital_2/scan/turkiye-121_03.jpg,eb95679647b1bebbbf3835b2214a53180e136a67ac11ccb10494eff94368edd7,"(1, 512, 8, 13)",1,1,0.73695307970047,0.7253233790397644,1.0,5.0774655591112605e-08,0.0,3.5762786865234375e-07,0.0
turkiye-126_03,huawei,bonafide,train/bonafide/huawei/turkiye-126_03.jpg,13d753aba33f9f10d13bb55b713a8d24fd233ab35484886609286335c746a1f4,"(1, 512, 8, 13)",1,1,0.7442518472671509,0.7151896357536316,1.0,7.110075017635609e-08,0.0,4.76837158203125e-07,0.0
turkiye-126_03,huawei,digital_1,train/attack/digital_1/huawei/turkiye-126_03.jpg,90c4ae62d7b48bbd5db0c4cbe6c939885b283063c823ebab1761c80bf9954bb6,"(1, 512, 8, 13)",1,1,0.7388781309127808,0.7226642370223999,1.0,5.84962265293143e-08,0.0,4.76837158203125e-07,0.0
turkiye-126_03,huawei,digital_2,train/attack/digital_2/huawei/turkiye-126_03.jpg,80f6623983c122895ea4c7916b51424dc23d1b211409aa8e23c5b4bdd8772f39,"(1, 512, 8, 13)",1,1,0.7400773763656616,0.7210027575492859,1.0000001192092896,5.192006113929892e-08,0.0,2.384185791015625e-07,0.0
turkiye-126_03,iphone15pro,bonafide,train/bonafide/iphone15pro/turkiye-126_03.jpg,63a9c9cdbfafa9bb9d785a28261a23002964a01d900d04f085f19ce6f3d1b872,"(1, 512, 8, 13)",1,1,0.7456110715866089,0.7132866978645325,1.0,5.422372950647514e-08,0.0,2.384185791015625e-07,0.0
turkiye-126_03,iphone15pro,digital_1,train/attack/digital_1/iphone15pro/turkiye-126_03.jpg,0e08aa5ccc3a6226e5f330a5f5c312f44f2600b77eb29191b5240af56904eee5,"(1, 512, 8, 13)",1,1,0.7474339008331299,0.7107267379760742,1.0,5.6043369056624215e-08,0.0,4.76837158203125e-07,0.0
turkiye-126_03,iphone15pro,digital_2,train/attack/digital_2/iphone15pro/turkiye-126_03.jpg,3215d1414083296c1a6acddfbb437bd163b74daa1c35d336039e40db9659a2e5,"(1, 512, 8, 13)",1,1,0.7402979731559753,0.720696747303009,1.0,5.450780093951835e-08,0.0,4.76837158203125e-07,0.0
turkiye-126_03,scan,bonafide,train/bonafide/scan/turkiye-126_03.jpg,4e8458f38ec7e9a28104e8d7cc539f052e6fe75ac6e0ab129a38b92fc4e42707,"(1, 512, 8, 13)",1,1,0.7546231746673584,0.7005380392074585,1.0,5.096278599125981e-08,0.0,2.384185791015625e-07,0.0
turkiye-126_03,scan,digital_1,train/attack/digital_1/scan/turkiye-126_03.jpg,2e41361aff60a31ee5c6b7e831e8ffd102125e53b13bf6228bfda51778280bfc,"(1, 512, 8, 13)",1,1,0.7491859197616577,0.7082571387290955,1.0000001192092896,5.2988802679010405e-08,0.0,2.384185791015625e-07,0.0
turkiye-126_03,scan,digital_2,train/attack/digital_2/scan/turkiye-126_03.jpg,b3520d0e0c6ee1ef31439365cf982a43edf552cd8bb81d6227c9d3b424811394,"(1, 512, 8, 13)",1,1,0.7454971075057983,0.7134464979171753,1.0000001192092896,5.481827258790872e-08,0.0,4.76837158203125e-07,0.0
turkiye-127_03,huawei,bonafide,train/bonafide/huawei/turkiye-127_03.jpg,4e879f1832d7332eecc2434841abefe102aa23f1ace03bbd1bab9799bfa6389a,"(1, 512, 8, 13)",1,1,0.7476966381072998,0.7103567719459534,1.0,4.9209955221840573e-08,0.0,4.76837158203125e-07,0.0
turkiye-127_03,huawei,digital_1,train/attack/digital_1/huawei/turkiye-127_03.jpg,3ae4548c330c790b0dc005a05b05be243a0ff4c8f90ad3006af3198d30aedd1f,"(1, 512, 8, 13)",1,1,0.7510498762130737,0.7056204676628113,1.0,4.663923647285628e-08,0.0,2.384185791015625e-07,0.0
turkiye-127_03,huawei,digital_2,train/attack/digital_2/huawei/turkiye-127_03.jpg,43d0c6b1a445c3d7d5e5abae60e90a1626691f8bf9fd29e48006287d805fbcfc,"(1, 512, 8, 13)",1,1,0.7491618394851685,0.7082912921905518,1.0,5.282561232888838e-08,0.0,3.5762786865234375e-07,0.0
turkiye-127_03,iphone15pro,bonafide,train/bonafide/iphone15pro/turkiye-127_03.jpg,40dd1cbc82be47210d620e932b1b2b7be4a5746bdc61693d9d37e65b633db225,"(1, 512, 8, 13)",1,1,0.73067307472229,0.7339304685592651,0.9999999403953552,5.0412246821451845e-08,0.0,2.384185791015625e-07,0.0
turkiye-127_03,iphone15pro,digital_1,train/attack/digital_1/iphone15pro/turkiye-127_03.jpg,77dc5e5a61e24dd2943e406f00205cabfad2f6036e25d45f348c4075fc37b695,"(1, 512, 8, 13)",1,1,0.730337381362915,0.7343876957893372,0.9999998807907104,5.025656335533313e-08,0.0,2.384185791015625e-07,0.0
turkiye-127_03,iphone15pro,digital_2,train/attack/digital_2/iphone15pro/turkiye-127_03.jpg,f94e064f79165916bae2225c76c327823520696b6ee9a12222dbf8058719aeb1,"(1, 512, 8, 13)",1,1,0.7278121709823608,0.7378182411193848,0.9999998807907104,6.324791712586375e-08,0.0,4.76837158203125e-07,0.0
turkiye-127_03,scan,bonafide,train/bonafide/scan/turkiye-127_03.jpg,275bee63bc5bcef1b2bb3db5df7640d75033ec3cf672ed61820ebbdeb093c9e2,"(1, 512, 8, 13)",1,1,0.7348594069480896,0.7282040119171143,1.0,6.213850411995736e-08,0.0,4.76837158203125e-07,0.0
turkiye-127_03,scan,digital_1,train/attack/digital_1/scan/turkiye-127_03.jpg,a7ad1488fb6b69549a910b620d0341be10ca5fe971c7925166a6cc6c4a259d11,"(1, 512, 8, 13)",1,1,0.7341213822364807,0.7292166948318481,1.0000001192092896,5.1362995634463005e-08,0.0,2.384185791015625e-07,0.0
turkiye-127_03,scan,digital_2,train/attack/digital_2/scan/turkiye-127_03.jpg,f17edce3901bdfe5803cf1a0b4491367a448bc943b42a3951c8f046c0d872c59,"(1, 512, 8, 13)",1,1,0.7324886322021484,0.7314522862434387,1.0,4.9752237885059e-08,0.0,2.384185791015625e-07,0.0
turkiye-129_03,huawei,bonafide,train/bonafide/huawei/turkiye-129_03.jpg,25fff88136a97d5ab65d88752ad512dbecc3efcadf932465580a6ce217207a32,"(1, 512, 8, 13)",1,1,0.7438673973083496,0.7157271504402161,1.0,4.5482511978889306e-08,0.0,2.384185791015625e-07,0.0
turkiye-129_03,huawei,digital_1,train/attack/digital_1/huawei/turkiye-129_03.jpg,1a5de75fe214fa3ea3ab425e04b6c5312bbf1a0f8d3c76d144eb57ce5ba61c2e,"(1, 512, 8, 13)",1,1,0.7415018677711487,0.7190243601799011,1.0,6.043869404948055e-08,0.0,3.5762786865234375e-07,0.0
turkiye-129_03,huawei,digital_2,train/attack/digital_2/huawei/turkiye-129_03.jpg,b0d87b4a847a6c5906dc07cc90de50cf92cbde3f3adfc07e9e6ca208d9b87eaa,"(1, 512, 8, 13)",1,1,0.7430944442749023,0.7168062329292297,1.0,4.882584292431602e-08,0.0,2.384185791015625e-07,0.0
turkiye-129_03,iphone15pro,bonafide,train/bonafide/iphone15pro/turkiye-129_03.jpg,566caff064eaf1ec66ba1ea1f486aeae481a22c5f5d88e713bc786dce1edcd09,"(1, 512, 8, 13)",1,1,0.7402746677398682,0.7207291722297668,1.0,5.650371903698215e-08,0.0,4.76837158203125e-07,0.0
turkiye-129_03,iphone15pro,digital_1,train/attack/digital_1/iphone15pro/turkiye-129_03.jpg,33c51a35571ea939d07c1da0234eff7b372f71f67730a4128bce1366929ebe16,"(1, 512, 8, 13)",1,1,0.738296389579773,0.7234688401222229,0.9999998807907104,6.842038402510298e-08,0.0,4.76837158203125e-07,0.0
turkiye-129_03,iphone15pro,digital_2,train/attack/digital_2/iphone15pro/turkiye-129_03.jpg,da40b1bbe6428c72ee16866bf7654e63bdfd5570ef4eacfa6df81071a8d33ebf,"(1, 512, 8, 13)",1,1,0.7385919690132141,0.7230602502822876,1.0,4.710970102905776e-08,0.0,4.76837158203125e-07,0.0
turkiye-129_03,scan,bonafide,train/bonafide/scan/turkiye-129_03.jpg,325df0af304eb57173da399a1f5952458319f85882efa9fa53bd0597dfa54e17,"(1, 512, 8, 13)",1,1,0.742221474647522,0.7180230021476746,0.9999999403953552,6.045579681313029e-08,0.0,4.76837158203125e-07,0.0
turkiye-129_03,scan,digital_1,train/attack/digital_1/scan/turkiye-129_03.jpg,bca5a19ce60871675d1eaf1cd49b3f12a8c6673ec01ae9b754a2db106d71d33b,"(1, 512, 8, 13)",1,1,0.7435767650604248,0.7161329984664917,1.0,5.2455579435672917e-08,0.0,2.384185791015625e-07,0.0
turkiye-129_03,scan,digital_2,train/attack/digital_2/scan/turkiye-129_03.jpg,c470a9750258ba438ff85f071faa79d872e5b6f3b77f9e0c9b108ee178c3e4e2,"(1, 512, 8, 13)",1,1,0.7406102418899536,0.7202635407447815,1.0,5.666155189487654e-08,0.0,3.5762786865234375e-07,0.0
turkiye-130_03,huawei,bonafide,train/bonafide/huawei/turkiye-130_03.jpg,cab6442df0ed192a91af5725392780d2f1d3d41d3d333b130a52024401b34347,"(1, 512, 8, 13)",1,1,0.751868724822998,0.704459011554718,1.0,4.1596507571739494e-08,0.0,2.384185791015625e-07,0.0
turkiye-130_03,huawei,digital_1,train/attack/digital_1/huawei/turkiye-130_03.jpg,22f373635c0094606671cb8088961ecdbb875dc4a4a91f3eb283ecf0224708a0,"(1, 512, 8, 13)",1,1,0.7490885257720947,0.7083946466445923,0.9999999403953552,4.831336042343537e-08,0.0,2.384185791015625e-07,0.0
turkiye-130_03,huawei,digital_2,train/attack/digital_2/huawei/turkiye-130_03.jpg,e016d949fe2e584e32690494c49ef857669fb2e7501a162a3ef5f74eaa06516e,"(1, 512, 8, 13)",1,1,0.7520159482955933,0.704249918460846,0.9999999403953552,4.7814012305025244e-08,0.0,4.76837158203125e-07,0.0
turkiye-130_03,iphone15pro,bonafide,train/bonafide/iphone15pro/turkiye-130_03.jpg,16837fbdc2f26f5f025988cc3eb396b3f95bd486f91a459acd256ae9b13dd6d7,"(1, 512, 8, 13)",1,1,0.7350053787231445,0.7280036211013794,1.0,6.605652203006684e-08,0.0,4.76837158203125e-07,0.0
turkiye-130_03,iphone15pro,digital_1,train/attack/digital_1/iphone15pro/turkiye-130_03.jpg,59963ff22593b6086ffcdaa9e72dc9806c6faa401f2b4f9192f50c80916d3d8f,"(1, 512, 8, 13)",1,1,0.7362623810768127,0.7262749075889587,0.9999998807907104,5.694989013704799e-08,0.0,4.76837158203125e-07,0.0
turkiye-130_03,iphone15pro,digital_2,train/attack/digital_2/iphone15pro/turkiye-130_03.jpg,90401b7c3fd52d08074b686e8bbcd32cdeaa37180081ac224a50d1cdf16727d2,"(1, 512, 8, 13)",1,1,0.7324541807174683,0.7314996123313904,1.0,5.748541909156302e-08,0.0,4.76837158203125e-07,0.0
turkiye-130_03,scan,bonafide,train/bonafide/scan/turkiye-130_03.jpg,131d5bcc14163c8c92b05c433891abb296dfeb1b4b7bfd6931a100008f3922da,"(1, 512, 8, 13)",1,1,0.7427085638046265,0.7173441648483276,0.9999999403953552,4.211573667589619e-08,0.0,2.384185791015625e-07,0.0
turkiye-130_03,scan,digital_1,train/attack/digital_1/scan/turkiye-130_03.jpg,96cb2d6dc4b69db1608ebe617fb3577efb390530add528ee5ec560a8a38a86d6,"(1, 512, 8, 13)",1,1,0.7353243827819824,0.7275652885437012,1.0,4.494404493016191e-08,0.0,2.384185791015625e-07,0.0
turkiye-130_03,scan,digital_2,train/attack/digital_2/scan/turkiye-130_03.jpg,3a05ded8118264ae0057f69f3bcc12962daab72bb7bcbd70ac58fe3fde12b260,"(1, 512, 8, 13)",1,1,0.7364206910133362,0.7260567545890808,0.9999999403953552,4.6996749603067656e-08,0.0,2.384185791015625e-07,0.0
turkiye-138_03,huawei,bonafide,train/bonafide/huawei/turkiye-138_03.jpg,27318f590c74e8900d744d81775a0a330adc366fb580553bbaac28d04fff09a2,"(1, 512, 8, 13)",1,1,0.7445741891860962,0.7147387266159058,1.0,5.517978252100875e-08,0.0,2.384185791015625e-07,0.0
turkiye-138_03,huawei,digital_1,train/attack/digital_1/huawei/turkiye-138_03.jpg,7950300c15bd52519185eaad6bd792c69c68f5f409f9a312f119cb9899063aa7,"(1, 512, 8, 13)",1,1,0.7409141063690186,0.7198416590690613,0.9999999403953552,5.7478850123970915e-08,0.0,4.76837158203125e-07,0.0
turkiye-138_03,huawei,digital_2,train/attack/digital_2/huawei/turkiye-138_03.jpg,fd151feadd3913d0e900f00e2b24e1845fb2250bf927cbe998c80b55d606d44c,"(1, 512, 8, 13)",1,1,0.7435929775238037,0.7161104679107666,1.0,5.084321230697242e-08,0.0,2.384185791015625e-07,0.0
turkiye-138_03,iphone15pro,bonafide,train/bonafide/iphone15pro/turkiye-138_03.jpg,78fb777f84a71d68af3e84ecc9eb500d1272881b20e4705c3ca24d2bc066b163,"(1, 512, 8, 14)",1,1,0.7411147356033325,0.7195627093315125,1.0000001192092896,4.009996246168157e-08,0.0,2.384185791015625e-07,0.0
turkiye-138_03,iphone15pro,digital_1,train/attack/digital_1/iphone15pro/turkiye-138_03.jpg,042a858dc82da2cd0529761f3136f083007ecef3553f9c5a128802e31e0e1155,"(1, 512, 8, 14)",1,1,0.7372077703475952,0.7249722480773926,1.0,4.40444338778434e-08,0.0,4.76837158203125e-07,0.0
turkiye-138_03,iphone15pro,digital_2,train/attack/digital_2/iphone15pro/turkiye-138_03.jpg,17c4c4ed305a7fa28a6092f4fde1a1edd459a624c66c687e075e17f2157b49be,"(1, 512, 8, 14)",1,1,0.7389147281646729,0.7226136922836304,1.0,4.7264823166415226e-08,0.0,3.5762786865234375e-07,0.0
turkiye-138_03,scan,bonafide,train/bonafide/scan/turkiye-138_03.jpg,40725747024026f96ef10effc83d677b654e162593aaf069a2d502700b9684d8,"(1, 512, 8, 13)",1,1,0.7489538788795471,0.7085845470428467,0.9999999403953552,5.311484230219321e-08,0.0,2.384185791015625e-07,0.0
turkiye-138_03,scan,digital_1,train/attack/digital_1/scan/turkiye-138_03.jpg,7e629a51ac61535388ecb9b951bb70c537b0e6a5a0ce9d8829aa3fc1ddbc5950,"(1, 512, 8, 13)",1,1,0.7479382753372192,0.7100164294242859,1.0,5.873100761277783e-08,0.0,4.76837158203125e-07,0.0
turkiye-138_03,scan,digital_2,train/attack/digital_2/scan/turkiye-138_03.jpg,f2a5d4356c890e5907e808cbe93e6f82284d96ec70c70dd93a22f3fb40867180,"(1, 512, 8, 13)",1,1,0.7530233860015869,0.7028180360794067,1.0,5.788578860688176e-08,0.0,4.76837158203125e-07,0.0
turkiye-NF-1008,huawei,bonafide,train/bonafide/huawei/turkiye-NF-1008.jpg,eacbcfedd852b2891db67f30a5f22b1fe1fc72a943654302f120a09f99e29284,"(1, 512, 8, 13)",1,1,0.7546396851539612,0.7005144953727722,0.9999999403953552,5.9557933695941756e-08,0.0,4.76837158203125e-07,0.0
turkiye-NF-1008,huawei,digital_1,train/attack/digital_1/huawei/turkiye-NF-1008.jpg,1a43b0fc91c7ca8186f080137f54c7399c257e54ad7519d446ffa16f2654f13c,"(1, 512, 8, 13)",1,1,0.7521413564682007,0.7040717601776123,1.0,5.049992424233096e-08,0.0,2.384185791015625e-07,0.0
turkiye-NF-1008,huawei,digital_2,train/attack/digital_2/huawei/turkiye-NF-1008.jpg,3486068ad4398f0d7a037c84c0cb899039748ea23e97f39f133d29c9624b753d,"(1, 512, 8, 13)",1,1,0.7551306486129761,0.6998133063316345,1.0,5.42967697469976e-08,0.0,2.384185791015625e-07,0.0
turkiye-NF-1008,iphone15pro,bonafide,train/bonafide/iphone15pro/turkiye-NF-1008.jpg,3ff44d41a35c42e5ed83379ede4b01105ea48520332a64d50566d3b6a6cf445f,"(1, 512, 8, 14)",1,1,0.7386277318000793,0.7230108976364136,1.0,3.5204841708491585e-08,0.0,2.384185791015625e-07,0.0
turkiye-NF-1008,iphone15pro,digital_1,train/attack/digital_1/iphone15pro/turkiye-NF-1008.jpg,21353490eefa45c82e82fcda626c50f38c503ea98a395f1081fbe153fa4545bf,"(1, 512, 8, 14)",1,1,0.7371414303779602,0.725063681602478,1.0,3.720969132814389e-08,0.0,2.384185791015625e-07,0.0
turkiye-NF-1008,iphone15pro,digital_2,train/attack/digital_2/iphone15pro/turkiye-NF-1008.jpg,321bf3343508728f0f167c1560e08a762ab06b5f129d3fbbe3b5a597e3ecacf7,"(1, 512, 8, 14)",1,1,0.7363789081573486,0.7261143922805786,1.0,3.683208404936522e-08,0.0,2.384185791015625e-07,0.0
turkiye-NF-1008,scan,bonafide,train/bonafide/scan/turkiye-NF-1008.jpg,b27bb902651034785cce11b96a65b0d3cf7b0e0f694f2946026047fb211e68fe,"(1, 512, 8, 13)",1,1,0.7465639710426331,0.7119496464729309,0.9999999403953552,5.503032696196897e-08,0.0,4.76837158203125e-07,0.0
turkiye-NF-1008,scan,digital_1,train/attack/digital_1/scan/turkiye-NF-1008.jpg,274a688d758d11cdea9404c79a480fa59fd1f15832b33274bec3dad2f38743c6,"(1, 512, 8, 13)",1,1,0.7398353219032288,0.7213383913040161,1.0,5.0341277813004126e-08,0.0,3.5762786865234375e-07,0.0
turkiye-NF-1008,scan,digital_2,train/attack/digital_2/scan/turkiye-NF-1008.jpg,8ca210f59447ed4fb0fabacd8b75f17052f1a5eefdd7fcc5f645992a8e7498ad,"(1, 512, 8, 13)",1,1,0.7446237206459045,0.7146695852279663,1.0,4.76232742130378e-08,0.0,4.76837158203125e-07,0.0
turkiye-NF-1054,huawei,bonafide,train/bonafide/huawei/turkiye-NF-1054.jpg,f72418b0bd89e7974b61781e723f2dce308069eafab30efdf50a04bfa8761f94,"(1, 512, 8, 13)",1,1,0.7507765293121338,0.7060077786445618,1.0,5.7457757662859876e-08,0.0,4.76837158203125e-07,0.0
turkiye-NF-1054,huawei,digital_1,train/attack/digital_1/huawei/turkiye-NF-1054.jpg,d1a180167589c1619e9d9a2e001c41b263e20bf32f32bb613be475a9f6729a08,"(1, 512, 8, 13)",1,1,0.7595334649085999,0.6934933662414551,1.0000001192092896,4.9260155066122024e-08,0.0,2.384185791015625e-07,0.0
turkiye-NF-1054,huawei,digital_2,train/attack/digital_2/huawei/turkiye-NF-1054.jpg,71200b1a90b70e8d9ff3b945c825398267458869c939541b76ff9fac3c0de404,"(1, 512, 8, 13)",1,1,0.7520805597305298,0.7041581273078918,1.0000001192092896,4.5616335597742363e-08,0.0,2.384185791015625e-07,0.0
turkiye-NF-1054,iphone15pro,bonafide,train/bonafide/iphone15pro/turkiye-NF-1054.jpg,3192c399eee2e3c71cf4c5119e48d95ff0bc614bb9d9d89eeb87d89fe0a947fb,"(1, 512, 8, 14)",1,1,0.7367410063743591,0.7256156206130981,1.0,4.370782491491809e-08,0.0,4.76837158203125e-07,0.0
turkiye-NF-1054,iphone15pro,digital_1,train/attack/digital_1/iphone15pro/turkiye-NF-1054.jpg,80858c7ade769f1c9fc6faf3470dc177d05aca228d1d1fa676726d7f9a79389e,"(1, 512, 8, 14)",1,1,0.741012692451477,0.7197045087814331,1.0,4.085466187575548e-08,0.0,4.76837158203125e-07,0.0
turkiye-NF-1054,iphone15pro,digital_2,train/attack/digital_2/iphone15pro/turkiye-NF-1054.jpg,0801a73850e23d23551e60fe590974d7c8b566dd1b7a520cfb56514e34df3a61,"(1, 512, 8, 14)",1,1,0.7391471862792969,0.7222918272018433,1.0,3.956482430567121e-08,0.0,2.384185791015625e-07,0.0
turkiye-NF-1054,scan,bonafide,train/bonafide/scan/turkiye-NF-1054.jpg,cc0be8884cbb72ae9562fff762708b890f8429c9bda23300a339ca8711089530,"(1, 512, 8, 13)",1,1,0.7481787204742432,0.7096778750419617,1.0,5.72492950823289e-08,0.0,4.76837158203125e-07,0.0
turkiye-NF-1054,scan,digital_1,train/attack/digital_1/scan/turkiye-NF-1054.jpg,f2efd6d886df5ab88ad95bf063b532c72ab5a61925261dfc2e27313982e3b0dd,"(1, 512, 8, 13)",1,1,0.7527892589569092,0.7031511664390564,1.0000001192092896,5.338828401590945e-08,0.0,3.5762786865234375e-07,0.0
turkiye-NF-1054,scan,digital_2,train/attack/digital_2/scan/turkiye-NF-1054.jpg,17cae3fd66eeb42fdb6011b9c1f5d91575fd28c3b78e155aee54a0d4d4514477,"(1, 512, 8, 13)",1,1,0.7540910243988037,0.7012973427772522,1.0,5.2103008130188755e-08,0.0,4.76837158203125e-07,0.0
turkiye-NF-1103,huawei,bonafide,train/bonafide/huawei/turkiye-NF-1103.jpg,7973318339d82dd95251eca2adbec5ceeb2e2990c382b7846c79af7d99187c63,"(1, 512, 8, 13)",1,1,0.7455589175224304,0.7133597135543823,1.000000238418579,4.070053449822808e-08,0.0,2.384185791015625e-07,0.0
turkiye-NF-1103,huawei,digital_1,train/attack/digital_1/huawei/turkiye-NF-1103.jpg,72fd184efda9edfcbeb14cb81e058fe2f395d14753c9b406852674fc2791bcfb,"(1, 512, 8, 13)",1,1,0.743012547492981,0.7169206738471985,1.0,4.869572833854363e-08,0.0,2.384185791015625e-07,0.0
turkiye-NF-1103,huawei,digital_2,train/attack/digital_2/huawei/turkiye-NF-1103.jpg,4e479ef89389ad440f343454a560209d6854051f08df1ca82755b879e509e539,"(1, 512, 8, 13)",1,1,0.7368581891059875,0.7254541516304016,1.0,5.949266324023483e-08,0.0,4.76837158203125e-07,0.0
turkiye-NF-1103,iphone15pro,bonafide,train/bonafide/iphone15pro/turkiye-NF-1103.jpg,2bb76af419e86ec44b0e4caaaa3b5ae06bf41a956cac76da3f3129ec847d8f92,"(1, 512, 8, 13)",1,1,0.7564940452575684,0.6978623867034912,1.0,4.884586246589606e-08,0.0,4.76837158203125e-07,0.0
turkiye-NF-1103,iphone15pro,digital_1,train/attack/digital_1/iphone15pro/turkiye-NF-1103.jpg,feed548c60bc266aeb3868fb230bde5cc6430049b0e059fc7da751afd3365330,"(1, 512, 8, 13)",1,1,0.7480646371841431,0.7098386883735657,1.0,4.3350592449087344e-08,0.0,2.384185791015625e-07,0.0
turkiye-NF-1103,iphone15pro,digital_2,train/attack/digital_2/iphone15pro/turkiye-NF-1103.jpg,52abd8c67ece53465b887b05f52ae7da99d6b243ef9ece7e34cd51acf76f3516,"(1, 512, 8, 13)",1,1,0.7556307315826416,0.6990981698036194,0.9999998807907104,5.6854023711139234e-08,0.0,4.76837158203125e-07,0.0
turkiye-NF-1103,scan,bonafide,train/bonafide/scan/turkiye-NF-1103.jpg,b4adcf1ad2f77b0bd92bc30f3d455c9a1e00d3e45c293274d78a5e23625af3d9,"(1, 512, 8, 13)",1,1,0.7563245296478271,0.6981053352355957,0.9999999403953552,5.257701118921432e-08,0.0,2.384185791015625e-07,0.0
turkiye-NF-1103,scan,digital_1,train/attack/digital_1/scan/turkiye-NF-1103.jpg,324936c696f2721ceffda0c3c1aafa7b20d3b36d50851b22b3890557207e0b0f,"(1, 512, 8, 13)",1,1,0.7490099668502808,0.7085055112838745,0.9999999403953552,5.4883066979982686e-08,0.0,2.384185791015625e-07,0.0
turkiye-NF-1103,scan,digital_2,train/attack/digital_2/scan/turkiye-NF-1103.jpg,2d66544424104666c5e679622dd3d9c50377f13597c804b9ce4f1b62706d5bf4,"(1, 512, 8, 13)",1,1,0.7509815096855164,0.7057172060012817,1.0,4.6970598077678005e-08,0.0,2.384185791015625e-07,0.0
turkiye-NM-1011,huawei,bonafide,train/bonafide/huawei/turkiye-NM-1011.jpg,8c91ffe5577d5c3c11dd77d3a9976af935804fdb9d842dccf39252a29407df03,"(1, 512, 8, 13)",1,1,0.7390869855880737,0.722375214099884,1.0,6.074263581012929e-08,0.0,4.76837158203125e-07,0.0
turkiye-NM-1011,huawei,digital_1,train/attack/digital_1/huawei/turkiye-NM-1011.jpg,b967a112920ea75c60b6e8eaa170ce08cd9d74b38315353df3510d7e11f225f3,"(1, 512, 8, 13)",1,1,0.7475935816764832,0.7105019092559814,1.0,4.83172932774778e-08,0.0,2.384185791015625e-07,0.0
turkiye-NM-1011,huawei,digital_2,train/attack/digital_2/huawei/turkiye-NM-1011.jpg,8e803c66dceeffb5c1a6ad41d7d9bb8cce813678c8d66c4d2199bb86c9c5b1d3,"(1, 512, 8, 13)",1,1,0.7417399883270264,0.718693196773529,1.0,5.427154903259179e-08,0.0,3.5762786865234375e-07,0.0
turkiye-NM-1011,iphone15pro,bonafide,train/bonafide/iphone15pro/turkiye-NM-1011.jpg,ff1333b126f6b9c87b427c92305a04dcec6a3e7d8e5229723bb4cadfb8baa8d9,"(1, 512, 8, 14)",1,1,0.7242676019668579,0.7426068186759949,0.9999999403953552,4.90136926600826e-08,0.0,4.76837158203125e-07,0.0
turkiye-NM-1011,iphone15pro,digital_1,train/attack/digital_1/iphone15pro/turkiye-NM-1011.jpg,d395cf6dcf0b1af10c03966a42deefed04905e21eda47f4066c57cbe50b090b7,"(1, 512, 8, 14)",1,1,0.7306503057479858,0.7339613437652588,1.0,3.2349159795330706e-08,0.0,2.384185791015625e-07,0.0
turkiye-NM-1011,iphone15pro,digital_2,train/attack/digital_2/iphone15pro/turkiye-NM-1011.jpg,179562ef7089e0920a4f971de9a568c60fd12280db78ab34907f558a49239739,"(1, 512, 8, 14)",1,1,0.7260633707046509,0.7401846647262573,1.0,4.2511295816893835e-08,0.0,2.384185791015625e-07,0.0
turkiye-NM-1011,scan,bonafide,train/bonafide/scan/turkiye-NM-1011.jpg,756a63451b2341f715711e5fc8d0c8f9a032ddb9f003e5df904c738a27ac76c8,"(1, 512, 8, 13)",1,1,0.7433863878250122,0.7163988351821899,1.0,6.07302652610997e-08,0.0,4.76837158203125e-07,0.0
turkiye-NM-1011,scan,digital_1,train/attack/digital_1/scan/turkiye-NM-1011.jpg,a6f9fd4dbbd99e4a1e7c1c58f90b629d8118b8aa9458ce500ab871416c2a8ba2,"(1, 512, 8, 13)",1,1,0.7427254915237427,0.7173207402229309,1.0,6.324903978338625e-08,0.0,2.384185791015625e-07,0.0
turkiye-NM-1011,scan,digital_2,train/attack/digital_2/scan/turkiye-NM-1011.jpg,bed648039435f66d30d42d5fa6beb274e250e7276323051c83d8fb5997836888,"(1, 512, 8, 13)",1,1,0.7400930523872375,0.720981240272522,1.0,6.184724554714194e-08,0.0,4.76837158203125e-07,0.0
turkiye-NM-1019,huawei,bonafide,train/bonafide/huawei/turkiye-NM-1019.jpg,e137b97a4c715a84c82d2154c6382e0b0db85d798859f0d38f692c4670e07fc6,"(1, 512, 8, 13)",1,1,0.7536945939064026,0.7018625140190125,1.0000001192092896,5.939371305885288e-08,0.0,4.76837158203125e-07,0.0
turkiye-NM-1019,huawei,digital_1,train/attack/digital_1/huawei/turkiye-NM-1019.jpg,d69d500467d2f1dc2b2b2b9b228ae2b3f5397ff8be350db8c0964d164b79abc9,"(1, 512, 8, 13)",1,1,0.751212477684021,0.7053900957107544,0.9999998807907104,6.328681223521926e-08,0.0,4.76837158203125e-07,0.0
turkiye-NM-1019,huawei,digital_2,train/attack/digital_2/huawei/turkiye-NM-1019.jpg,9a285bb9ebbf2cb010ebad7d261a8a16fa2384b7c0ffa6c7ac105502e5236f9b,"(1, 512, 8, 13)",1,1,0.7512500286102295,0.7053368091583252,1.0,5.074673836702459e-08,0.0,3.5762786865234375e-07,0.0
turkiye-NM-1019,iphone15pro,bonafide,train/bonafide/iphone15pro/turkiye-NM-1019.jpg,9965e9d55871378ecbbf67291ce893a7596559833b37f560a741bbbd978e9bb1,"(1, 512, 8, 14)",1,1,0.7372841835021973,0.724866509437561,1.0,4.955652599392124e-08,0.0,4.76837158203125e-07,0.0
turkiye-NM-1019,iphone15pro,digital_1,train/attack/digital_1/iphone15pro/turkiye-NM-1019.jpg,1074f304bea66fe145d0d6a921944e66fc3eceafe2d5d02b3d70e7bd465ac5c8,"(1, 512, 8, 14)",1,1,0.7368073463439941,0.7255241870880127,1.0000001192092896,3.68647832260649e-08,0.0,2.384185791015625e-07,0.0
turkiye-NM-1019,iphone15pro,digital_2,train/attack/digital_2/iphone15pro/turkiye-NM-1019.jpg,683d45a631307ad77b90411a0c873554edd57c229962158088b00e46ad4ba696,"(1, 512, 8, 14)",1,1,0.7351653575897217,0.7277838587760925,1.0,4.429057298693806e-08,0.0,4.76837158203125e-07,0.0
turkiye-NM-1019,scan,bonafide,train/bonafide/scan/turkiye-NM-1019.jpg,9332ea9d6b9ba11a645159a8ad25d1438ea1d2ff87b52aa88b7620142388f9cc,"(1, 512, 8, 13)",1,1,0.7518366575241089,0.7045046091079712,1.0000001192092896,5.953100412625645e-08,0.0,4.76837158203125e-07,0.0
turkiye-NM-1019,scan,digital_1,train/attack/digital_1/scan/turkiye-NM-1019.jpg,33113b21b5158da8dfc51f678ba22b7bda506497f49c581a898803eb9345725b,"(1, 512, 8, 13)",1,1,0.7503030300140381,0.7066781520843506,1.0,6.027026699939597e-08,0.0,7.152557373046875e-07,0.0
turkiye-NM-1019,scan,digital_2,train/attack/digital_2/scan/turkiye-NM-1019.jpg,f339dcdce2ba36ec4626c3511fb2f539cfba2a7c4a7fafb3466b169663afc631,"(1, 512, 8, 13)",1,1,0.7486433982849121,0.7090227603912354,1.0,6.13305886076887e-08,0.0,4.76837158203125e-07,0.0
turkiye-NM-1033,huawei,bonafide,train/bonafide/huawei/turkiye-NM-1033.jpg,2f1999052e286ea92327b36a7197e7e59e9386ffaeec13885f154b768ffdb7f1,"(1, 512, 8, 13)",1,1,0.7377508282661438,0.7242224216461182,0.9999998807907104,4.785984586419545e-08,0.0,4.76837158203125e-07,0.0
turkiye-NM-1033,huawei,digital_1,train/attack/digital_1/huawei/turkiye-NM-1033.jpg,ad22648c6161872014adf6d898e3b7d098be07b7ff3942e911854d3be24ca45b,"(1, 512, 8, 13)",1,1,0.7387516498565674,0.7228394746780396,1.0,5.936911051662719e-08,0.0,2.384185791015625e-07,0.0
turkiye-NM-1033,huawei,digital_2,train/attack/digital_2/huawei/turkiye-NM-1033.jpg,71506a76442bdc687751585fbd9096096b4f0f22b753f4c364beacf4a94eeacd,"(1, 512, 8, 13)",1,1,0.7349804639816284,0.7280378341674805,0.9999998807907104,5.177112782916993e-08,0.0,4.76837158203125e-07,0.0
turkiye-NM-1033,iphone15pro,bonafide,train/bonafide/iphone15pro/turkiye-NM-1033.jpg,2d435d23292a62979782a11ea31d51b3f937da0c425bf487dfb226be56c1cac7,"(1, 512, 8, 13)",1,1,0.7316441535949707,0.7326059341430664,0.9999999403953552,5.107358092004688e-08,0.0,2.384185791015625e-07,0.0
turkiye-NM-1033,iphone15pro,digital_1,train/attack/digital_1/iphone15pro/turkiye-NM-1033.jpg,d62f71ab24ce0374e6cb59b05f427981d51f6b8521acb77c1aeb5b43d7a1e7af,"(1, 512, 8, 13)",1,1,0.7386587262153625,0.7229679822921753,1.0000001192092896,4.848051915473661e-08,0.0,2.384185791015625e-07,0.0
turkiye-NM-1033,iphone15pro,digital_2,train/attack/digital_2/iphone15pro/turkiye-NM-1033.jpg,ad68e66bc24962017508e6b2094634b42e756c90c9295be95fad67fe9fb4ac9d,"(1, 512, 8, 13)",1,1,0.7316470146179199,0.7326021790504456,1.0,5.399047964260717e-08,0.0,2.384185791015625e-07,0.0
turkiye-NM-1033,scan,bonafide,train/bonafide/scan/turkiye-NM-1033.jpg,2d82ec55a6fdd822db79f2ab0d9884201b21ecbf56c046843287a2a04338403d,"(1, 512, 8, 13)",1,1,0.7333534955978394,0.7302691340446472,1.0,5.503668276674034e-08,0.0,4.76837158203125e-07,0.0
turkiye-NM-1033,scan,digital_1,train/attack/digital_1/scan/turkiye-NM-1033.jpg,1fb4ab2303cb8c7957b842594af81ebd804f478671a15101f14684bb41e47e0b,"(1, 512, 8, 13)",1,1,0.7304489016532898,0.7342357635498047,0.9999998807907104,5.0500865711455845e-08,0.0,2.384185791015625e-07,0.0
turkiye-NM-1033,scan,digital_2,train/attack/digital_2/scan/turkiye-NM-1033.jpg,c0a446c6ce447be6ac6fcc9b05514f8df3d2b21490234ad3634cbfcfb100b6f9,"(1, 512, 8, 13)",1,1,0.7319790124893188,0.7321488261222839,1.0000001192092896,4.949233911588635e-08,0.0,2.384185791015625e-07,0.0
ukraine-006_03,huawei,bonafide,train/bonafide/huawei/ukraine-006_03.jpg,740e30239400d0b6d5f8deac86fd8829b4aebd664dfde89bd14db1e14d02c9e3,"(1, 512, 8, 13)",1,1,0.7606828808784485,0.6918339729309082,0.9999998807907104,4.876029890965583e-08,0.0,4.76837158203125e-07,0.0
ukraine-006_03,huawei,digital_1,train/attack/digital_1/huawei/ukraine-006_03.jpg,36fe2cdf9d61c8b0048de93e7ad22ae09dbf8f79b0d3d14c6c81c83400786fc8,"(1, 512, 8, 13)",1,1,0.7732433080673218,0.6734338998794556,1.0,5.019288451535431e-08,0.0,3.5762786865234375e-07,0.0
ukraine-006_03,huawei,digital_2,train/attack/digital_2/huawei/ukraine-006_03.jpg,e7cea42b124d9d74e4e27f2e23a977f5001a1f675351bf41d4d52f5f8cf27b15,"(1, 512, 8, 13)",1,1,0.7703739404678345,0.6776813864707947,0.9999999403953552,5.433858518699708e-08,0.0,4.76837158203125e-07,0.0
ukraine-006_03,iphone15pro,bonafide,train/bonafide/iphone15pro/ukraine-006_03.jpg,77f319b1237cc1a9c7c98de2aa75ae60dd320a24ef0f947df8a35f8234110ee4,"(1, 512, 8, 13)",1,1,0.7513328790664673,0.7052193284034729,1.0,5.0176218735487055e-08,0.0,4.76837158203125e-07,0.0
ukraine-006_03,iphone15pro,digital_1,train/attack/digital_1/iphone15pro/ukraine-006_03.jpg,4797364f85480d7a0bddee03a290a436a548e548f40685a7c0105a2e6fcc8bbe,"(1, 512, 8, 13)",1,1,0.7648879289627075,0.6857290267944336,0.9999998807907104,5.295573046737445e-08,0.0,3.5762786865234375e-07,0.0
ukraine-006_03,iphone15pro,digital_2,train/attack/digital_2/iphone15pro/ukraine-006_03.jpg,75c2ca2a6e4ca71a1074c335a8a0e7e42e50a6b5b153f00d65b8d1988d321bcc,"(1, 512, 8, 13)",1,1,0.7619239687919617,0.6900376677513123,1.0,5.715954642937504e-08,0.0,4.76837158203125e-07,0.0
ukraine-006_03,scan,bonafide,train/bonafide/scan/ukraine-006_03.jpg,660d81a60a7f8f929b49ef733dea5112e4a71b6e69e1ef09e46a709c62aa6382,"(1, 512, 8, 13)",1,1,0.7599846720695496,0.6928423643112183,1.0000001192092896,5.206984710071083e-08,0.0,4.76837158203125e-07,0.0
ukraine-006_03,scan,digital_1,train/attack/digital_1/scan/ukraine-006_03.jpg,351e5b01928a994e890f4cc6ae10ccd698eee928df5039ae3feedd062eec3893,"(1, 512, 8, 13)",1,1,0.777292013168335,0.6673946976661682,1.0000001192092896,4.7553342596984294e-08,0.0,2.384185791015625e-07,0.0
ukraine-006_03,scan,digital_2,train/attack/digital_2/scan/ukraine-006_03.jpg,b20194894cef648acffd25e3b20677d9b44bc92d05bfd8f0e79fb681f188e341,"(1, 512, 8, 13)",1,1,0.7735077142715454,0.6730411648750305,1.0,6.189556955860098e-08,0.0,4.76837158203125e-07,0.0
ukraine-007_03,huawei,bonafide,train/bonafide/huawei/ukraine-007_03.jpg,02ffa247a4a62c6a0c266e7cf6e2e7ef8738033884831c27f75394fffbd7c2f4,"(1, 512, 8, 14)",1,1,0.7722296714782715,0.6749374866485596,1.0,6.686338593908658e-08,0.0,9.5367431640625e-07,0.0
ukraine-007_03,huawei,digital_1,train/attack/digital_1/huawei/ukraine-007_03.jpg,1f161c62ca5ade857df98081a272097a2f06b239117c81cce6ef1b0b89167c7b,"(1, 512, 8, 14)",1,1,0.7723046541213989,0.6748262643814087,1.0,4.023612376613528e-08,0.0,2.384185791015625e-07,0.0
ukraine-007_03,huawei,digital_2,train/attack/digital_2/huawei/ukraine-007_03.jpg,619e3889821ae38f3df54211071be5e646f2a9973ab5796d060df3c14d179bca,"(1, 512, 8, 14)",1,1,0.7760810852050781,0.669206976890564,0.9999999403953552,4.1186083876709745e-08,0.0,4.76837158203125e-07,0.0
ukraine-007_03,iphone15pro,bonafide,train/bonafide/iphone15pro/ukraine-007_03.jpg,eaebf6b5763aa73e46a255792927790e0d53bb33348d0386978051c7b492029c,"(1, 512, 8, 13)",1,1,0.7731717824935913,0.6735402941703796,0.9999998807907104,6.406356334309748e-08,0.0,4.76837158203125e-07,0.0
ukraine-007_03,iphone15pro,digital_1,train/attack/digital_1/iphone15pro/ukraine-007_03.jpg,36982d1c10742577fa2b9859063c7ae022e6a15a157633fea7d73918aee16e39,"(1, 512, 8, 13)",1,1,0.775727391242981,0.6697351932525635,1.0000001192092896,5.414944226345142e-08,0.0,4.76837158203125e-07,0.0
ukraine-007_03,iphone15pro,digital_2,train/attack/digital_2/iphone15pro/ukraine-007_03.jpg,55d4860077026cfcb1f569d74d10c3069a35a2d612cc150dcd567a69d0bf2674,"(1, 512, 8, 13)",1,1,0.7761191129684448,0.6691499948501587,1.0,5.605952324572172e-08,0.0,4.76837158203125e-07,0.0
ukraine-007_03,scan,bonafide,train/bonafide/scan/ukraine-007_03.jpg,df75f2d0ba18736a8629b6394e0e89680867afb7bf8a5a785818187638c43229,"(1, 512, 8, 13)",1,1,0.7707449197769165,0.6771339178085327,1.0,5.2986607101956906e-08,0.0,4.76837158203125e-07,0.0
ukraine-007_03,scan,digital_1,train/attack/digital_1/scan/ukraine-007_03.jpg,19509f94f11d64125e136bd02490a802d2299b17e62e4c380d45f93fe7a6a8d5,"(1, 512, 8, 13)",1,1,0.7723604440689087,0.67474365234375,1.0,6.133986829581772e-08,0.0,4.76837158203125e-07,0.0
ukraine-007_03,scan,digital_2,train/attack/digital_2/scan/ukraine-007_03.jpg,feabd0e1b9b70359b205b5625b75e3e1177cd14ec2185599246c04a1273d5946,"(1, 512, 8, 13)",1,1,0.7759590148925781,0.6693890690803528,0.9999999403953552,6.537753449720185e-08,0.0,9.5367431640625e-07,0.0
ukraine-030_03,huawei,bonafide,train/bonafide/huawei/ukraine-030_03.jpg,58e0dda387c16d6e9c4503c37816f5413f3385d8c33f00b6d3228cf47007ab1a,"(1, 512, 8, 13)",1,1,0.7805524468421936,0.6624916791915894,0.9999999403953552,6.047991973900935e-08,0.0,4.76837158203125e-07,0.0
ukraine-030_03,huawei,digital_1,train/attack/digital_1/huawei/ukraine-030_03.jpg,1b16f010fdaf7ad88fe9c3fedd303a05d12b050774e9dc11af31f536e0093999,"(1, 512, 8, 13)",1,1,0.7816874980926514,0.6607760787010193,1.0000001192092896,5.75546508230218e-08,0.0,4.76837158203125e-07,0.0
ukraine-030_03,huawei,digital_2,train/attack/digital_2/huawei/ukraine-030_03.jpg,4f01f5dfb860fb72475e7f0e6e6450c83f82ec1b557f07ac72618b93e6158c39,"(1, 512, 8, 13)",1,1,0.7809476852416992,0.6618947982788086,1.0000001192092896,5.832274041495111e-08,0.0,4.76837158203125e-07,0.0
ukraine-030_03,iphone15pro,bonafide,train/bonafide/iphone15pro/ukraine-030_03.jpg,90ab20876de28e2a006ee887e65cee7beaeb97a6a089c755495f491f690f5483,"(1, 512, 8, 13)",1,1,0.7680395841598511,0.6811174154281616,1.0,5.7120526975040775e-08,0.0,4.76837158203125e-07,0.0
ukraine-030_03,iphone15pro,digital_1,train/attack/digital_1/iphone15pro/ukraine-030_03.jpg,ac72e367a0d4dab00d24935db7b7262a2f3a7bb7f69d6cb29697f12c97b6d4bd,"(1, 512, 8, 13)",1,1,0.7748817205429077,0.6709967255592346,1.0,4.172898115939461e-08,0.0,4.76837158203125e-07,0.0
ukraine-030_03,iphone15pro,digital_2,train/attack/digital_2/iphone15pro/ukraine-030_03.jpg,893c456a6452faa75502f8f9c2f68c269eff8b3643f2804b78031d2a1341833a,"(1, 512, 8, 13)",1,1,0.7693642377853394,0.6791698336601257,1.0,5.758246146569945e-08,0.0,4.76837158203125e-07,0.0
ukraine-030_03,scan,bonafide,train/bonafide/scan/ukraine-030_03.jpg,8fcb5566a8d9ac21e749f7c4810e2ceb41b0be203788900a1bbef0bc0782ecf6,"(1, 512, 8, 13)",1,1,0.7818537950515747,0.6605246067047119,1.0000001192092896,5.6784806190535164e-08,0.0,4.76837158203125e-07,0.0
ukraine-030_03,scan,digital_1,train/attack/digital_1/scan/ukraine-030_03.jpg,4dc5030d75e7a6121b5a8c5065bb29846b65dedaa9ffb669e85452ac6dfefadf,"(1, 512, 8, 13)",1,1,0.7782153487205505,0.6660098433494568,1.0000001192092896,4.3417884398877504e-08,0.0,2.384185791015625e-07,0.0
ukraine-030_03,scan,digital_2,train/attack/digital_2/scan/ukraine-030_03.jpg,d372d7f032639a66925a518d31539b5777b475b6a368d7b1dcbf9baf39e7c50a,"(1, 512, 8, 13)",1,1,0.779708981513977,0.663763701915741,1.0000001192092896,5.652283974200145e-08,0.0,4.76837158203125e-07,0.0
ukraine-103_03,huawei,bonafide,train/bonafide/huawei/ukraine-103_03.jpg,41608bed75e0bb81e09a52b716f72a266939adbbf9e2a07b9b832eecea3d9a96,"(1, 512, 8, 13)",1,1,0.776261568069458,0.6689372062683105,1.0,4.4705949164836056e-08,0.0,2.384185791015625e-07,0.0
ukraine-103_03,huawei,digital_1,train/attack/digital_1/huawei/ukraine-103_03.jpg,e37eebe28f0bfbcf2222f32e732b227ea4866151209b5dad0562293dc59a355b,"(1, 512, 8, 13)",1,1,0.7781620025634766,0.6660900712013245,1.0,4.5871228593341584e-08,0.0,2.384185791015625e-07,0.0
ukraine-103_03,huawei,digital_2,train/attack/digital_2/huawei/ukraine-103_03.jpg,72ed4f59bfc1ce1b25b734712a4756c12773a0c90824bf115d8d1fee184ef894,"(1, 512, 8, 13)",1,1,0.7833942174911499,0.6581880450248718,0.9999998211860657,4.358192029485508e-08,0.0,2.384185791015625e-07,0.0
ukraine-103_03,iphone15pro,bonafide,train/bonafide/iphone15pro/ukraine-103_03.jpg,99ccb1ceeff05a5f1f21da70f774155110381fc7c2b906f32e4713b2fc43dd89,"(1, 512, 8, 13)",1,1,0.7596292495727539,0.6933553218841553,0.9999998807907104,4.9916796029947363e-08,0.0,3.5762786865234375e-07,0.0
ukraine-103_03,iphone15pro,digital_1,train/attack/digital_1/iphone15pro/ukraine-103_03.jpg,1844ea9dd9d32efde5833aeb8da40cf2785fd192f925cc4c183731a3afe23b7d,"(1, 512, 8, 13)",1,1,0.7685240507125854,0.6804056167602539,1.0,4.853454527165013e-08,0.0,4.76837158203125e-07,0.0
ukraine-103_03,iphone15pro,digital_2,train/attack/digital_2/iphone15pro/ukraine-103_03.jpg,8d38c46e7327f90a6c0a3c028836edf5ab229149cd47cd04f828c8b3b60aadec,"(1, 512, 8, 13)",1,1,0.7712216377258301,0.6764294505119324,0.9999998807907104,5.114549139761948e-08,0.0,4.76837158203125e-07,0.0
ukraine-103_03,scan,bonafide,train/bonafide/scan/ukraine-103_03.jpg,db7719e62febdf55696ac0a2c9c6d099962189c9b79f535157df6828b7860feb,"(1, 512, 8, 13)",1,1,0.7604473233222961,0.6921744346618652,1.0,5.951971360218522e-08,0.0,4.76837158203125e-07,0.0
ukraine-103_03,scan,digital_1,train/attack/digital_1/scan/ukraine-103_03.jpg,f7f10cb7a5a5ecd14f8c357333b9f1f5b0fdf803acde5229a13e35f05b3370cd,"(1, 512, 8, 13)",1,1,0.7668782472610474,0.6828201413154602,0.9999999403953552,5.745437903215134e-08,0.0,4.76837158203125e-07,0.0
ukraine-103_03,scan,digital_2,train/attack/digital_2/scan/ukraine-103_03.jpg,2652aba6a2c920a9421545205032d08e8c78fc61d60b7fcbc10ebeb86e883cd6,"(1, 512, 8, 13)",1,1,0.7637890577316284,0.6873295903205872,0.9999999403953552,5.4975657803879585e-08,0.0,2.384185791015625e-07,0.0
ukraine-NF-1005,huawei,bonafide,train/bonafide/huawei/ukraine-NF-1005.jpg,824c71ebdf32b41c16828535ca809f57bf5d9ea0f034edfcd95129ce14dab5d8,"(1, 512, 8, 13)",1,1,0.7602432370185852,0.6924692392349243,1.0000001192092896,4.865663427722211e-08,0.0,2.384185791015625e-07,0.0
ukraine-NF-1005,huawei,digital_1,train/attack/digital_1/huawei/ukraine-NF-1005.jpg,62a6189672ffdf3a79a090f68f3330664ba877128daec3bb7b7ec4bb0dfe41fd,"(1, 512, 8, 13)",1,1,0.7651759386062622,0.6853088140487671,1.0,6.836626198492013e-08,0.0,9.5367431640625e-07,0.0
ukraine-NF-1005,huawei,digital_2,train/attack/digital_2/huawei/ukraine-NF-1005.jpg,323aa2252c7421c323c625087bbfd4e4da3e47601a649485a569314a1ac7fcc1,"(1, 512, 8, 13)",1,1,0.7527384757995605,0.7032231092453003,0.9999998807907104,5.85564059463195e-08,0.0,4.76837158203125e-07,0.0
ukraine-NF-1005,iphone15pro,bonafide,train/bonafide/iphone15pro/ukraine-NF-1005.jpg,ee9a4150af0575911780bbb66cb670975fc0fed859860f17ecae6ae259d8a3dc,"(1, 512, 8, 13)",1,1,0.7595804929733276,0.6934254765510559,0.9999999403953552,5.577013340030135e-08,0.0,4.76837158203125e-07,0.0
ukraine-NF-1005,iphone15pro,digital_1,train/attack/digital_1/iphone15pro/ukraine-NF-1005.jpg,e884e5180ed02543963e1810f7f735a81eece6ce5367d1124b378db97748ca62,"(1, 512, 8, 13)",1,1,0.7519229650497437,0.704382061958313,1.0,5.600781349812678e-08,0.0,4.76837158203125e-07,0.0
ukraine-NF-1005,iphone15pro,digital_2,train/attack/digital_2/iphone15pro/ukraine-NF-1005.jpg,8cc8bd9750f541740d2d247e1327b6496993b34209debeab7f5ac71b2940f49e,"(1, 512, 8, 13)",1,1,0.7579472064971924,0.6957768797874451,1.0,5.441325612309811e-08,0.0,4.76837158203125e-07,0.0
ukraine-NF-1005,scan,bonafide,train/bonafide/scan/ukraine-NF-1005.jpg,434c2886fcc90be962847840362204d4eef13494893921786ad5ab9647128ab0,"(1, 512, 8, 13)",1,1,0.7588170170783997,0.6945255994796753,1.0,5.93703148865643e-08,0.0,4.76837158203125e-07,0.0
ukraine-NF-1005,scan,digital_1,train/attack/digital_1/scan/ukraine-NF-1005.jpg,e7cf4b19e855ce9888c20fdf2b6a37cc0b579520d4536d5cdbffb042e752eac5,"(1, 512, 8, 13)",1,1,0.753494143486023,0.7021479606628418,1.0,5.285870940952009e-08,0.0,2.384185791015625e-07,0.0
ukraine-NF-1005,scan,digital_2,train/attack/digital_2/scan/ukraine-NF-1005.jpg,6c4fd388abf46f47c9c9ad6a67d35016e4aed331e4dca7be0b4c88027c0cc1a9,"(1, 512, 8, 13)",1,1,0.7562596797943115,0.6981981992721558,1.0,7.038116223156976e-08,0.0,9.5367431640625e-07,0.0
ukraine-NF-1015,huawei,bonafide,train/bonafide/huawei/ukraine-NF-1015.jpg,8b853e72b25ba5a0a9d2ab8182af0384dfa7ec2487fe516941a498a2cb06992a,"(1, 512, 8, 13)",1,1,0.7653185129165649,0.6851008534431458,1.0,5.731358854177415e-08,0.0,4.76837158203125e-07,0.0
ukraine-NF-1015,huawei,digital_1,train/attack/digital_1/huawei/ukraine-NF-1015.jpg,755c4d7e8831dd7008083dbf9bfb98c99fdff78e4b34fd4d088fa9420e613a3e,"(1, 512, 8, 13)",1,1,0.7625142335891724,0.689181923866272,0.9999999403953552,4.2348094808630776e-08,0.0,2.384185791015625e-07,0.0
ukraine-NF-1015,huawei,digital_2,train/attack/digital_2/huawei/ukraine-NF-1015.jpg,ced860b541e3465d4150ccc233a8cfec5122a42709f35c543d76855e497663d5,"(1, 512, 8, 13)",1,1,0.7664031386375427,0.6835156679153442,1.0,6.695164245229535e-08,0.0,9.5367431640625e-07,0.0
ukraine-NF-1015,iphone15pro,bonafide,train/bonafide/iphone15pro/ukraine-NF-1015.jpg,b2b41f67602af8a81db08d88cefac0f1d9dee5c61ba93fcc4c3ddeebe0993481,"(1, 512, 8, 13)",1,1,0.7658991813659668,0.6842524409294128,1.0,4.6967723932311856e-08,0.0,2.384185791015625e-07,0.0
ukraine-NF-1015,iphone15pro,digital_1,train/attack/digital_1/iphone15pro/ukraine-NF-1015.jpg,e3348f7c11f85334b8979517246d1f7ec0cd5275d7f67aab04a4630afb9e11b5,"(1, 512, 8, 13)",1,1,0.7629649639129639,0.688527524471283,1.0,5.476977449347942e-08,0.0,4.76837158203125e-07,0.0
ukraine-NF-1015,iphone15pro,digital_2,train/attack/digital_2/iphone15pro/ukraine-NF-1015.jpg,d859a1e79a025217e7129fe61df645519f856ed138d990531c538fc86d9d929b,"(1, 512, 8, 13)",1,1,0.7680002450942993,0.6811749935150146,0.9999999403953552,5.251239798553797e-08,0.0,4.76837158203125e-07,0.0
ukraine-NF-1015,scan,bonafide,train/bonafide/scan/ukraine-NF-1015.jpg,076fc90a72f205ad0be3fd03c032fbf3fa3c6184e34c59ffe7af424fc168a0dd,"(1, 512, 8, 13)",1,1,0.773328423500061,0.6733075976371765,1.0,5.459456886569569e-08,0.0,4.76837158203125e-07,0.0
ukraine-NF-1015,scan,digital_1,train/attack/digital_1/scan/ukraine-NF-1015.jpg,0bda64e85abed6f769fb1ff3c578b5f61475a0f283c2a05d2a651f6f34910769,"(1, 512, 8, 13)",1,1,0.7681681513786316,0.6809285879135132,1.0,5.899241273255029e-08,0.0,4.76837158203125e-07,0.0
ukraine-NF-1015,scan,digital_2,train/attack/digital_2/scan/ukraine-NF-1015.jpg,85db73584aacb1758f12b93fc69aa16ff22e9f778dd13e082e857a5f325c74e4,"(1, 512, 8, 13)",1,1,0.7764116525650024,0.6687126755714417,0.9999998807907104,5.047229834076461e-08,0.0,4.76837158203125e-07,0.0
ukraine-NF-1021,huawei,bonafide,train/bonafide/huawei/ukraine-NF-1021.jpg,4e6af2e3d5139dc5261b7c43b390b918b7a5b8e171e1f2837a0e5354705535a7,"(1, 512, 8, 13)",1,1,0.7663253545761108,0.6836297512054443,1.0,6.512466654839955e-08,0.0,4.76837158203125e-07,0.0
ukraine-NF-1021,huawei,digital_1,train/attack/digital_1/huawei/ukraine-NF-1021.jpg,efa952da6f34f70491cf7215fcbeefcc9f9ab8e6bd2fd1c281e8f08754432d9e,"(1, 512, 8, 13)",1,1,0.767897367477417,0.6813262701034546,1.0,6.68553568061725e-08,0.0,4.76837158203125e-07,0.0
ukraine-NF-1021,huawei,digital_2,train/attack/digital_2/huawei/ukraine-NF-1021.jpg,3dfe570119f60070522f10bbd89d50adbba46709831c6edadf5723117f1f0321,"(1, 512, 8, 13)",1,1,0.7656489610671997,0.6846181750297546,0.9999999403953552,6.015275744175597e-08,0.0,4.76837158203125e-07,0.0
ukraine-NF-1021,iphone15pro,bonafide,train/bonafide/iphone15pro/ukraine-NF-1021.jpg,891b2de524303e3f352ab471c8b19ff81ce5976826ab5ca2772f9699bc5e929c,"(1, 512, 8, 13)",1,1,0.7643594741821289,0.6864992380142212,0.9999998807907104,5.2921986792853204e-08,0.0,4.76837158203125e-07,0.0
ukraine-NF-1021,iphone15pro,digital_1,train/attack/digital_1/iphone15pro/ukraine-NF-1021.jpg,a6ace954466edd00eff07972802bd451a72296608b5ab7501ffe4a56024c75b2,"(1, 512, 8, 13)",1,1,0.7661948204040527,0.6838204860687256,1.0000001192092896,5.6133881543019015e-08,0.0,4.76837158203125e-07,0.0
ukraine-NF-1021,iphone15pro,digital_2,train/attack/digital_2/iphone15pro/ukraine-NF-1021.jpg,3b7cffc5219e05136beb7d242af9d140c73b8d97404461b6251abd9f97969d4e,"(1, 512, 8, 13)",1,1,0.7650012969970703,0.6855635046958923,1.0000001192092896,5.176310224896952e-08,0.0,4.76837158203125e-07,0.0
ukraine-NF-1021,scan,bonafide,train/bonafide/scan/ukraine-NF-1021.jpg,c3c4e929a66b8c68e3fe534c970c0f675881ef11660263bd266a96ad9932e69e,"(1, 512, 8, 13)",1,1,0.7753304839134216,0.6703276038169861,1.0,6.45812647803723e-08,0.0,4.76837158203125e-07,0.0
ukraine-NF-1021,scan,digital_1,train/attack/digital_1/scan/ukraine-NF-1021.jpg,b413004a588423017e71ef0c81d3d9fba8412970e4ef2efd64499b5d0be24a02,"(1, 512, 8, 13)",1,1,0.7735059261322021,0.6730438470840454,1.0,5.546140968704094e-08,0.0,4.76837158203125e-07,0.0
ukraine-NF-1021,scan,digital_2,train/attack/digital_2/scan/ukraine-NF-1021.jpg,b809d242492718984c51dfce75a838545b2dd9594b503a9c0b94d7b01f0b1c16,"(1, 512, 8, 13)",1,1,0.7630230784416199,0.6884430050849915,1.0,4.6987985058422055e-08,0.0,4.76837158203125e-07,0.0
ukraine-NF-1032,huawei,bonafide,train/bonafide/huawei/ukraine-NF-1032.jpg,a688aa40483e5d47e41ba2c50908e779beccc8bb4b6c3989d74af31a0ecdee56,"(1, 512, 8, 13)",1,1,0.773490309715271,0.6730669736862183,0.9999998807907104,5.4339896138344557e-08,0.0,4.76837158203125e-07,0.0
ukraine-NF-1032,huawei,digital_1,train/attack/digital_1/huawei/ukraine-NF-1032.jpg,8e3c6decf1e66576db8192162d3c86b50ea32980aa6c886f1a23b62e9e5c0854,"(1, 512, 8, 13)",1,1,0.772733211517334,0.6741912961006165,0.9999998807907104,5.048686091413401e-08,0.0,4.76837158203125e-07,0.0
ukraine-NF-1032,huawei,digital_2,train/attack/digital_2/huawei/ukraine-NF-1032.jpg,b4ee34f71df39c3e887364e0349bdb7d4323be92dda602f5c139ad37fc9cd038,"(1, 512, 8, 13)",1,1,0.7662239074707031,0.6837778687477112,1.0000001192092896,6.328900781227276e-08,0.0,4.76837158203125e-07,0.0
ukraine-NF-1032,iphone15pro,bonafide,train/bonafide/iphone15pro/ukraine-NF-1032.jpg,e3c6c98670932cc63185bc81b44261c1c0d3bf798d7f5f7700de6b9af6722cd8,"(1, 512, 8, 13)",1,1,0.7618807554244995,0.6901003122329712,1.0000001192092896,5.5576137469870446e-08,0.0,4.76837158203125e-07,0.0
ukraine-NF-1032,iphone15pro,digital_1,train/attack/digital_1/iphone15pro/ukraine-NF-1032.jpg,d74bc5ee5578d4926f1b780c88386eadbd9dde8adb0b1c04b87c4f21e621abfb,"(1, 512, 8, 13)",1,1,0.7626360654830933,0.6890049576759338,0.9999999403953552,6.257390339214908e-08,0.0,4.76837158203125e-07,0.0
ukraine-NF-1032,iphone15pro,digital_2,train/attack/digital_2/iphone15pro/ukraine-NF-1032.jpg,a9e5662591652258bec6c47d6752385e5718f321d64438fef78e8245b0441536,"(1, 512, 8, 13)",1,1,0.7600637674331665,0.6927281618118286,0.9999998807907104,5.442877792916079e-08,0.0,4.76837158203125e-07,0.0
ukraine-NF-1032,scan,bonafide,train/bonafide/scan/ukraine-NF-1032.jpg,6d7202e024b89435391230347d7357ed2e02115ef55de2484008d65b90a1a19a,"(1, 512, 8, 13)",1,1,0.7601885199546814,0.6925482749938965,1.0,5.931701352324126e-08,0.0,4.76837158203125e-07,0.0
ukraine-NF-1032,scan,digital_1,train/attack/digital_1/scan/ukraine-NF-1032.jpg,648402dd7c7f8c6f402469c52f7691092a761a86bdd05277be4df88c7dfa8f4f,"(1, 512, 8, 13)",1,1,0.7577073574066162,0.6961215734481812,1.0,7.344040398038487e-08,0.0,9.5367431640625e-07,0.0
ukraine-NF-1032,scan,digital_2,train/attack/digital_2/scan/ukraine-NF-1032.jpg,e3fb7b05247ed9ebc19c22c847a2731d1060e6b5d6edefaf7074c37d7deced29,"(1, 512, 8, 13)",1,1,0.7552465200424194,0.6996476054191589,0.9999999403953552,5.1871957396087964e-08,0.0,4.76837158203125e-07,0.0
ukraine-NF-1057,huawei,bonafide,train/bonafide/huawei/ukraine-NF-1057.jpg,7302ec4e8d0544feb322ba770270293fd7a100c6dbe8ff4518e134dedc35ab5e,"(1, 512, 8, 13)",1,1,0.7642995119094849,0.6865864992141724,0.9999999403953552,6.24054763420645e-08,0.0,4.76837158203125e-07,0.0
ukraine-NF-1057,huawei,digital_1,train/attack/digital_1/huawei/ukraine-NF-1057.jpg,a621815227b90de6c66e588982c9d65ed8287182176cd22f09de43401d02bfc7,"(1, 512, 8, 13)",1,1,0.7631697654724121,0.6882299780845642,1.0,4.320643043342898e-08,0.0,2.384185791015625e-07,0.0
ukraine-NF-1057,huawei,digital_2,train/attack/digital_2/huawei/ukraine-NF-1057.jpg,97a17e3a6d94ca5e8e68a37143dabcd288157ec5e43c010bbd1890c7420771f7,"(1, 512, 8, 13)",1,1,0.7630312442779541,0.6884311437606812,1.0,6.2633709774218e-08,0.0,4.76837158203125e-07,0.0
ukraine-NF-1057,iphone15pro,bonafide,train/bonafide/iphone15pro/ukraine-NF-1057.jpg,156809fa9b25db1c098586279954167ff62593b10aeb6038c43fd2f07faf2c4b,"(1, 512, 8, 14)",1,1,0.7688449621200562,0.6799338459968567,1.0,5.186266349710422e-08,0.0,7.152557373046875e-07,0.0
ukraine-NF-1057,iphone15pro,digital_1,train/attack/digital_1/iphone15pro/ukraine-NF-1057.jpg,b5c3c7cc32b7cfc1f817bb7e139ba6f2f21e312ca628dbdf26dc493c125b2732,"(1, 512, 8, 14)",1,1,0.7651615738868713,0.685329794883728,0.9999998211860657,4.9745718655458404e-08,0.0,4.76837158203125e-07,0.0
ukraine-NF-1057,iphone15pro,digital_2,train/attack/digital_2/iphone15pro/ukraine-NF-1057.jpg,25fbd447913299a8a3e5acb7268d913dd857d4590b1a163d3294d2f00949e00b,"(1, 512, 8, 14)",1,1,0.7722110152244568,0.6749652624130249,1.0000001192092896,4.7310887651974554e-08,0.0,4.76837158203125e-07,0.0
ukraine-NF-1057,scan,bonafide,train/bonafide/scan/ukraine-NF-1057.jpg,924281bfcaeeb01268ffdf109358b884dbd1b8a574f19f95b4977938a9896c69,"(1, 512, 8, 13)",1,1,0.7769047617912292,0.6679750084877014,0.9999999403953552,6.135317676125851e-08,0.0,4.76837158203125e-07,0.0
ukraine-NF-1057,scan,digital_1,train/attack/digital_1/scan/ukraine-NF-1057.jpg,4fa7e95cda51ba66fe114145b171f0b6ad5f0832d59c3c549ee089dd8db1d837,"(1, 512, 8, 13)",1,1,0.7717143297195435,0.6757006645202637,0.9999998807907104,6.529037221980616e-08,0.0,4.76837158203125e-07,0.0
ukraine-NF-1057,scan,digital_2,train/attack/digital_2/scan/ukraine-NF-1057.jpg,8b5a6d9d09955da82ce706ffa7d6d348ee499191f0204601725b7d5574251ba4,"(1, 512, 8, 13)",1,1,0.7763274312019348,0.6688385605812073,1.0,5.44438414351589e-08,0.0,4.76837158203125e-07,0.0
ukraine-NF-1077,huawei,bonafide,train/bonafide/huawei/ukraine-NF-1077.jpg,f164bc1846fdbca762c2d36ba1f2cc1c64b12a576af2cb57152bcd0acb7b1947,"(1, 512, 8, 13)",1,1,0.7640085220336914,0.6870100498199463,1.0,8.651843330653719e-08,0.0,1.430511474609375e-06,0.0
ukraine-NF-1077,huawei,digital_1,train/attack/digital_1/huawei/ukraine-NF-1077.jpg,1812e3e4800a679fd9a13f40248950042619555fe4c6f97da1d80e512547cb1a,"(1, 512, 8, 13)",1,1,0.7480632066726685,0.7098405361175537,1.0,5.2227282054673196e-08,0.0,2.384185791015625e-07,0.0
ukraine-NF-1077,huawei,digital_2,train/attack/digital_2/huawei/ukraine-NF-1077.jpg,ae95b722be6f7ce34b7bc6866e9c142156ca48f70f807a9418ebd613d5e8a13b,"(1, 512, 8, 13)",1,1,0.7542076110839844,0.7011311650276184,1.0,5.476060849218811e-08,0.0,4.76837158203125e-07,0.0
ukraine-NF-1077,iphone15pro,bonafide,train/bonafide/iphone15pro/ukraine-NF-1077.jpg,137dd6ff144bf91faa7d68c41be59b6b0826d4ad6cb874dd0b42941bde2f7dd3,"(1, 512, 8, 13)",1,1,0.7488937377929688,0.7086696028709412,0.9999999403953552,5.6130268433207675e-08,0.0,3.5762786865234375e-07,0.0
ukraine-NF-1077,iphone15pro,digital_1,train/attack/digital_1/iphone15pro/ukraine-NF-1077.jpg,c1300e5c962149eff30be6654be02d73b352c3c237f170017ccb68ee5c059828,"(1, 512, 8, 13)",1,1,0.7318806648254395,0.7322832345962524,0.9999999403953552,4.781002260756395e-08,0.0,4.76837158203125e-07,0.0
ukraine-NF-1077,iphone15pro,digital_2,train/attack/digital_2/iphone15pro/ukraine-NF-1077.jpg,4b381bc608fcaa7c8b117fdb5cfacec1088886d625d4fdb703e90560a5e3ef57,"(1, 512, 8, 13)",1,1,0.7518951892852783,0.7044215798377991,0.9999998807907104,3.9838536025627036e-08,0.0,2.384185791015625e-07,0.0
ukraine-NF-1077,scan,bonafide,train/bonafide/scan/ukraine-NF-1077.jpg,3bbb28868bcd6f4409435f2764b09250aed15131fdcdc1bf5210510d0266a0f2,"(1, 512, 8, 13)",1,1,0.7675501108169556,0.6818356513977051,0.9999999403953552,6.206240499295745e-08,0.0,4.76837158203125e-07,0.0
ukraine-NF-1077,scan,digital_1,train/attack/digital_1/scan/ukraine-NF-1077.jpg,1f02846cf7ab5edf83df1a930fd0a6d1b25fca777b79244c1d7f9c541f904720,"(1, 512, 8, 13)",1,1,0.7565240859985352,0.697819173336029,1.0000001192092896,5.66352476027987e-08,0.0,4.76837158203125e-07,0.0
ukraine-NF-1077,scan,digital_2,train/attack/digital_2/scan/ukraine-NF-1077.jpg,9cf367f84787aebed922603052d52791f50f082a6844f8c7138c6f37a6fd754c,"(1, 512, 8, 13)",1,1,0.7680062055587769,0.6811661720275879,1.0,7.540936763916761e-08,0.0,9.5367431640625e-07,0.0
ukraine-NF-1084,huawei,bonafide,train/bonafide/huawei/ukraine-NF-1084.jpg,808b46ca8419144a9f041c9358170296f7915109cddbbd7a151eab47f14ba8d2,"(1, 512, 8, 13)",1,1,0.7691600322723389,0.6794703602790833,0.9999999403953552,7.138560675912231e-08,0.0,9.5367431640625e-07,0.0
ukraine-NF-1084,huawei,digital_1,train/attack/digital_1/huawei/ukraine-NF-1084.jpg,a8e187c2591fee33b83e156eb325e34258a426864847c03a088d926384f219b0,"(1, 512, 8, 13)",1,1,0.7699244022369385,0.6783444881439209,1.0,6.294003185303154e-08,0.0,9.5367431640625e-07,0.0
ukraine-NF-1084,huawei,digital_2,train/attack/digital_2/huawei/ukraine-NF-1084.jpg,cd77f35718645162bade043d37b30923fe73bbeb922fea0314b485fb4ab04b63,"(1, 512, 8, 13)",1,1,0.7717050909996033,0.675714373588562,1.0,5.466132435572035e-08,0.0,4.76837158203125e-07,0.0
ukraine-NF-1084,iphone15pro,bonafide,train/bonafide/iphone15pro/ukraine-NF-1084.jpg,e5eedc620d7f14182bf3d134cc5ac95de8b42af1b69bae470b23e88ead762889,"(1, 512, 8, 13)",1,1,0.7600134611129761,0.6928008794784546,1.0,5.8114721923629986e-08,0.0,4.76837158203125e-07,0.0
ukraine-NF-1084,iphone15pro,digital_1,train/attack/digital_1/iphone15pro/ukraine-NF-1084.jpg,0a9e6a8abaacc30a76af4ca5efc62153275a231f970cc8a456704ce67e7ae813,"(1, 512, 8, 13)",1,1,0.7568572163581848,0.6973416805267334,0.9999999403953552,5.874927566651422e-08,0.0,4.76837158203125e-07,0.0
ukraine-NF-1084,iphone15pro,digital_2,train/attack/digital_2/iphone15pro/ukraine-NF-1084.jpg,761b69cedaa31454f96675fdc6c6ddf5a9870f059cf3897bb091738827c811a0,"(1, 512, 8, 13)",1,1,0.7629095315933228,0.6886080503463745,1.0,5.436074346221176e-08,0.0,4.76837158203125e-07,0.0
ukraine-NF-1084,scan,bonafide,train/bonafide/scan/ukraine-NF-1084.jpg,c296d6c00421a502679d359f230cd8175082fb74b07bc55df7c5a6b88298d6e9,"(1, 512, 8, 13)",1,1,0.7621994018554688,0.6896384358406067,1.0,4.861416869061941e-08,0.0,4.76837158203125e-07,0.0
ukraine-NF-1084,scan,digital_1,train/attack/digital_1/scan/ukraine-NF-1084.jpg,ac448d25a59c5b39e045c3bf3d91602baf627014707c11f74dc0a8b2f31aea10,"(1, 512, 8, 13)",1,1,0.7598283290863037,0.6930680274963379,1.0,5.231689925722094e-08,0.0,4.76837158203125e-07,0.0
ukraine-NF-1084,scan,digital_2,train/attack/digital_2/scan/ukraine-NF-1084.jpg,d3808c54324aa02fc976e34648f1e5d446d1c6694d1960961cf25023e449b66b,"(1, 512, 8, 13)",1,1,0.762604832649231,0.6890504360198975,1.0,5.3851906045565556e-08,0.0,4.76837158203125e-07,0.0
ukraine-NF-1087,huawei,bonafide,train/bonafide/huawei/ukraine-NF-1087.jpg,5f21ea787be4ab5f60c0ad47e3aa0f88eab36ef43c4e0f91f0067c98bf624b14,"(1, 512, 8, 13)",1,1,0.7723236083984375,0.6747983694076538,0.9999999403953552,5.0933586237533746e-08,0.0,4.76837158203125e-07,0.0
ukraine-NF-1087,huawei,digital_1,train/attack/digital_1/huawei/ukraine-NF-1087.jpg,f54640761658465f8e6f207e38afdf58f3e5e3c91b480479734cb15fe9367b50,"(1, 512, 8, 13)",1,1,0.7694483995437622,0.6790457963943481,0.9999999403953552,6.919523798387672e-08,0.0,7.152557373046875e-07,0.0
ukraine-NF-1087,huawei,digital_2,train/attack/digital_2/huawei/ukraine-NF-1087.jpg,f0ffaece232d95834d20209f0b4c60c18992b216e36cc024556d3ed1eaeebf2d,"(1, 512, 8, 13)",1,1,0.7729232907295227,0.6739090085029602,1.0,5.579087769547186e-08,0.0,4.76837158203125e-07,0.0
ukraine-NF-1087,iphone15pro,bonafide,train/bonafide/iphone15pro/ukraine-NF-1087.jpg,74a10df13b5ca468a01f16c938df215e7b178d5eeebff3a37f1a2567d4dcf1be,"(1, 512, 8, 13)",1,1,0.7706259489059448,0.677309513092041,0.9999998807907104,5.6478960175354587e-08,0.0,4.76837158203125e-07,0.0
ukraine-NF-1087,iphone15pro,digital_1,train/attack/digital_1/iphone15pro/ukraine-NF-1087.jpg,5de4ef4b0a68f090fd5cbe35e1b60a12ea468b5f421527fb2ebe6daaa5ec8d46,"(1, 512, 8, 13)",1,1,0.7651166915893555,0.6853950619697571,1.0,6.034277078015293e-08,0.0,4.76837158203125e-07,0.0
ukraine-NF-1087,iphone15pro,digital_2,train/attack/digital_2/iphone15pro/ukraine-NF-1087.jpg,ed598721976f4144286e2e3bb05994d6e1c01fa084a3e55b36b8c35f3d63314e,"(1, 512, 8, 13)",1,1,0.7679542303085327,0.6812425851821899,1.0,5.7184116997177625e-08,0.0,4.76837158203125e-07,0.0
ukraine-NF-1087,scan,bonafide,train/bonafide/scan/ukraine-NF-1087.jpg,79f6d3470a5db0ab62e95f90a566fcb07cda01cdd7b06f13b66d89a95d4b157a,"(1, 512, 8, 13)",1,1,0.7804569005966187,0.6626355648040771,0.9999999403953552,5.334825914360408e-08,0.0,3.5762786865234375e-07,0.0
ukraine-NF-1087,scan,digital_1,train/attack/digital_1/scan/ukraine-NF-1087.jpg,a977a23e6777fcbc7018f901dd9bdc69e84a0b6db3e178e2454ba273b1dc83af,"(1, 512, 8, 13)",1,1,0.7735601663589478,0.672963559627533,0.9999998807907104,6.491034554301223e-08,0.0,4.76837158203125e-07,0.0
ukraine-NF-1087,scan,digital_2,train/attack/digital_2/scan/ukraine-NF-1087.jpg,3fb51d90152ae2eca8e686045e98eeb925954b07469b60519353d5b720b09781,"(1, 512, 8, 13)",1,1,0.7742553949356079,0.6719292402267456,0.9999998807907104,5.222988619379976e-08,0.0,2.384185791015625e-07,0.0
ukraine-NM-1007,huawei,bonafide,train/bonafide/huawei/ukraine-NM-1007.jpg,b54fc80964223d1d5ad68c92bd92eed192b1f1efa551bc6cef555d59d1a47fdc,"(1, 512, 8, 13)",1,1,0.7706042528152466,0.6773417592048645,0.9999998807907104,4.976796930122873e-08,0.0,4.76837158203125e-07,0.0
ukraine-NM-1007,huawei,digital_1,train/attack/digital_1/huawei/ukraine-NM-1007.jpg,176dc1156bcb0fb8be5f6c8048e71c630e47e05cf6e37161e1051a337d1afc1a,"(1, 512, 8, 13)",1,1,0.7678635120391846,0.6813756227493286,0.9999999403953552,6.158213494700249e-08,0.0,4.76837158203125e-07,0.0
ukraine-NM-1007,huawei,digital_2,train/attack/digital_2/huawei/ukraine-NM-1007.jpg,74249fc4c89f60692b22d0f61efcf74e6f8af43ffdae997bb281cd1633f4d7ba,"(1, 512, 8, 13)",1,1,0.7718535661697388,0.6754945516586304,1.0000001192092896,5.186405971357999e-08,0.0,4.76837158203125e-07,0.0
ukraine-NM-1007,iphone15pro,bonafide,train/bonafide/iphone15pro/ukraine-NM-1007.jpg,b8b60b200310861585ef3cc0a833b2a118c2d580ac537e15a500a47a583dfed3,"(1, 512, 8, 14)",1,1,0.7581579685211182,0.6954739093780518,0.9999999403953552,3.13271790730596e-08,0.0,2.384185791015625e-07,0.0
ukraine-NM-1007,iphone15pro,digital_1,train/attack/digital_1/iphone15pro/ukraine-NM-1007.jpg,1278b9ac9cace94e30aed0163b8d4bd3192159a025a7f0340b2a16dcda710638,"(1, 512, 8, 14)",1,1,0.7571648359298706,0.6969006061553955,0.9999998807907104,5.155947491175539e-08,0.0,4.76837158203125e-07,0.0
ukraine-NM-1007,iphone15pro,digital_2,train/attack/digital_2/iphone15pro/ukraine-NM-1007.jpg,21f9d9284f4b4dad25022e282d055c512aae4706d1d116d58646939258a917f8,"(1, 512, 8, 14)",1,1,0.7572247982025146,0.6968145966529846,0.9999998807907104,4.079605631090999e-08,0.0,2.384185791015625e-07,0.0
ukraine-NM-1007,scan,bonafide,train/bonafide/scan/ukraine-NM-1007.jpg,43f2eecdb7bba7bc448c6d84ee9f4fc16c4213ba47d97902498652fdf3a14ee8,"(1, 512, 8, 13)",1,1,0.7764173150062561,0.6687041521072388,1.0,5.0880156976518265e-08,0.0,4.76837158203125e-07,0.0
ukraine-NM-1007,scan,digital_1,train/attack/digital_1/scan/ukraine-NM-1007.jpg,ae54d5dd2e346526bc8b3cc6ce305d821ff06e1e8a0826568bc247c0ce820949,"(1, 512, 8, 13)",1,1,0.7666409015655518,0.6831676959991455,1.0,5.880097475596813e-08,0.0,4.76837158203125e-07,0.0
ukraine-NM-1007,scan,digital_2,train/attack/digital_2/scan/ukraine-NM-1007.jpg,4c2c775bf029c18120f9689c24d0ce296db927eeaf08aedd6f21a6b668864fbe,"(1, 512, 8, 13)",1,1,0.7786612510681152,0.6653400659561157,0.9999999403953552,6.097858573639314e-08,0.0,4.76837158203125e-07,0.0
usa-009_03,huawei,bonafide,train/bonafide/huawei/usa-009_03.jpg,92934331ce889c7943ac76797e8d54d1b0bbc429d905008ae3f3afa84d526be5,"(1, 512, 8, 13)",1,1,0.7376933097839355,0.7243019938468933,1.0000001192092896,5.2335899169975164e-08,0.0,4.76837158203125e-07,0.0
usa-009_03,huawei,digital_1,train/attack/digital_1/huawei/usa-009_03.jpg,f3957f3b6d178e3cea818417f9f229fc92ab7a501ad7decb36bc75027e88123a,"(1, 512, 8, 13)",1,1,0.7356544733047485,0.7271115183830261,1.0,5.111738232699281e-08,0.0,3.5762786865234375e-07,0.0
usa-009_03,huawei,digital_2,train/attack/digital_2/huawei/usa-009_03.jpg,8b35c2b5478d7c6ed3c4ae83e6837fb8497fb885dedb415a5c394dbdcce73531,"(1, 512, 8, 13)",1,1,0.7365428805351257,0.7258886098861694,1.0,6.010080966234455e-08,0.0,4.76837158203125e-07,0.0
usa-009_03,iphone15pro,bonafide,train/bonafide/iphone15pro/usa-009_03.jpg,7ae3fc09b629639851c2e26d6c73739a6371bfcf630981d46c7bfea92e417b0f,"(1, 512, 8, 13)",1,1,0.73619544506073,0.7263672351837158,1.0000001192092896,4.4935642762311545e-08,0.0,2.384185791015625e-07,0.0
usa-009_03,iphone15pro,digital_1,train/attack/digital_1/iphone15pro/usa-009_03.jpg,1969ade087316714b2e6df66c6b3ebbe23048c0835ff60ed766049f12e8ffc0a,"(1, 512, 8, 13)",1,1,0.732618510723114,0.7312749624252319,0.9999999403953552,5.7865335634232906e-08,0.0,2.384185791015625e-07,0.0
usa-009_03,iphone15pro,digital_2,train/attack/digital_2/iphone15pro/usa-009_03.jpg,d2833eb5555d03707d24d05922a07f877032f063f48147b4d0495b5f628e2805,"(1, 512, 8, 13)",1,1,0.7360031604766846,0.726631760597229,1.0,6.059673296476831e-08,0.0,4.76837158203125e-07,0.0
usa-009_03,scan,bonafide,train/bonafide/scan/usa-009_03.jpg,1366b3239af9ef80234bfd17317c8fa2da7e995bde8087b30682bf3276b66885,"(1, 512, 8, 13)",1,1,0.7399057745933533,0.7212408781051636,0.9999998807907104,5.80179388975921e-08,0.0,2.384185791015625e-07,0.0
usa-009_03,scan,digital_1,train/attack/digital_1/scan/usa-009_03.jpg,f907b95e779ac660156195f17654d248a155ce725271e222190a6a2eafe155cf,"(1, 512, 8, 13)",1,1,0.7414296865463257,0.719124972820282,0.9999999403953552,6.34725907389111e-08,0.0,4.76837158203125e-07,0.0
usa-009_03,scan,digital_2,train/attack/digital_2/scan/usa-009_03.jpg,fe607796e309ee512c0fb28ad9dd034d5a3b1daf8eb567ec2d8ba94783f03e41,"(1, 512, 8, 13)",1,1,0.7431462407112122,0.7167341709136963,0.9999999403953552,5.1317261551275806e-08,0.0,4.76837158203125e-07,0.0
usa-011_03,huawei,bonafide,train/bonafide/huawei/usa-011_03.jpg,f6fde666fd8c3782d70516e51c0b46ade932985b071cb555cecb5137f4434acd,"(1, 512, 8, 13)",1,1,0.7385851144790649,0.7230696082115173,1.0,5.021869853294447e-08,0.0,4.76837158203125e-07,0.0
usa-011_03,huawei,digital_1,train/attack/digital_1/huawei/usa-011_03.jpg,5b2aa1c38e94626144b6ef52ef71fe3fefe7357c32a5410250433580b22f7649,"(1, 512, 8, 13)",1,1,0.7399019002914429,0.7212463021278381,1.0,5.462380414655854e-08,0.0,2.384185791015625e-07,0.0
usa-011_03,huawei,digital_2,train/attack/digital_2/huawei/usa-011_03.jpg,0902f04a37c0a435f0c3a7a6733c30b7c68d7f699783abb8de96d651b2c72ba1,"(1, 512, 8, 13)",1,1,0.7413141131401062,0.7192857265472412,1.0,5.1305594439554625e-08,0.0,3.5762786865234375e-07,0.0
usa-011_03,iphone15pro,bonafide,train/bonafide/iphone15pro/usa-011_03.jpg,b1dffcf0dafd6c6f4d065f76bf808dd474f47393aedf47c47f21ddba032dd5d9,"(1, 512, 8, 13)",1,1,0.7441725730895996,0.7153003811836243,0.9999998807907104,5.233689037709155e-08,0.0,4.76837158203125e-07,0.0
usa-011_03,iphone15pro,digital_1,train/attack/digital_1/iphone15pro/usa-011_03.jpg,2bc9748da06a6508a05dade57f5d92a904fbdaf8a3dba1cd6dc246bc54026a9f,"(1, 512, 8, 13)",1,1,0.7401034235954285,0.7209668159484863,1.0,4.6657120833515364e-08,0.0,2.384185791015625e-07,0.0
usa-011_03,iphone15pro,digital_2,train/attack/digital_2/iphone15pro/usa-011_03.jpg,643e33499e179959c8735de76825178e80798c69948ea21d1e9c272b08c7f26a,"(1, 512, 8, 13)",1,1,0.7428940534591675,0.7170856595039368,1.0,5.550889170535811e-08,0.0,4.76837158203125e-07,0.0
usa-011_03,scan,bonafide,train/bonafide/scan/usa-011_03.jpg,996bc0f2bee710353c3fa6ef993fbca837e1e623475960668758dd7888ae6abc,"(1, 512, 8, 13)",1,1,0.7323997020721436,0.7315739989280701,0.9999999403953552,5.583775219974996e-08,0.0,4.76837158203125e-07,0.0
usa-011_03,scan,digital_1,train/attack/digital_1/scan/usa-011_03.jpg,383767770e641b956f35ee816f685f0c07012cf71c8fa324853ec6031532dd92,"(1, 512, 8, 13)",1,1,0.7324706315994263,0.7314772009849548,0.9999998807907104,5.934050051337181e-08,0.0,4.76837158203125e-07,0.0
usa-011_03,scan,digital_2,train/attack/digital_2/scan/usa-011_03.jpg,28b933ad1736373f30e3bd39d313223ba3e816808945b5ea5229e642539a8d8b,"(1, 512, 8, 13)",1,1,0.7343190908432007,0.7289457321166992,0.9999998807907104,4.926193852838878e-08,0.0,2.384185791015625e-07,0.0
usa-016_03,huawei,bonafide,train/bonafide/huawei/usa-016_03.jpg,7f61d22b94ebdc2e2ea2c12085a98926881333b3eadee84a29e33a814de1665f,"(1, 512, 8, 13)",1,1,0.7291058301925659,0.7360628247261047,1.0,5.1513250554080514e-08,0.0,2.384185791015625e-07,0.0
usa-016_03,huawei,digital_1,train/attack/digital_1/huawei/usa-016_03.jpg,fa83e3cb54144909ed863e3786a01738db49d1d671c39f0a9abb3afcc67a8de8,"(1, 512, 8, 13)",1,1,0.7286884784698486,0.7366294860839844,0.9999998807907104,5.380098144769363e-08,0.0,2.384185791015625e-07,0.0
usa-016_03,huawei,digital_2,train/attack/digital_2/huawei/usa-016_03.jpg,f23b2223deb7c39a9acfe953076a2cf50da2a780780eccf3c8a25f8f1d4ba5ec,"(1, 512, 8, 13)",1,1,0.7326143980026245,0.7312806844711304,1.0,4.694365784985166e-08,0.0,2.384185791015625e-07,0.0
usa-016_03,iphone15pro,bonafide,train/bonafide/iphone15pro/usa-016_03.jpg,76856b11f6286f0fc0a86c5f5d7479979ee5fc2b462badbdd7906fdabf79296c,"(1, 512, 8, 13)",1,1,0.7386700510978699,0.7229521870613098,1.0,5.562102245448841e-08,0.0,4.76837158203125e-07,0.0
usa-016_03,iphone15pro,digital_1,train/attack/digital_1/iphone15pro/usa-016_03.jpg,acc970c6d18f34bd32824abe94b48711a5eb6c31086c230e767cfbeaa49ee2a8,"(1, 512, 8, 13)",1,1,0.7293504476547241,0.7357302308082581,0.9999998211860657,5.6734478448561276e-08,0.0,4.76837158203125e-07,0.0
usa-016_03,iphone15pro,digital_2,train/attack/digital_2/iphone15pro/usa-016_03.jpg,01adafaccbb875b29a412a31fc44f2d4de0d5c8225b7ec941b8b2910034325d0,"(1, 512, 8, 13)",1,1,0.7329055070877075,0.7308824062347412,1.0,6.005073061032817e-08,0.0,4.76837158203125e-07,0.0
usa-016_03,scan,bonafide,train/bonafide/scan/usa-016_03.jpg,8fb1ca8adb9cf1a1a47fffd593cfba85043a6416282f0a9e9c237eb5cdf75fc4,"(1, 512, 8, 13)",1,1,0.7341019511222839,0.729243278503418,0.9999998807907104,5.7293050303997006e-08,0.0,4.76837158203125e-07,0.0
usa-016_03,scan,digital_1,train/attack/digital_1/scan/usa-016_03.jpg,3788c6e84be3ba4d85cf608f954669e6b7a1c0432cfe6f9e584776171b88e9a9,"(1, 512, 8, 13)",1,1,0.7265101671218872,0.7395807504653931,1.0,6.021007692424973e-08,0.0,4.76837158203125e-07,0.0
usa-016_03,scan,digital_2,train/attack/digital_2/scan/usa-016_03.jpg,29bc76f8246d8a3298d0bd0faecde4b1025403d62b4df973b36034b6e8036421,"(1, 512, 8, 13)",1,1,0.7304635047912598,0.7342159152030945,0.9999998807907104,6.738252267268763e-08,0.0,7.152557373046875e-07,0.0
usa-043_03,huawei,bonafide,train/bonafide/huawei/usa-043_03.jpg,7ecc088cbe494dfe103d192aa01541e01ff3a068ec16a6db618783d5d2071cd5,"(1, 512, 8, 13)",1,1,0.7281950116157532,0.7372989058494568,1.0,6.362781590496525e-08,0.0,7.152557373046875e-07,0.0
usa-043_03,huawei,digital_1,train/attack/digital_1/huawei/usa-043_03.jpg,16d569d6bd6deda92dac9c165f8f2d0e9514c8aff8fa783882ebae32dfea1c1b,"(1, 512, 8, 13)",1,1,0.7185941338539124,0.7502078413963318,1.0,5.880993469986606e-08,0.0,4.76837158203125e-07,0.0
usa-043_03,huawei,digital_2,train/attack/digital_2/huawei/usa-043_03.jpg,e1a804fb087f6d1528beb42ea70b9911c6e7dbd19dd9a7a747a76684a8e39a14,"(1, 512, 8, 13)",1,1,0.7289994955062866,0.7362071871757507,1.0,6.246465744652596e-08,0.0,4.76837158203125e-07,0.0
usa-043_03,iphone15pro,bonafide,train/bonafide/iphone15pro/usa-043_03.jpg,464be9d9b5e02a925bdf4604f32e0d98f05953fc261cacd3d5a6fb56631d78e8,"(1, 512, 8, 13)",1,1,0.735772967338562,0.7269483208656311,1.0000001192092896,4.405048770195208e-08,0.0,2.384185791015625e-07,0.0
usa-043_03,iphone15pro,digital_1,train/attack/digital_1/iphone15pro/usa-043_03.jpg,0963f6051279aa3647f89ff5521814132befb5245947ea46f048a0cf9851318a,"(1, 512, 8, 13)",1,1,0.7267466187477112,0.7392610311508179,1.0,5.0503416559877223e-08,0.0,3.5762786865234375e-07,0.0
usa-043_03,iphone15pro,digital_2,train/attack/digital_2/iphone15pro/usa-043_03.jpg,ce43161bfd84da0d1605333d959213088231bc6b7ae965dfd9bcdfe053656c61,"(1, 512, 8, 13)",1,1,0.726233720779419,0.7399544715881348,1.0,5.0723773625804824e-08,0.0,2.384185791015625e-07,0.0
usa-043_03,scan,bonafide,train/bonafide/scan/usa-043_03.jpg,5e8b609e7b337853fcd4c78c76a151781306e2393fdca53e1f21c1c6cf2719b5,"(1, 512, 8, 13)",1,1,0.741432785987854,0.7191205620765686,0.9999999403953552,4.855602497855216e-08,0.0,4.76837158203125e-07,0.0
usa-043_03,scan,digital_1,train/attack/digital_1/scan/usa-043_03.jpg,14836d2afe166b43e925c4d71ed69b937174aba9c74b88486f164d65b508bddd,"(1, 512, 8, 13)",1,1,0.7385590076446533,0.7231059074401855,1.0,4.857299273908211e-08,0.0,2.384185791015625e-07,0.0
usa-043_03,scan,digital_2,train/attack/digital_2/scan/usa-043_03.jpg,6f110d4a101d954ed4069861cca5f5184e143f06a51322f46245aedf9cb57986,"(1, 512, 8, 13)",1,1,0.7376306056976318,0.7243885397911072,1.0,5.231304456287944e-08,0.0,4.76837158203125e-07,0.0
usa-063_03,huawei,bonafide,train/bonafide/huawei/usa-063_03.jpg,9880193521de78bac9cda7bb5c6fea503639113e6f52085c8c031552ac521127,"(1, 512, 8, 13)",1,1,0.7314569354057312,0.7328616380691528,0.9999999403953552,4.9318320094471346e-08,0.0,4.76837158203125e-07,0.0
usa-063_03,huawei,digital_1,train/attack/digital_1/huawei/usa-063_03.jpg,909c6c5227e24eb5e59393ed731d71616ffe696f8e1b2ac594c2af00adc5dc85,"(1, 512, 8, 13)",1,1,0.7311289310455322,0.7333090901374817,1.0,5.4274796212894216e-08,0.0,4.76837158203125e-07,0.0
usa-063_03,huawei,digital_2,train/attack/digital_2/huawei/usa-063_03.jpg,d3559e32aec0c13ea69a5dfabece33ecc0a4a3493475988f1df5bf2bf398e50a,"(1, 512, 8, 13)",1,1,0.7384350895881653,0.72327721118927,0.9999998807907104,5.329498264927679e-08,0.0,2.384185791015625e-07,0.0
usa-063_03,iphone15pro,bonafide,train/bonafide/iphone15pro/usa-063_03.jpg,fed18e97179be2c6d3ecd4653219031e562a21307eca69a3d85b7ca4615e9dcf,"(1, 512, 8, 13)",1,1,0.742760419845581,0.7172719836235046,1.0,4.964458710787767e-08,0.0,2.384185791015625e-07,0.0
usa-063_03,iphone15pro,digital_1,train/attack/digital_1/iphone15pro/usa-063_03.jpg,576efd02188944713f449536ffc87e8a11cc9062a7ccb635214465a668d6d114,"(1, 512, 8, 13)",1,1,0.7380770444869995,0.7237719893455505,1.0,5.015217752202261e-08,0.0,4.76837158203125e-07,0.0
usa-063_03,iphone15pro,digital_2,train/attack/digital_2/iphone15pro/usa-063_03.jpg,48c597e92afc6561f06e960a60ecde53f96aba64d348b8f5dd5ee58fdba21125,"(1, 512, 8, 13)",1,1,0.7425476312637329,0.7175686955451965,1.0,4.883892756879504e-08,0.0,4.76837158203125e-07,0.0
usa-063_03,scan,bonafide,train/bonafide/scan/usa-063_03.jpg,a1fc72d9a8296c2c3f928e172852e7fdec8aa5fb435f016c05c9570aca0d5005,"(1, 512, 8, 13)",1,1,0.7395271062850952,0.7217658162117004,1.0,6.17539228642272e-08,0.0,4.76837158203125e-07,0.0
usa-063_03,scan,digital_1,train/attack/digital_1/scan/usa-063_03.jpg,15a62793a668b2c61fc20aa3caa2a9e5ad08f997f0f95201be416513f97e98ca,"(1, 512, 8, 13)",1,1,0.73854660987854,0.7231230735778809,1.0,5.0868571577211696e-08,0.0,2.384185791015625e-07,0.0
usa-063_03,scan,digital_2,train/attack/digital_2/scan/usa-063_03.jpg,8e417e4d20317fca3149dc8c6137f67379c697fd0c2bd839b3a924c5ff6b683d,"(1, 512, 8, 13)",1,1,0.7422553300857544,0.7179760336875916,1.0000001192092896,5.456826457361785e-08,0.0,4.76837158203125e-07,0.0
usa-117_03,huawei,bonafide,train/bonafide/huawei/usa-117_03.jpg,f3efac38e2c9ebbd91e1ad6541aedcc2e8da0c7505a109fc2a547c2afbd28d6d,"(1, 512, 8, 13)",1,1,0.7377201318740845,0.7242650389671326,1.0,6.022568754815438e-08,0.0,4.76837158203125e-07,0.0
usa-117_03,huawei,digital_1,train/attack/digital_1/huawei/usa-117_03.jpg,31f41dd866f29cfe1f2ddcb06dfd337bd29a403e59dccc9b1b217e6cff32f715,"(1, 512, 8, 13)",1,1,0.7342294454574585,0.7290686964988708,1.0,5.339425612760351e-08,0.0,2.384185791015625e-07,0.0
usa-117_03,huawei,digital_2,train/attack/digital_2/huawei/usa-117_03.jpg,e6ab654d7e7adf4e35bb29dc35988f05dcfe97f3ef366b9b7a9af292b2eaa20c,"(1, 512, 8, 13)",1,1,0.735457181930542,0.7273827195167542,0.9999999403953552,5.727204310801426e-08,0.0,4.76837158203125e-07,0.0
usa-117_03,iphone15pro,bonafide,train/bonafide/iphone15pro/usa-117_03.jpg,95d1945c0f914f23a439c997e4ef9e4b5df1167bdc80a77b19bc17caac6cc8fe,"(1, 512, 8, 13)",1,1,0.7431608438491821,0.716713547706604,1.0,5.986082385334157e-08,0.0,4.76837158203125e-07,0.0
usa-117_03,iphone15pro,digital_1,train/attack/digital_1/iphone15pro/usa-117_03.jpg,b002ae3f06cab1e8c964c42d04a17d4422c39e9e82b87c5088f03d41bf1be3ec,"(1, 512, 8, 13)",1,1,0.7393685579299927,0.7219855189323425,1.0,4.8259764184876985e-08,0.0,2.384185791015625e-07,0.0
usa-117_03,iphone15pro,digital_2,train/attack/digital_2/iphone15pro/usa-117_03.jpg,cf133c70d20a3ebb2c984e5e381341f5eb447db083ecabb3ca2b13b27def0e3a,"(1, 512, 8, 13)",1,1,0.74089515209198,0.7198677659034729,1.0,5.44755991427337e-08,0.0,4.76837158203125e-07,0.0
usa-117_03,scan,bonafide,train/bonafide/scan/usa-117_03.jpg,8dd0c258bbd7b026b53171207b75b8729ff58965604bbddf4a7dce5c28f68d45,"(1, 512, 8, 13)",1,1,0.7447383999824524,0.7145090699195862,0.9999999403953552,4.721605861846001e-08,0.0,2.384185791015625e-07,0.0
usa-117_03,scan,digital_1,train/attack/digital_1/scan/usa-117_03.jpg,6667dbe1ddb409e66d204bbcd89de577581f638045e4646b62aa93f719f29a23,"(1, 512, 8, 13)",1,1,0.7443431615829468,0.7150620222091675,1.0,4.987220592056474e-08,0.0,2.384185791015625e-07,0.0
usa-117_03,scan,digital_2,train/attack/digital_2/scan/usa-117_03.jpg,25435fcc295f72d35b616e23eab10eb0935ec198015765de1a4e035f95627487,"(1, 512, 8, 13)",1,1,0.7427172660827637,0.7173323035240173,1.0,5.255466462017466e-08,0.0,3.5762786865234375e-07,0.0
usa-134_03,huawei,bonafide,train/bonafide/huawei/usa-134_03.jpg,755a7943759a59a4004459c8a87fa0c9563f5b03c6c1062cdfe1a5de862eee56,"(1, 512, 8, 13)",1,1,0.7365678548812866,0.7258542776107788,1.0,5.3371294939097425e-08,0.0,4.76837158203125e-07,0.0
usa-134_03,huawei,digital_1,train/attack/digital_1/huawei/usa-134_03.jpg,4d70f0a4b17b07400850fb56e996e66bc4e01de0c7868accebc8487060ba58ae,"(1, 512, 8, 13)",1,1,0.7373419404029846,0.7247869372367859,1.0,5.536671565664619e-08,0.0,4.76837158203125e-07,0.0
usa-134_03,huawei,digital_2,train/attack/digital_2/huawei/usa-134_03.jpg,a70450ed3dbcbd9516f66527dee6e018d9ba4b318e3e15f788ac3c4b9722a68e,"(1, 512, 8, 13)",1,1,0.7348611354827881,0.7282016277313232,1.0,5.019681736939674e-08,0.0,2.384185791015625e-07,0.0
usa-134_03,iphone15pro,bonafide,train/bonafide/iphone15pro/usa-134_03.jpg,16a1d0bcc71e5cc937c4fcca4953ca833327d0654bbd6caf976f4bb59a16db95,"(1, 512, 8, 13)",1,1,0.7409418821334839,0.7198029160499573,0.9999998807907104,5.78158321218325e-08,0.0,4.76837158203125e-07,0.0
usa-134_03,iphone15pro,digital_1,train/attack/digital_1/iphone15pro/usa-134_03.jpg,65faab3ffef961b33bfb8715d0048eac07d19f72560d957b5969026ef02696fb,"(1, 512, 8, 13)",1,1,0.7394238114356995,0.721908688545227,1.0,5.747246589749011e-08,0.0,3.5762786865234375e-07,0.0
usa-134_03,iphone15pro,digital_2,train/attack/digital_2/iphone15pro/usa-134_03.jpg,369043bde83db33fef851d0780900a8f45c7d3135ff23776d65379340e40bab0,"(1, 512, 8, 13)",1,1,0.7366247773170471,0.7257757186889648,1.0000001192092896,5.0096339521132904e-08,0.0,2.384185791015625e-07,0.0
usa-134_03,scan,bonafide,train/bonafide/scan/usa-134_03.jpg,e5b0b6bb680a0ebfd0ba0a9321f3dfc353af77a9a1518ec60c7098edc5c811d6,"(1, 512, 8, 13)",1,1,0.7413574457168579,0.7192253470420837,1.0000001192092896,4.807342790513758e-08,0.0,2.384185791015625e-07,0.0
usa-134_03,scan,digital_1,train/attack/digital_1/scan/usa-134_03.jpg,5c8d24a4e4e40d574d60caf695bcaf1c684ce094cd58a2ae963690bef1fe28ba,"(1, 512, 8, 13)",1,1,0.7413758039474487,0.7191997766494751,1.0,5.532858438073163e-08,0.0,3.5762786865234375e-07,0.0
usa-134_03,scan,digital_2,train/attack/digital_2/scan/usa-134_03.jpg,d1d52a4ef5e329c154a86a41d66e5ba9efadd5bd77c31620766feb1fc57c98f6,"(1, 512, 8, 13)",1,1,0.7386301755905151,0.723007321357727,1.0,6.019610765406469e-08,0.0,7.152557373046875e-07,0.0
usa-136_03,huawei,bonafide,train/bonafide/huawei/usa-136_03.jpg,dc9f33495f1eceeb77f3fbada64d495fb07a33dbb0be71c60c38706398818abc,"(1, 512, 8, 13)",1,1,0.7317796349525452,0.7324211001396179,0.9999999403953552,5.8899018995361985e-08,0.0,4.76837158203125e-07,0.0
usa-136_03,huawei,digital_1,train/attack/digital_1/huawei/usa-136_03.jpg,8954a02041c75f45f259a1f6089212d2367f36dcc6ac32e0fa4476ae19b142dd,"(1, 512, 8, 13)",1,1,0.7298946380615234,0.7349904179573059,1.0,5.0052857858418065e-08,0.0,2.384185791015625e-07,0.0
usa-136_03,huawei,digital_2,train/attack/digital_2/huawei/usa-136_03.jpg,b4069361c9614c37e6cb7f220d00dad9ce9a4cd92e7e49001b20b32d679100b7,"(1, 512, 8, 13)",1,1,0.7310237884521484,0.733452320098877,0.9999999403953552,5.927806512318057e-08,0.0,4.76837158203125e-07,0.0
usa-136_03,iphone15pro,bonafide,train/bonafide/iphone15pro/usa-136_03.jpg,5589c5a2d86e982cea4e7115e90d84d42a2e5bfb5d4d740de137a95d38f681c5,"(1, 512, 8, 13)",1,1,0.7432712316513062,0.7165594696998596,1.0,4.7725123408781656e-08,0.0,2.384185791015625e-07,0.0
usa-136_03,iphone15pro,digital_1,train/attack/digital_1/iphone15pro/usa-136_03.jpg,61891125f87066c11acf13468ea3d13d2059b3d199fd643f2ca2ae558d8b9652,"(1, 512, 8, 13)",1,1,0.740057110786438,0.7210311889648438,0.9999998807907104,4.7226585309090297e-08,0.0,2.384185791015625e-07,0.0
usa-136_03,iphone15pro,digital_2,train/attack/digital_2/iphone15pro/usa-136_03.jpg,dc9b73d42b517e9002b8218f7343070732c5b6d77074aa6f1543404aea6b8491,"(1, 512, 8, 13)",1,1,0.7418777942657471,0.7185014486312866,0.9999998807907104,5.98227600789869e-08,0.0,4.76837158203125e-07,0.0
usa-136_03,scan,bonafide,train/bonafide/scan/usa-136_03.jpg,1c15457ee5518f93f01e34d2f765310ddd8cc3b299065331851f2ad852beaecd,"(1, 512, 8, 13)",1,1,0.7478438019752502,0.7101494073867798,1.0000001192092896,5.002647540663929e-08,0.0,2.384185791015625e-07,0.0
usa-136_03,scan,digital_1,train/attack/digital_1/scan/usa-136_03.jpg,74e576bb68babf7b1d352d382a98b314e4f2cb119a3de523fdeab0be89250b01,"(1, 512, 8, 13)",1,1,0.7508054971694946,0.7059669494628906,1.0,4.698954825244073e-08,0.0,4.76837158203125e-07,0.0
usa-136_03,scan,digital_2,train/attack/digital_2/scan/usa-136_03.jpg,c994c6d6fbb0e38bc8e65032e215e0db6a4f76851ff8a3701760aeaa9a2eea46,"(1, 512, 8, 13)",1,1,0.7509596347808838,0.7057483196258545,1.0,6.167200439222142e-08,0.0,4.76837158203125e-07,0.0
usa-137_03,huawei,bonafide,train/bonafide/huawei/usa-137_03.jpg,ed41f0fb1c73d08ee963c9d8d7fb385af5241203336db4a05a1ddfa57ba70d82,"(1, 512, 8, 13)",1,1,0.7255600690841675,0.7408642768859863,1.0,5.763160260130462e-08,0.0,4.76837158203125e-07,0.0
usa-137_03,huawei,digital_1,train/attack/digital_1/huawei/usa-137_03.jpg,1df916467f373c57e87ba83d7be9f1d39bdf585113f50f4efc1902b66330c7e9,"(1, 512, 8, 13)",1,1,0.7238407731056213,0.7431812286376953,0.9999999403953552,6.124597007328703e-08,0.0,4.76837158203125e-07,0.0
usa-137_03,huawei,digital_2,train/attack/digital_2/huawei/usa-137_03.jpg,302d7cc6c948f852ff9dc6b36dfdcc9327fb168240ea4f6e712ce19940278f09,"(1, 512, 8, 13)",1,1,0.7228010892868042,0.744579017162323,1.0,6.241987904331836e-08,0.0,4.76837158203125e-07,0.0
usa-137_03,iphone15pro,bonafide,train/bonafide/iphone15pro/usa-137_03.jpg,91d45c215119cd186166bf5edc69474b45225417fe8a41e56d90f90338827bee,"(1, 512, 8, 13)",1,1,0.7406022548675537,0.7202744483947754,1.0,5.7345832971122945e-08,0.0,4.76837158203125e-07,0.0
usa-137_03,iphone15pro,digital_1,train/attack/digital_1/iphone15pro/usa-137_03.jpg,7b49a84335aacc730f897f2a053b1afb6b707ba0304e66510ac62469e7814986,"(1, 512, 8, 13)",1,1,0.7423515319824219,0.7178419232368469,0.9999999403953552,5.233203737020631e-08,0.0,4.76837158203125e-07,0.0
usa-137_03,iphone15pro,digital_2,train/attack/digital_2/iphone15pro/usa-137_03.jpg,a39f6db0b750324130ae2c0af7664d2916fad8ac2c67431c88cca18eedf3ad9c,"(1, 512, 8, 13)",1,1,0.7385367155075073,0.7231367826461792,0.9999998807907104,4.757074734129674e-08,0.0,2.384185791015625e-07,0.0
usa-137_03,scan,bonafide,train/bonafide/scan/usa-137_03.jpg,ba7326f914e61c2df88dea11c92fdc965d26da1af24d97f54ec2aac34459d29a,"(1, 512, 8, 13)",1,1,0.7382029891014099,0.723598062992096,0.9999999403953552,4.7038895445439266e-08,0.0,2.384185791015625e-07,0.0
usa-137_03,scan,digital_1,train/attack/digital_1/scan/usa-137_03.jpg,9e4ca093de47443d1ceb369f4e91e2d4a5708a4f75bec58209847487b228c382,"(1, 512, 8, 13)",1,1,0.7402198314666748,0.7208055257797241,1.0,4.878506132399707e-08,0.0,4.76837158203125e-07,0.0
usa-137_03,scan,digital_2,train/attack/digital_2/scan/usa-137_03.jpg,8883c68192a9bab23feed2b99949e38de9798c390f7579c6814c545bea322c09,"(1, 512, 8, 13)",1,1,0.7391599416732788,0.7222743630409241,1.0000001192092896,5.690104032396448e-08,0.0,4.76837158203125e-07,0.0
usa-NF-1004,huawei,bonafide,train/bonafide/huawei/usa-NF-1004.jpg,04291cd331d09a307866a65c104698ab9a59aecbda68e9af70d84ebfb2932d45,"(1, 512, 8, 13)",1,1,0.7238324880599976,0.7431924939155579,1.0000001192092896,5.064203278948298e-08,0.0,2.384185791015625e-07,0.0
usa-NF-1004,huawei,digital_1,train/attack/digital_1/huawei/usa-NF-1004.jpg,8699b69a860b7d0e17aff2a896d4179e5913c35610cea1eee0d01dfa02d64327,"(1, 512, 8, 13)",1,1,0.7239171862602234,0.7430786490440369,1.0,6.117670636740513e-08,0.0,4.76837158203125e-07,0.0
usa-NF-1004,huawei,digital_2,train/attack/digital_2/huawei/usa-NF-1004.jpg,c2c275b37d696af6e5ba1ef60b23423eb2296be5781e7a662b6b7fd2e33c7a06,"(1, 512, 8, 13)",1,1,0.7233812808990479,0.7437992691993713,1.0,5.040305239845111e-08,0.0,3.5762786865234375e-07,0.0
usa-NF-1004,iphone15pro,bonafide,train/bonafide/iphone15pro/usa-NF-1004.jpg,69ce4bc7061389fe11b69612daa28ec3c341ccefcf8f843caa916edf3abce9d0,"(1, 512, 8, 13)",1,1,0.7398186326026917,0.7213617563247681,1.0000001192092896,4.961292177085852e-08,0.0,4.76837158203125e-07,0.0
usa-NF-1004,iphone15pro,digital_1,train/attack/digital_1/iphone15pro/usa-NF-1004.jpg,5892cdd27cc96ae5688e3a5f2ad1e181b6b47507f58a33308149bc66f10c5c53,"(1, 512, 8, 13)",1,1,0.7419962882995605,0.7183364629745483,0.9999999403953552,4.660508778897565e-08,0.0,2.384185791015625e-07,0.0
usa-NF-1004,iphone15pro,digital_2,train/attack/digital_2/iphone15pro/usa-NF-1004.jpg,c0f0c9e42c93b2b7707c6ec9aabac0da1fcd5ec2cb8c006dee392990cf7ed5bb,"(1, 512, 8, 13)",1,1,0.7444131374359131,0.7149642109870911,0.9999999403953552,6.019551079816665e-08,0.0,4.76837158203125e-07,0.0
usa-NF-1004,scan,bonafide,train/bonafide/scan/usa-NF-1004.jpg,8b3a49b02ab2d7b7bccd7f3d61d859444f92b9645c23feea2f534a53f3b28c06,"(1, 512, 8, 13)",1,1,0.726780116558075,0.739215612411499,1.0,5.287830262545867e-08,0.0,4.76837158203125e-07,0.0
usa-NF-1004,scan,digital_1,train/attack/digital_1/scan/usa-NF-1004.jpg,7bb8d61f6d4a411d8eb282061a1d5685dfb462101b138fc9acbe58caf691104e,"(1, 512, 8, 13)",1,1,0.723382830619812,0.7437973022460938,1.0,4.237246642446735e-08,0.0,2.384185791015625e-07,0.0
usa-NF-1004,scan,digital_2,train/attack/digital_2/scan/usa-NF-1004.jpg,d627553d2f5ce4b5252c99bf44b9bc12a44c61c4ab9524f1a737112ca12bcf87,"(1, 512, 8, 13)",1,1,0.7248558402061462,0.741814136505127,1.0,5.0427711784095663e-08,0.0,2.384185791015625e-07,0.0
usa-NF-1009,huawei,bonafide,train/bonafide/huawei/usa-NF-1009.jpg,7e1fc32ea6aa5a6be294977fdd12bb272bc809f68c699effd4a3a3e500a331bf,"(1, 512, 8, 13)",1,1,0.7381294369697571,0.7236995697021484,1.0,5.161681215781755e-08,0.0,4.76837158203125e-07,0.0
usa-NF-1009,huawei,digital_1,train/attack/digital_1/huawei/usa-NF-1009.jpg,b5d826f307976fdf4d2c92a566562d5d1c39300e95be7f1bdfd00e323ea811c7,"(1, 512, 8, 13)",1,1,0.7399898767471313,0.7211242318153381,1.0,6.177965161668908e-08,0.0,4.76837158203125e-07,0.0
usa-NF-1009,huawei,digital_2,train/attack/digital_2/huawei/usa-NF-1009.jpg,472ba7152e7aa37170cba32dfca0f2246e5268fc623dce45fbfc9fafa5babaef,"(1, 512, 8, 13)",1,1,0.7328310012817383,0.7309842705726624,1.0,4.682910414999242e-08,0.0,2.384185791015625e-07,0.0
usa-NF-1009,iphone15pro,bonafide,train/bonafide/iphone15pro/usa-NF-1009.jpg,9369cfe80ba6f96af34ca71bcfd5844067fd7ae033d0571d0ca95093ef8f0cd8,"(1, 512, 8, 13)",1,1,0.7464494109153748,0.7121103405952454,1.0,6.138964181445772e-08,0.0,4.76837158203125e-07,0.0
usa-NF-1009,iphone15pro,digital_1,train/attack/digital_1/iphone15pro/usa-NF-1009.jpg,6d9de15da86cbac0b9d6e6abf301effef468022a64e1df868a5eb3864b0e78c5,"(1, 512, 8, 13)",1,1,0.7429594993591309,0.7169944047927856,1.0,4.786878804452499e-08,0.0,2.384185791015625e-07,0.0
usa-NF-1009,iphone15pro,digital_2,train/attack/digital_2/iphone15pro/usa-NF-1009.jpg,447b56ad0097bd77756e6abda76d4a783479c276be1a855381155b8ed7b4e54b,"(1, 512, 8, 13)",1,1,0.7409091591835022,0.7198483943939209,1.0,5.4642033120444466e-08,0.0,4.76837158203125e-07,0.0
usa-NF-1009,scan,bonafide,train/bonafide/scan/usa-NF-1009.jpg,0e219d4775e24afb25c144db5eea5e94bea3288b71ccd64112224fa0ebfff140,"(1, 512, 8, 13)",1,1,0.7471610307693481,0.7111104130744934,1.0,6.199302049481048e-08,0.0,4.76837158203125e-07,0.0
usa-NF-1009,scan,digital_1,train/attack/digital_1/scan/usa-NF-1009.jpg,3c579ce2580f7f434b0e4627b3a5543c3e90912b82eb4aa281ed1ea67cb79217,"(1, 512, 8, 13)",1,1,0.7441036105155945,0.7153970003128052,1.0,5.7295480360153306e-08,0.0,4.76837158203125e-07,0.0
usa-NF-1009,scan,digital_2,train/attack/digital_2/scan/usa-NF-1009.jpg,5de5e7747bd245ee9f0a5b6044729b514ba178f0e43e2953a63579ece08b5114,"(1, 512, 8, 13)",1,1,0.7408488988876343,0.719931960105896,1.0,4.608298809216649e-08,0.0,2.384185791015625e-07,0.0
usa-NF-1017,huawei,bonafide,train/bonafide/huawei/usa-NF-1017.jpg,16a944056b41e12d9188963b79be8e3b43a58ad08313a3d829b8c639f41b2dfd,"(1, 512, 8, 13)",1,1,0.7289116382598877,0.7363264560699463,0.9999998807907104,5.025009741643771e-08,0.0,4.76837158203125e-07,0.0
usa-NF-1017,huawei,digital_1,train/attack/digital_1/huawei/usa-NF-1017.jpg,74e5cac3c115d60e644eb4eeedbf33617817bc1d20c7b0987a2814ea8cdf217a,"(1, 512, 8, 13)",1,1,0.7319157719612122,0.7322352528572083,0.9999999403953552,6.255882567529625e-08,0.0,4.76837158203125e-07,0.0
usa-NF-1017,huawei,digital_2,train/attack/digital_2/huawei/usa-NF-1017.jpg,5e46781fe4f4564c406c0a320437fc2b9f9cf4a17a425373220e43b1bac84589,"(1, 512, 8, 13)",1,1,0.7311811447143555,0.7332378625869751,0.9999999403953552,6.108145811367649e-08,0.0,4.76837158203125e-07,0.0
usa-NF-1017,iphone15pro,bonafide,train/bonafide/iphone15pro/usa-NF-1017.jpg,c486088a47c11f5a03f152c9d5e690c36adb431a9c6f16c66e77b132ce7034fb,"(1, 512, 8, 13)",1,1,0.7427226901054382,0.7173246145248413,1.0,5.1882260265756486e-08,0.0,2.384185791015625e-07,0.0
usa-NF-1017,iphone15pro,digital_1,train/attack/digital_1/iphone15pro/usa-NF-1017.jpg,a4809ffaae56f76fd75d4986d5fec91111a830aab6516c6d21fcd89912b4508c,"(1, 512, 8, 13)",1,1,0.7338719964027405,0.7295588850975037,0.9999998807907104,5.398755575924952e-08,0.0,4.76837158203125e-07,0.0
usa-NF-1017,iphone15pro,digital_2,train/attack/digital_2/iphone15pro/usa-NF-1017.jpg,3b9813b12d754bab7cf5d216ad80e6b6e14c751d1677ddf636516b942147cef8,"(1, 512, 8, 13)",1,1,0.7378329038619995,0.7241093516349792,1.000000238418579,5.056727658825366e-08,0.0,4.76837158203125e-07,0.0
usa-NF-1017,scan,bonafide,train/bonafide/scan/usa-NF-1017.jpg,d1763c3540848f58f5f5a78803b20491cac179bc32e4898bb86f49c263b1c52d,"(1, 512, 8, 13)",1,1,0.7364175319671631,0.726061224937439,0.9999999403953552,4.487829485810835e-08,0.0,2.384185791015625e-07,0.0
usa-NF-1017,scan,digital_1,train/attack/digital_1/scan/usa-NF-1017.jpg,905569d9186e22e1b5245a1a0d6b01ad258f9dc3cc76b3d89a6ddfcd5c6cbcb8,"(1, 512, 8, 13)",1,1,0.7334191203117371,0.7301791310310364,1.0000001192092896,5.885680565143048e-08,0.0,4.76837158203125e-07,0.0
usa-NF-1017,scan,digital_2,train/attack/digital_2/scan/usa-NF-1017.jpg,6930593bada3e0821baf22a4d819a6e01b42238fd0f3b30a478086127858cc71,"(1, 512, 8, 13)",1,1,0.7304670810699463,0.7342109680175781,0.9999999403953552,5.5623200267973516e-08,0.0,4.76837158203125e-07,0.0
usa-NF-1044,huawei,bonafide,train/bonafide/huawei/usa-NF-1044.jpg,4db1bfd93a7bb066a4292e776c84bb9443d1a52ecadd4e377be63209a934746a,"(1, 512, 8, 13)",1,1,0.7336974143981934,0.7297981977462769,0.9999999403953552,6.370696326030156e-08,0.0,4.76837158203125e-07,0.0
usa-NF-1044,huawei,digital_1,train/attack/digital_1/huawei/usa-NF-1044.jpg,8b30bad4cec11ca40c4f3bb85f8fda5f187c67513fcaf6fe479e159f41409d76,"(1, 512, 8, 13)",1,1,0.7322015762329102,0.7318446636199951,0.9999998807907104,5.0272824125841e-08,0.0,2.384185791015625e-07,0.0
usa-NF-1044,huawei,digital_2,train/attack/digital_2/huawei/usa-NF-1044.jpg,91300fc25f40691722e9b32920ce467818715a4c071262f281952c978b610ef2,"(1, 512, 8, 13)",1,1,0.7306641340255737,0.7339426875114441,1.0,5.682903747583623e-08,0.0,4.76837158203125e-07,0.0
usa-NF-1044,iphone15pro,bonafide,train/bonafide/iphone15pro/usa-NF-1044.jpg,0577fb3697403f85e26c737a6f06f03fc049430cf13579abd9dc75f84d679f0a,"(1, 512, 8, 13)",1,1,0.7362292408943176,0.7263205647468567,1.0000001192092896,5.073642839192871e-08,0.0,2.384185791015625e-07,0.0
usa-NF-1044,iphone15pro,digital_1,train/attack/digital_1/iphone15pro/usa-NF-1044.jpg,81f6231748ab10509088f4c9b39bc8232ea0b0a53591169ebe13da40d4945781,"(1, 512, 8, 13)",1,1,0.7280932068824768,0.7374371886253357,1.0,5.1248076005094845e-08,0.0,4.76837158203125e-07,0.0
usa-NF-1044,iphone15pro,digital_2,train/attack/digital_2/iphone15pro/usa-NF-1044.jpg,59fd8b182f139972a228363fb69de192933869411f42336667bf3cd7e80c9e04,"(1, 512, 8, 13)",1,1,0.7276984453201294,0.7379723191261292,1.0,4.4102630880615834e-08,0.0,2.384185791015625e-07,0.0
usa-NF-1044,scan,bonafide,train/bonafide/scan/usa-NF-1044.jpg,b8226da439e228fb793f0cfb508c1792ad7e5f0f2a3b4c1ca9348b51df0518bf,"(1, 512, 8, 13)",1,1,0.7483230233192444,0.7094742655754089,0.9999998807907104,5.377562217745435e-08,0.0,4.76837158203125e-07,0.0
usa-NF-1044,scan,digital_1,train/attack/digital_1/scan/usa-NF-1044.jpg,35a21ce5fb95981d7eb56188a0b7c47d7da8df3d05f79b2b20141c574fa154a4,"(1, 512, 8, 13)",1,1,0.7428605556488037,0.7171322703361511,0.9999999403953552,5.994007779008825e-08,0.0,4.76837158203125e-07,0.0
usa-NF-1044,scan,digital_2,train/attack/digital_2/scan/usa-NF-1044.jpg,be3b1bc605b79cf2ce2ec7e3267160652abe24aff9c1cccab2747355eb7748be,"(1, 512, 8, 13)",1,1,0.7398312091827393,0.7213442325592041,1.0,5.522194257423507e-08,0.0,4.76837158203125e-07,0.0
usa-NF-1046,huawei,bonafide,train/bonafide/huawei/usa-NF-1046.jpg,509ee587653e14f7ef1c3c45dadf3272c198472740113949add5f292b5f3291c,"(1, 512, 8, 13)",1,1,0.7354260683059692,0.7274255752563477,1.0000001192092896,6.453391421246124e-08,0.0,7.152557373046875e-07,0.0
usa-NF-1046,huawei,digital_1,train/attack/digital_1/huawei/usa-NF-1046.jpg,1af1183e3f18d954c7ef5ee0cc7f08eb6d1be9a32fd0e69de4f175d8e2826258,"(1, 512, 8, 13)",1,1,0.7367082238197327,0.7256609201431274,1.0,4.383074525549091e-08,0.0,2.384185791015625e-07,0.0
usa-NF-1046,huawei,digital_2,train/attack/digital_2/huawei/usa-NF-1046.jpg,2ef3b3b50345957dbd0fd415f93c87fb3105af6eaf96f5a5414e3e486432fae4,"(1, 512, 8, 13)",1,1,0.7309567332267761,0.7335438132286072,1.0,4.502657802163412e-08,0.0,2.384185791015625e-07,0.0
usa-NF-1046,iphone15pro,bonafide,train/bonafide/iphone15pro/usa-NF-1046.jpg,931c818109aa2ba47748859e7a383287191a517d8763fce4bb0790b2d3a19a27,"(1, 512, 8, 13)",1,1,0.7352344989776611,0.7276886105537415,1.0,5.948740167127653e-08,0.0,4.76837158203125e-07,0.0
usa-NF-1046,iphone15pro,digital_1,train/attack/digital_1/iphone15pro/usa-NF-1046.jpg,ce7dd994a3d19d23e059282d4d8dc5ea072e23c8bad6d92578364f1315846a60,"(1, 512, 8, 13)",1,1,0.7196928858757019,0.7487418055534363,1.0,3.972479589720024e-08,0.0,2.384185791015625e-07,0.0
usa-NF-1046,iphone15pro,digital_2,train/attack/digital_2/iphone15pro/usa-NF-1046.jpg,07db7b44eeca77a04a6c0848e8f28a9583ece2e1162cebf6445976b9fa90d67a,"(1, 512, 8, 13)",1,1,0.7280669212341309,0.7374727725982666,1.0,5.62848114782355e-08,0.0,4.76837158203125e-07,0.0
usa-NF-1046,scan,bonafide,train/bonafide/scan/usa-NF-1046.jpg,64a227f7537c0b8f5c779648e863642d2b1a40819497c9646bb44e42e0cb0625,"(1, 512, 8, 13)",1,1,0.7225885987281799,0.744864284992218,1.0,5.807197922536034e-08,0.0,4.76837158203125e-07,0.0
usa-NF-1046,scan,digital_1,train/attack/digital_1/scan/usa-NF-1046.jpg,cb5c32a7831c2912a7e030cc6399b727630e011c7bc6f0fce2f11bab69863f68,"(1, 512, 8, 13)",1,1,0.719367265701294,0.7491765022277832,1.0000001192092896,5.9602516699897023e-08,0.0,4.76837158203125e-07,0.0
usa-NF-1046,scan,digital_2,train/attack/digital_2/scan/usa-NF-1046.jpg,c1cebc7193ea00b29e5260e0ecd2dece59d96b3c3b9fedb84bbca4897eb907dd,"(1, 512, 8, 13)",1,1,0.7236389517784119,0.7434529662132263,1.0,6.12225292684343e-08,0.0,7.152557373046875e-07,0.0
usa-NF-1051,huawei,bonafide,train/bonafide/huawei/usa-NF-1051.jpg,310dc48e705b5ab5232cef299805e6dc970194ac641d2d5f7adde40c9c8c36e5,"(1, 512, 8, 13)",1,1,0.7380883693695068,0.7237563729286194,0.9999999403953552,6.835578858499503e-08,0.0,7.152557373046875e-07,0.0
usa-NF-1051,huawei,digital_1,train/attack/digital_1/huawei/usa-NF-1051.jpg,df3b86b7c772dcc74d9298676bf5e9c55128a6a878b30c191f9e10d1b27ff7e4,"(1, 512, 8, 13)",1,1,0.7386746406555176,0.7229456901550293,1.0,4.913825435437502e-08,0.0,2.384185791015625e-07,0.0
usa-NF-1051,huawei,digital_2,train/attack/digital_2/huawei/usa-NF-1051.jpg,11421f6a65cd5442bf988e5eb686d9467163dfea1a9ae352647380931bf38c84,"(1, 512, 8, 13)",1,1,0.7391087412834167,0.7223449945449829,1.0,6.056850310187656e-08,0.0,4.76837158203125e-07,0.0
usa-NF-1051,iphone15pro,bonafide,train/bonafide/iphone15pro/usa-NF-1051.jpg,df11b0886e9604d3749d7d7b720713b60d114ccf304a3b3d36d13264c2101811,"(1, 512, 8, 13)",1,1,0.7413197755813599,0.7192777395248413,1.0,5.714175799198529e-08,0.0,4.76837158203125e-07,0.0
usa-NF-1051,iphone15pro,digital_1,train/attack/digital_1/iphone15pro/usa-NF-1051.jpg,aebd0ab109abf6da364dbace112384bf5d151da513def8569621006b565a02c0,"(1, 512, 8, 13)",1,1,0.7408506870269775,0.7199296951293945,1.0,5.9115379258400935e-08,0.0,4.76837158203125e-07,0.0
usa-NF-1051,iphone15pro,digital_2,train/attack/digital_2/iphone15pro/usa-NF-1051.jpg,5eb6e8dcf3aa731fe69f6ded2bdf93a147a6eda46987d6db642dfbe05b161ace,"(1, 512, 8, 13)",1,1,0.7397571206092834,0.7214469909667969,1.0,5.6533018266691215e-08,0.0,4.76837158203125e-07,0.0
usa-NF-1051,scan,bonafide,train/bonafide/scan/usa-NF-1051.jpg,1e0c90951281373212bb972936a647b38b8f5713a15420f11f9a22583cd74edf,"(1, 512, 8, 13)",1,1,0.7397253513336182,0.7214909791946411,1.0,5.7874430581250635e-08,0.0,2.384185791015625e-07,0.0
usa-NF-1051,scan,digital_1,train/attack/digital_1/scan/usa-NF-1051.jpg,02d408ecaaea74bd8fd2e147b66704b29af3669c16eb016a657d51d334c9d19d,"(1, 512, 8, 13)",1,1,0.7387955188751221,0.7227787971496582,1.0,4.660675756440469e-08,0.0,2.384185791015625e-07,0.0
usa-NF-1051,scan,digital_2,train/attack/digital_2/scan/usa-NF-1051.jpg,3c8274b675d21e908bd7cc1144cc7d84d50c1fe7658abf6c033f81f9483c8cfb,"(1, 512, 8, 13)",1,1,0.7389461994171143,0.7225701808929443,0.9999999403953552,5.2321887267225975e-08,0.0,4.76837158203125e-07,0.0
usa-NF-1062,huawei,bonafide,train/bonafide/huawei/usa-NF-1062.jpg,ebb544581486fae59925ba1f93af3bbbf7f226122922f296ff541649716af8b4,"(1, 512, 8, 13)",1,1,0.7348082065582275,0.728274405002594,1.0,6.221755199931067e-08,0.0,4.76837158203125e-07,0.0
usa-NF-1062,huawei,digital_1,train/attack/digital_1/huawei/usa-NF-1062.jpg,d7e3fe1bfd41fddcd9e216002c5a0986d5cde76ddb5d886d6c4f9e5faf0bd9e5,"(1, 512, 8, 13)",1,1,0.7320880889892578,0.7319998145103455,0.9999999403953552,5.978758821356678e-08,0.0,4.76837158203125e-07,0.0
usa-NF-1062,huawei,digital_2,train/attack/digital_2/huawei/usa-NF-1062.jpg,71571c59253194a9e819540e382987766fcf64d3caad7439682865e224a95214,"(1, 512, 8, 13)",1,1,0.7327560186386108,0.7310867309570312,1.0,5.932837154887238e-08,0.0,4.76837158203125e-07,0.0
usa-NF-1062,iphone15pro,bonafide,train/bonafide/iphone15pro/usa-NF-1062.jpg,8be4a434c2abec29da2cb2c055884b6eb3bdfee83c669da36721d6fd870d34aa,"(1, 512, 8, 13)",1,1,0.7329087853431702,0.7308778762817383,1.0,5.75207153019619e-08,0.0,4.76837158203125e-07,0.0
usa-NF-1062,iphone15pro,digital_1,train/attack/digital_1/iphone15pro/usa-NF-1062.jpg,cbc96a82ed47c9982ce056405e7b3092b229e1fa15e46c3ac23689612207ce08,"(1, 512, 8, 13)",1,1,0.7297242879867554,0.7352222204208374,0.9999999403953552,5.8192448193494783e-08,0.0,4.76837158203125e-07,0.0
usa-NF-1062,iphone15pro,digital_2,train/attack/digital_2/iphone15pro/usa-NF-1062.jpg,adc53c4468d75e8fb4735ef48b077530d6f7edf280c7260a3b1c2d372c8fd0e7,"(1, 512, 8, 13)",1,1,0.7330297827720642,0.730712354183197,1.0,5.17310461134457e-08,0.0,2.384185791015625e-07,0.0
usa-NF-1062,scan,bonafide,train/bonafide/scan/usa-NF-1062.jpg,75f86d861cd554a898a2a73128cf2d20fcb69a589557c363f5da4bc7248552ae,"(1, 512, 8, 13)",1,1,0.7222193479537964,0.7453599572181702,1.0,6.667346497124527e-08,0.0,4.76837158203125e-07,0.0
usa-NF-1062,scan,digital_1,train/attack/digital_1/scan/usa-NF-1062.jpg,6f4375df8951e9c4f03f8e9398bacbaee1ea7bc86a81d38117c115defe9806f8,"(1, 512, 8, 13)",1,1,0.7214158773422241,0.7464368343353271,1.0,4.776160622554926e-08,0.0,2.384185791015625e-07,0.0
usa-NF-1062,scan,digital_2,train/attack/digital_2/scan/usa-NF-1062.jpg,a625e25d48c6efefe0690ed7199cc730739f79b49a363cfdfb917c77017d1973,"(1, 512, 8, 13)",1,1,0.7183836698532104,0.7504882216453552,1.0000001192092896,5.527957824824625e-08,0.0,4.76837158203125e-07,0.0
usa-NF-1071,huawei,bonafide,train/bonafide/huawei/usa-NF-1071.jpg,c9ad6bb15f0a4db7eda3827b396b2df40a5baf64ea95a100496bed10f43eae39,"(1, 512, 8, 13)",1,1,0.7273008823394775,0.7385110259056091,0.9999999403953552,4.5576371121569537e-08,0.0,2.384185791015625e-07,0.0
usa-NF-1071,huawei,digital_1,train/attack/digital_1/huawei/usa-NF-1071.jpg,9aa9a5c4c2a7fbdf1ebe8f0e0c95eac3fe169a96bd347e2e224661077d1ee612,"(1, 512, 8, 13)",1,1,0.726150631904602,0.7400668263435364,1.0,5.764421473486436e-08,0.0,2.384185791015625e-07,0.0
usa-NF-1071,huawei,digital_2,train/attack/digital_2/huawei/usa-NF-1071.jpg,f7f1d24a6646d798ceebff89fe04c0f03b079d5d1497bf6b610b899d9ca4ee8e,"(1, 512, 8, 13)",1,1,0.7263420820236206,0.7398079037666321,1.0,6.199680058216472e-08,0.0,7.152557373046875e-07,0.0
usa-NF-1071,iphone15pro,bonafide,train/bonafide/iphone15pro/usa-NF-1071.jpg,91f0502e80a52014cdf8dcf6c2647a6c3035f203729dab2eec22b793f59abb77,"(1, 512, 8, 13)",1,1,0.7294888496398926,0.7355421185493469,1.0,5.314706541525993e-08,0.0,4.76837158203125e-07,0.0
usa-NF-1071,iphone15pro,digital_1,train/attack/digital_1/iphone15pro/usa-NF-1071.jpg,4c4fbf82ede5f10121992ac988e00ba934f175b7254201f37a4e91c329d54d36,"(1, 512, 8, 13)",1,1,0.7283111810684204,0.7371416091918945,1.0,5.406796077522813e-08,0.0,4.76837158203125e-07,0.0
usa-NF-1071,iphone15pro,digital_2,train/attack/digital_2/iphone15pro/usa-NF-1071.jpg,7df563a2c7826394a4ee3bb35cbfdd7cb9e8bfe720a111bed0b796a4ebd57009,"(1, 512, 8, 13)",1,1,0.7279154658317566,0.7376781105995178,0.9999998807907104,5.769578947933951e-08,0.0,4.76837158203125e-07,0.0
usa-NF-1071,scan,bonafide,train/bonafide/scan/usa-NF-1071.jpg,f3304ff993a551f5527fdf624dfcbae97b55885ee64b1632ebf2ca0b63030fac,"(1, 512, 8, 13)",1,1,0.744159996509552,0.7153180837631226,1.0,5.032716998698561e-08,0.0,3.5762786865234375e-07,0.0
usa-NF-1071,scan,digital_1,train/attack/digital_1/scan/usa-NF-1071.jpg,0ed3f43c00e74e0f11194684ef5a1d6731ad26c8dbf570efd65854f8721f2e10,"(1, 512, 8, 13)",1,1,0.7342033386230469,0.7291045188903809,0.9999998807907104,4.5505377244126066e-08,0.0,2.384185791015625e-07,0.0
usa-NF-1071,scan,digital_2,train/attack/digital_2/scan/usa-NF-1071.jpg,3c3cc06f9a0242523176632c40f01820edd94ee89e77868de3ef85081483b57a,"(1, 512, 8, 13)",1,1,0.738176703453064,0.7236344814300537,0.9999998807907104,5.9474530189618235e-08,0.0,4.76837158203125e-07,0.0
usa-NF-1093,huawei,bonafide,train/bonafide/huawei/usa-NF-1093.jpg,683df2801b3c48ff8bcc884d17c5227095084fb0818bc665a4ef43c9a6d1697e,"(1, 512, 8, 13)",1,1,0.7311239242553711,0.7333158850669861,1.0,5.516336543109901e-08,0.0,4.76837158203125e-07,0.0
usa-NF-1093,huawei,digital_1,train/attack/digital_1/huawei/usa-NF-1093.jpg,6cc199ca75f4e3149f14ba5f209380ed210da12d3c2067b5e41d43d4cea5a1d9,"(1, 512, 8, 13)",1,1,0.7303615808486938,0.7343546748161316,1.0,4.938411635180273e-08,0.0,4.76837158203125e-07,0.0
usa-NF-1093,huawei,digital_2,train/attack/digital_2/huawei/usa-NF-1093.jpg,d499d2a400254d0ddd61c7b2db5a328d5f94fdde1ac3a631d89d72903ea8a951,"(1, 512, 8, 13)",1,1,0.7297773361206055,0.7351497411727905,1.0000001192092896,5.2856790944133536e-08,0.0,4.76837158203125e-07,0.0
usa-NF-1093,iphone15pro,bonafide,train/bonafide/iphone15pro/usa-NF-1093.jpg,cfeac97f87b96a0fa7e5ffe33ba1d933cc2b1897b5d41f68f9645946f1d1dd7c,"(1, 512, 8, 14)",1,1,0.7256109714508057,0.7407955527305603,1.0,5.093197330552357e-08,0.0,4.76837158203125e-07,0.0
usa-NF-1093,iphone15pro,digital_1,train/attack/digital_1/iphone15pro/usa-NF-1093.jpg,a310aaf4fa97f6af8169ffd3689c64e466c266badafa0ab0314499b3c59e0d95,"(1, 512, 8, 14)",1,1,0.7195192575454712,0.7489734888076782,1.0,4.941839648608948e-08,0.0,4.76837158203125e-07,0.0
usa-NF-1093,iphone15pro,digital_2,train/attack/digital_2/iphone15pro/usa-NF-1093.jpg,d75f85943582f06afefa5f66a3e277a63ecb22c226e7c20cfc5c0af2451278bf,"(1, 512, 8, 14)",1,1,0.7246057987213135,0.7421512603759766,1.0,4.339719339441217e-08,0.0,4.76837158203125e-07,0.0
usa-NF-1093,scan,bonafide,train/bonafide/scan/usa-NF-1093.jpg,06db9f2d97af5e200201bcc334acbdeceb77409dbb428b68f26277e06815dadf,"(1, 512, 8, 13)",1,1,0.7329191565513611,0.730863630771637,1.0,5.22064169672376e-08,0.0,4.76837158203125e-07,0.0
usa-NF-1093,scan,digital_1,train/attack/digital_1/scan/usa-NF-1093.jpg,810fc34daa0a769cfc043054252023c2d24629e612a58cfedfdbcb83edc8528e,"(1, 512, 8, 13)",1,1,0.73333340883255,0.7302966713905334,1.0000001192092896,5.612142572886114e-08,0.0,4.76837158203125e-07,0.0
usa-NF-1093,scan,digital_2,train/attack/digital_2/scan/usa-NF-1093.jpg,8e6a7c174a37fd90d95191a05ab450a9cf09eced3493a93e16e41a7ce3906ba5,"(1, 512, 8, 13)",1,1,0.7341770529747009,0.7291406393051147,1.0,6.825930398690616e-08,0.0,9.5367431640625e-07,0.0
usa-NF-1094,huawei,bonafide,train/bonafide/huawei/usa-NF-1094.jpg,fe06d4d8db9405f000ff322de94e05a82a85a5a5681eda6743c086e94dbb0c56,"(1, 512, 8, 13)",1,1,0.7349365949630737,0.7280982136726379,0.9999999403953552,5.215207465880667e-08,0.0,4.76837158203125e-07,0.0
usa-NF-1094,huawei,digital_1,train/attack/digital_1/huawei/usa-NF-1094.jpg,d567b37537734c9ef1486c26b5b3586e60d0ac6f8170d4b2d855656c5f420556,"(1, 512, 8, 13)",1,1,0.7349114418029785,0.7281325459480286,1.0000001192092896,5.0884420232932825e-08,0.0,2.384185791015625e-07,0.0
usa-NF-1094,huawei,digital_2,train/attack/digital_2/huawei/usa-NF-1094.jpg,baed6cafd4ae287f4f9c14328aec1ef9e65f2dace3b99506c53ec3741d6f444e,"(1, 512, 8, 13)",1,1,0.7301765084266663,0.7346068024635315,1.0000001192092896,5.860152541004027e-08,0.0,4.76837158203125e-07,0.0
usa-NF-1094,iphone15pro,bonafide,train/bonafide/iphone15pro/usa-NF-1094.jpg,9e3ba21a85cd30fe9e78dbd2ceb494e4da3db45b9b577785abdbe0aafe0faf8d,"(1, 512, 8, 13)",1,1,0.7469009160995483,0.7114761471748352,1.0,5.124152124835746e-08,0.0,4.76837158203125e-07,0.0
usa-NF-1094,iphone15pro,digital_1,train/attack/digital_1/iphone15pro/usa-NF-1094.jpg,bf3ac128d79714fc8eae97a21f94602abe9969b7e20a1a7edf8a7422818bfc22,"(1, 512, 8, 13)",1,1,0.747726559638977,0.7103145718574524,1.0000001192092896,6.272738062307326e-08,0.0,7.152557373046875e-07,0.0
usa-NF-1094,iphone15pro,digital_2,train/attack/digital_2/iphone15pro/usa-NF-1094.jpg,fbdf1c69a233cb709edc4fea371038b35ef5d7527c6181c3427ca774c61fef23,"(1, 512, 8, 13)",1,1,0.7438894510269165,0.7156962752342224,1.0000001192092896,6.231037730231037e-08,0.0,4.76837158203125e-07,0.0
usa-NF-1094,scan,bonafide,train/bonafide/scan/usa-NF-1094.jpg,08ae3bfb064f56e8d61f742138d7db1c300f11587e9248486184cfba8c4db4c8,"(1, 512, 8, 13)",1,1,0.7535329461097717,0.7020926475524902,1.0,5.406953818010152e-08,0.0,3.5762786865234375e-07,0.0
usa-NF-1094,scan,digital_1,train/attack/digital_1/scan/usa-NF-1094.jpg,df5ae030e0f07a4d0351623fb568cd43122167d70969ca7bffbebe24bb106190,"(1, 512, 8, 13)",1,1,0.7539377212524414,0.7015159726142883,1.0,5.234939237652725e-08,0.0,4.76837158203125e-07,0.0
usa-NF-1094,scan,digital_2,train/attack/digital_2/scan/usa-NF-1094.jpg,e98240dbfedcc80c8a50daba29d6883c25af7476faf098b2398127dc667bcad0,"(1, 512, 8, 13)",1,1,0.7505428194999695,0.70633864402771,0.9999999403953552,5.819298820597396e-08,0.0,4.76837158203125e-07,0.0
usa-NM-1052,huawei,bonafide,train/bonafide/huawei/usa-NM-1052.jpg,ddabcad38067f8a60fc23bcde1412d6072536f6db909a44a1640fc0b2856df5d,"(1, 512, 8, 13)",1,1,0.730186939239502,0.7345924973487854,0.9999998807907104,6.339978853020511e-08,0.0,4.76837158203125e-07,0.0
usa-NM-1052,huawei,digital_1,train/attack/digital_1/huawei/usa-NM-1052.jpg,8b5643b8c965943de84ce38d2dacb2ebb9985951c0c0a26ddc7cbcc06a6cec38,"(1, 512, 8, 13)",1,1,0.7298636436462402,0.7350323796272278,1.0,4.751011672965433e-08,0.0,3.5762786865234375e-07,0.0
usa-NM-1052,huawei,digital_2,train/attack/digital_2/huawei/usa-NM-1052.jpg,f79f1360c986d67d454ffb56745c9c9741f190691fc0a840c4fc73c6f68e0572,"(1, 512, 8, 13)",1,1,0.725963830947876,0.7403192520141602,0.9999999403953552,5.766028365883358e-08,0.0,2.384185791015625e-07,0.0
usa-NM-1052,iphone15pro,bonafide,train/bonafide/iphone15pro/usa-NM-1052.jpg,e1fea401d4e710c38af009493f2373190c6d05dc03b8139cd54aec0376ce9bdd,"(1, 512, 8, 13)",1,1,0.7400872707366943,0.7209892272949219,1.0,5.646810308235217e-08,0.0,4.76837158203125e-07,0.0
usa-NM-1052,iphone15pro,digital_1,train/attack/digital_1/iphone15pro/usa-NM-1052.jpg,fd032215b35c53a0f6a3f03d24c5cc2dae0c5495a864176455b01bd538f9d7b1,"(1, 512, 8, 13)",1,1,0.7318812608718872,0.7322824001312256,1.0,4.582932788821381e-08,0.0,2.384185791015625e-07,0.0
usa-NM-1052,iphone15pro,digital_2,train/attack/digital_2/iphone15pro/usa-NM-1052.jpg,c9b5e555541e8ebf5ecf67321b7b3c3ac98ce9e8ff0c314e62a83d900ba43dda,"(1, 512, 8, 13)",1,1,0.7372832298278809,0.7248679399490356,1.0,4.621248095304509e-08,0.0,2.384185791015625e-07,0.0
usa-NM-1052,scan,bonafide,train/bonafide/scan/usa-NM-1052.jpg,2c67b7f69cee5d629ceb1c98c3647006cbb16c887f3bed43c42014788906d21d,"(1, 512, 8, 13)",1,1,0.731573224067688,0.7327030301094055,1.0,6.124589901901345e-08,0.0,4.76837158203125e-07,0.0
usa-NM-1052,scan,digital_1,train/attack/digital_1/scan/usa-NM-1052.jpg,98653c44e38abce5153f5b0ba74e1af34ac0f811eb2e646ba4a7b43f9ada3c43,"(1, 512, 8, 13)",1,1,0.7297113537788391,0.735239565372467,1.0,4.772250861151406e-08,0.0,2.384185791015625e-07,0.0
usa-NM-1052,scan,digital_2,train/attack/digital_2/scan/usa-NM-1052.jpg,01afca4e7c729d8cec8e74443ac5751a9d4837a1a8c4b1d41164b15817b74856,"(1, 512, 8, 13)",1,1,0.7350403666496277,0.7279555201530457,1.0,6.462150281549839e-08,0.0,4.76837158203125e-07,0.0
