image_path,image_sha256,file_stem,variant,hardware_source,altered_region_count,altered_fields_unique,has_altered_face,has_altered_text,has_unknown_altered_field,manip_type,paired_bonafide_available,paired_bonafide_path
train/attack/digital_1/huawei/arabic-003_03.jpg,656ff1b4dd0cdaef972c7edf4101876841753d9c3a5dc28b65ba54a1483a35bf,arabic-003_03,digital_1,huawei,4,dob|doe|face|name,True,True,False,face_and_text,True,train/bonafide/huawei/arabic-003_03.jpg
train/attack/digital_1/iphone15pro/arabic-003_03.jpg,275d7d5d9f1e0611a23a373909e5e7a3c6b776be5176a7b16017aadd470f5ca7,arabic-003_03,digital_1,iphone15pro,4,dob|doe|face|name,True,True,False,face_and_text,True,train/bonafide/iphone15pro/arabic-003_03.jpg
train/attack/digital_1/scan/arabic-003_03.jpg,2a928839fa410bfe3ec4bc31a71db8ad716a97f9d0d37cac40998ff8df23e06f,arabic-003_03,digital_1,scan,5,dob|doe|face|name,True,True,False,face_and_text,True,train/bonafide/scan/arabic-003_03.jpg
train/attack/digital_2/huawei/arabic-003_03.jpg,d049fe38f3ec2b3febe1e962cd4be127698f8b76461549f90472170028ed9a6f,arabic-003_03,digital_2,huawei,4,dob|doe|face|name,True,True,False,face_and_text,True,train/bonafide/huawei/arabic-003_03.jpg
train/attack/digital_2/iphone15pro/arabic-003_03.jpg,0671853c41ca3b36425269793a038b2a417579255fb814e80ff4a6d1678672cc,arabic-003_03,digital_2,iphone15pro,5,dob|doe|face|name,True,True,False,face_and_text,True,train/bonafide/iphone15pro/arabic-003_03.jpg
train/attack/digital_2/scan/arabic-003_03.jpg,54152be11fb28ffb15928101c8ec272560425e5eafdec9d715c4290d21c3f953,arabic-003_03,digital_2,scan,4,dob|doe|face|name,True,True,False,face_and_text,True,train/bonafide/scan/arabic-003_03.jpg
train/attack/digital_1/huawei/arabic-005_03.jpg,725eca7ff982a1c1f4032ddb0c44596ff489109d725e39d7f1bb7e4e103c344c,arabic-005_03,digital_1,huawei,5,dob|doe|face|name,True,True,False,face_and_text,True,train/bonafide/huawei/arabic-005_03.jpg
train/attack/digital_1/iphone15pro/arabic-005_03.jpg,d3188f576c20431853d7d6702a20e9177d9a025c908a493268867c3895e6a21e,arabic-005_03,digital_1,iphone15pro,4,dob|doe|face|name,True,True,False,face_and_text,True,train/bonafide/iphone15pro/arabic-005_03.jpg
train/attack/digital_1/scan/arabic-005_03.jpg,b63e47a8930d3c234c88b6c93c86f4fe6f391bb9b9c67294e83b58fe9d90f383,arabic-005_03,digital_1,scan,4,dob|doe|face|name,True,True,False,face_and_text,True,train/bonafide/scan/arabic-005_03.jpg
train/attack/digital_2/huawei/arabic-005_03.jpg,510d0438f0a7f84da3a8c338f879ac6791acb770e7a412f69c9894445030a96a,arabic-005_03,digital_2,huawei,4,dob|doe|face|name,True,True,False,face_and_text,True,train/bonafide/huawei/arabic-005_03.jpg
train/attack/digital_2/iphone15pro/arabic-005_03.jpg,d52070b65eaf51e45d58a18212320d55b5ae62962e6abd88115222caebd94c59,arabic-005_03,digital_2,iphone15pro,5,dob|doe|face|name,True,True,False,face_and_text,True,train/bonafide/iphone15pro/arabic-005_03.jpg
train/attack/digital_2/scan/arabic-005_03.jpg,fb91274f4b1423942ba2c1847374d096968f5e958cdb6b627347630f5ec2b430,arabic-005_03,digital_2,scan,4,dob|doe|face|name,True,True,False,face_and_text,True,train/bonafide/scan/arabic-005_03.jpg
train/attack/digital_1/huawei/arabic-112_03.jpg,29b0053486f492d98eff55215576e7ccb15ebcbcd43d56744ec451e55c2bc61d,arabic-112_03,digital_1,huawei,5,dob|doe|face|name,True,True,False,face_and_text,True,train/bonafide/huawei/arabic-112_03.jpg
train/attack/digital_1/iphone15pro/arabic-112_03.jpg,46e03263cb7f8efda5418b240602241020ad024a00cf181a2c93bc7c414d490c,arabic-112_03,digital_1,iphone15pro,5,dob|doe|face|name,True,True,False,face_and_text,True,train/bonafide/iphone15pro/arabic-112_03.jpg
train/attack/digital_1/scan/arabic-112_03.jpg,c13751542fc56a6db589d8d18d88b7d5f8e8d9191fc7cb8a4ba5c90e09fb35b1,arabic-112_03,digital_1,scan,5,dob|doe|face|name,True,True,False,face_and_text,True,train/bonafide/scan/arabic-112_03.jpg
train/attack/digital_2/huawei/arabic-112_03.jpg,61041de2e01d8ebaed4bae19ac99bb0d9fbb46aa4acbc4f92c744141110c1c9a,arabic-112_03,digital_2,huawei,4,dob|doe|face|name,True,True,False,face_and_text,True,train/bonafide/huawei/arabic-112_03.jpg
train/attack/digital_2/iphone15pro/arabic-112_03.jpg,1f032b567fd1d866a3916f5c3150bc5e7e05a24223e14dd610184ee33179eae9,arabic-112_03,digital_2,iphone15pro,5,dob|doe|face|name,True,True,False,face_and_text,True,train/bonafide/iphone15pro/arabic-112_03.jpg
train/attack/digital_2/scan/arabic-112_03.jpg,ab4a947a18c9937a4baf6f49adfc568c2bb86fc9363f111056aa7a57f04a577d,arabic-112_03,digital_2,scan,5,dob|doe|face|name,True,True,False,face_and_text,True,train/bonafide/scan/arabic-112_03.jpg
train/attack/digital_1/huawei/arabic-131_03.jpg,ecdbd91274aaa77cdddadc69f52573c25635c7ecd20400ee68d095b5037e5eba,arabic-131_03,digital_1,huawei,5,dob|doe|face|name,True,True,False,face_and_text,True,train/bonafide/huawei/arabic-131_03.jpg
train/attack/digital_1/iphone15pro/arabic-131_03.jpg,215096643cf48f9a941da80292df6bc6bf5e6cfba24f765526351138f100c3d3,arabic-131_03,digital_1,iphone15pro,5,dob|doe|face|name,True,True,False,face_and_text,True,train/bonafide/iphone15pro/arabic-131_03.jpg
train/attack/digital_1/scan/arabic-131_03.jpg,7236a9d5a200bd9760d4fc99a72ba72d2150122d1a24105875ff61f5d0772792,arabic-131_03,digital_1,scan,5,dob|doe|face|name,True,True,False,face_and_text,True,train/bonafide/scan/arabic-131_03.jpg
train/attack/digital_2/huawei/arabic-131_03.jpg,baa360f3be5f28f622a6f2d53bb2d4b89192c4ff231d3c0e6c7bedec5abd6be0,arabic-131_03,digital_2,huawei,4,dob|doe|face|name,True,True,False,face_and_text,True,train/bonafide/huawei/arabic-131_03.jpg
train/attack/digital_2/iphone15pro/arabic-131_03.jpg,b0c63da99e2300149c3d0dc63ed1188081fe144f3be7dda381e1c800ba66e52c,arabic-131_03,digital_2,iphone15pro,4,dob|doe|face|name,True,True,False,face_and_text,True,train/bonafide/iphone15pro/arabic-131_03.jpg
train/attack/digital_2/scan/arabic-131_03.jpg,f11917ef5a58f229aae950f904c38b3b02c72153a810a8324e8aacc376b619e0,arabic-131_03,digital_2,scan,4,dob|doe|face|name,True,True,False,face_and_text,True,train/bonafide/scan/arabic-131_03.jpg
train/attack/digital_1/huawei/arabic-139_03.jpg,24487bbecef058e2eb265baa34d459ae19f5eb1ee0fef6325f2aa81b56544287,arabic-139_03,digital_1,huawei,5,dob|doe|face|name,True,True,False,face_and_text,True,train/bonafide/huawei/arabic-139_03.jpg
train/attack/digital_1/iphone15pro/arabic-139_03.jpg,6c40a95354b76ec9f0f2507f4271ee0282e024bda5ebb729607f637559406712,arabic-139_03,digital_1,iphone15pro,5,dob|doe|face|name,True,True,False,face_and_text,True,train/bonafide/iphone15pro/arabic-139_03.jpg
train/attack/digital_1/scan/arabic-139_03.jpg,1682b6762971508dff0fce7aa8e16cd54c705fed25386d8016a8bba07e823006,arabic-139_03,digital_1,scan,5,dob|doe|face|name,True,True,False,face_and_text,True,train/bonafide/scan/arabic-139_03.jpg
train/attack/digital_2/huawei/arabic-139_03.jpg,0957de4cbe7e30997749ef645efe9be15fac7dc861cabfca97c8f58679c51798,arabic-139_03,digital_2,huawei,4,dob|doe|face|name,True,True,False,face_and_text,True,train/bonafide/huawei/arabic-139_03.jpg
train/attack/digital_2/iphone15pro/arabic-139_03.jpg,58f8daf1da12e77d8376b8afdf81a4d1dab09798260940c6044177e9d30bf0e5,arabic-139_03,digital_2,iphone15pro,5,dob|doe|face|name,True,True,False,face_and_text,True,train/bonafide/iphone15pro/arabic-139_03.jpg
train/attack/digital_2/scan/arabic-139_03.jpg,0bf66daf523a7c04377bb5d4886be5a2591af614c7b0e2b834408c35bc19c054,arabic-139_03,digital_2,scan,5,dob|doe|face|name,True,True,False,face_and_text,True,train/bonafide/scan/arabic-139_03.jpg
train/attack/digital_1/huawei/arabic-173_03.jpg,0765a1a7d9b92d7c9f78406c3f460aae89777f086374a075b12cf388cae34192,arabic-173_03,digital_1,huawei,4,dob|doe|face|name,True,True,False,face_and_text,True,train/bonafide/huawei/arabic-173_03.jpg
train/attack/digital_1/iphone15pro/arabic-173_03.jpg,284a5ab4a3b87b400fa94fea9ab00d5efff21479a1e9a0a50108a5c4c0ed95df,arabic-173_03,digital_1,iphone15pro,4,dob|doe|face|name,True,True,False,face_and_text,True,train/bonafide/iphone15pro/arabic-173_03.jpg
train/attack/digital_1/scan/arabic-173_03.jpg,8f2313d7aa8422337cd4d3456d8db1ee9b0892badf7524c440c5e640c920bb41,arabic-173_03,digital_1,scan,4,dob|doe|face|name,True,True,False,face_and_text,True,train/bonafide/scan/arabic-173_03.jpg
train/attack/digital_2/huawei/arabic-173_03.jpg,4ca62cf91981d1e4defb21f8764bda9c6a7b6e4f8ba7b47645148091b1b8a9f4,arabic-173_03,digital_2,huawei,4,dob|doe|face|name,True,True,False,face_and_text,True,train/bonafide/huawei/arabic-173_03.jpg
train/attack/digital_2/iphone15pro/arabic-173_03.jpg,e268de0e68b5db7bc0c039b425c57e655b0bbe78ec161d6f42f299b0e4163924,arabic-173_03,digital_2,iphone15pro,4,dob|doe|face|name,True,True,False,face_and_text,True,train/bonafide/iphone15pro/arabic-173_03.jpg
train/attack/digital_2/scan/arabic-173_03.jpg,3a70429feef9e403506d67942652c80ed00588c72d97d28cce66c2467896c129,arabic-173_03,digital_2,scan,4,dob|doe|face|name,True,True,False,face_and_text,True,train/bonafide/scan/arabic-173_03.jpg
train/attack/digital_1/huawei/arabic-NF-1003.jpg,af8c3b5699d5e96a55f238c22d3943defbf8bca410b33864e224a5d237e5bda5,arabic-NF-1003,digital_1,huawei,5,dob|doe|face|name,True,True,False,face_and_text,True,train/bonafide/huawei/arabic-NF-1003.jpg
train/attack/digital_1/iphone15pro/arabic-NF-1003.jpg,32b68ddf147d3921ddf34ffae87bcd9d24894125d2adf72292e4bbe1c9efb928,arabic-NF-1003,digital_1,iphone15pro,5,dob|doe|face|name,True,True,False,face_and_text,True,train/bonafide/iphone15pro/arabic-NF-1003.jpg
train/attack/digital_1/scan/arabic-NF-1003.jpg,f5b516ec803a9e3d3658cab337fbdfab322a731411db2e2b47656d83e9f4c428,arabic-NF-1003,digital_1,scan,5,dob|doe|face|name,True,True,False,face_and_text,True,train/bonafide/scan/arabic-NF-1003.jpg
train/attack/digital_2/huawei/arabic-NF-1003.jpg,5708f12553d259ad89212cc4804c6914da52886045f68f1a7c3fcbb81b7d724c,arabic-NF-1003,digital_2,huawei,5,dob|doe|face|name,True,True,False,face_and_text,True,train/bonafide/huawei/arabic-NF-1003.jpg
train/attack/digital_2/iphone15pro/arabic-NF-1003.jpg,f3fd6e5859d9c5225fb1b98587c6945015409bc418fd1a284dab5db8d31768aa,arabic-NF-1003,digital_2,iphone15pro,5,dob|doe|face|name,True,True,False,face_and_text,True,train/bonafide/iphone15pro/arabic-NF-1003.jpg
train/attack/digital_2/scan/arabic-NF-1003.jpg,8e3fdc3b464cb096259ca30bcedb4e5682dae3c1c33273c67c1e10781e92dd1f,arabic-NF-1003,digital_2,scan,5,dob|doe|face|name,True,True,False,face_and_text,True,train/bonafide/scan/arabic-NF-1003.jpg
train/attack/digital_1/huawei/arabic-NF-1012.jpg,b1ad31c4d3cf69b9d1fa7a981beb39ecd213597ee03c26e16724741ce8d8333a,arabic-NF-1012,digital_1,huawei,5,dob|doe|face|name,True,True,False,face_and_text,True,train/bonafide/huawei/arabic-NF-1012.jpg
train/attack/digital_1/iphone15pro/arabic-NF-1012.jpg,6e516e5961223ff8cfa18ffa4f7b1dbae2fa615d4134ca5b4af8aad7feb79df9,arabic-NF-1012,digital_1,iphone15pro,5,dob|doe|face|name,True,True,False,face_and_text,True,train/bonafide/iphone15pro/arabic-NF-1012.jpg
train/attack/digital_1/scan/arabic-NF-1012.jpg,e95de51e8de1853c90b9faf3f1a4a65786334f840ccf587a66d6d3853bb2fdd0,arabic-NF-1012,digital_1,scan,5,dob|doe|face|name,True,True,False,face_and_text,True,train/bonafide/scan/arabic-NF-1012.jpg
train/attack/digital_2/huawei/arabic-NF-1012.jpg,e8d76614392f4d34d9f73e6b8011341a2c1236a05531c26aa72bc96479f29749,arabic-NF-1012,digital_2,huawei,5,dob|doe|face|name,True,True,False,face_and_text,True,train/bonafide/huawei/arabic-NF-1012.jpg
train/attack/digital_2/iphone15pro/arabic-NF-1012.jpg,0b7bc1ca3f006401aa6a7bb6b466ebb8e826983a385529d3b5a12be7d844cb0a,arabic-NF-1012,digital_2,iphone15pro,5,dob|doe|face|name,True,True,False,face_and_text,True,train/bonafide/iphone15pro/arabic-NF-1012.jpg
train/attack/digital_2/scan/arabic-NF-1012.jpg,501354379147d3e519a9c4a694d084a5040b14b06e56a8eb76f8b0181e25f00f,arabic-NF-1012,digital_2,scan,5,dob|doe|face|name,True,True,False,face_and_text,True,train/bonafide/scan/arabic-NF-1012.jpg
train/attack/digital_1/huawei/arabic-NF-1030.jpg,fd082e255d958894c13f210b74c7f613360a876211805bf4d9d64c8fd72f918a,arabic-NF-1030,digital_1,huawei,5,dob|doe|face|name,True,True,False,face_and_text,True,train/bonafide/huawei/arabic-NF-1030.jpg
train/attack/digital_1/iphone15pro/arabic-NF-1030.jpg,eacb50cc67c3a47d1af08565218404628298103289565baf2991817e319b8bdd,arabic-NF-1030,digital_1,iphone15pro,5,dob|doe|face|name,True,True,False,face_and_text,True,train/bonafide/iphone15pro/arabic-NF-1030.jpg
train/attack/digital_1/scan/arabic-NF-1030.jpg,ff9f2fe62e2e8691542dd9ca260fe18f8fe51a58f2048d525b6024c5b5215bfb,arabic-NF-1030,digital_1,scan,5,dob|doe|face|name,True,True,False,face_and_text,True,train/bonafide/scan/arabic-NF-1030.jpg
train/attack/digital_2/huawei/arabic-NF-1030.jpg,1f25c2793d6b9098da7261b3e5150f7f110a42adb6420c4133b09f7470ef7395,arabic-NF-1030,digital_2,huawei,5,dob|doe|face|name,True,True,False,face_and_text,True,train/bonafide/huawei/arabic-NF-1030.jpg
train/attack/digital_2/iphone15pro/arabic-NF-1030.jpg,a8ce66941c58dc17d5cf10f75d2e0b9e8efe7a1ade43f81bde46382d97f0fc79,arabic-NF-1030,digital_2,iphone15pro,5,dob|doe|face|name,True,True,False,face_and_text,True,train/bonafide/iphone15pro/arabic-NF-1030.jpg
train/attack/digital_2/scan/arabic-NF-1030.jpg,ce41d6671004930d1bf882a83be97fc90b571ab99791843bb9d6588e9657f2c5,arabic-NF-1030,digital_2,scan,5,dob|doe|face|name,True,True,False,face_and_text,True,train/bonafide/scan/arabic-NF-1030.jpg
train/attack/digital_1/huawei/arabic-NF-1037.jpg,7186b485b27eeb441afa6109945f1c097076c2d411c85fa64650d72c4a9697ad,arabic-NF-1037,digital_1,huawei,5,dob|doe|face|name,True,True,False,face_and_text,True,train/bonafide/huawei/arabic-NF-1037.jpg
train/attack/digital_1/iphone15pro/arabic-NF-1037.jpg,2b96474e55aa3a7ec499ec0b0fb8ac0db675f6ea42964e4d212181dcd3600125,arabic-NF-1037,digital_1,iphone15pro,5,dob|doe|face|name,True,True,False,face_and_text,True,train/bonafide/iphone15pro/arabic-NF-1037.jpg
train/attack/digital_1/scan/arabic-NF-1037.jpg,16ecca4937130d7f08a864d45095264f31bd8808deefdb503433cb831a59584c,arabic-NF-1037,digital_1,scan,5,dob|doe|face|name,True,True,False,face_and_text,True,train/bonafide/scan/arabic-NF-1037.jpg
train/attack/digital_2/huawei/arabic-NF-1037.jpg,f7aacdf787e243d4f4b4638216550cc18eb66ee36f0450a29c3607022066bc32,arabic-NF-1037,digital_2,huawei,5,dob|doe|face|name,True,True,False,face_and_text,True,train/bonafide/huawei/arabic-NF-1037.jpg
train/attack/digital_2/iphone15pro/arabic-NF-1037.jpg,0d4dcf2944d6a744bb0a78d00ce50b4254ada40d45ebc2149fe8d9056e3b7e29,arabic-NF-1037,digital_2,iphone15pro,5,dob|doe|face|name,True,True,False,face_and_text,True,train/bonafide/iphone15pro/arabic-NF-1037.jpg
train/attack/digital_2/scan/arabic-NF-1037.jpg,02d6d0714cb69529b13e67a6f445561d9449177c4b6bf364c8191c2a8c82ff26,arabic-NF-1037,digital_2,scan,5,dob|doe|face|name,True,True,False,face_and_text,True,train/bonafide/scan/arabic-NF-1037.jpg
train/attack/digital_1/huawei/arabic-NF-1040.jpg,6cb962b42d3fa09974152b9ac08f5910f67c17142ae41823800f0d359a415e31,arabic-NF-1040,digital_1,huawei,5,dob|doe|face|name,True,True,False,face_and_text,True,train/bonafide/huawei/arabic-NF-1040.jpg
train/attack/digital_1/iphone15pro/arabic-NF-1040.jpg,516c298522f280a924b6f07f1b224e0cdf5729db88ba59abd4e1d66225ca438c,arabic-NF-1040,digital_1,iphone15pro,5,dob|doe|face|name,True,True,False,face_and_text,True,train/bonafide/iphone15pro/arabic-NF-1040.jpg
train/attack/digital_1/scan/arabic-NF-1040.jpg,510a485260ce19ee7434368c9a56a25a74307b3880b69ec84ccccf0d87290977,arabic-NF-1040,digital_1,scan,5,dob|doe|face|name,True,True,False,face_and_text,True,train/bonafide/scan/arabic-NF-1040.jpg
train/attack/digital_2/huawei/arabic-NF-1040.jpg,787dbcf796b69ba3401d39008ecaed642450f8bd811094bb8f963c209618e91a,arabic-NF-1040,digital_2,huawei,5,dob|doe|face|name,True,True,False,face_and_text,True,train/bonafide/huawei/arabic-NF-1040.jpg
train/attack/digital_2/iphone15pro/arabic-NF-1040.jpg,9005961ea52c8e8d398f6911864f3d06fd828a7c631dfd952f5378d89ec2d55e,arabic-NF-1040,digital_2,iphone15pro,5,dob|doe|face|name,True,True,False,face_and_text,True,train/bonafide/iphone15pro/arabic-NF-1040.jpg
train/attack/digital_2/scan/arabic-NF-1040.jpg,9e98a2c9bd028add1bade2357245ff261b9d4cf3ec063833fd3418944a40c1d9,arabic-NF-1040,digital_2,scan,5,dob|doe|face|name,True,True,False,face_and_text,True,train/bonafide/scan/arabic-NF-1040.jpg
train/attack/digital_1/huawei/arabic-NF-1045.jpg,b9f997b2229bbe56a240764e0ac200e028c064967361fad5a67b699e5ebb51ed,arabic-NF-1045,digital_1,huawei,4,dob|doe|face|name,True,True,False,face_and_text,True,train/bonafide/huawei/arabic-NF-1045.jpg
train/attack/digital_1/iphone15pro/arabic-NF-1045.jpg,b9742f7b0f88e2bcbea440c82dabdfbe6fcc681cabfd6f03faa2885339580ba5,arabic-NF-1045,digital_1,iphone15pro,4,dob|doe|face|name,True,True,False,face_and_text,True,train/bonafide/iphone15pro/arabic-NF-1045.jpg
train/attack/digital_1/scan/arabic-NF-1045.jpg,440b1628191d67c5cea9c7e2a75404a74dab6814f872b15c3d468a3eac27f22a,arabic-NF-1045,digital_1,scan,4,dob|doe|face|name,True,True,False,face_and_text,True,train/bonafide/scan/arabic-NF-1045.jpg
train/attack/digital_2/huawei/arabic-NF-1045.jpg,e39ef85e6d7be0760854b07e26bc8ef7902b861e63679732f03b3cdc6aff8b2e,arabic-NF-1045,digital_2,huawei,5,dob|doe|face|name,True,True,False,face_and_text,True,train/bonafide/huawei/arabic-NF-1045.jpg
train/attack/digital_2/iphone15pro/arabic-NF-1045.jpg,aa854761e97b894bcdc86a3345ea24b225abca5989f446c820696a228f9a0b37,arabic-NF-1045,digital_2,iphone15pro,4,dob|doe|face|name,True,True,False,face_and_text,True,train/bonafide/iphone15pro/arabic-NF-1045.jpg
train/attack/digital_2/scan/arabic-NF-1045.jpg,fb2eec0d61cf68e43cef64c2f546b11fea887f4f99ae06a8c84727ebd05fe31b,arabic-NF-1045,digital_2,scan,4,dob|doe|face|name,True,True,False,face_and_text,True,train/bonafide/scan/arabic-NF-1045.jpg
train/attack/digital_1/huawei/arabic-NF-1049.jpg,594a4a4c716a24c7332a9f06ab1b434f0eb8e3a41df7329434a4173967f5a808,arabic-NF-1049,digital_1,huawei,5,dob|doe|face|name,True,True,False,face_and_text,True,train/bonafide/huawei/arabic-NF-1049.jpg
train/attack/digital_1/iphone15pro/arabic-NF-1049.jpg,841de70112197bd622365a0c29a9bbc5f1a91313b9d46d95ff0399c852a04d5b,arabic-NF-1049,digital_1,iphone15pro,5,dob|doe|face|name,True,True,False,face_and_text,True,train/bonafide/iphone15pro/arabic-NF-1049.jpg
train/attack/digital_1/scan/arabic-NF-1049.jpg,88c422048a113b03cd3adc6aa3189901ba250f77ea7be348d71eb145c2f6930d,arabic-NF-1049,digital_1,scan,5,dob|doe|face|name,True,True,False,face_and_text,True,train/bonafide/scan/arabic-NF-1049.jpg
train/attack/digital_2/huawei/arabic-NF-1049.jpg,66d0223b8b355ac9a161187e0827c7bd5e71bf01519104e5e7753d23e2d6180f,arabic-NF-1049,digital_2,huawei,5,dob|doe|face|name,True,True,False,face_and_text,True,train/bonafide/huawei/arabic-NF-1049.jpg
train/attack/digital_2/iphone15pro/arabic-NF-1049.jpg,913c9714a06e261bcc784341d5ff8247f6389fbba0b50c18f95979e4d15c23ef,arabic-NF-1049,digital_2,iphone15pro,5,dob|doe|face|name,True,True,False,face_and_text,True,train/bonafide/iphone15pro/arabic-NF-1049.jpg
train/attack/digital_2/scan/arabic-NF-1049.jpg,117b3ad111a3b01c4cb1ae09f50a43711e11a6d01f01282061e9069bb95f760a,arabic-NF-1049,digital_2,scan,5,dob|doe|face|name,True,True,False,face_and_text,True,train/bonafide/scan/arabic-NF-1049.jpg
train/attack/digital_1/huawei/arabic-NF-1053.jpg,c3cbb368b1855cdbd5da0627b59743f337144af192c431eca49a094c9d53c82f,arabic-NF-1053,digital_1,huawei,5,dob|doe|face|name,True,True,False,face_and_text,True,train/bonafide/huawei/arabic-NF-1053.jpg
train/attack/digital_1/iphone15pro/arabic-NF-1053.jpg,dd62eaed3c9abd78be250ffcb6bdf498eea801ceae5495c6dca2831aba1ab6e1,arabic-NF-1053,digital_1,iphone15pro,5,dob|doe|face|name,True,True,False,face_and_text,True,train/bonafide/iphone15pro/arabic-NF-1053.jpg
train/attack/digital_1/scan/arabic-NF-1053.jpg,f5c67831e2d6944979ab9f682821a1bdd42d04f772fee9fe93c342aa5047c075,arabic-NF-1053,digital_1,scan,5,dob|doe|face|name,True,True,False,face_and_text,True,train/bonafide/scan/arabic-NF-1053.jpg
train/attack/digital_2/huawei/arabic-NF-1053.jpg,2b387c48ff2722185b34887930763b09806a48467a6eed26987d10f968cbb976,arabic-NF-1053,digital_2,huawei,5,dob|doe|face|name,True,True,False,face_and_text,True,train/bonafide/huawei/arabic-NF-1053.jpg
train/attack/digital_2/iphone15pro/arabic-NF-1053.jpg,6373756f62a237d13c7ee8c61eaa0947b6fb3f7e7df7eeb25a1e7ef774c60076,arabic-NF-1053,digital_2,iphone15pro,5,dob|doe|face|name,True,True,False,face_and_text,True,train/bonafide/iphone15pro/arabic-NF-1053.jpg
train/attack/digital_2/scan/arabic-NF-1053.jpg,918c83cdf88bd71eb835d4fab21921cf34a59b5f277ae3ab7f4462a1a483e428,arabic-NF-1053,digital_2,scan,5,dob|doe|face|name,True,True,False,face_and_text,True,train/bonafide/scan/arabic-NF-1053.jpg
train/attack/digital_1/huawei/arabic-NF-1100.jpg,25a408efb438af289ca46753f14f616b948f06135d911aa45ce5a8794b01a1e3,arabic-NF-1100,digital_1,huawei,5,dob|doe|face|name,True,True,False,face_and_text,True,train/bonafide/huawei/arabic-NF-1100.jpg
train/attack/digital_1/iphone15pro/arabic-NF-1100.jpg,15e6efc827a8625803ceee68e300ec3f900fe79cb9333aed3c43f06d344142c8,arabic-NF-1100,digital_1,iphone15pro,4,dob|doe|face|name,True,True,False,face_and_text,True,train/bonafide/iphone15pro/arabic-NF-1100.jpg
train/attack/digital_1/scan/arabic-NF-1100.jpg,e47edecf7c153752b33c4868aab561c24d87cb2b137d85ad7024383f13a1c4f9,arabic-NF-1100,digital_1,scan,5,dob|doe|face|name,True,True,False,face_and_text,True,train/bonafide/scan/arabic-NF-1100.jpg
train/attack/digital_2/huawei/arabic-NF-1100.jpg,647da859af0d663195716d332f1cbfc761ffb11a8e349f992f4b86c60f1d43ea,arabic-NF-1100,digital_2,huawei,5,dob|doe|face|name,True,True,False,face_and_text,True,train/bonafide/huawei/arabic-NF-1100.jpg
train/attack/digital_2/iphone15pro/arabic-NF-1100.jpg,7f12eb047e2145b36840a7913bd0fbd1306884f4703030d7359ac18406f620ad,arabic-NF-1100,digital_2,iphone15pro,4,dob|doe|face|name,True,True,False,face_and_text,True,train/bonafide/iphone15pro/arabic-NF-1100.jpg
train/attack/digital_2/scan/arabic-NF-1100.jpg,f9379fb15459558c64d36b8b774ecc3523cbf01c5ec864ff5a2a3478813a8833,arabic-NF-1100,digital_2,scan,4,dob|doe|face|name,True,True,False,face_and_text,True,train/bonafide/scan/arabic-NF-1100.jpg
train/attack/digital_1/huawei/arabic-NM-1029.jpg,4016eae2029d4d18d949a0955b3d139075212a131ec6fc2b6a7f0b0b0eb04d85,arabic-NM-1029,digital_1,huawei,5,dob|doe|face|name,True,True,False,face_and_text,True,train/bonafide/huawei/arabic-NM-1029.jpg
train/attack/digital_1/iphone15pro/arabic-NM-1029.jpg,601afd9837d2afe306c5168b3576e95a95452aacb30d9040c77978d6cc055a00,arabic-NM-1029,digital_1,iphone15pro,5,dob|doe|face|name,True,True,False,face_and_text,True,train/bonafide/iphone15pro/arabic-NM-1029.jpg
train/attack/digital_1/scan/arabic-NM-1029.jpg,553d1e0ec6faf78d024a6499908d3e43b20c0ed87c1006357e1e63fe9a546549,arabic-NM-1029,digital_1,scan,5,dob|doe|face|name,True,True,False,face_and_text,True,train/bonafide/scan/arabic-NM-1029.jpg
train/attack/digital_2/huawei/arabic-NM-1029.jpg,723a5eee61ac1348b0d29ae08c178c13c8d5e804643a2c522c95a2990ce59a5a,arabic-NM-1029,digital_2,huawei,4,dob|doe|face|name,True,True,False,face_and_text,True,train/bonafide/huawei/arabic-NM-1029.jpg
train/attack/digital_2/iphone15pro/arabic-NM-1029.jpg,4f1ea60a7389b02b37d7a2f306d4e7a98859a807ddce12c5c45520a41e6ff627,arabic-NM-1029,digital_2,iphone15pro,4,dob|doe|face|name,True,True,False,face_and_text,True,train/bonafide/iphone15pro/arabic-NM-1029.jpg
train/attack/digital_2/scan/arabic-NM-1029.jpg,08bb8c68af9ba101964368cdb96617d6ef7a36d54c9d7d5a31041b679eb4a067,arabic-NM-1029,digital_2,scan,4,dob|doe|face|name,True,True,False,face_and_text,True,train/bonafide/scan/arabic-NM-1029.jpg
train/attack/digital_1/huawei/arabic-NM-1064.jpg,de2b490e228546c991bb9ab5a4244f2405a935649dd289a5c2e1b3a655024921,arabic-NM-1064,digital_1,huawei,5,dob|doe|face|name,True,True,False,face_and_text,True,train/bonafide/huawei/arabic-NM-1064.jpg
train/attack/digital_1/iphone15pro/arabic-NM-1064.jpg,7534ab5dc655c61c9130f970c54a89aee19b3343a2a78a695df137932655a333,arabic-NM-1064,digital_1,iphone15pro,4,dob|doe|face|name,True,True,False,face_and_text,True,train/bonafide/iphone15pro/arabic-NM-1064.jpg
train/attack/digital_1/scan/arabic-NM-1064.jpg,f4d88b0aa8941f050d49b1ec8da75de7d5cf03e82921c87caee7914222f58c57,arabic-NM-1064,digital_1,scan,5,dob|doe|face|name,True,True,False,face_and_text,True,train/bonafide/scan/arabic-NM-1064.jpg
train/attack/digital_2/huawei/arabic-NM-1064.jpg,eea15ca10d6533452131f0d0c8b365f762467998f8f9b5180dda7260321f7336,arabic-NM-1064,digital_2,huawei,5,dob|doe|face|name,True,True,False,face_and_text,True,train/bonafide/huawei/arabic-NM-1064.jpg
train/attack/digital_2/iphone15pro/arabic-NM-1064.jpg,f1ba060dd110caa5b66235e181adf5a09832cb68cf2eda3566ab967128c402b8,arabic-NM-1064,digital_2,iphone15pro,5,dob|doe|face|name,True,True,False,face_and_text,True,train/bonafide/iphone15pro/arabic-NM-1064.jpg
train/attack/digital_2/scan/arabic-NM-1064.jpg,3b29985cc0134e5feaf15a0ca88a6e30f09578a01eb8af36f71ec4b0d245665f,arabic-NM-1064,digital_2,scan,5,dob|doe|face|name,True,True,False,face_and_text,True,train/bonafide/scan/arabic-NM-1064.jpg
train/attack/digital_1/huawei/chinese-018_03.jpg,4102fba8451600bf3013c8f8be6490d9e9ab8fb859f43be2ec6e6e28f5c48011,chinese-018_03,digital_1,huawei,5,dob|doe|face|name_en,True,True,False,face_and_text,True,train/bonafide/huawei/chinese-018_03.jpg
train/attack/digital_1/iphone15pro/chinese-018_03.jpg,e465633027bc06a3d22563f11ca1141fa8451e3b4fd547315e91423d9e0dc756,chinese-018_03,digital_1,iphone15pro,5,dob|doe|face|name_en,True,True,False,face_and_text,True,train/bonafide/iphone15pro/chinese-018_03.jpg
train/attack/digital_1/scan/chinese-018_03.jpg,130bb9172d72179ee994d81c1d2c336cdf67921f5d5830d9f40424c5d75f528c,chinese-018_03,digital_1,scan,5,dob|doe|face|name_en,True,True,False,face_and_text,True,train/bonafide/scan/chinese-018_03.jpg
train/attack/digital_2/huawei/chinese-018_03.jpg,e36ef61914f3dc3c656075f56f7e77c981377b26262beae18eb909cfadbe0e52,chinese-018_03,digital_2,huawei,5,dob|doe|face|name_en,True,True,False,face_and_text,True,train/bonafide/huawei/chinese-018_03.jpg
train/attack/digital_2/iphone15pro/chinese-018_03.jpg,087dd29c5bb1a95fe9f0bf4e3d9fa51bf01f8622f5c17603333553284644b01c,chinese-018_03,digital_2,iphone15pro,5,dob|doe|face|name_en,True,True,False,face_and_text,True,train/bonafide/iphone15pro/chinese-018_03.jpg
train/attack/digital_2/scan/chinese-018_03.jpg,c7a544a7de57c2a7d7d6423317bb537ead504551cd2754002fbfc1738f4d214a,chinese-018_03,digital_2,scan,5,dob|doe|face|name_en,True,True,False,face_and_text,True,train/bonafide/scan/chinese-018_03.jpg
train/attack/digital_1/huawei/chinese-020_03.jpg,380ee8ddbfc5ca16c7b851b6aa0d0a03126b083c162a259036ff4676c358be49,chinese-020_03,digital_1,huawei,5,dob|doe|face|name_en,True,True,False,face_and_text,True,train/bonafide/huawei/chinese-020_03.jpg
train/attack/digital_1/iphone15pro/chinese-020_03.jpg,5d4ed950bbe2dba0efff0fb43e8bcc020c5f7e59be58b1051f8b31e941d84aee,chinese-020_03,digital_1,iphone15pro,5,dob|doe|face|name_en,True,True,False,face_and_text,True,train/bonafide/iphone15pro/chinese-020_03.jpg
train/attack/digital_1/scan/chinese-020_03.jpg,250eeac8aa426e133ca44c4ddb149340334857a56d1030fc5db31ff57d13bc5e,chinese-020_03,digital_1,scan,5,dob|doe|face|name_en,True,True,False,face_and_text,True,train/bonafide/scan/chinese-020_03.jpg
train/attack/digital_2/huawei/chinese-020_03.jpg,3f22bc5df24e8e63e25b1808552c1bb78703ec730afa99a17b028c72c9429398,chinese-020_03,digital_2,huawei,5,dob|doe|face|name_en,True,True,False,face_and_text,True,train/bonafide/huawei/chinese-020_03.jpg
train/attack/digital_2/iphone15pro/chinese-020_03.jpg,3dc3dd5db21844f3580f6e855d776ce558fcd547169d51487cd99b89a6dc04c6,chinese-020_03,digital_2,iphone15pro,5,dob|doe|face|name_en,True,True,False,face_and_text,True,train/bonafide/iphone15pro/chinese-020_03.jpg
train/attack/digital_2/scan/chinese-020_03.jpg,98ac74350892864f392b498701046c059ca06715674e47e5939c7036069db817,chinese-020_03,digital_2,scan,5,dob|doe|face|name_en,True,True,False,face_and_text,True,train/bonafide/scan/chinese-020_03.jpg
train/attack/digital_1/huawei/chinese-039_03.jpg,144f702bee700447cbc466367784e93dbcaccc6f13d9331e14735011969b50ea,chinese-039_03,digital_1,huawei,5,dob|doe|face|name_en,True,True,False,face_and_text,True,train/bonafide/huawei/chinese-039_03.jpg
train/attack/digital_1/iphone15pro/chinese-039_03.jpg,39fb14af3422d692f63e1d1b48b8084c77b411259db2f5c7e46ff3dc4e9cdc54,chinese-039_03,digital_1,iphone15pro,5,dob|doe|face|name_en,True,True,False,face_and_text,True,train/bonafide/iphone15pro/chinese-039_03.jpg
train/attack/digital_1/scan/chinese-039_03.jpg,5b27033cb34964a154bd8387cbf46d87aecfaaf406631480705ec1b639f39a68,chinese-039_03,digital_1,scan,5,dob|doe|face|name_en,True,True,False,face_and_text,True,train/bonafide/scan/chinese-039_03.jpg
train/attack/digital_2/huawei/chinese-039_03.jpg,4284b961ddd8389b7ab9b57f2aec9a35070687fd7a4ab93c91c68f8ca20c98e2,chinese-039_03,digital_2,huawei,5,dob|doe|face|name_en,True,True,False,face_and_text,True,train/bonafide/huawei/chinese-039_03.jpg
train/attack/digital_2/iphone15pro/chinese-039_03.jpg,0ecbfdf0d2bfc51454627792993265aa6e6d94fa53f63b3f4a44abfc242e8937,chinese-039_03,digital_2,iphone15pro,5,dob|doe|face|name_en,True,True,False,face_and_text,True,train/bonafide/iphone15pro/chinese-039_03.jpg
train/attack/digital_2/scan/chinese-039_03.jpg,51340cd5bcf331103b482bbaa2d41825c0ab1dedd879ea1c055ac04f9c452e51,chinese-039_03,digital_2,scan,5,dob|doe|face|name_en,True,True,False,face_and_text,True,train/bonafide/scan/chinese-039_03.jpg
train/attack/digital_1/huawei/chinese-064_03.jpg,d763fe88b4b65ce2ad1c224a4601ee7aa935e709464c9bdf68d64bee5edf0995,chinese-064_03,digital_1,huawei,5,dob|doe|face|name_en,True,True,False,face_and_text,True,train/bonafide/huawei/chinese-064_03.jpg
train/attack/digital_1/iphone15pro/chinese-064_03.jpg,e929f8af4697f3f27db2b46b78297e154d950767058b732980281ccd10c48abc,chinese-064_03,digital_1,iphone15pro,5,dob|doe|face|name_en,True,True,False,face_and_text,True,train/bonafide/iphone15pro/chinese-064_03.jpg
train/attack/digital_1/scan/chinese-064_03.jpg,dc7747a51f504ec8e209bcc316478303583b5386509968e9c4f163e4f9dc45d1,chinese-064_03,digital_1,scan,5,dob|doe|face|name_en,True,True,False,face_and_text,True,train/bonafide/scan/chinese-064_03.jpg
train/attack/digital_2/huawei/chinese-064_03.jpg,aa57ef9692e82076f3ec50bf92b682f0631137e380d63d64feed472d400abc5a,chinese-064_03,digital_2,huawei,5,dob|doe|face|name_en,True,True,False,face_and_text,True,train/bonafide/huawei/chinese-064_03.jpg
train/attack/digital_2/iphone15pro/chinese-064_03.jpg,ed31061fbeee66cfbc40b9f3e01018edf54fb6ad043305a9f94ef80043bdff39,chinese-064_03,digital_2,iphone15pro,5,dob|doe|face|name_en,True,True,False,face_and_text,True,train/bonafide/iphone15pro/chinese-064_03.jpg
train/attack/digital_2/scan/chinese-064_03.jpg,e4e6ac306cb3a1ba5eda6b3a30955ea58e7b598b3bae32c440a5b4c52c3652a3,chinese-064_03,digital_2,scan,5,dob|doe|face|name_en,True,True,False,face_and_text,True,train/bonafide/scan/chinese-064_03.jpg
train/attack/digital_1/huawei/chinese-081_03.jpg,4b85122b138a484570a90646a3a695dfcbe043cf452677f86b570d964e4e03f3,chinese-081_03,digital_1,huawei,5,dob|doe|face|name_en,True,True,False,face_and_text,True,train/bonafide/huawei/chinese-081_03.jpg
train/attack/digital_1/iphone15pro/chinese-081_03.jpg,553dc540683c315422a6ddad6c24729bb3d1fd63b8e4432a7de8e8bd2a26cdac,chinese-081_03,digital_1,iphone15pro,5,dob|doe|face|name_en,True,True,False,face_and_text,True,train/bonafide/iphone15pro/chinese-081_03.jpg
train/attack/digital_1/scan/chinese-081_03.jpg,0b4d429124bafce4c11863b931a92cf6d2f091840d35ed2c8d4d4950c38ecb95,chinese-081_03,digital_1,scan,5,dob|doe|face|name_en,True,True,False,face_and_text,True,train/bonafide/scan/chinese-081_03.jpg
train/attack/digital_2/huawei/chinese-081_03.jpg,0bd811ccd74da4d66ad703065adb2979550af4620e9b729bb8b505243ee049c5,chinese-081_03,digital_2,huawei,5,dob|doe|face|name_en,True,True,False,face_and_text,True,train/bonafide/huawei/chinese-081_03.jpg
train/attack/digital_2/iphone15pro/chinese-081_03.jpg,dd2c598c4139c787607e93dda503f71687a66835755e89b6e5ea8419b1d6a336,chinese-081_03,digital_2,iphone15pro,5,dob|doe|face|name_en,True,True,False,face_and_text,True,train/bonafide/iphone15pro/chinese-081_03.jpg
train/attack/digital_2/scan/chinese-081_03.jpg,65e892e4fb11cad3ac58c6c973c401c1a5de62c062e1494ad8329776c0efbfdc,chinese-081_03,digital_2,scan,5,dob|doe|face|name_en,True,True,False,face_and_text,True,train/bonafide/scan/chinese-081_03.jpg
train/attack/digital_1/huawei/chinese-096_03.jpg,8827fec2a8522e457aca30ef871bbd12438a799a6c0eac4cdc63585213fc38b1,chinese-096_03,digital_1,huawei,4,dob|doe|face|name_en,True,True,False,face_and_text,True,train/bonafide/huawei/chinese-096_03.jpg
train/attack/digital_1/iphone15pro/chinese-096_03.jpg,0592b5cff83aad8ca4728e5a3719d9b7d6bfa33f9f057bc45364f0b72d8f959f,chinese-096_03,digital_1,iphone15pro,4,dob|doe|face|name_en,True,True,False,face_and_text,True,train/bonafide/iphone15pro/chinese-096_03.jpg
train/attack/digital_1/scan/chinese-096_03.jpg,6f9076827640571117e0e6c5fe894e7bf5171f21e72ac5360800fcf66cc02619,chinese-096_03,digital_1,scan,4,dob|doe|face|name_en,True,True,False,face_and_text,True,train/bonafide/scan/chinese-096_03.jpg
train/attack/digital_2/huawei/chinese-096_03.jpg,e34baaf7c32b2f874cfa08110e8e67e41223f072ec8178274dc523f63e46852c,chinese-096_03,digital_2,huawei,5,dob|doe|face|name_en,True,True,False,face_and_text,True,train/bonafide/huawei/chinese-096_03.jpg
train/attack/digital_2/iphone15pro/chinese-096_03.jpg,18ff8a3bf148ca645193f0578e94be44030dfed7edac76c92cf34f81dd5337d9,chinese-096_03,digital_2,iphone15pro,5,dob|doe|face|name_en,True,True,False,face_and_text,True,train/bonafide/iphone15pro/chinese-096_03.jpg
train/attack/digital_2/scan/chinese-096_03.jpg,8d75d9648e68c9282a7ab563157e5b4f62bafef01051c39daa2af84d11e56afd,chinese-096_03,digital_2,scan,5,dob|doe|face|name_en,True,True,False,face_and_text,True,train/bonafide/scan/chinese-096_03.jpg
train/attack/digital_1/huawei/chinese-099_03.jpg,4fc9dca7f31bd917d2ac7f2712857a5b3acf7750e4545e91a9ff524e19c3e813,chinese-099_03,digital_1,huawei,4,dob|doe|face|name_en,True,True,False,face_and_text,True,train/bonafide/huawei/chinese-099_03.jpg
train/attack/digital_1/iphone15pro/chinese-099_03.jpg,59512cb46a2ced6353d42a5060d305124d06e0ead46b91136fa1c404556bea50,chinese-099_03,digital_1,iphone15pro,5,dob|doe|face|name_en,True,True,False,face_and_text,True,train/bonafide/iphone15pro/chinese-099_03.jpg
train/attack/digital_1/scan/chinese-099_03.jpg,425a55741d1b88cd4ab2cbae2332e9edc8ef79e682ebd8f9f0fc749a6a6a4e08,chinese-099_03,digital_1,scan,4,dob|doe|face|name_en,True,True,False,face_and_text,True,train/bonafide/scan/chinese-099_03.jpg
train/attack/digital_2/huawei/chinese-099_03.jpg,870190f80b44dbc5e6fc8703c831341c6090558d45d5e27f21e29df7760ada0c,chinese-099_03,digital_2,huawei,5,dob|doe|face|name_en,True,True,False,face_and_text,True,train/bonafide/huawei/chinese-099_03.jpg
train/attack/digital_2/iphone15pro/chinese-099_03.jpg,f10a61656adfb042b749e248ce48c6eb59dfa598b6e89aec3cad4fd82f490f4e,chinese-099_03,digital_2,iphone15pro,5,dob|doe|face|name_en,True,True,False,face_and_text,True,train/bonafide/iphone15pro/chinese-099_03.jpg
train/attack/digital_2/scan/chinese-099_03.jpg,e37ce0f21c61875c144ae70fba7c89005baad41355d627a1e3916f2ab9b5bd62,chinese-099_03,digital_2,scan,5,dob|doe|face|name_en,True,True,False,face_and_text,True,train/bonafide/scan/chinese-099_03.jpg
train/attack/digital_1/huawei/chinese-102_03.jpg,b622b18fec2b02025d45a0abcf0839692310c6cba28acec38539d42217022eee,chinese-102_03,digital_1,huawei,5,dob|doe|face|name_en,True,True,False,face_and_text,True,train/bonafide/huawei/chinese-102_03.jpg
train/attack/digital_1/iphone15pro/chinese-102_03.jpg,c23e56d5d08d439e9ffdd4f89901b1f1fda7682eb68dbf6fd67a28c466201cd0,chinese-102_03,digital_1,iphone15pro,5,dob|doe|face|name_en,True,True,False,face_and_text,True,train/bonafide/iphone15pro/chinese-102_03.jpg
train/attack/digital_1/scan/chinese-102_03.jpg,134e076e014f11fe33747bfa9afe41b2e267a056b281805578bca688b46944c9,chinese-102_03,digital_1,scan,5,dob|doe|face|name_en,True,True,False,face_and_text,True,train/bonafide/scan/chinese-102_03.jpg
train/attack/digital_2/huawei/chinese-102_03.jpg,d48aa5055ef580ee874cdaa80b019ad64289ccd585267d9c532b015e53811309,chinese-102_03,digital_2,huawei,5,dob|doe|face|name_en,True,True,False,face_and_text,True,train/bonafide/huawei/chinese-102_03.jpg
train/attack/digital_2/iphone15pro/chinese-102_03.jpg,91dd24853a6a428567214bf47dd6a830dadf949e3a35dc33d0d08604a1e1713b,chinese-102_03,digital_2,iphone15pro,5,dob|doe|face|name_en,True,True,False,face_and_text,True,train/bonafide/iphone15pro/chinese-102_03.jpg
train/attack/digital_2/scan/chinese-102_03.jpg,698b39b90d5a17d85c269deedd3292d83e1dd05863cd973a34ed148494367f57,chinese-102_03,digital_2,scan,5,dob|doe|face|name_en,True,True,False,face_and_text,True,train/bonafide/scan/chinese-102_03.jpg
train/attack/digital_1/huawei/chinese-107_03.jpg,5eca447a042b02d42f363441ced2a6f9c5204a91f8f9e753621b183606c78a49,chinese-107_03,digital_1,huawei,5,dob|doe|face|name_en,True,True,False,face_and_text,True,train/bonafide/huawei/chinese-107_03.jpg
train/attack/digital_1/iphone15pro/chinese-107_03.jpg,75c63fd051512847307d3772520a55a7bc0a136b2e746fec153bdde8a0dbc52a,chinese-107_03,digital_1,iphone15pro,5,dob|doe|face|name_en,True,True,False,face_and_text,True,train/bonafide/iphone15pro/chinese-107_03.jpg
train/attack/digital_1/scan/chinese-107_03.jpg,f3ff68a711bc5df5f65469210892739b28d5da9df75d46d191fba4f03d9bf37e,chinese-107_03,digital_1,scan,5,dob|doe|face|name_en,True,True,False,face_and_text,True,train/bonafide/scan/chinese-107_03.jpg
train/attack/digital_2/huawei/chinese-107_03.jpg,4200a2d62984310a7627611ca7da44c940912dae70fd46892fc968a315283840,chinese-107_03,digital_2,huawei,5,dob|doe|face|name_en,True,True,False,face_and_text,True,train/bonafide/huawei/chinese-107_03.jpg
train/attack/digital_2/iphone15pro/chinese-107_03.jpg,fbc95f12127ec10eb13442ba64b8351dcac8b75a57395ea581d8ddef20711a63,chinese-107_03,digital_2,iphone15pro,5,dob|doe|face|name_en,True,True,False,face_and_text,True,train/bonafide/iphone15pro/chinese-107_03.jpg
train/attack/digital_2/scan/chinese-107_03.jpg,7964430b5cfa7e2f959028e10a54a608c0a5c231152f62dfdfd02a5204b35990,chinese-107_03,digital_2,scan,5,dob|doe|face|name_en,True,True,False,face_and_text,True,train/bonafide/scan/chinese-107_03.jpg
train/attack/digital_1/huawei/chinese-NF-1014.jpg,de65cfbf4c1984435b77853f6e5718a0f8bb9fa1fa872dae8dbd476316969971,chinese-NF-1014,digital_1,huawei,5,dob|doe|face|name_en,True,True,False,face_and_text,True,train/bonafide/huawei/chinese-NF-1014.jpg
train/attack/digital_1/iphone15pro/chinese-NF-1014.jpg,f2d4bb0ffe4deb88fbb1e507247d2a585df6778298852dd66de86a5b67f99d2f,chinese-NF-1014,digital_1,iphone15pro,5,dob|doe|face|name_en,True,True,False,face_and_text,True,train/bonafide/iphone15pro/chinese-NF-1014.jpg
train/attack/digital_1/scan/chinese-NF-1014.jpg,553fc1ffa8c54141555477519ccdce3f191c9ace0c1bb8b43c02d175965175a6,chinese-NF-1014,digital_1,scan,5,dob|doe|face|name_en,True,True,False,face_and_text,True,train/bonafide/scan/chinese-NF-1014.jpg
train/attack/digital_2/huawei/chinese-NF-1014.jpg,086ce006392655d97e1e8688b4b3bda201848db8cef81cd3d986bb2165f523ca,chinese-NF-1014,digital_2,huawei,5,dob|doe|face|name_en,True,True,False,face_and_text,True,train/bonafide/huawei/chinese-NF-1014.jpg
train/attack/digital_2/iphone15pro/chinese-NF-1014.jpg,6be6860437c2283e0023bda6d8b28e1f7f0e48245cafa996590b3d7f7742d6e4,chinese-NF-1014,digital_2,iphone15pro,5,dob|doe|face|name_en,True,True,False,face_and_text,True,train/bonafide/iphone15pro/chinese-NF-1014.jpg
train/attack/digital_2/scan/chinese-NF-1014.jpg,a8cd5c93a2e0566bee8661bdad560a72ae0401ddfefbb8ae14067afed584b06e,chinese-NF-1014,digital_2,scan,5,dob|doe|face|name_en,True,True,False,face_and_text,True,train/bonafide/scan/chinese-NF-1014.jpg
train/attack/digital_1/huawei/chinese-NF-1023.jpg,5fbc98021be248bc5ca71bd748b03a441a45dc73fd5ba724cfa12b289020fcfc,chinese-NF-1023,digital_1,huawei,5,dob|doe|face|name_en,True,True,False,face_and_text,True,train/bonafide/huawei/chinese-NF-1023.jpg
train/attack/digital_1/iphone15pro/chinese-NF-1023.jpg,67ea2514834d8ce0df68ee561c09f117ee40e74760a0b944a3e49545e7210c53,chinese-NF-1023,digital_1,iphone15pro,5,dob|doe|face|name_en,True,True,False,face_and_text,True,train/bonafide/iphone15pro/chinese-NF-1023.jpg
train/attack/digital_1/scan/chinese-NF-1023.jpg,7afdaa3f3d728c2347aaf7826d1be6a1a129a24ed19b3a2843ac81580e8b4adb,chinese-NF-1023,digital_1,scan,5,dob|doe|face|name_en,True,True,False,face_and_text,True,train/bonafide/scan/chinese-NF-1023.jpg
train/attack/digital_2/huawei/chinese-NF-1023.jpg,af44a3e7f695b57b25b0d1d1fbc029ea03a7c9b821480d0d1901d7fb19def19f,chinese-NF-1023,digital_2,huawei,5,dob|doe|face|name_en,True,True,False,face_and_text,True,train/bonafide/huawei/chinese-NF-1023.jpg
train/attack/digital_2/iphone15pro/chinese-NF-1023.jpg,e66457deff1eed121ef3fa8fc8c6ce58133bb07368b92c70f1b79e0c2f52fb6f,chinese-NF-1023,digital_2,iphone15pro,5,dob|doe|face|name_en,True,True,False,face_and_text,True,train/bonafide/iphone15pro/chinese-NF-1023.jpg
train/attack/digital_2/scan/chinese-NF-1023.jpg,cfa4d1781cc8b22b92d1e28d9ae0e6bfaa2580785cd5637921e55a62edaa63fa,chinese-NF-1023,digital_2,scan,5,dob|doe|face|name_en,True,True,False,face_and_text,True,train/bonafide/scan/chinese-NF-1023.jpg
train/attack/digital_1/huawei/chinese-NF-1042.jpg,3ed7f7ace9302dcf2c19fb08e1aa5340b7e18389404df28ec3c08c02385df465,chinese-NF-1042,digital_1,huawei,5,dob|doe|face|name_en,True,True,False,face_and_text,True,train/bonafide/huawei/chinese-NF-1042.jpg
train/attack/digital_1/iphone15pro/chinese-NF-1042.jpg,bdd3104b25d21a2ad6b471a4d57a0645a7e7e19ca0db790e9e502c3be9c7b358,chinese-NF-1042,digital_1,iphone15pro,5,dob|doe|face|name_en,True,True,False,face_and_text,True,train/bonafide/iphone15pro/chinese-NF-1042.jpg
train/attack/digital_1/scan/chinese-NF-1042.jpg,63924a3c24476ddc4a3cb032865921f89067f11d082bd464a7fd5bfa8067f29a,chinese-NF-1042,digital_1,scan,5,dob|doe|face|name_en,True,True,False,face_and_text,True,train/bonafide/scan/chinese-NF-1042.jpg
train/attack/digital_2/huawei/chinese-NF-1042.jpg,a1b73c7a5c26ff19ae12da0b6b63efe73fde255cdbb7684e40e556feb2e27762,chinese-NF-1042,digital_2,huawei,5,dob|doe|face|name_en,True,True,False,face_and_text,True,train/bonafide/huawei/chinese-NF-1042.jpg
train/attack/digital_2/iphone15pro/chinese-NF-1042.jpg,633cd67dded5449899c70969575494b5acad15557dee03dc55dacb20a0c760ec,chinese-NF-1042,digital_2,iphone15pro,5,dob|doe|face|name_en,True,True,False,face_and_text,True,train/bonafide/iphone15pro/chinese-NF-1042.jpg
train/attack/digital_2/scan/chinese-NF-1042.jpg,8372b4097ffd03e6297e3f0859712a177844dd1e40076cdf6b22c732f1d792ed,chinese-NF-1042,digital_2,scan,5,dob|doe|face|name_en,True,True,False,face_and_text,True,train/bonafide/scan/chinese-NF-1042.jpg
train/attack/digital_1/huawei/chinese-NF-1059.jpg,4726cca8cbf5a6de0543c4833d4968b3d17498312fa71e86cf2a496d59738f42,chinese-NF-1059,digital_1,huawei,5,dob|doe|face|name_en,True,True,False,face_and_text,True,train/bonafide/huawei/chinese-NF-1059.jpg
train/attack/digital_1/iphone15pro/chinese-NF-1059.jpg,81985ac2c671405206c4f01e23b7f1591034df3d7612fa9b67f7a88a839a667d,chinese-NF-1059,digital_1,iphone15pro,5,dob|doe|face|name_en,True,True,False,face_and_text,True,train/bonafide/iphone15pro/chinese-NF-1059.jpg
train/attack/digital_1/scan/chinese-NF-1059.jpg,ef8f7bf5e0432462701a6f7736401bfe32531bab8af408bd25ce8c72925ff38c,chinese-NF-1059,digital_1,scan,5,dob|doe|face|name_en,True,True,False,face_and_text,True,train/bonafide/scan/chinese-NF-1059.jpg
train/attack/digital_2/huawei/chinese-NF-1059.jpg,e06098a43263dd322cfca085f581e6ee74891ad5cbf617a932063fae6316b33c,chinese-NF-1059,digital_2,huawei,5,dob|doe|face|name_en,True,True,False,face_and_text,True,train/bonafide/huawei/chinese-NF-1059.jpg
train/attack/digital_2/iphone15pro/chinese-NF-1059.jpg,83144cfeac4b97352141d6ba946534bbf81498c55e057fbae7ed7d9017aaa010,chinese-NF-1059,digital_2,iphone15pro,5,dob|doe|face|name_en,True,True,False,face_and_text,True,train/bonafide/iphone15pro/chinese-NF-1059.jpg
train/attack/digital_2/scan/chinese-NF-1059.jpg,d1768ebb7b02e16f015c0285ce8cd96ec5ea07c9108c4d55125b1354998ca168,chinese-NF-1059,digital_2,scan,5,dob|doe|face|name_en,True,True,False,face_and_text,True,train/bonafide/scan/chinese-NF-1059.jpg
train/attack/digital_1/huawei/chinese-NF-1067.jpg,a3497cd7a54363fb7f1977fdddbce57d40b91cdd1f56c41a39dbf3ae48c1a74c,chinese-NF-1067,digital_1,huawei,5,dob|doe|face|name_en,True,True,False,face_and_text,True,train/bonafide/huawei/chinese-NF-1067.jpg
train/attack/digital_1/iphone15pro/chinese-NF-1067.jpg,3e58b265f7d28d08d427ca9dfc2d8b86802ea6ddeb0b2edbde8153daf6ac4c50,chinese-NF-1067,digital_1,iphone15pro,5,dob|doe|face|name_en,True,True,False,face_and_text,True,train/bonafide/iphone15pro/chinese-NF-1067.jpg
train/attack/digital_1/scan/chinese-NF-1067.jpg,e96924deebc257a75fbbc35a63e37aa09d9716c7c57578991a54bca49d90bf72,chinese-NF-1067,digital_1,scan,5,dob|doe|face|name_en,True,True,False,face_and_text,True,train/bonafide/scan/chinese-NF-1067.jpg
train/attack/digital_2/huawei/chinese-NF-1067.jpg,c69a4f2d84d27285a0a8922b9f2383c75c4b7e8c350f2d64d42aec5bee85644a,chinese-NF-1067,digital_2,huawei,5,dob|doe|face|name_en,True,True,False,face_and_text,True,train/bonafide/huawei/chinese-NF-1067.jpg
train/attack/digital_2/iphone15pro/chinese-NF-1067.jpg,11352d7ebcd36b22745733ef5e4179b7c62722a23fd063cf4bdd2539940207c8,chinese-NF-1067,digital_2,iphone15pro,5,dob|doe|face|name_en,True,True,False,face_and_text,True,train/bonafide/iphone15pro/chinese-NF-1067.jpg
train/attack/digital_2/scan/chinese-NF-1067.jpg,65db7a636696a137a5379fb0abe11af340107106781b240783de6aed05dc58e1,chinese-NF-1067,digital_2,scan,5,dob|doe|face|name_en,True,True,False,face_and_text,True,train/bonafide/scan/chinese-NF-1067.jpg
train/attack/digital_1/huawei/chinese-NF-1072.jpg,81885aad8c314c711f1c865962e87efbfa16b3bb5159ac8d6e954fb5be358992,chinese-NF-1072,digital_1,huawei,5,dob|doe|face|name_en,True,True,False,face_and_text,True,train/bonafide/huawei/chinese-NF-1072.jpg
train/attack/digital_1/iphone15pro/chinese-NF-1072.jpg,236b675e4172b7fde7779d14d053ffc09102efb8109445f3d679d8f18cbd9d42,chinese-NF-1072,digital_1,iphone15pro,5,dob|doe|face|name_en,True,True,False,face_and_text,True,train/bonafide/iphone15pro/chinese-NF-1072.jpg
train/attack/digital_1/scan/chinese-NF-1072.jpg,664920cae0f70a44cb6184834c1e672955c0c5c559bf11001d38f01217315bc5,chinese-NF-1072,digital_1,scan,5,dob|doe|face|name_en,True,True,False,face_and_text,True,train/bonafide/scan/chinese-NF-1072.jpg
train/attack/digital_2/huawei/chinese-NF-1072.jpg,43c6f871b195e6e620c4ba8a0b08fbba0c1ab52895fb7862d98fa0234d8ef138,chinese-NF-1072,digital_2,huawei,5,dob|doe|face|name_en,True,True,False,face_and_text,True,train/bonafide/huawei/chinese-NF-1072.jpg
train/attack/digital_2/iphone15pro/chinese-NF-1072.jpg,7807264cc9abad450721c7b699803b586031187a8cfb3b6631300ad5ecd3a0c5,chinese-NF-1072,digital_2,iphone15pro,5,dob|doe|face|name_en,True,True,False,face_and_text,True,train/bonafide/iphone15pro/chinese-NF-1072.jpg
train/attack/digital_2/scan/chinese-NF-1072.jpg,85da6bc092e299cbf6c3d9f78dfcf728485ca3d055dd929fedca222a61fd8dd5,chinese-NF-1072,digital_2,scan,5,dob|doe|face|name_en,True,True,False,face_and_text,True,train/bonafide/scan/chinese-NF-1072.jpg
train/attack/digital_1/huawei/chinese-NF-1088.jpg,9b0a499a6e3deaf0f242a414132617355e2dbbefc5c2959554ed9730a79beafb,chinese-NF-1088,digital_1,huawei,5,dob|doe|face|name_en,True,True,False,face_and_text,True,train/bonafide/huawei/chinese-NF-1088.jpg
train/attack/digital_1/iphone15pro/chinese-NF-1088.jpg,f4dd53549bd649a7f8ba32c4dcde285050f59dc7510f2fcaa054d9734488d95b,chinese-NF-1088,digital_1,iphone15pro,5,dob|doe|face|name_en,True,True,False,face_and_text,True,train/bonafide/iphone15pro/chinese-NF-1088.jpg
train/attack/digital_1/scan/chinese-NF-1088.jpg,a61ca49d692787664ad6484941c31945c53f6d10ea66bf2f2f1bfff40af80368,chinese-NF-1088,digital_1,scan,5,dob|doe|face|name_en,True,True,False,face_and_text,True,train/bonafide/scan/chinese-NF-1088.jpg
train/attack/digital_2/huawei/chinese-NF-1088.jpg,f38769dba2059f3f3b8f49fb2e025eeef67cb67ecd0ebeddfd8ddc12037ad51a,chinese-NF-1088,digital_2,huawei,5,dob|doe|face|name_en,True,True,False,face_and_text,True,train/bonafide/huawei/chinese-NF-1088.jpg
train/attack/digital_2/iphone15pro/chinese-NF-1088.jpg,d6c29789a177e19aa2f5e45427a1df755b2e0dc26d0bad4e1a84698ed9455d7a,chinese-NF-1088,digital_2,iphone15pro,5,dob|doe|face|name_en,True,True,False,face_and_text,True,train/bonafide/iphone15pro/chinese-NF-1088.jpg
train/attack/digital_2/scan/chinese-NF-1088.jpg,16845d86d8adca31f5b6488d52b0b4f50a1aae07ac99d5c546ab9a9402dac992,chinese-NF-1088,digital_2,scan,5,dob|doe|face|name_en,True,True,False,face_and_text,True,train/bonafide/scan/chinese-NF-1088.jpg
train/attack/digital_1/huawei/chinese-NF-1101.jpg,a70654100795677fa8cfa3acb492a4226d9670e81a9535323b446e3bd89d3a85,chinese-NF-1101,digital_1,huawei,5,dob|doe|face|name_en,True,True,False,face_and_text,True,train/bonafide/huawei/chinese-NF-1101.jpg
train/attack/digital_1/iphone15pro/chinese-NF-1101.jpg,3913d701f3965857b2500ba8fcd8db7f6ae8e905d01d58256b5d8f0a95db6e2d,chinese-NF-1101,digital_1,iphone15pro,5,dob|doe|face|name_en,True,True,False,face_and_text,True,train/bonafide/iphone15pro/chinese-NF-1101.jpg
train/attack/digital_1/scan/chinese-NF-1101.jpg,e947310a88500b1ade158e8d4422cee47d96376da6fd3d334d1591d5a35dc4b5,chinese-NF-1101,digital_1,scan,5,dob|doe|face|name_en,True,True,False,face_and_text,True,train/bonafide/scan/chinese-NF-1101.jpg
train/attack/digital_2/huawei/chinese-NF-1101.jpg,708240926f3cfd4565f755232b1b7a2efe2c6909ef3e23e68f403b5c5f7d00cd,chinese-NF-1101,digital_2,huawei,5,dob|doe|face|name_en,True,True,False,face_and_text,True,train/bonafide/huawei/chinese-NF-1101.jpg
train/attack/digital_2/iphone15pro/chinese-NF-1101.jpg,4b5ff718b430059e575d09674d071db5a4e31d9c4297fb594864aeb570256748,chinese-NF-1101,digital_2,iphone15pro,5,dob|doe|face|name_en,True,True,False,face_and_text,True,train/bonafide/iphone15pro/chinese-NF-1101.jpg
train/attack/digital_2/scan/chinese-NF-1101.jpg,b89f59e0c5e0baa3bb6f5c95d98a0265b37fa2e7f12a504146f732c22fa885b1,chinese-NF-1101,digital_2,scan,5,dob|doe|face|name_en,True,True,False,face_and_text,True,train/bonafide/scan/chinese-NF-1101.jpg
train/attack/digital_1/huawei/french-022_03.jpg,bbdaa00b7f9130deb66f39e3b94372a94f6e210d26912e2aba55729181af115d,french-022_03,digital_1,huawei,4,dob|doe|face|name,True,True,False,face_and_text,True,train/bonafide/huawei/french-022_03.jpg
train/attack/digital_1/iphone15pro/french-022_03.jpg,cb6acb5d34284b84511072f415a3e47e18b511be762b750ca7e4d46686d315ca,french-022_03,digital_1,iphone15pro,4,dob|doe|face|name,True,True,False,face_and_text,True,train/bonafide/iphone15pro/french-022_03.jpg
train/attack/digital_1/scan/french-022_03.jpg,8d024046dc80152150573540dc56a9c4cbf4e2285ef5212b8d6ece042816e633,french-022_03,digital_1,scan,4,dob|doe|face|name,True,True,False,face_and_text,True,train/bonafide/scan/french-022_03.jpg
train/attack/digital_2/huawei/french-022_03.jpg,2bd538b283fd0fd4e683a2c601f453e9152b1ad0bc073ac13bc7a9704300778d,french-022_03,digital_2,huawei,4,dob|doe|face|name,True,True,False,face_and_text,True,train/bonafide/huawei/french-022_03.jpg
train/attack/digital_2/iphone15pro/french-022_03.jpg,207c3d9e485a3b87c46aaa82164f4f7ccf7b41c7c7051e67df74bba14935d425,french-022_03,digital_2,iphone15pro,4,dob|doe|face|name,True,True,False,face_and_text,True,train/bonafide/iphone15pro/french-022_03.jpg
train/attack/digital_2/scan/french-022_03.jpg,99a67a4179ca83ca9830573b3b9e792df8ffcd87ebea31f734cbb2a6adf4e73e,french-022_03,digital_2,scan,4,dob|doe|face|name,True,True,False,face_and_text,True,train/bonafide/scan/french-022_03.jpg
train/attack/digital_1/huawei/french-033_03.jpg,6841f58bd426e28c70e738ff904f85e023ecf372ac91dd5cb6486ea512e1d7d0,french-033_03,digital_1,huawei,4,alternative|dob|doe|face,True,True,False,face_and_text,True,train/bonafide/huawei/french-033_03.jpg
train/attack/digital_1/iphone15pro/french-033_03.jpg,b91d43f74f77c597fe8a19a27982cd3bc90e78b3ffab008436bc0a48da4248c8,french-033_03,digital_1,iphone15pro,4,alternative|dob|doe|face,True,True,False,face_and_text,True,train/bonafide/iphone15pro/french-033_03.jpg
train/attack/digital_1/scan/french-033_03.jpg,16c2c4937917f923ebf5a198f88807f5b6284912f476824b3217bd4ffe4c7e08,french-033_03,digital_1,scan,4,alternative|dob|doe|face,True,True,False,face_and_text,True,train/bonafide/scan/french-033_03.jpg
train/attack/digital_2/huawei/french-033_03.jpg,cbfa106ffeeafdc829ba8a48b1a7da5e584cedd952f2140d164c1c24ab28d003,french-033_03,digital_2,huawei,4,alternative|dob|doe|face,True,True,False,face_and_text,True,train/bonafide/huawei/french-033_03.jpg
train/attack/digital_2/iphone15pro/french-033_03.jpg,f00f115adbeefa0163cbb80bc36e434a50f6fd3bc99190fa9dfd23091d2aa008,french-033_03,digital_2,iphone15pro,4,alternative|dob|doe|face,True,True,False,face_and_text,True,train/bonafide/iphone15pro/french-033_03.jpg
train/attack/digital_2/scan/french-033_03.jpg,93d8236b26bfc3aa3f97c917486e6321279bbd637c9917b29dd2f6554876513e,french-033_03,digital_2,scan,4,alternative|dob|doe|face,True,True,False,face_and_text,True,train/bonafide/scan/french-033_03.jpg
train/attack/digital_1/huawei/french-044_03.jpg,9c605f12581fb513fede4a7eb2ae48eb416a5e72e99ae15d3f47ab202f9b475d,french-044_03,digital_1,huawei,4,dob|doe|face|name,True,True,False,face_and_text,True,train/bonafide/huawei/french-044_03.jpg
train/attack/digital_1/iphone15pro/french-044_03.jpg,9be8272bca6d65b7b157be585396fdd72d741827df96e2fe46bc89a74d25b86f,french-044_03,digital_1,iphone15pro,4,dob|doe|face|name,True,True,False,face_and_text,True,train/bonafide/iphone15pro/french-044_03.jpg
train/attack/digital_1/scan/french-044_03.jpg,b7d9c497445499914502c8526caf7a7cccd36e234bfbb71bf2e80158473084ec,french-044_03,digital_1,scan,4,dob|doe|face|name,True,True,False,face_and_text,True,train/bonafide/scan/french-044_03.jpg
train/attack/digital_2/huawei/french-044_03.jpg,ce73473b15bc0d7d4313a446cf0636d039fbc06d5a4be1cabcc5ed32a59b8491,french-044_03,digital_2,huawei,4,dob|doe|face|name,True,True,False,face_and_text,True,train/bonafide/huawei/french-044_03.jpg
train/attack/digital_2/iphone15pro/french-044_03.jpg,957b50bf4a5604282612d0f604ef780c3b131b67b71ce259ce124a286c377b37,french-044_03,digital_2,iphone15pro,4,dob|doe|face|name,True,True,False,face_and_text,True,train/bonafide/iphone15pro/french-044_03.jpg
train/attack/digital_2/scan/french-044_03.jpg,399c84ec2ba8755e4943722b51a7ff5a9c0c3edc39c185552d7c5060ee844da6,french-044_03,digital_2,scan,4,dob|doe|face|name,True,True,False,face_and_text,True,train/bonafide/scan/french-044_03.jpg
train/attack/digital_1/huawei/french-068_03.jpg,d6d55b31e12b98aa5e4230aec47da6ca78b2dde33bdc3f43785aa77a49f3ae97,french-068_03,digital_1,huawei,4,dob|doe|face|name,True,True,False,face_and_text,True,train/bonafide/huawei/french-068_03.jpg
train/attack/digital_1/iphone15pro/french-068_03.jpg,7b46abe894bb4c7a7995de7b36c36aa4cc3120a847767d01a1392271a447a46b,french-068_03,digital_1,iphone15pro,4,dob|doe|face|name,True,True,False,face_and_text,True,train/bonafide/iphone15pro/french-068_03.jpg
train/attack/digital_1/scan/french-068_03.jpg,ccb51c978ec572d47bb7a7b91436cde11cb15f33fa2d40809b45816205f9ae29,french-068_03,digital_1,scan,4,dob|doe|face|name,True,True,False,face_and_text,True,train/bonafide/scan/french-068_03.jpg
train/attack/digital_2/huawei/french-068_03.jpg,f01a7dc238b2460b2734faf22e485127f74390804b48edf028493ff05ba8a88f,french-068_03,digital_2,huawei,4,dob|doe|face|name,True,True,False,face_and_text,True,train/bonafide/huawei/french-068_03.jpg
train/attack/digital_2/iphone15pro/french-068_03.jpg,8a8b8532b5eca68c0d33bd7474c29baf60100e748734ba456109f57e139deab8,french-068_03,digital_2,iphone15pro,4,dob|doe|face|name,True,True,False,face_and_text,True,train/bonafide/iphone15pro/french-068_03.jpg
train/attack/digital_2/scan/french-068_03.jpg,e0f615c2b8b19ed7baeb3e333e4cc8b2edb3bf552111f975a6d040f2fc7f98d7,french-068_03,digital_2,scan,4,dob|doe|face|name,True,True,False,face_and_text,True,train/bonafide/scan/french-068_03.jpg
train/attack/digital_1/huawei/french-090_03.jpg,eb174f6a2e0f2100e55a73249627144778124ab40534a7b1c06ec60cec8e99cf,french-090_03,digital_1,huawei,4,dob|doe|face|name,True,True,False,face_and_text,True,train/bonafide/huawei/french-090_03.jpg
train/attack/digital_1/iphone15pro/french-090_03.jpg,4ffb37ad7a4aab2af35ee90dee747df60dbbe350af4c281e7e3fe92fc72d3947,french-090_03,digital_1,iphone15pro,4,dob|doe|face|name,True,True,False,face_and_text,True,train/bonafide/iphone15pro/french-090_03.jpg
train/attack/digital_1/scan/french-090_03.jpg,dbfc1af75ddd8726ac5ab5367f804142cfcb2691489f98b3b979ddc7f6dbfe11,french-090_03,digital_1,scan,4,dob|doe|face|name,True,True,False,face_and_text,True,train/bonafide/scan/french-090_03.jpg
train/attack/digital_2/huawei/french-090_03.jpg,e2e989a0bc12f209d87b1fe31998f0f4ee33a157fb301f2a1742f9175e59e49e,french-090_03,digital_2,huawei,4,dob|doe|face|name,True,True,False,face_and_text,True,train/bonafide/huawei/french-090_03.jpg
train/attack/digital_2/iphone15pro/french-090_03.jpg,a029b458c787d86d7997e9af27640ceef42d4e956aba2edccaf905813e562456,french-090_03,digital_2,iphone15pro,4,dob|doe|face|name,True,True,False,face_and_text,True,train/bonafide/iphone15pro/french-090_03.jpg
train/attack/digital_2/scan/french-090_03.jpg,00296f5ffc59f5149e9ca6e9fa84daa8e5855fe5b7f678488ac981d4be59c855,french-090_03,digital_2,scan,4,dob|doe|face|name,True,True,False,face_and_text,True,train/bonafide/scan/french-090_03.jpg
train/attack/digital_1/huawei/french-091_03.jpg,2c2ef1c71a864741e2e91a6a165111535b670fe7099c9e4eb1f2c3e4e8468540,french-091_03,digital_1,huawei,4,alternative|dob|doe|face,True,True,False,face_and_text,True,train/bonafide/huawei/french-091_03.jpg
train/attack/digital_1/iphone15pro/french-091_03.jpg,2866f2af73dd82bb1b409179f92dea1f7a9d664268b243f70606ab6d115dceb0,french-091_03,digital_1,iphone15pro,4,alternative|dob|doe|face,True,True,False,face_and_text,True,train/bonafide/iphone15pro/french-091_03.jpg
train/attack/digital_1/scan/french-091_03.jpg,555123b2e7ecd3b1422f0e9be78217521f869967db184396cea160d396fee505,french-091_03,digital_1,scan,4,alternative|dob|doe|face,True,True,False,face_and_text,True,train/bonafide/scan/french-091_03.jpg
train/attack/digital_2/huawei/french-091_03.jpg,e11a3992a8f947d888c32ab03ae1909c0b895ac4a1348b24f0438a6742ac53bf,french-091_03,digital_2,huawei,4,alternative|dob|doe|face,True,True,False,face_and_text,True,train/bonafide/huawei/french-091_03.jpg
train/attack/digital_2/iphone15pro/french-091_03.jpg,9cd76c3e50f30297b59028129f9359f23646b20d9c0ca7c728a9eecd02daa317,french-091_03,digital_2,iphone15pro,4,alternative|dob|doe|face,True,True,False,face_and_text,True,train/bonafide/iphone15pro/french-091_03.jpg
train/attack/digital_2/scan/french-091_03.jpg,897f1e5386b34fabee56f96fcc78ab4de77d713b333bf5b9a2f6a1e0ed929906,french-091_03,digital_2,scan,4,alternative|dob|doe|face,True,True,False,face_and_text,True,train/bonafide/scan/french-091_03.jpg
train/attack/digital_1/huawei/french-097_03.jpg,30d76f2586ed727faa9d0cf83cc6c30d8cbf7fb0a0739f2fae8993f452ad8947,french-097_03,digital_1,huawei,4,alternative|dob|doe|face,True,True,False,face_and_text,True,train/bonafide/huawei/french-097_03.jpg
train/attack/digital_1/iphone15pro/french-097_03.jpg,c36d06c7650c9759b3fb35102ded14cce6cbbc92fdcb4a564988e71c1c313b44,french-097_03,digital_1,iphone15pro,4,alternative|dob|doe|face,True,True,False,face_and_text,True,train/bonafide/iphone15pro/french-097_03.jpg
train/attack/digital_1/scan/french-097_03.jpg,d75f538545a7551f2284861d2752d2e6593bad036054e0be5a4b6fbaf365722f,french-097_03,digital_1,scan,4,alternative|dob|doe|face,True,True,False,face_and_text,True,train/bonafide/scan/french-097_03.jpg
train/attack/digital_2/huawei/french-097_03.jpg,a77c5be7bd72024bc7fd0151fdd8cd76ee3edabe05adb4fd4e657667d425316e,french-097_03,digital_2,huawei,4,alternative|dob|doe|face,True,True,False,face_and_text,True,train/bonafide/huawei/french-097_03.jpg
train/attack/digital_2/iphone15pro/french-097_03.jpg,248300b6c58af2d5aea2f07ec87375e79e3d9fa496396ba4892c1e9085db39ba,french-097_03,digital_2,iphone15pro,4,alternative|dob|doe|face,True,True,False,face_and_text,True,train/bonafide/iphone15pro/french-097_03.jpg
train/attack/digital_2/scan/french-097_03.jpg,7814a811d90bf7a743e417a76f9df73af5eb1d27a6c42e7dcc48b4991fbd441d,french-097_03,digital_2,scan,4,alternative|dob|doe|face,True,True,False,face_and_text,True,train/bonafide/scan/french-097_03.jpg
train/attack/digital_1/huawei/french-100_03.jpg,a11acaeaf8d1f8ecb2b380bf929be5bc53ae8546899b88eb15a54405d3fda43d,french-100_03,digital_1,huawei,4,alternative|dob|doe|face,True,True,False,face_and_text,True,train/bonafide/huawei/french-100_03.jpg
train/attack/digital_1/iphone15pro/french-100_03.jpg,751a4633ce65d5aa1e57e477f504c952c9a78867af4a399ec0830097d02a5adf,french-100_03,digital_1,iphone15pro,4,alternative|dob|doe|face,True,True,False,face_and_text,True,train/bonafide/iphone15pro/french-100_03.jpg
train/attack/digital_1/scan/french-100_03.jpg,337d2be177e6aa59acbb76a102b529d7d27259401e730a942a8330458f5014f8,french-100_03,digital_1,scan,4,alternative|dob|doe|face,True,True,False,face_and_text,True,train/bonafide/scan/french-100_03.jpg
train/attack/digital_2/huawei/french-100_03.jpg,6030ce7b501bf84e509fc11089a258714fee7c26e5ec3a1f5f318ef45d4423ff,french-100_03,digital_2,huawei,4,alternative|dob|doe|face,True,True,False,face_and_text,True,train/bonafide/huawei/french-100_03.jpg
train/attack/digital_2/iphone15pro/french-100_03.jpg,698ae1fb2942692834b0d84d07b0a02e90da12a2754521ca452ef21a56789e76,french-100_03,digital_2,iphone15pro,4,alternative|dob|doe|face,True,True,False,face_and_text,True,train/bonafide/iphone15pro/french-100_03.jpg
train/attack/digital_2/scan/french-100_03.jpg,cb0dc05c5ccb45168e9c420626e7e921e4f33efa6bdd2a25da341cd30934fa49,french-100_03,digital_2,scan,4,alternative|dob|doe|face,True,True,False,face_and_text,True,train/bonafide/scan/french-100_03.jpg
train/attack/digital_1/huawei/french-118_03.jpg,dff046d17e7c9f2fb0ef323819016ee2f9a3e300e3c0b5c111046b5e500a8871,french-118_03,digital_1,huawei,4,alternative|dob|doe|face,True,True,False,face_and_text,True,train/bonafide/huawei/french-118_03.jpg
train/attack/digital_1/iphone15pro/french-118_03.jpg,4f44ed532ccbfef5f1c434f9bb2dc7dfaefc80ea2778d25386316e6b86002dfb,french-118_03,digital_1,iphone15pro,4,alternative|dob|doe|face,True,True,False,face_and_text,True,train/bonafide/iphone15pro/french-118_03.jpg
train/attack/digital_1/scan/french-118_03.jpg,ae505b528e658c4a4331cc1896a954c7be88869d89518d0d7b47e6421968a33f,french-118_03,digital_1,scan,4,alternative|dob|doe|face,True,True,False,face_and_text,True,train/bonafide/scan/french-118_03.jpg
train/attack/digital_2/huawei/french-118_03.jpg,ac81287169773689f2d0f1c47816767f9f4b2804fac64f80b7a0ba43cd62bdd8,french-118_03,digital_2,huawei,4,alternative|dob|doe|face,True,True,False,face_and_text,True,train/bonafide/huawei/french-118_03.jpg
train/attack/digital_2/iphone15pro/french-118_03.jpg,7feffab1d5c3cefd8517e544af1008f7dd4e98c8a1ac5e346be81e91d7895aa9,french-118_03,digital_2,iphone15pro,4,alternative|dob|doe|face,True,True,False,face_and_text,True,train/bonafide/iphone15pro/french-118_03.jpg
train/attack/digital_2/scan/french-118_03.jpg,e1c2b08dd1f81285b6610e4e0cfd933a59c1b04ca77998f639ad71f151f37591,french-118_03,digital_2,scan,4,alternative|dob|doe|face,True,True,False,face_and_text,True,train/bonafide/scan/french-118_03.jpg
train/attack/digital_1/huawei/french-135_03.jpg,e22960f43ad7d4a2d449384bdd5e6c3af9bb5fc428eec7329ce2c2f7eef128c9,french-135_03,digital_1,huawei,4,alternative|dob|doe|face,True,True,False,face_and_text,True,train/bonafide/huawei/french-135_03.jpg
train/attack/digital_1/iphone15pro/french-135_03.jpg,305c7ce8eca73791085a32ed563cd931f60397fc7e2f1177b4cb25f6aad5304a,french-135_03,digital_1,iphone15pro,4,alternative|dob|doe|face,True,True,False,face_and_text,True,train/bonafide/iphone15pro/french-135_03.jpg
train/attack/digital_1/scan/french-135_03.jpg,6ce4139f4c9673c911c27c807c991a5af044083441e5b63664863f186aa8ceed,french-135_03,digital_1,scan,4,alternative|dob|doe|face,True,True,False,face_and_text,True,train/bonafide/scan/french-135_03.jpg
train/attack/digital_2/huawei/french-135_03.jpg,7f6942242c1dd1560288ad99af0819dbbc57c08b4e0edd4f4fc03a32efdd60d1,french-135_03,digital_2,huawei,4,alternative|dob|doe|face,True,True,False,face_and_text,True,train/bonafide/huawei/french-135_03.jpg
train/attack/digital_2/iphone15pro/french-135_03.jpg,ad43a69357701ef8ab1937cba134c4a60668a283394765259a4d5e579956e6d6,french-135_03,digital_2,iphone15pro,4,alternative|dob|doe|face,True,True,False,face_and_text,True,train/bonafide/iphone15pro/french-135_03.jpg
train/attack/digital_2/scan/french-135_03.jpg,19781cae77bc6f7943cabab52eceda1763f0fcec4a92f05fbe90265eff1d1af7,french-135_03,digital_2,scan,4,alternative|dob|doe|face,True,True,False,face_and_text,True,train/bonafide/scan/french-135_03.jpg
train/attack/digital_1/huawei/french-NF-1020.jpg,81c9ce0093a37fb3d7260f7dd5f3ccf29f8b7494dd36d1da1a864e29d4c27c37,french-NF-1020,digital_1,huawei,4,alternative|dob|doe|face,True,True,False,face_and_text,True,train/bonafide/huawei/french-NF-1020.jpg
train/attack/digital_1/iphone15pro/french-NF-1020.jpg,c0d250073b4d393ac4ebf0866ca1a024250974ccdbf09bf1f2a48a021043d18a,french-NF-1020,digital_1,iphone15pro,4,alternative|dob|doe|face,True,True,False,face_and_text,True,train/bonafide/iphone15pro/french-NF-1020.jpg
train/attack/digital_1/scan/french-NF-1020.jpg,19f78c225e33003ae2e43406a8c72921525012ca0b96d86cf4472fd28e4411cc,french-NF-1020,digital_1,scan,4,alternative|dob|doe|face,True,True,False,face_and_text,True,train/bonafide/scan/french-NF-1020.jpg
train/attack/digital_2/huawei/french-NF-1020.jpg,065e1a4541be1cd1dda210fe6bd858314349935fe2605c702ac09d4a63b0daba,french-NF-1020,digital_2,huawei,4,alternative|dob|doe|face,True,True,False,face_and_text,True,train/bonafide/huawei/french-NF-1020.jpg
train/attack/digital_2/iphone15pro/french-NF-1020.jpg,def352592514eb3c4cd8ef493dcc47b8005ea934ef8b0bb41786505b7164a4a2,french-NF-1020,digital_2,iphone15pro,4,alternative|dob|doe|face,True,True,False,face_and_text,True,train/bonafide/iphone15pro/french-NF-1020.jpg
train/attack/digital_2/scan/french-NF-1020.jpg,4671583b907daa212b1e89abd89027a8274ddbb9310b1acc63b57b1d52c290c3,french-NF-1020,digital_2,scan,4,alternative|dob|doe|face,True,True,False,face_and_text,True,train/bonafide/scan/french-NF-1020.jpg
train/attack/digital_1/huawei/french-NF-1056.jpg,2459f8ae6cb465076f5cadca9a77534215f08deef9f4aab244bc1f164ef33a03,french-NF-1056,digital_1,huawei,4,alternative|dob|doe|face,True,True,False,face_and_text,True,train/bonafide/huawei/french-NF-1056.jpg
train/attack/digital_1/iphone15pro/french-NF-1056.jpg,d4d4527027d325667f30becc02a06bf9f5eaf05865615655e4647b875566b987,french-NF-1056,digital_1,iphone15pro,4,alternative|dob|doe|face,True,True,False,face_and_text,True,train/bonafide/iphone15pro/french-NF-1056.jpg
train/attack/digital_1/scan/french-NF-1056.jpg,81ba7a632ceee26ba92507e1fd549218c847d2d3b1a0b0d39d0d648a6ae5e804,french-NF-1056,digital_1,scan,4,alternative|dob|doe|face,True,True,False,face_and_text,True,train/bonafide/scan/french-NF-1056.jpg
train/attack/digital_2/huawei/french-NF-1056.jpg,770a2e4021facf5dfce77b990e6c896c5d3eee75633d6f96a58efc5bc3cc0b24,french-NF-1056,digital_2,huawei,4,alternative|dob|doe|face,True,True,False,face_and_text,True,train/bonafide/huawei/french-NF-1056.jpg
train/attack/digital_2/iphone15pro/french-NF-1056.jpg,e14be90890b394c5b5d3e3b35df7f1c0832fe06e42a7705553b4faad6509a0d4,french-NF-1056,digital_2,iphone15pro,4,alternative|dob|doe|face,True,True,False,face_and_text,True,train/bonafide/iphone15pro/french-NF-1056.jpg
train/attack/digital_2/scan/french-NF-1056.jpg,0b52c8f0b3ea967eb61a98fa5d75303bff8af9823a6f099f9c178e2bd64ad3c0,french-NF-1056,digital_2,scan,4,alternative|dob|doe|face,True,True,False,face_and_text,True,train/bonafide/scan/french-NF-1056.jpg
train/attack/digital_1/huawei/french-NF-1063.jpg,470508d77b3fde0ec707990ecedd723e18eb1ac4cfa68005415ddb98d51a755b,french-NF-1063,digital_1,huawei,4,alternative|dob|doe|face,True,True,False,face_and_text,True,train/bonafide/huawei/french-NF-1063.jpg
train/attack/digital_1/iphone15pro/french-NF-1063.jpg,096a0fc708f43ad6f27cacf1b664d06a8ce676b9d52c26dbec275fd8233110ef,french-NF-1063,digital_1,iphone15pro,4,alternative|dob|doe|face,True,True,False,face_and_text,True,train/bonafide/iphone15pro/french-NF-1063.jpg
train/attack/digital_1/scan/french-NF-1063.jpg,76e819f7131d3ec5e4a3f595eada782e91f39ddebb7d95ef3a4868995ab0761c,french-NF-1063,digital_1,scan,4,alternative|dob|doe|face,True,True,False,face_and_text,True,train/bonafide/scan/french-NF-1063.jpg
train/attack/digital_2/huawei/french-NF-1063.jpg,be3f601847d0ae9390c878603cfcd74003fecb85db4c73f6f0cc7a656d2125b7,french-NF-1063,digital_2,huawei,4,alternative|dob|doe|face,True,True,False,face_and_text,True,train/bonafide/huawei/french-NF-1063.jpg
train/attack/digital_2/iphone15pro/french-NF-1063.jpg,305d0d93b89cb5693947534b09b28275c31e0e2f8fa92edc40777a26ab619073,french-NF-1063,digital_2,iphone15pro,4,alternative|dob|doe|face,True,True,False,face_and_text,True,train/bonafide/iphone15pro/french-NF-1063.jpg
train/attack/digital_2/scan/french-NF-1063.jpg,406a838843945212019381a658e56c7682c6a4791b2ed5887349da20aba441f1,french-NF-1063,digital_2,scan,4,alternative|dob|doe|face,True,True,False,face_and_text,True,train/bonafide/scan/french-NF-1063.jpg
train/attack/digital_1/huawei/french-NF-1095.jpg,64cdd32211d3a6476c5d8c1a506d9a27a1e54e5434d542eb0bd130a8081a2ffe,french-NF-1095,digital_1,huawei,4,dob|doe|face|name,True,True,False,face_and_text,True,train/bonafide/huawei/french-NF-1095.jpg
train/attack/digital_1/iphone15pro/french-NF-1095.jpg,34ecc7c2d309f8a1494fee5668a1ff2e2ef64f794766c1dd316f36d0ab2b682e,french-NF-1095,digital_1,iphone15pro,4,dob|doe|face|name,True,True,False,face_and_text,True,train/bonafide/iphone15pro/french-NF-1095.jpg
train/attack/digital_1/scan/french-NF-1095.jpg,b21800c41ef36961b4126bafa8e889c6a6bf79635b12ab623f438ee2ccfcdde3,french-NF-1095,digital_1,scan,4,dob|doe|face|name,True,True,False,face_and_text,True,train/bonafide/scan/french-NF-1095.jpg
train/attack/digital_2/huawei/french-NF-1095.jpg,b84a541146b1b1cf323cd506c35735f3c40501da842c5dc086714d7a7a627e92,french-NF-1095,digital_2,huawei,4,dob|doe|face|name,True,True,False,face_and_text,True,train/bonafide/huawei/french-NF-1095.jpg
train/attack/digital_2/iphone15pro/french-NF-1095.jpg,3ef7794e9d292da5ea9da00b674bfefc90aa8699a6dcb8d4f17a95daf2482bab,french-NF-1095,digital_2,iphone15pro,4,dob|doe|face|name,True,True,False,face_and_text,True,train/bonafide/iphone15pro/french-NF-1095.jpg
train/attack/digital_2/scan/french-NF-1095.jpg,e99016e5d89650270dd7e1e11dc91b59ecafa36e513489d7aaa744d43ae89ab5,french-NF-1095,digital_2,scan,4,dob|doe|face|name,True,True,False,face_and_text,True,train/bonafide/scan/french-NF-1095.jpg
train/attack/digital_1/huawei/french-NF-1110.jpg,e806eba28147e95d1da00355a896d395e861f238ef8ac19673b34cdcfd9a3ee9,french-NF-1110,digital_1,huawei,4,dob|doe|face|name,True,True,False,face_and_text,True,train/bonafide/huawei/french-NF-1110.jpg
train/attack/digital_1/iphone15pro/french-NF-1110.jpg,bccb312bfd81fb8ece8931d8f78b38d3f173e017a83fbcca4d6053239bc4adf3,french-NF-1110,digital_1,iphone15pro,4,dob|doe|face|name,True,True,False,face_and_text,True,train/bonafide/iphone15pro/french-NF-1110.jpg
train/attack/digital_1/scan/french-NF-1110.jpg,35133079489e3c99394d3929913005bde343934e8947880c913224ceac5d82c4,french-NF-1110,digital_1,scan,4,dob|doe|face|name,True,True,False,face_and_text,True,train/bonafide/scan/french-NF-1110.jpg
train/attack/digital_2/huawei/french-NF-1110.jpg,c20dea4265521283f13cf41f5e000dbc5ce06e91dbc3b1ee69fc1a01e467ced7,french-NF-1110,digital_2,huawei,4,dob|doe|face|name,True,True,False,face_and_text,True,train/bonafide/huawei/french-NF-1110.jpg
train/attack/digital_2/iphone15pro/french-NF-1110.jpg,05c006dae0fb76be5ba0f36684d259512995a6ba8df1689032c4e6955c713032,french-NF-1110,digital_2,iphone15pro,4,dob|doe|face|name,True,True,False,face_and_text,True,train/bonafide/iphone15pro/french-NF-1110.jpg
train/attack/digital_2/scan/french-NF-1110.jpg,fd67866a0d66a906da37fa60e193d78a470a08eb1273f518ba485816f959ebcb,french-NF-1110,digital_2,scan,4,dob|doe|face|name,True,True,False,face_and_text,True,train/bonafide/scan/french-NF-1110.jpg
train/attack/digital_1/huawei/french-NM-1070.jpg,2655312b378174beab16f1f70a211a30a914cb607745c9829b124a329b9fb045,french-NM-1070,digital_1,huawei,4,alternative|dob|doe|face,True,True,False,face_and_text,True,train/bonafide/huawei/french-NM-1070.jpg
train/attack/digital_1/iphone15pro/french-NM-1070.jpg,581234a91cfb4873ee82c28a17e00985c8ea4c9399768b0e1682ac7ef7eab7b6,french-NM-1070,digital_1,iphone15pro,4,alternative|dob|doe|face,True,True,False,face_and_text,True,train/bonafide/iphone15pro/french-NM-1070.jpg
train/attack/digital_1/scan/french-NM-1070.jpg,f3c7a2d3ded77a16a08e88e19d156b5e5b43d46dda845649efab9ac2ee7ce84e,french-NM-1070,digital_1,scan,4,alternative|dob|doe|face,True,True,False,face_and_text,True,train/bonafide/scan/french-NM-1070.jpg
train/attack/digital_2/huawei/french-NM-1070.jpg,4cbe88e0789321af583a2ba9fff0dbf2b5570a1899cccb18830de6bc092ef097,french-NM-1070,digital_2,huawei,4,alternative|dob|doe|face,True,True,False,face_and_text,True,train/bonafide/huawei/french-NM-1070.jpg
train/attack/digital_2/iphone15pro/french-NM-1070.jpg,e789240d84c33afa0d417f8b699de0ba3576a2b9f156f8a4d693dcc518246a94,french-NM-1070,digital_2,iphone15pro,4,alternative|dob|doe|face,True,True,False,face_and_text,True,train/bonafide/iphone15pro/french-NM-1070.jpg
train/attack/digital_2/scan/french-NM-1070.jpg,37a8ce399c0156c9253ceb771377f776f4ddd811f8b50431f8c912968ee4bccd,french-NM-1070,digital_2,scan,4,alternative|dob|doe|face,True,True,False,face_and_text,True,train/bonafide/scan/french-NM-1070.jpg
train/attack/digital_1/huawei/french-NM-1104.jpg,b0347a66aa6c34e1ed1cd674546703fca3e9baec6b2f72de364290b8d40dfc91,french-NM-1104,digital_1,huawei,4,dob|doe|face|name,True,True,False,face_and_text,True,train/bonafide/huawei/french-NM-1104.jpg
train/attack/digital_1/iphone15pro/french-NM-1104.jpg,62168b4a0d526e744d99402bb68e77f5234b28f1afb97a454797f4c75c73eacc,french-NM-1104,digital_1,iphone15pro,4,dob|doe|face|name,True,True,False,face_and_text,True,train/bonafide/iphone15pro/french-NM-1104.jpg
train/attack/digital_1/scan/french-NM-1104.jpg,ef83dbd5710a3daca8aa6cdf830fa98ec2d9ad2891237c7ef9324e996f4494ce,french-NM-1104,digital_1,scan,4,dob|doe|face|name,True,True,False,face_and_text,True,train/bonafide/scan/french-NM-1104.jpg
train/attack/digital_2/huawei/french-NM-1104.jpg,a1af5e50fab2c8b3f00670ea9f571e1bef1d21acd3a371b59d6010d2993a4e2a,french-NM-1104,digital_2,huawei,4,dob|doe|face|name,True,True,False,face_and_text,True,train/bonafide/huawei/french-NM-1104.jpg
train/attack/digital_2/iphone15pro/french-NM-1104.jpg,8138e631ef45d9616e1533f3de2a7459f2ff9f7610a22c62cbb9be5b4bed6bca,french-NM-1104,digital_2,iphone15pro,4,dob|doe|face|name,True,True,False,face_and_text,True,train/bonafide/iphone15pro/french-NM-1104.jpg
train/attack/digital_2/scan/french-NM-1104.jpg,c0454d255e183f7435d8025f04e57b4389dea345c5c6fd88b38322f3ca811a86,french-NM-1104,digital_2,scan,4,dob|doe|face|name,True,True,False,face_and_text,True,train/bonafide/scan/french-NM-1104.jpg
train/attack/digital_1/huawei/indian-012_03.jpg,2035edd3c2d86cc4da20b0340684a404ea9832f172b3dbd580149250b9181e55,indian-012_03,digital_1,huawei,4,dob|doe|face|name,True,True,False,face_and_text,True,train/bonafide/huawei/indian-012_03.jpg
train/attack/digital_1/iphone15pro/indian-012_03.jpg,54f7f508e98bfef10ecec0008bfd2364852340d8a45af4a03b928742c5d88f5e,indian-012_03,digital_1,iphone15pro,4,dob|doe|face|name,True,True,False,face_and_text,True,train/bonafide/iphone15pro/indian-012_03.jpg
train/attack/digital_1/scan/indian-012_03.jpg,47462a2521fc278a6d699026c157072edf341a9f0867d5e323731a0b2703a75e,indian-012_03,digital_1,scan,5,dob|doe|face|name,True,True,False,face_and_text,True,train/bonafide/scan/indian-012_03.jpg
train/attack/digital_2/huawei/indian-012_03.jpg,061f182a135e8975056fe732ad12b2a57a2b0751c1b38abf0442b6231be0269c,indian-012_03,digital_2,huawei,5,dob|doe|face|name,True,True,False,face_and_text,True,train/bonafide/huawei/indian-012_03.jpg
train/attack/digital_2/iphone15pro/indian-012_03.jpg,c1277eec0f3bc21ce8b54a1d857cc9e5e8df6a3b8d82e28d14bfa23f69249512,indian-012_03,digital_2,iphone15pro,5,dob|doe|face|name,True,True,False,face_and_text,True,train/bonafide/iphone15pro/indian-012_03.jpg
train/attack/digital_2/scan/indian-012_03.jpg,5a2bcab6866a5bc106ab10d63fbaeafedab2a6c3a26b34d2eec912aa0fc98dae,indian-012_03,digital_2,scan,5,dob|doe|face|name,True,True,False,face_and_text,True,train/bonafide/scan/indian-012_03.jpg
train/attack/digital_1/huawei/indian-037_03.jpg,4f741148c9cc5be28e2b9a4bdf0342a52306639be669d3efbbca86fdbd76320a,indian-037_03,digital_1,huawei,4,dob|doe|face|name,True,True,False,face_and_text,True,train/bonafide/huawei/indian-037_03.jpg
train/attack/digital_1/iphone15pro/indian-037_03.jpg,e2384ddad3e0aab41a766f4a0ce34a0c15357b1f10fbd6372380730122f5be9e,indian-037_03,digital_1,iphone15pro,4,dob|doe|face|name,True,True,False,face_and_text,True,train/bonafide/iphone15pro/indian-037_03.jpg
train/attack/digital_1/scan/indian-037_03.jpg,2a9e2c25cf2480cf20aaedfe4a26c69e786ccb4cdffda6738ea6ce524153b1fa,indian-037_03,digital_1,scan,4,dob|doe|face|name,True,True,False,face_and_text,True,train/bonafide/scan/indian-037_03.jpg
train/attack/digital_2/huawei/indian-037_03.jpg,69982f9ca8cd15977d7db03ef5ea5842045e4e9e7016886feb5496ecdbd2ba3b,indian-037_03,digital_2,huawei,4,dob|doe|face|name,True,True,False,face_and_text,True,train/bonafide/huawei/indian-037_03.jpg
train/attack/digital_2/iphone15pro/indian-037_03.jpg,6631d40a64fdfff4772f5fb7df49047c540a0d7ab6a64cdf3e0aa27309c272c7,indian-037_03,digital_2,iphone15pro,4,dob|doe|face|name,True,True,False,face_and_text,True,train/bonafide/iphone15pro/indian-037_03.jpg
train/attack/digital_2/scan/indian-037_03.jpg,7b2ba9e297f676a4e2de7640462cc0b84d9e640c7610dc96870de9587710d1a9,indian-037_03,digital_2,scan,4,dob|doe|face|name,True,True,False,face_and_text,True,train/bonafide/scan/indian-037_03.jpg
train/attack/digital_1/huawei/indian-038_03.jpg,40868a91790ef850322a084a859efbd6cb11660f6139a45b4b59566e97239af0,indian-038_03,digital_1,huawei,5,dob|doe|face|name,True,True,False,face_and_text,True,train/bonafide/huawei/indian-038_03.jpg
train/attack/digital_1/iphone15pro/indian-038_03.jpg,fc2228bb2565e25c57c3fb6a55dff5346717f71bcd81f5ee36b0d7472997bc77,indian-038_03,digital_1,iphone15pro,4,dob|doe|face|name,True,True,False,face_and_text,True,train/bonafide/iphone15pro/indian-038_03.jpg
train/attack/digital_1/scan/indian-038_03.jpg,41631a9ac9c98565a452d241474d4354d98c343c26a50d7e5df70a825848fbc9,indian-038_03,digital_1,scan,4,dob|doe|face|name,True,True,False,face_and_text,True,train/bonafide/scan/indian-038_03.jpg
train/attack/digital_2/huawei/indian-038_03.jpg,e393d4d2d4de7e3cb5bde6eaa5977afedd666024e9c8c147cf406cc032339bc9,indian-038_03,digital_2,huawei,4,dob|doe|face|name,True,True,False,face_and_text,True,train/bonafide/huawei/indian-038_03.jpg
train/attack/digital_2/iphone15pro/indian-038_03.jpg,dd93f57d17db2784c0b06b1ec619ad2d6e4362f21beebd804fd2619346dfe814,indian-038_03,digital_2,iphone15pro,5,dob|doe|face|name,True,True,False,face_and_text,True,train/bonafide/iphone15pro/indian-038_03.jpg
train/attack/digital_2/scan/indian-038_03.jpg,287921a6e30a2d3407405237c572dd66f350e3a0ade422fab42a9a2a979ea70e,indian-038_03,digital_2,scan,4,dob|doe|face|name,True,True,False,face_and_text,True,train/bonafide/scan/indian-038_03.jpg
train/attack/digital_1/huawei/indian-094_03.jpg,5f8a57461b1a4e227d52949c910015a1faa292a39728afcc9460d79a1b1ad222,indian-094_03,digital_1,huawei,4,dob|doe|face|name,True,True,False,face_and_text,True,train/bonafide/huawei/indian-094_03.jpg
train/attack/digital_1/iphone15pro/indian-094_03.jpg,db0b2b3d1b1b7150b7a898711cd9d7c33a17920d86197ab180dbe8773269d081,indian-094_03,digital_1,iphone15pro,5,dob|doe|face|name,True,True,False,face_and_text,True,train/bonafide/iphone15pro/indian-094_03.jpg
train/attack/digital_1/scan/indian-094_03.jpg,64dac1afa02548f5411d09f26a0f8f8acb2b4a6f3179a68639418a7c3743d2a5,indian-094_03,digital_1,scan,4,dob|doe|face|name,True,True,False,face_and_text,True,train/bonafide/scan/indian-094_03.jpg
train/attack/digital_2/huawei/indian-094_03.jpg,b994fc85bf13962d260d4d0ec94a6598222544dca4afb7b5c5d0b995961c3f04,indian-094_03,digital_2,huawei,5,dob|doe|face|name,True,True,False,face_and_text,True,train/bonafide/huawei/indian-094_03.jpg
train/attack/digital_2/iphone15pro/indian-094_03.jpg,8289d7db8f891a24e29261ff9643fc4ffa2dab5d5c01caa5b8ebba3e33f97a4a,indian-094_03,digital_2,iphone15pro,5,dob|doe|face|name,True,True,False,face_and_text,True,train/bonafide/iphone15pro/indian-094_03.jpg
train/attack/digital_2/scan/indian-094_03.jpg,97d8bf3aa5cc6f1e1b73897935412880338a6ba2df38459de08a59793eb80415,indian-094_03,digital_2,scan,4,dob|doe|face|name,True,True,False,face_and_text,True,train/bonafide/scan/indian-094_03.jpg
train/attack/digital_1/huawei/indian-108_03.jpg,a75e37261d57edb82e96f97766882878aa4109fb0cfb5a5b4e9065d133544600,indian-108_03,digital_1,huawei,5,dob|doe|face|name,True,True,False,face_and_text,True,train/bonafide/huawei/indian-108_03.jpg
train/attack/digital_1/iphone15pro/indian-108_03.jpg,77c9461f30cdc53bc3e28c07cf17c914fbc1ed4d09d7996acb5b8445f8bbf25e,indian-108_03,digital_1,iphone15pro,4,dob|doe|face|name,True,True,False,face_and_text,True,train/bonafide/iphone15pro/indian-108_03.jpg
train/attack/digital_1/scan/indian-108_03.jpg,da90895421cb9d8ecc199e5eefde27215f1269e867b08476c252d15b5c7a44c6,indian-108_03,digital_1,scan,5,dob|doe|face|name,True,True,False,face_and_text,True,train/bonafide/scan/indian-108_03.jpg
train/attack/digital_2/huawei/indian-108_03.jpg,cf4d09524508443a601794bcf1eb78828cb32124d330048669f2c660d54b2143,indian-108_03,digital_2,huawei,5,dob|doe|face|name,True,True,False,face_and_text,True,train/bonafide/huawei/indian-108_03.jpg
train/attack/digital_2/iphone15pro/indian-108_03.jpg,5be8657f2e1573e9c68e0fbb087dacae233a8ddd575778f05711cd5099098144,indian-108_03,digital_2,iphone15pro,5,dob|doe|face|name,True,True,False,face_and_text,True,train/bonafide/iphone15pro/indian-108_03.jpg
train/attack/digital_2/scan/indian-108_03.jpg,acafe632e0d91d7e431e5158e912a4a30681d32049df62c610be207956771718,indian-108_03,digital_2,scan,5,dob|doe|face|name,True,True,False,face_and_text,True,train/bonafide/scan/indian-108_03.jpg
train/attack/digital_1/huawei/indian-NF-1006.jpg,2ce8d2055903a092371bf2ce94d139f811ac40339fc72cb042354bc54dbd7afc,indian-NF-1006,digital_1,huawei,5,dob|doe|face|name,True,True,False,face_and_text,True,train/bonafide/huawei/indian-NF-1006.jpg
train/attack/digital_1/iphone15pro/indian-NF-1006.jpg,85d4e1fb889622919b2e595ddecef8ed1085d64b4e4e534b0d15f854d0589220,indian-NF-1006,digital_1,iphone15pro,5,dob|doe|face|name,True,True,False,face_and_text,True,train/bonafide/iphone15pro/indian-NF-1006.jpg
train/attack/digital_1/scan/indian-NF-1006.jpg,1a0e393c4c73a7db5de8ac55173094d87d03a4385895773afe7416ea50f9fa84,indian-NF-1006,digital_1,scan,5,dob|doe|face|name,True,True,False,face_and_text,True,train/bonafide/scan/indian-NF-1006.jpg
train/attack/digital_2/huawei/indian-NF-1006.jpg,21172342687f8249323de1569898309e0b9716de3184321579561b5743b4b7be,indian-NF-1006,digital_2,huawei,5,dob|doe|face|name,True,True,False,face_and_text,True,train/bonafide/huawei/indian-NF-1006.jpg
train/attack/digital_2/iphone15pro/indian-NF-1006.jpg,f9f17cd2345864b96a53120df3db7e2bc23ed6ed411e840f755cbb9127095463,indian-NF-1006,digital_2,iphone15pro,5,dob|doe|face|name,True,True,False,face_and_text,True,train/bonafide/iphone15pro/indian-NF-1006.jpg
train/attack/digital_2/scan/indian-NF-1006.jpg,c7fb42306b3d2917d55fad128742d264a18d33031099bc735952fefe5ea49678,indian-NF-1006,digital_2,scan,5,dob|doe|face|name,True,True,False,face_and_text,True,train/bonafide/scan/indian-NF-1006.jpg
train/attack/digital_1/huawei/indian-NF-1025.jpg,66c4ee0b0744b6690516e48063d6a1dbadda19c035796b1c3715c5a8c06c99bc,indian-NF-1025,digital_1,huawei,5,dob|doe|face|name,True,True,False,face_and_text,True,train/bonafide/huawei/indian-NF-1025.jpg
train/attack/digital_1/iphone15pro/indian-NF-1025.jpg,770059d242291f6a8f4ef755ae9cb16aa37068134ea174bcb4e9b059be226d19,indian-NF-1025,digital_1,iphone15pro,4,dob|doe|face|name,True,True,False,face_and_text,True,train/bonafide/iphone15pro/indian-NF-1025.jpg
train/attack/digital_1/scan/indian-NF-1025.jpg,98a96cc3a3ba607fe874647f1ebda909f093233c7d6caf0bfa184b0b142604f2,indian-NF-1025,digital_1,scan,5,dob|doe|face|name,True,True,False,face_and_text,True,train/bonafide/scan/indian-NF-1025.jpg
train/attack/digital_2/huawei/indian-NF-1025.jpg,a37f910ac75bfb0be99d90d8d1da51f08a5edb24dd3482cbbc10321d6b70ea75,indian-NF-1025,digital_2,huawei,5,dob|doe|face|name,True,True,False,face_and_text,True,train/bonafide/huawei/indian-NF-1025.jpg
train/attack/digital_2/iphone15pro/indian-NF-1025.jpg,481aa85c73d6775b075685c71160314a998800b47987ef2d45540be8d7f668c2,indian-NF-1025,digital_2,iphone15pro,5,dob|doe|face|name,True,True,False,face_and_text,True,train/bonafide/iphone15pro/indian-NF-1025.jpg
train/attack/digital_2/scan/indian-NF-1025.jpg,819d0daf68e0a67b2847e4d10e0c359665dc757f12a969a77471fe13aceb7492,indian-NF-1025,digital_2,scan,4,dob|doe|face|name,True,True,False,face_and_text,True,train/bonafide/scan/indian-NF-1025.jpg
train/attack/digital_1/huawei/indian-NF-1039.jpg,873872b03d1bbf596553ff8b860fb9e61b9d1a01bbab1bc5e3d91453ed2f7a77,indian-NF-1039,digital_1,huawei,5,dob|doe|face|name,True,True,False,face_and_text,True,train/bonafide/huawei/indian-NF-1039.jpg
train/attack/digital_1/iphone15pro/indian-NF-1039.jpg,8f2d79190de3b2afdf10bfda44a59a2339646b293d14f4250cb4ca5b5a4ad2cd,indian-NF-1039,digital_1,iphone15pro,5,dob|doe|face|name,True,True,False,face_and_text,True,train/bonafide/iphone15pro/indian-NF-1039.jpg
train/attack/digital_1/scan/indian-NF-1039.jpg,7703d521fcf17193e0ee61d2ec56afe9f2f2e8607046ed0b46cee700bbab25ad,indian-NF-1039,digital_1,scan,5,dob|doe|face|name,True,True,False,face_and_text,True,train/bonafide/scan/indian-NF-1039.jpg
train/attack/digital_2/huawei/indian-NF-1039.jpg,a7f7c97ef4afe2701654ba10108adcb8011c4b5acc827eaf4fa4031fade3fe27,indian-NF-1039,digital_2,huawei,5,dob|doe|face|name,True,True,False,face_and_text,True,train/bonafide/huawei/indian-NF-1039.jpg
train/attack/digital_2/iphone15pro/indian-NF-1039.jpg,c3d6816f8921e6c27caaf7f3a7d6494cf30b32b9f050ed8481bcfbd3d6add2a6,indian-NF-1039,digital_2,iphone15pro,5,dob|doe|face|name,True,True,False,face_and_text,True,train/bonafide/iphone15pro/indian-NF-1039.jpg
train/attack/digital_2/scan/indian-NF-1039.jpg,128df62fa0e2066456214071fa5d1bdf24641fe42cc50d881ca7d0851735bc27,indian-NF-1039,digital_2,scan,5,dob|doe|face|name,True,True,False,face_and_text,True,train/bonafide/scan/indian-NF-1039.jpg
train/attack/digital_1/huawei/indian-NF-1075.jpg,872ccb5e376c236965590a27c360a7c9b1856224e38725acbdfac100c7808dfd,indian-NF-1075,digital_1,huawei,5,dob|doe|face|name,True,True,False,face_and_text,True,train/bonafide/huawei/indian-NF-1075.jpg
train/attack/digital_1/iphone15pro/indian-NF-1075.jpg,4ebd88ce79e8072d9004197887608db05145a48dc14c177582c80c4d310a7770,indian-NF-1075,digital_1,iphone15pro,5,dob|doe|face|name,True,True,False,face_and_text,True,train/bonafide/iphone15pro/indian-NF-1075.jpg
train/attack/digital_1/scan/indian-NF-1075.jpg,dcef2892e441f4d12b8d2537e719a5d76d6c7ed136c16c61bc11b6e62effe32a,indian-NF-1075,digital_1,scan,5,dob|doe|face|name,True,True,False,face_and_text,True,train/bonafide/scan/indian-NF-1075.jpg
train/attack/digital_2/huawei/indian-NF-1075.jpg,686334f2523f4a141bc5ac9a3a422c0fe7c8a246c269cc89e6710d2cbfa47621,indian-NF-1075,digital_2,huawei,5,dob|doe|face|name,True,True,False,face_and_text,True,train/bonafide/huawei/indian-NF-1075.jpg
train/attack/digital_2/iphone15pro/indian-NF-1075.jpg,dacfed24048147d74b3fb945a9988eae3d069be15b68df698e0c65f4ada47868,indian-NF-1075,digital_2,iphone15pro,5,dob|doe|face|name,True,True,False,face_and_text,True,train/bonafide/iphone15pro/indian-NF-1075.jpg
train/attack/digital_2/scan/indian-NF-1075.jpg,2b4e9f6f11dbb986f8e931e5af9edfbb163f9a3d564bc837cbb640f6a0af061d,indian-NF-1075,digital_2,scan,5,dob|doe|face|name,True,True,False,face_and_text,True,train/bonafide/scan/indian-NF-1075.jpg
train/attack/digital_1/huawei/indian-NF-1096.jpg,80981eef5524abd91e8205a9365579d23b71c7d745e4d8e939804466ecd33b0d,indian-NF-1096,digital_1,huawei,5,dob|doe|face|name,True,True,False,face_and_text,True,train/bonafide/huawei/indian-NF-1096.jpg
train/attack/digital_1/iphone15pro/indian-NF-1096.jpg,76ccbaca2e2df95592dfe1f8d3fbf557048e67273dc699b0df5eb26ad7cbfff5,indian-NF-1096,digital_1,iphone15pro,5,dob|doe|face|name,True,True,False,face_and_text,True,train/bonafide/iphone15pro/indian-NF-1096.jpg
train/attack/digital_1/scan/indian-NF-1096.jpg,27d35a765ac5481b1b0aa756e29a425654bfbb83be1730bc1a09920a6d91bd5e,indian-NF-1096,digital_1,scan,5,dob|doe|face|name,True,True,False,face_and_text,True,train/bonafide/scan/indian-NF-1096.jpg
train/attack/digital_2/huawei/indian-NF-1096.jpg,72fc6b3ca774b3603399b5addd4a6a8c62d98f03ff876af00ad53280e862d388,indian-NF-1096,digital_2,huawei,5,dob|doe|face|name,True,True,False,face_and_text,True,train/bonafide/huawei/indian-NF-1096.jpg
train/attack/digital_2/iphone15pro/indian-NF-1096.jpg,e1f3f21aa0279f110344fd0820d38238c6c99227567e4f32be3f7dde244ae1ca,indian-NF-1096,digital_2,iphone15pro,5,dob|doe|face|name,True,True,False,face_and_text,True,train/bonafide/iphone15pro/indian-NF-1096.jpg
train/attack/digital_2/scan/indian-NF-1096.jpg,cd60a9339e614cc218fcfc0cc68f222d98a396c7358a6ec8b4fe25a9f199f4c6,indian-NF-1096,digital_2,scan,5,dob|doe|face|name,True,True,False,face_and_text,True,train/bonafide/scan/indian-NF-1096.jpg
train/attack/digital_1/huawei/indian-NM-1058.jpg,90d8675646417e67568fb8b3e70a73f8d98097539316f310325ff7ba774afc77,indian-NM-1058,digital_1,huawei,4,dob|doe|face|name,True,True,False,face_and_text,True,train/bonafide/huawei/indian-NM-1058.jpg
train/attack/digital_1/iphone15pro/indian-NM-1058.jpg,890baee6e6a24cc418c37457db6e1ff00a889fea84e097d2ee26711a2a7d3a91,indian-NM-1058,digital_1,iphone15pro,4,dob|doe|face|name,True,True,False,face_and_text,True,train/bonafide/iphone15pro/indian-NM-1058.jpg
train/attack/digital_1/scan/indian-NM-1058.jpg,fc2a669191dd5656a293040a48afd9b98361f3a9c878e86098b36fd32c455177,indian-NM-1058,digital_1,scan,4,dob|doe|face|name,True,True,False,face_and_text,True,train/bonafide/scan/indian-NM-1058.jpg
train/attack/digital_2/huawei/indian-NM-1058.jpg,e507df7bb5638c710fc5e7250e4806e84453d5e79b1afb678f152291f1a40dd2,indian-NM-1058,digital_2,huawei,5,dob|doe|face|name,True,True,False,face_and_text,True,train/bonafide/huawei/indian-NM-1058.jpg
train/attack/digital_2/iphone15pro/indian-NM-1058.jpg,6b9e66076c6ff5e039a71db53ecc66fb03e7abed37eb41cec65e07c90d8599ed,indian-NM-1058,digital_2,iphone15pro,4,dob|doe|face|name,True,True,False,face_and_text,True,train/bonafide/iphone15pro/indian-NM-1058.jpg
train/attack/digital_2/scan/indian-NM-1058.jpg,581c9d6b61b40b70e22b9db083a783c961cdd0c5b2ca4a37b24242f18f21ed30,indian-NM-1058,digital_2,scan,5,dob|doe|face|name,True,True,False,face_and_text,True,train/bonafide/scan/indian-NM-1058.jpg
train/attack/digital_1/huawei/persian-010_03.jpg,08caa673febb699c6fcc4a17ce94a442807215d4f3e5ed5c10d16487fc0b1475,persian-010_03,digital_1,huawei,4,dob|doe|face|name,True,True,False,face_and_text,True,train/bonafide/huawei/persian-010_03.jpg
train/attack/digital_1/iphone15pro/persian-010_03.jpg,4fdaf3e93efdf185eba6da6a48fdd76a1a1aec407f309baf143df31ca316c22b,persian-010_03,digital_1,iphone15pro,4,dob|doe|face|name,True,True,False,face_and_text,True,train/bonafide/iphone15pro/persian-010_03.jpg
train/attack/digital_1/scan/persian-010_03.jpg,e0a8a9391f91e9ec53b80601ad28e6d81b602383509dffbc718ff40ea6a5ba1e,persian-010_03,digital_1,scan,4,dob|doe|face|name,True,True,False,face_and_text,True,train/bonafide/scan/persian-010_03.jpg
train/attack/digital_2/huawei/persian-010_03.jpg,25ed2a778db83be650e0c4c15ce22eb551b16036dd1eddcdaab83d057c1cde25,persian-010_03,digital_2,huawei,4,dob|doe|face|name,True,True,False,face_and_text,True,train/bonafide/huawei/persian-010_03.jpg
train/attack/digital_2/iphone15pro/persian-010_03.jpg,bd81408b46a152dde8a4ab5411d103cab6636ba5dd4d86ae2b61b381569ec35e,persian-010_03,digital_2,iphone15pro,4,dob|doe|face|name,True,True,False,face_and_text,True,train/bonafide/iphone15pro/persian-010_03.jpg
train/attack/digital_2/scan/persian-010_03.jpg,a0058267cda11b63892092136c6917664b80e8db437127f7ba671c275b43502f,persian-010_03,digital_2,scan,4,dob|doe|face|name,True,True,False,face_and_text,True,train/bonafide/scan/persian-010_03.jpg
train/attack/digital_1/huawei/persian-045_03.jpg,51ff1e1512c7ed651a2ef39cd890e2b5e8c0bbde83510346e8e2748bce75e06d,persian-045_03,digital_1,huawei,4,dob|doe|face|name,True,True,False,face_and_text,True,train/bonafide/huawei/persian-045_03.jpg
train/attack/digital_1/iphone15pro/persian-045_03.jpg,5367b998dc32ee27b7ce59bde0f7bebe6fda2f38fc16c00abb7a43c2002c40b5,persian-045_03,digital_1,iphone15pro,4,dob|doe|face|name,True,True,False,face_and_text,True,train/bonafide/iphone15pro/persian-045_03.jpg
train/attack/digital_1/scan/persian-045_03.jpg,f843bc6626338d7efb76e8aaaa1a48dc19cb7ab61eaa77b424086dbb910c6648,persian-045_03,digital_1,scan,4,dob|doe|face|name,True,True,False,face_and_text,True,train/bonafide/scan/persian-045_03.jpg
train/attack/digital_2/huawei/persian-045_03.jpg,360af0073b8ae62e980f49b9e5e18a1d1bc1b1b5813d83c782820b3be715068b,persian-045_03,digital_2,huawei,4,dob|doe|face|name,True,True,False,face_and_text,True,train/bonafide/huawei/persian-045_03.jpg
train/attack/digital_2/iphone15pro/persian-045_03.jpg,115ed64d791a4dc8afbdb306146a8834baa535cc3d24127f9df3393708460274,persian-045_03,digital_2,iphone15pro,4,dob|doe|face|name,True,True,False,face_and_text,True,train/bonafide/iphone15pro/persian-045_03.jpg
train/attack/digital_2/scan/persian-045_03.jpg,6781a76dc77a874d7317a518a220cf03bde5233dae64024132b9b6a4ccad2b19,persian-045_03,digital_2,scan,4,dob|doe|face|name,True,True,False,face_and_text,True,train/bonafide/scan/persian-045_03.jpg
train/attack/digital_1/huawei/persian-069_03.jpg,5e9c45947f68f4d849e14f12d31aace00e746934d85162e8b8b713f44758967d,persian-069_03,digital_1,huawei,4,dob|doe|face|name,True,True,False,face_and_text,True,train/bonafide/huawei/persian-069_03.jpg
train/attack/digital_1/iphone15pro/persian-069_03.jpg,4c10c22a117eb6a7c65f25cc68dae43cac7ac43bb0e6af6467313e290441de35,persian-069_03,digital_1,iphone15pro,4,dob|doe|face|name,True,True,False,face_and_text,True,train/bonafide/iphone15pro/persian-069_03.jpg
train/attack/digital_1/scan/persian-069_03.jpg,fd1867e00805ad083141e988316049b507b3284f5b4fc0cb0f9cdafecf6e7bf5,persian-069_03,digital_1,scan,4,dob|doe|face|name,True,True,False,face_and_text,True,train/bonafide/scan/persian-069_03.jpg
train/attack/digital_2/huawei/persian-069_03.jpg,a5910f53e39c9b1a676759a466f514f31d98e83950e9efaac470f83f7584a450,persian-069_03,digital_2,huawei,4,dob|doe|face|name,True,True,False,face_and_text,True,train/bonafide/huawei/persian-069_03.jpg
train/attack/digital_2/iphone15pro/persian-069_03.jpg,9b5e043b03698c5ef9bb6b92e05b912e07b5e3fa020e82730a82fee89e6af585,persian-069_03,digital_2,iphone15pro,4,dob|doe|face|name,True,True,False,face_and_text,True,train/bonafide/iphone15pro/persian-069_03.jpg
train/attack/digital_2/scan/persian-069_03.jpg,7bab8140053e3d1b7b4ae6a978379a7efe54b98e6858f6df94c11449addcb0da,persian-069_03,digital_2,scan,4,dob|doe|face|name,True,True,False,face_and_text,True,train/bonafide/scan/persian-069_03.jpg
train/attack/digital_1/huawei/persian-087_03.jpg,d4e0b0e44af4b53a652106186428d54bb88aee97641f8c85b22cf7724eb68320,persian-087_03,digital_1,huawei,4,dob|doe|face|name,True,True,False,face_and_text,True,train/bonafide/huawei/persian-087_03.jpg
train/attack/digital_1/iphone15pro/persian-087_03.jpg,5903a629d0e0fbdd643ed70afa88946980649307b1ce7818184dfc44fcb154b7,persian-087_03,digital_1,iphone15pro,4,dob|doe|face|name,True,True,False,face_and_text,True,train/bonafide/iphone15pro/persian-087_03.jpg
train/attack/digital_1/scan/persian-087_03.jpg,0949da061a3bdebecf1675c4546f96c7ad0549f37a8966a628f6650eed9c3c03,persian-087_03,digital_1,scan,4,dob|doe|face|name,True,True,False,face_and_text,True,train/bonafide/scan/persian-087_03.jpg
train/attack/digital_2/huawei/persian-087_03.jpg,cc8f6170475465c946be3edc409c0afd4bc8c396a76599e5b9a932935f68319c,persian-087_03,digital_2,huawei,4,dob|doe|face|name,True,True,False,face_and_text,True,train/bonafide/huawei/persian-087_03.jpg
train/attack/digital_2/iphone15pro/persian-087_03.jpg,4c07af758fe904112c8cdad5177bf17695727cebe356c5e2affbf5a7461791ae,persian-087_03,digital_2,iphone15pro,4,dob|doe|face|name,True,True,False,face_and_text,True,train/bonafide/iphone15pro/persian-087_03.jpg
train/attack/digital_2/scan/persian-087_03.jpg,018a20b28b058bf249e30b6fdbe17ed46b7c1bd311f46b6dfee49c63c603ccaf,persian-087_03,digital_2,scan,4,dob|doe|face|name,True,True,False,face_and_text,True,train/bonafide/scan/persian-087_03.jpg
train/attack/digital_1/huawei/persian-122_03.jpg,ecffcaf87d942d263f8792fd73ff8a915e54ef9f55f40af182ca3527923505f7,persian-122_03,digital_1,huawei,4,dob|doe|face|name,True,True,False,face_and_text,True,train/bonafide/huawei/persian-122_03.jpg
train/attack/digital_1/iphone15pro/persian-122_03.jpg,3d65ac82f22b414202b49213aadcb2a95cb1061b79a7779143140f75fff599ac,persian-122_03,digital_1,iphone15pro,4,dob|doe|face|name,True,True,False,face_and_text,True,train/bonafide/iphone15pro/persian-122_03.jpg
train/attack/digital_1/scan/persian-122_03.jpg,f764d1633e2950ccdfd8f33d11da25df72e0db4a108cd2c440ee0559a1336931,persian-122_03,digital_1,scan,4,dob|doe|face|name,True,True,False,face_and_text,True,train/bonafide/scan/persian-122_03.jpg
train/attack/digital_2/huawei/persian-122_03.jpg,1cf831062c4de575cd5a97faee599d50eca243e6e0fca986f398208b77b043ca,persian-122_03,digital_2,huawei,4,dob|doe|face|name,True,True,False,face_and_text,True,train/bonafide/huawei/persian-122_03.jpg
train/attack/digital_2/iphone15pro/persian-122_03.jpg,ccc07017747444fddcb82cb590b03f0f135ed64d5ce74049472dbd8265fb5cae,persian-122_03,digital_2,iphone15pro,4,dob|doe|face|name,True,True,False,face_and_text,True,train/bonafide/iphone15pro/persian-122_03.jpg
train/attack/digital_2/scan/persian-122_03.jpg,bc7c58e43606dab2c3bef6278b8ff674cd17c6dc6988579e28eca44b04b007a1,persian-122_03,digital_2,scan,4,dob|doe|face|name,True,True,False,face_and_text,True,train/bonafide/scan/persian-122_03.jpg
train/attack/digital_1/huawei/persian-NF-1001.jpg,4bf92613e13f62c15bd7746c1a3f7433bbb779b205ab60710ec0bbf191334abe,persian-NF-1001,digital_1,huawei,4,dob|doe|face|name,True,True,False,face_and_text,True,train/bonafide/huawei/persian-NF-1001.jpg
train/attack/digital_1/iphone15pro/persian-NF-1001.jpg,590d17f70e9d1620d5a86ac8815644f5beb7ea6103a1427bf15278d9e9cbe96a,persian-NF-1001,digital_1,iphone15pro,4,dob|doe|face|name,True,True,False,face_and_text,True,train/bonafide/iphone15pro/persian-NF-1001.jpg
train/attack/digital_1/scan/persian-NF-1001.jpg,ff57740ca7321b65d8f5c6f2830ba415e28e559ce705ada7b786492aca310da3,persian-NF-1001,digital_1,scan,4,dob|doe|face|name,True,True,False,face_and_text,True,train/bonafide/scan/persian-NF-1001.jpg
train/attack/digital_2/huawei/persian-NF-1001.jpg,a9458e8357a8765d91175af4ef5c2632283f87a9dc1a370d4d35d24787da426d,persian-NF-1001,digital_2,huawei,4,dob|doe|face|name,True,True,False,face_and_text,True,train/bonafide/huawei/persian-NF-1001.jpg
train/attack/digital_2/iphone15pro/persian-NF-1001.jpg,8481221fdb3a3b0642425dea648d575928ef592d7f4ec9ab9aba9bda279884ef,persian-NF-1001,digital_2,iphone15pro,4,dob|doe|face|name,True,True,False,face_and_text,True,train/bonafide/iphone15pro/persian-NF-1001.jpg
train/attack/digital_2/scan/persian-NF-1001.jpg,9b97766a3395abd11512b222a739a24617ba7f7ba16925e4c5fcfad5aca25b29,persian-NF-1001,digital_2,scan,4,dob|doe|face|name,True,True,False,face_and_text,True,train/bonafide/scan/persian-NF-1001.jpg
train/attack/digital_1/huawei/persian-NF-1031.jpg,40621190af653587ab43721431c15706ee8d421c21828cfc003773584d3d0ce0,persian-NF-1031,digital_1,huawei,4,dob|doe|face|name,True,True,False,face_and_text,True,train/bonafide/huawei/persian-NF-1031.jpg
train/attack/digital_1/iphone15pro/persian-NF-1031.jpg,f7c6cf68a609bdc9f51597e7d9bdbf09bd535521d4214653c0c6fa1f5f069235,persian-NF-1031,digital_1,iphone15pro,4,dob|doe|face|name,True,True,False,face_and_text,True,train/bonafide/iphone15pro/persian-NF-1031.jpg
train/attack/digital_1/scan/persian-NF-1031.jpg,6f8941759d285314cd48cd125ed9f65e6d7a48fe516f59aed2cff0b230a19dd0,persian-NF-1031,digital_1,scan,4,dob|doe|face|name,True,True,False,face_and_text,True,train/bonafide/scan/persian-NF-1031.jpg
train/attack/digital_2/huawei/persian-NF-1031.jpg,860dfa9b3bd84e853f77081c6c6ebb4a5766ec3cdf5a48a0515b35862f4dd978,persian-NF-1031,digital_2,huawei,4,dob|doe|face|name,True,True,False,face_and_text,True,train/bonafide/huawei/persian-NF-1031.jpg
train/attack/digital_2/iphone15pro/persian-NF-1031.jpg,5a26c65f1e93635cfb37bfb42883015736f28b6f60c013d5babef5f523a637ec,persian-NF-1031,digital_2,iphone15pro,4,dob|doe|face|name,True,True,False,face_and_text,True,train/bonafide/iphone15pro/persian-NF-1031.jpg
train/attack/digital_2/scan/persian-NF-1031.jpg,d71a47c70d631d010d97cd14c5b327e8826a7bc16cf167ab1255d6e531aa0309,persian-NF-1031,digital_2,scan,4,dob|doe|face|name,True,True,False,face_and_text,True,train/bonafide/scan/persian-NF-1031.jpg
train/attack/digital_1/huawei/persian-NF-1034.jpg,d071139f62fb815ba2aef8944863093f9f07f325f8d0faca3282c11c3c8df2df,persian-NF-1034,digital_1,huawei,4,dob|doe|face|name,True,True,False,face_and_text,True,train/bonafide/huawei/persian-NF-1034.jpg
train/attack/digital_1/iphone15pro/persian-NF-1034.jpg,946491da8ad40360a93e708536a2055f0c33c9e19195547945eef4de09b32499,persian-NF-1034,digital_1,iphone15pro,4,dob|doe|face|name,True,True,False,face_and_text,True,train/bonafide/iphone15pro/persian-NF-1034.jpg
train/attack/digital_1/scan/persian-NF-1034.jpg,d88f822194ab05c630fb07c30d0c44411d6db6c6a98e22b805ca66442f91db1c,persian-NF-1034,digital_1,scan,4,dob|doe|face|name,True,True,False,face_and_text,True,train/bonafide/scan/persian-NF-1034.jpg
train/attack/digital_2/huawei/persian-NF-1034.jpg,9615900e5c94bc6e9a3048cbe631917be93df8dbef7327ac6837e4e8d0560ecf,persian-NF-1034,digital_2,huawei,4,dob|doe|face|name,True,True,False,face_and_text,True,train/bonafide/huawei/persian-NF-1034.jpg
train/attack/digital_2/iphone15pro/persian-NF-1034.jpg,f457fa896c336bcfe212a9b9c8c9f2e7491eefcbf9f78b89f364ff79fcae4010,persian-NF-1034,digital_2,iphone15pro,4,dob|doe|face|name,True,True,False,face_and_text,True,train/bonafide/iphone15pro/persian-NF-1034.jpg
train/attack/digital_2/scan/persian-NF-1034.jpg,7d7704c7057c52b78bcfd91a9968cc764296c36ceb0e5a5a7f925bd7c91c3e05,persian-NF-1034,digital_2,scan,4,dob|doe|face|name,True,True,False,face_and_text,True,train/bonafide/scan/persian-NF-1034.jpg
train/attack/digital_1/huawei/persian-NF-1043.jpg,ab3febe9d1f813ff7839d3a8953937287569dbbd3b2c1b60b1a6eecd7a2e996d,persian-NF-1043,digital_1,huawei,4,dob|doe|face|name,True,True,False,face_and_text,True,train/bonafide/huawei/persian-NF-1043.jpg
train/attack/digital_1/iphone15pro/persian-NF-1043.jpg,b46f2b2b6f7d4e1331d8238667fcf747a91babacd70300e6c8374e3e14823767,persian-NF-1043,digital_1,iphone15pro,4,dob|doe|face|name,True,True,False,face_and_text,True,train/bonafide/iphone15pro/persian-NF-1043.jpg
train/attack/digital_1/scan/persian-NF-1043.jpg,a9d09dff80f1373813b1a38a3e57becc7266d6163115b69afe85cfb1b5d5b31d,persian-NF-1043,digital_1,scan,4,dob|doe|face|name,True,True,False,face_and_text,True,train/bonafide/scan/persian-NF-1043.jpg
train/attack/digital_2/huawei/persian-NF-1043.jpg,ac0099fd7cded78a9ec00b59366ac2610787a45e2ad50e7d1264c3c8e5471315,persian-NF-1043,digital_2,huawei,4,dob|doe|face|name,True,True,False,face_and_text,True,train/bonafide/huawei/persian-NF-1043.jpg
train/attack/digital_2/iphone15pro/persian-NF-1043.jpg,1e9436852b57b39a8f176f8836ed01c52ee9fd84f4bae0207c37feef02df8959,persian-NF-1043,digital_2,iphone15pro,4,dob|doe|face|name,True,True,False,face_and_text,True,train/bonafide/iphone15pro/persian-NF-1043.jpg
train/attack/digital_2/scan/persian-NF-1043.jpg,3f60a921e166c1ac9ae252039cfe44b89886134d741eb5344d40aeb231796b3d,persian-NF-1043,digital_2,scan,4,dob|doe|face|name,True,True,False,face_and_text,True,train/bonafide/scan/persian-NF-1043.jpg
train/attack/digital_1/huawei/persian-NF-1079.jpg,5f6acfaab07565426b84b5fa2f5296be8352f78d706df893fa3fb21b4ed7b103,persian-NF-1079,digital_1,huawei,4,dob|doe|face|name,True,True,False,face_and_text,True,train/bonafide/huawei/persian-NF-1079.jpg
train/attack/digital_1/iphone15pro/persian-NF-1079.jpg,79b0d52087d1f6ce3e183995bf1a57c86f8fb7807b47ec4c2d9631d2e98bb53c,persian-NF-1079,digital_1,iphone15pro,4,dob|doe|face|name,True,True,False,face_and_text,True,train/bonafide/iphone15pro/persian-NF-1079.jpg
train/attack/digital_1/scan/persian-NF-1079.jpg,803aa5b5f64cc872928f4b84986d68debe2686ead77581d87d8b6e475fb22fe2,persian-NF-1079,digital_1,scan,4,dob|doe|face|name,True,True,False,face_and_text,True,train/bonafide/scan/persian-NF-1079.jpg
train/attack/digital_2/huawei/persian-NF-1079.jpg,c5b5c945c3cc203b74d9dfb786eebcd93b516e14395161635d4d20a99b0ca4c9,persian-NF-1079,digital_2,huawei,4,dob|doe|face|name,True,True,False,face_and_text,True,train/bonafide/huawei/persian-NF-1079.jpg
train/attack/digital_2/iphone15pro/persian-NF-1079.jpg,c8286f374f5833004c4328f659f0ef4ea924e7d2b095d51fddd4cb96c3187d79,persian-NF-1079,digital_2,iphone15pro,4,dob|doe|face|name,True,True,False,face_and_text,True,train/bonafide/iphone15pro/persian-NF-1079.jpg
train/attack/digital_2/scan/persian-NF-1079.jpg,0195388579bcbe66921211885fb2450d0eee9554975bdcd91f5aa83cde61b2d1,persian-NF-1079,digital_2,scan,4,dob|doe|face|name,True,True,False,face_and_text,True,train/bonafide/scan/persian-NF-1079.jpg
train/attack/digital_1/huawei/persian-NF-1108.jpg,857a2440b8bcf1687feae8079d93c1f7a9feddb52477d526f331f96bdbd299e2,persian-NF-1108,digital_1,huawei,4,dob|doe|face|name,True,True,False,face_and_text,True,train/bonafide/huawei/persian-NF-1108.jpg
train/attack/digital_1/iphone15pro/persian-NF-1108.jpg,2098d3be2021fa163d8157c96130611a760b23a38f34e577a0066b575ae22e0b,persian-NF-1108,digital_1,iphone15pro,4,dob|doe|face|name,True,True,False,face_and_text,True,train/bonafide/iphone15pro/persian-NF-1108.jpg
train/attack/digital_1/scan/persian-NF-1108.jpg,08da0df9fdff289dc2da3a3faab9ad2d888fa3fe7b9712caf5abfd2e32933bd6,persian-NF-1108,digital_1,scan,4,dob|doe|face|name,True,True,False,face_and_text,True,train/bonafide/scan/persian-NF-1108.jpg
train/attack/digital_2/huawei/persian-NF-1108.jpg,b4a905cd0eaae7ffd356b58affceb49f0318ba65812b36c6992f4fa36936c3b5,persian-NF-1108,digital_2,huawei,4,dob|doe|face|name,True,True,False,face_and_text,True,train/bonafide/huawei/persian-NF-1108.jpg
train/attack/digital_2/iphone15pro/persian-NF-1108.jpg,25928ac4e658a61124c2fde92c4d70b6ddf8d6d2f5b8b1017f44c8e93b1a3a19,persian-NF-1108,digital_2,iphone15pro,4,dob|doe|face|name,True,True,False,face_and_text,True,train/bonafide/iphone15pro/persian-NF-1108.jpg
train/attack/digital_2/scan/persian-NF-1108.jpg,e31c8f5ea884fb5b53e5a833e610674227e51c539f4ab625b0bd53ac992055c7,persian-NF-1108,digital_2,scan,4,dob|doe|face|name,True,True,False,face_and_text,True,train/bonafide/scan/persian-NF-1108.jpg
train/attack/digital_1/huawei/persian-NM-1010.jpg,d8f4a655cdc33fb97d6bf9252b71cafc7064fb0d6c5255e4f1ca8d6f6b0b725e,persian-NM-1010,digital_1,huawei,4,dob|doe|face|name,True,True,False,face_and_text,True,train/bonafide/huawei/persian-NM-1010.jpg
train/attack/digital_1/iphone15pro/persian-NM-1010.jpg,4b476abaef96fd51640d994c3890cf8730ec5bdcfd6cece97a0ed2b8d3a7bcde,persian-NM-1010,digital_1,iphone15pro,4,dob|doe|face|name,True,True,False,face_and_text,True,train/bonafide/iphone15pro/persian-NM-1010.jpg
train/attack/digital_1/scan/persian-NM-1010.jpg,cdfbeb88506990d2734dcefdf800f538c47d019f322b7296b8e7c5bc1c6e786c,persian-NM-1010,digital_1,scan,4,dob|doe|face|name,True,True,False,face_and_text,True,train/bonafide/scan/persian-NM-1010.jpg
train/attack/digital_2/huawei/persian-NM-1010.jpg,09348f2873aabc16e9a78a8aee44794cfcaec87a947f0d1cbdb70e1c4b60eef3,persian-NM-1010,digital_2,huawei,4,dob|doe|face|name,True,True,False,face_and_text,True,train/bonafide/huawei/persian-NM-1010.jpg
train/attack/digital_2/iphone15pro/persian-NM-1010.jpg,1a73a5c707e89e857d587fe853e3f24e97b6d1fdc72157f6c5e92d120dbeb6da,persian-NM-1010,digital_2,iphone15pro,4,dob|doe|face|name,True,True,False,face_and_text,True,train/bonafide/iphone15pro/persian-NM-1010.jpg
train/attack/digital_2/scan/persian-NM-1010.jpg,8555771745c2662a5aaf3596094d42716e8e5bdfb5469e0fe26f3be4450a515c,persian-NM-1010,digital_2,scan,4,dob|doe|face|name,True,True,False,face_and_text,True,train/bonafide/scan/persian-NM-1010.jpg
train/attack/digital_1/huawei/persian-NM-1074.jpg,4d732a78b261f9036fbb4ac6a0815e982a8bca38b28ed550fa8a366f830736da,persian-NM-1074,digital_1,huawei,4,dob|doe|face|name,True,True,False,face_and_text,True,train/bonafide/huawei/persian-NM-1074.jpg
train/attack/digital_1/iphone15pro/persian-NM-1074.jpg,8544b03447a4567e2faa089d4a799ae9e842f79fe2860b85110c4f215438071a,persian-NM-1074,digital_1,iphone15pro,4,dob|doe|face|name,True,True,False,face_and_text,True,train/bonafide/iphone15pro/persian-NM-1074.jpg
train/attack/digital_1/scan/persian-NM-1074.jpg,7c02bae8133e815a7e549637ec862c243a5150c49aaa3aad9a6b37628c07f8be,persian-NM-1074,digital_1,scan,4,dob|doe|face|name,True,True,False,face_and_text,True,train/bonafide/scan/persian-NM-1074.jpg
train/attack/digital_2/huawei/persian-NM-1074.jpg,91f92dc058cfaab52c3d36316f4919b00b4904b0c1ea3325592d068cd15193ac,persian-NM-1074,digital_2,huawei,4,dob|doe|face|name,True,True,False,face_and_text,True,train/bonafide/huawei/persian-NM-1074.jpg
train/attack/digital_2/iphone15pro/persian-NM-1074.jpg,fd44aad2289e16977d973d35a1a1fb2c929c946ca0531b8de1a932f12b5986d6,persian-NM-1074,digital_2,iphone15pro,4,dob|doe|face|name,True,True,False,face_and_text,True,train/bonafide/iphone15pro/persian-NM-1074.jpg
train/attack/digital_2/scan/persian-NM-1074.jpg,43f41a0c4c536ace3209a9d58f1663a374117fcad23cb092cd8dc3154f075541,persian-NM-1074,digital_2,scan,4,dob|doe|face|name,True,True,False,face_and_text,True,train/bonafide/scan/persian-NM-1074.jpg
train/attack/digital_1/huawei/portugal-004_03.jpg,7ff9b5c72c15d907b1c4a92eaedc4da781f35b1770d19e22e39ae05b37f351a9,portugal-004_03,digital_1,huawei,4,dob|doe|face|name,True,True,False,face_and_text,True,train/bonafide/huawei/portugal-004_03.jpg
train/attack/digital_1/iphone15pro/portugal-004_03.jpg,6d926b9649c6308fea7927209dc0e2d06ce52b2221353df32b776e531054530a,portugal-004_03,digital_1,iphone15pro,4,dob|doe|face|name,True,True,False,face_and_text,True,train/bonafide/iphone15pro/portugal-004_03.jpg
train/attack/digital_1/scan/portugal-004_03.jpg,4fe6e458dfe1e0892ef34c462d2d9966ee897173f0b4936f367e136a4bc8b72f,portugal-004_03,digital_1,scan,4,dob|doe|face|name,True,True,False,face_and_text,True,train/bonafide/scan/portugal-004_03.jpg
train/attack/digital_2/huawei/portugal-004_03.jpg,fb457f3cfa63ca4eb2e96dd3eeaef36e30cea4e852761e3c2358014c70ed94f5,portugal-004_03,digital_2,huawei,3,doe|face|name,True,True,False,face_and_text,True,train/bonafide/huawei/portugal-004_03.jpg
train/attack/digital_2/iphone15pro/portugal-004_03.jpg,c633f50fdda83ee32a381f5f2a718e0003b537a1d10090151416ae6cc1c8b887,portugal-004_03,digital_2,iphone15pro,3,doe|face|name,True,True,False,face_and_text,True,train/bonafide/iphone15pro/portugal-004_03.jpg
train/attack/digital_2/scan/portugal-004_03.jpg,2c7c81c2b303da66f32b7faecb98419464ffc673ac735795a342d6cec287294c,portugal-004_03,digital_2,scan,3,doe|face|name,True,True,False,face_and_text,True,train/bonafide/scan/portugal-004_03.jpg
train/attack/digital_1/huawei/portugal-026_03.jpg,37a0dfe324c637b92b88345f439553fa35df8be9c36961bf72f36265c0e9b045,portugal-026_03,digital_1,huawei,4,dob|doe|face|name,True,True,False,face_and_text,True,train/bonafide/huawei/portugal-026_03.jpg
train/attack/digital_1/iphone15pro/portugal-026_03.jpg,289cba33af05d24da209e6c25571d3d1e6dc25ea474e693e335f53d588299a01,portugal-026_03,digital_1,iphone15pro,4,dob|doe|face|name,True,True,False,face_and_text,True,train/bonafide/iphone15pro/portugal-026_03.jpg
train/attack/digital_1/scan/portugal-026_03.jpg,4ed253c84c4ae8b9cba6c8660208a40e731061f3087dab74680e58fda3a6c83d,portugal-026_03,digital_1,scan,4,dob|doe|face|name,True,True,False,face_and_text,True,train/bonafide/scan/portugal-026_03.jpg
train/attack/digital_2/huawei/portugal-026_03.jpg,72e0a3a3f4e5e3e9022203e0739d87bd7fc89eb374beb0dc9caaf9725fb9d900,portugal-026_03,digital_2,huawei,3,doe|face|name,True,True,False,face_and_text,True,train/bonafide/huawei/portugal-026_03.jpg
train/attack/digital_2/iphone15pro/portugal-026_03.jpg,5d4c4a02c9868d33dd1363d396ddb31e69edb4f69c195ad2ab78db0f5ff53d53,portugal-026_03,digital_2,iphone15pro,3,doe|face|name,True,True,False,face_and_text,True,train/bonafide/iphone15pro/portugal-026_03.jpg
train/attack/digital_2/scan/portugal-026_03.jpg,0333a0aaf509d232381a072f2ead59da318e3753ba23f573a014388a00ea5062,portugal-026_03,digital_2,scan,3,doe|face|name,True,True,False,face_and_text,True,train/bonafide/scan/portugal-026_03.jpg
train/attack/digital_1/huawei/portugal-042_03.jpg,d179374e7b87e0f83cd257e176c3d2dc91df3b83c69d142a607661baec6c32e9,portugal-042_03,digital_1,huawei,4,dob|doe|face|name,True,True,False,face_and_text,True,train/bonafide/huawei/portugal-042_03.jpg
train/attack/digital_1/iphone15pro/portugal-042_03.jpg,6e7df82dafe7aa3481b61c7d624542e0e2b0872a237e816bd070232bee8c184c,portugal-042_03,digital_1,iphone15pro,4,dob|doe|face|name,True,True,False,face_and_text,True,train/bonafide/iphone15pro/portugal-042_03.jpg
train/attack/digital_1/scan/portugal-042_03.jpg,43b5d6240d791579b5b5c8ada9946f5632140e6f144b79c11f77189c10c4f495,portugal-042_03,digital_1,scan,4,dob|doe|face|name,True,True,False,face_and_text,True,train/bonafide/scan/portugal-042_03.jpg
train/attack/digital_2/huawei/portugal-042_03.jpg,0027b6ab91698b9e30334db9865a857fdaaab1ff102fba8c4df4fd9a4fd07488,portugal-042_03,digital_2,huawei,3,doe|face|name,True,True,False,face_and_text,True,train/bonafide/huawei/portugal-042_03.jpg
train/attack/digital_2/iphone15pro/portugal-042_03.jpg,693af7ab88dcf36bd9d979a1780b239dee3a50110c556c8dd2e8398300af61e7,portugal-042_03,digital_2,iphone15pro,3,doe|face|name,True,True,False,face_and_text,True,train/bonafide/iphone15pro/portugal-042_03.jpg
train/attack/digital_2/scan/portugal-042_03.jpg,f5ee563c7c8de23e7eb23453a6c3b097b4fdd5bd4184dcdd0d9a7389d27c71fa,portugal-042_03,digital_2,scan,3,doe|face|name,True,True,False,face_and_text,True,train/bonafide/scan/portugal-042_03.jpg
train/attack/digital_1/huawei/portugal-061_03.jpg,3f2704df9c7f11cb9513de55b3d05ea175a145f58dbb2024c4b9c2a0e399bd9c,portugal-061_03,digital_1,huawei,4,dob|doe|face|name,True,True,False,face_and_text,True,train/bonafide/huawei/portugal-061_03.jpg
train/attack/digital_1/iphone15pro/portugal-061_03.jpg,d38c0967982be0090a813e88f53104ca7d3ee99cc0dcfec27130c0e51de6c556,portugal-061_03,digital_1,iphone15pro,4,dob|doe|face|name,True,True,False,face_and_text,True,train/bonafide/iphone15pro/portugal-061_03.jpg
train/attack/digital_1/scan/portugal-061_03.jpg,ea8f8f8742f061d7b061bd744cb65a1c96f912c512a0ff9cde9ee088766c5150,portugal-061_03,digital_1,scan,4,dob|doe|face|name,True,True,False,face_and_text,True,train/bonafide/scan/portugal-061_03.jpg
train/attack/digital_2/huawei/portugal-061_03.jpg,6c3164119d65523b565546f17bdcb8d44948a3b5630c141f656d1b8b7a673ac1,portugal-061_03,digital_2,huawei,3,doe|face|name,True,True,False,face_and_text,True,train/bonafide/huawei/portugal-061_03.jpg
train/attack/digital_2/iphone15pro/portugal-061_03.jpg,87ad6e3f9025f9d3709335be9ec88edce9ae3d3d847eaf85b4fbb00a58714acf,portugal-061_03,digital_2,iphone15pro,3,doe|face|name,True,True,False,face_and_text,True,train/bonafide/iphone15pro/portugal-061_03.jpg
train/attack/digital_2/scan/portugal-061_03.jpg,234c767013b09eb915a1edd0ddb1e4d7e2d0b5084551a12aabe5c181f8ba0e4d,portugal-061_03,digital_2,scan,3,doe|face|name,True,True,False,face_and_text,True,train/bonafide/scan/portugal-061_03.jpg
train/attack/digital_1/huawei/portugal-066_03.jpg,fb1b354571a0be587ac3ba6f7511fb9015f20c8b4e9c244aafe5a8566e5be3c8,portugal-066_03,digital_1,huawei,4,dob|doe|face|name,True,True,False,face_and_text,True,train/bonafide/huawei/portugal-066_03.jpg
train/attack/digital_1/iphone15pro/portugal-066_03.jpg,a9dbd4c4626d93e9d66f7619e0f95f5b9fd66d2141148867f172194e23fb232c,portugal-066_03,digital_1,iphone15pro,4,dob|doe|face|name,True,True,False,face_and_text,True,train/bonafide/iphone15pro/portugal-066_03.jpg
train/attack/digital_1/scan/portugal-066_03.jpg,67e8d10fea2733355ddb552174315e01e3e207dd6eae9fa467b0b093043ba50e,portugal-066_03,digital_1,scan,4,dob|doe|face|name,True,True,False,face_and_text,True,train/bonafide/scan/portugal-066_03.jpg
train/attack/digital_2/huawei/portugal-066_03.jpg,a4b5eb2944c22c93c79d6706980092974cd0fbf06a0d75fafdbc1adb4d5ea9d5,portugal-066_03,digital_2,huawei,3,doe|face|name,True,True,False,face_and_text,True,train/bonafide/huawei/portugal-066_03.jpg
train/attack/digital_2/iphone15pro/portugal-066_03.jpg,2b1ffa3eaa5aa58482aac3277fbe01ead195498e1d161ca27a09750103263ff4,portugal-066_03,digital_2,iphone15pro,3,doe|face|name,True,True,False,face_and_text,True,train/bonafide/iphone15pro/portugal-066_03.jpg
train/attack/digital_2/scan/portugal-066_03.jpg,f6cd3f5f1433ebc901a406c220bb819de61e8d61f9dd11667b1644bcf4984036,portugal-066_03,digital_2,scan,3,doe|face|name,True,True,False,face_and_text,True,train/bonafide/scan/portugal-066_03.jpg
train/attack/digital_1/huawei/portugal-070_03.jpg,b0601d7a90f3936e8876f86ebe57aaedc30abd13bbaf94de60e22fe6e9e60942,portugal-070_03,digital_1,huawei,4,dob|doe|face|name,True,True,False,face_and_text,True,train/bonafide/huawei/portugal-070_03.jpg
train/attack/digital_1/iphone15pro/portugal-070_03.jpg,c87ab076f8612fd705ff1c0015793aa8620482d1c1f1a2220fdb44c5d878fdd0,portugal-070_03,digital_1,iphone15pro,4,dob|doe|face|name,True,True,False,face_and_text,True,train/bonafide/iphone15pro/portugal-070_03.jpg
train/attack/digital_1/scan/portugal-070_03.jpg,f1f53a38822ea293980b9d933a20cf324bb9901a75a0feb2375a8ce66d3192e5,portugal-070_03,digital_1,scan,4,dob|doe|face|name,True,True,False,face_and_text,True,train/bonafide/scan/portugal-070_03.jpg
train/attack/digital_2/huawei/portugal-070_03.jpg,d3da4b7f249321e3704a26702da656012b01f4b2abe3af9011694fe5a8ea4613,portugal-070_03,digital_2,huawei,3,doe|face|name,True,True,False,face_and_text,True,train/bonafide/huawei/portugal-070_03.jpg
train/attack/digital_2/iphone15pro/portugal-070_03.jpg,19b3f71ffad46d75292cac73f5978f58ec840bd710a5a46f73ca178a667c1ef5,portugal-070_03,digital_2,iphone15pro,3,doe|face|name,True,True,False,face_and_text,True,train/bonafide/iphone15pro/portugal-070_03.jpg
train/attack/digital_2/scan/portugal-070_03.jpg,7783e66422af39bddd2487b901cfb577e8faee1de018c86d81e84d385e49c2d3,portugal-070_03,digital_2,scan,3,doe|face|name,True,True,False,face_and_text,True,train/bonafide/scan/portugal-070_03.jpg
train/attack/digital_1/huawei/portugal-105_03.jpg,e3f76428170cf27c74024cf7f5be432cac8eb2dbbbed84e1bde9beead87c25f4,portugal-105_03,digital_1,huawei,4,dob|doe|face|name,True,True,False,face_and_text,True,train/bonafide/huawei/portugal-105_03.jpg
train/attack/digital_1/iphone15pro/portugal-105_03.jpg,9b9da728b7a22737c62f0033d7076615a652f45c953ce1ccae2032d6e3295084,portugal-105_03,digital_1,iphone15pro,4,dob|doe|face|name,True,True,False,face_and_text,True,train/bonafide/iphone15pro/portugal-105_03.jpg
train/attack/digital_1/scan/portugal-105_03.jpg,8e6f334529cc659e33f4058e1838a0d8ed0fd1e2b01565016506ca78c234c90f,portugal-105_03,digital_1,scan,4,dob|doe|face|name,True,True,False,face_and_text,True,train/bonafide/scan/portugal-105_03.jpg
train/attack/digital_2/huawei/portugal-105_03.jpg,84bf5cea40342d9581ec897b2d5c67d50d85f66b97da9345eadf82af182baa1e,portugal-105_03,digital_2,huawei,3,doe|face|name,True,True,False,face_and_text,True,train/bonafide/huawei/portugal-105_03.jpg
train/attack/digital_2/iphone15pro/portugal-105_03.jpg,55a18187a47b7574191390d9d25f60b5b9f75af9b79c4920a998821c56da7161,portugal-105_03,digital_2,iphone15pro,3,doe|face|name,True,True,False,face_and_text,True,train/bonafide/iphone15pro/portugal-105_03.jpg
train/attack/digital_2/scan/portugal-105_03.jpg,f34aceeb8f2eb62d1ba3c15dd66c2460a64a2467100119b240328ce3688f6f16,portugal-105_03,digital_2,scan,3,doe|face|name,True,True,False,face_and_text,True,train/bonafide/scan/portugal-105_03.jpg
train/attack/digital_1/huawei/portugal-125_03.jpg,42163c15d7d8ee2e26026f05b6018d48451c008d0dda31d886de3a27117e5617,portugal-125_03,digital_1,huawei,4,dob|doe|face|name,True,True,False,face_and_text,True,train/bonafide/huawei/portugal-125_03.jpg
train/attack/digital_1/iphone15pro/portugal-125_03.jpg,6ac55928f24107fe26cec25357ab312770ba12f4f9a35d387e92ea955bc47268,portugal-125_03,digital_1,iphone15pro,4,dob|doe|face|name,True,True,False,face_and_text,True,train/bonafide/iphone15pro/portugal-125_03.jpg
train/attack/digital_1/scan/portugal-125_03.jpg,9720558bd407dcf5fdf0b4ad464261e93e69091ae9783888edb06c3aad085a71,portugal-125_03,digital_1,scan,4,dob|doe|face|name,True,True,False,face_and_text,True,train/bonafide/scan/portugal-125_03.jpg
train/attack/digital_2/huawei/portugal-125_03.jpg,e2c78ccc9ce02d36f82cf7f72d5f4ab586acc7b46316ecbd2c849f651f5e9fbf,portugal-125_03,digital_2,huawei,3,doe|face|name,True,True,False,face_and_text,True,train/bonafide/huawei/portugal-125_03.jpg
train/attack/digital_2/iphone15pro/portugal-125_03.jpg,88647382e6b8767ea334e85b40bab139b2cfe423f549d90425f243550f5d165c,portugal-125_03,digital_2,iphone15pro,3,doe|face|name,True,True,False,face_and_text,True,train/bonafide/iphone15pro/portugal-125_03.jpg
train/attack/digital_2/scan/portugal-125_03.jpg,2f480eea1d4a6617ed971adad956089790f1108a796b24afe778c630fba1d544,portugal-125_03,digital_2,scan,3,doe|face|name,True,True,False,face_and_text,True,train/bonafide/scan/portugal-125_03.jpg
train/attack/digital_1/huawei/portugal-143_03.jpg,8feab87dec29879a2a91e42599394350d3076c138095f4f7f519db7f74c7da89,portugal-143_03,digital_1,huawei,4,dob|doe|face|name,True,True,False,face_and_text,True,train/bonafide/huawei/portugal-143_03.jpg
train/attack/digital_1/iphone15pro/portugal-143_03.jpg,5a743fdfc26ec6f90fdf35d6faf46eec34d2a9a5b42c4097fb2e1e7eb3576c40,portugal-143_03,digital_1,iphone15pro,4,dob|doe|face|name,True,True,False,face_and_text,True,train/bonafide/iphone15pro/portugal-143_03.jpg
train/attack/digital_1/scan/portugal-143_03.jpg,3086e3d4538b2c586942ff21592d4a5a0d503009806b1f248451f16e8ed9507d,portugal-143_03,digital_1,scan,4,dob|doe|face|name,True,True,False,face_and_text,True,train/bonafide/scan/portugal-143_03.jpg
train/attack/digital_2/huawei/portugal-143_03.jpg,8d40fc7f28f4706c4c8b07a8f79a3512f4bc14fd792b81316446099dbf4b2fd0,portugal-143_03,digital_2,huawei,3,doe|face|name,True,True,False,face_and_text,True,train/bonafide/huawei/portugal-143_03.jpg
train/attack/digital_2/iphone15pro/portugal-143_03.jpg,e5f068bbf747825965acc5035591b7d966eaeb3b6f08c258bcc61226fdf941c0,portugal-143_03,digital_2,iphone15pro,3,doe|face|name,True,True,False,face_and_text,True,train/bonafide/iphone15pro/portugal-143_03.jpg
train/attack/digital_2/scan/portugal-143_03.jpg,fe516b828de6bdc58b6896e8ad12024bf3370b422618a2005fb93dd9b3be58be,portugal-143_03,digital_2,scan,3,doe|face|name,True,True,False,face_and_text,True,train/bonafide/scan/portugal-143_03.jpg
train/attack/digital_1/huawei/portugal-172_03.jpg,8f041da1ec2a38f01fa8f6f5ea4a0376ca0e35b012cb77b97f5f9698ff3135c6,portugal-172_03,digital_1,huawei,4,dob|doe|face|name,True,True,False,face_and_text,True,train/bonafide/huawei/portugal-172_03.jpg
train/attack/digital_1/iphone15pro/portugal-172_03.jpg,eedd4c21950d547a884a85f0c03c21a560262c4c2f07bc53bebed5ab86dd9746,portugal-172_03,digital_1,iphone15pro,4,dob|doe|face|name,True,True,False,face_and_text,True,train/bonafide/iphone15pro/portugal-172_03.jpg
train/attack/digital_1/scan/portugal-172_03.jpg,4ed123a2fa0483f544b21576413e047daa003abaa418f73a141baa6035ad3e74,portugal-172_03,digital_1,scan,4,dob|doe|face|name,True,True,False,face_and_text,True,train/bonafide/scan/portugal-172_03.jpg
train/attack/digital_2/huawei/portugal-172_03.jpg,9e8edc5e772bdb31fb99abdb7e1931ac8849ed169af0145ee8161013db01014f,portugal-172_03,digital_2,huawei,3,doe|face|name,True,True,False,face_and_text,True,train/bonafide/huawei/portugal-172_03.jpg
train/attack/digital_2/iphone15pro/portugal-172_03.jpg,1084b41153dea642db98c98cee2c96c29806da859bc59a3fc9ba1f1599ed8855,portugal-172_03,digital_2,iphone15pro,3,doe|face|name,True,True,False,face_and_text,True,train/bonafide/iphone15pro/portugal-172_03.jpg
train/attack/digital_2/scan/portugal-172_03.jpg,e89ddcea993ec3723c9a756b26f3f86c235cc855ea8e64b42bdae0d208a0b165,portugal-172_03,digital_2,scan,3,doe|face|name,True,True,False,face_and_text,True,train/bonafide/scan/portugal-172_03.jpg
train/attack/digital_1/huawei/portugal-NF-1016.jpg,939bbb5ac4bb5c8d000c62a1cef3b54471105bec87ce36d0381fbd5046e02541,portugal-NF-1016,digital_1,huawei,4,dob|doe|face|name,True,True,False,face_and_text,True,train/bonafide/huawei/portugal-NF-1016.jpg
train/attack/digital_1/iphone15pro/portugal-NF-1016.jpg,eba11297daa364b211bbbb969c669349d538cc7d31a37999cfd757ec1d6c971a,portugal-NF-1016,digital_1,iphone15pro,4,dob|doe|face|name,True,True,False,face_and_text,True,train/bonafide/iphone15pro/portugal-NF-1016.jpg
train/attack/digital_1/scan/portugal-NF-1016.jpg,34ecfba1fe2a82ce7393d0c12790d2ca0ee9e7ccbf05d86f50adc6472e7621f1,portugal-NF-1016,digital_1,scan,4,dob|doe|face|name,True,True,False,face_and_text,True,train/bonafide/scan/portugal-NF-1016.jpg
train/attack/digital_2/huawei/portugal-NF-1016.jpg,a5c7acbb83111a2abc0186be498b3281bf61a9545b6d848b8c40061d4671a5ba,portugal-NF-1016,digital_2,huawei,3,doe|face|name,True,True,False,face_and_text,True,train/bonafide/huawei/portugal-NF-1016.jpg
train/attack/digital_2/iphone15pro/portugal-NF-1016.jpg,45f6bf35b70e33d474d2458068d8170ebd716159af1cf326f7489497977a82f4,portugal-NF-1016,digital_2,iphone15pro,3,doe|face|name,True,True,False,face_and_text,True,train/bonafide/iphone15pro/portugal-NF-1016.jpg
train/attack/digital_2/scan/portugal-NF-1016.jpg,05f59b071801a0e6fd1af3d58d87df10046c1ecd61bb1f0581f71f09649582d9,portugal-NF-1016,digital_2,scan,3,doe|face|name,True,True,False,face_and_text,True,train/bonafide/scan/portugal-NF-1016.jpg
train/attack/digital_1/huawei/portugal-NF-1022.jpg,847e801bfe053c01ed6078ed2890acdb8fdeef0c0b2202ad3f4ba245af9b7f50,portugal-NF-1022,digital_1,huawei,4,dob|doe|face|name,True,True,False,face_and_text,True,train/bonafide/huawei/portugal-NF-1022.jpg
train/attack/digital_1/iphone15pro/portugal-NF-1022.jpg,aca52b7bfabd2a3d8db7f7792a8d2cc4d6234b71494ee09e288da21af612df71,portugal-NF-1022,digital_1,iphone15pro,4,dob|doe|face|name,True,True,False,face_and_text,True,train/bonafide/iphone15pro/portugal-NF-1022.jpg
train/attack/digital_1/scan/portugal-NF-1022.jpg,465a7bafadde9ce7c62f7b18d9298d77a27ccb37d7feca574fd8c9d002438476,portugal-NF-1022,digital_1,scan,4,dob|doe|face|name,True,True,False,face_and_text,True,train/bonafide/scan/portugal-NF-1022.jpg
train/attack/digital_2/huawei/portugal-NF-1022.jpg,fc2696f75abb560b0bbad60c900f70ed38b8f2530741eac3ac5a5050874756b7,portugal-NF-1022,digital_2,huawei,3,doe|face|name,True,True,False,face_and_text,True,train/bonafide/huawei/portugal-NF-1022.jpg
train/attack/digital_2/iphone15pro/portugal-NF-1022.jpg,0c9c95a07fda3f1204f966f8e5d25799213fd3467aeeb68cf349c236bc69a848,portugal-NF-1022,digital_2,iphone15pro,3,doe|face|name,True,True,False,face_and_text,True,train/bonafide/iphone15pro/portugal-NF-1022.jpg
train/attack/digital_2/scan/portugal-NF-1022.jpg,b9b9344f81bd8e9feb310c6da2a4446f2160d0e57d8a6c00badf26d82a14c3d1,portugal-NF-1022,digital_2,scan,3,doe|face|name,True,True,False,face_and_text,True,train/bonafide/scan/portugal-NF-1022.jpg
train/attack/digital_1/huawei/portugal-NF-1024.jpg,9834a82a59c7494f7946fbfabdc006bb465c07a20de18fefd8f8c857ff16a4ea,portugal-NF-1024,digital_1,huawei,4,dob|doe|face|name,True,True,False,face_and_text,True,train/bonafide/huawei/portugal-NF-1024.jpg
train/attack/digital_1/iphone15pro/portugal-NF-1024.jpg,f0c13e9f19d65fd558c6b120d000c2c1577af63465c2b1a04a97620b9471f9c3,portugal-NF-1024,digital_1,iphone15pro,4,dob|doe|face|name,True,True,False,face_and_text,True,train/bonafide/iphone15pro/portugal-NF-1024.jpg
train/attack/digital_1/scan/portugal-NF-1024.jpg,0793aed2f3a06edd56a88f6756317593b74f999715fb53fff9502d317cf8f1a5,portugal-NF-1024,digital_1,scan,4,dob|doe|face|name,True,True,False,face_and_text,True,train/bonafide/scan/portugal-NF-1024.jpg
train/attack/digital_2/huawei/portugal-NF-1024.jpg,d55e6d01170ea656d0bae6e372c474a23cee6e4cbd2e9ab9df20c5c2fb1870b6,portugal-NF-1024,digital_2,huawei,3,doe|face|name,True,True,False,face_and_text,True,train/bonafide/huawei/portugal-NF-1024.jpg
train/attack/digital_2/iphone15pro/portugal-NF-1024.jpg,c7e9792680ec4bc6faf27b12291cea7fe289012a001d80584b404a44b7d090a1,portugal-NF-1024,digital_2,iphone15pro,3,doe|face|name,True,True,False,face_and_text,True,train/bonafide/iphone15pro/portugal-NF-1024.jpg
train/attack/digital_2/scan/portugal-NF-1024.jpg,476825841045a33196facd287e398f0bd889a4059a7138cac205cdefefecdba1,portugal-NF-1024,digital_2,scan,3,doe|face|name,True,True,False,face_and_text,True,train/bonafide/scan/portugal-NF-1024.jpg
train/attack/digital_1/huawei/portugal-NF-1026.jpg,e929dc2edefd5513351507136b99fd9168df73b5420f35625479a04b3a8ceaf8,portugal-NF-1026,digital_1,huawei,4,dob|doe|face|name,True,True,False,face_and_text,True,train/bonafide/huawei/portugal-NF-1026.jpg
train/attack/digital_1/iphone15pro/portugal-NF-1026.jpg,d4f3f562ef0079ea34c83fc3f8c9f1033d394503be647a31c1be943a68bc0aad,portugal-NF-1026,digital_1,iphone15pro,4,dob|doe|face|name,True,True,False,face_and_text,True,train/bonafide/iphone15pro/portugal-NF-1026.jpg
train/attack/digital_1/scan/portugal-NF-1026.jpg,082f19cf0b9a6d87d787828299d3dc74b4d2d8ecb1ef377cb708417cebaa6768,portugal-NF-1026,digital_1,scan,4,dob|doe|face|name,True,True,False,face_and_text,True,train/bonafide/scan/portugal-NF-1026.jpg
train/attack/digital_2/huawei/portugal-NF-1026.jpg,95aa0d717f7dfb66c31cba33cf627048092b839667082c01f368ba223bfdeb1d,portugal-NF-1026,digital_2,huawei,3,doe|face|name,True,True,False,face_and_text,True,train/bonafide/huawei/portugal-NF-1026.jpg
train/attack/digital_2/iphone15pro/portugal-NF-1026.jpg,a1164bbcd7570a89e993b1ba144fe69d643005a4b282f1d935bb20ee51efbca7,portugal-NF-1026,digital_2,iphone15pro,3,doe|face|name,True,True,False,face_and_text,True,train/bonafide/iphone15pro/portugal-NF-1026.jpg
train/attack/digital_2/scan/portugal-NF-1026.jpg,643b6d776d1db2aa53163662f317d2345d32320281598f9107a5807b4776c18b,portugal-NF-1026,digital_2,scan,3,doe|face|name,True,True,False,face_and_text,True,train/bonafide/scan/portugal-NF-1026.jpg
train/attack/digital_1/huawei/portugal-NF-1041.jpg,81ada891f4a2eaedaac25a6979bb751434cbeb74408c2b211af48920f74a7d49,portugal-NF-1041,digital_1,huawei,4,dob|doe|face|name,True,True,False,face_and_text,True,train/bonafide/huawei/portugal-NF-1041.jpg
train/attack/digital_1/iphone15pro/portugal-NF-1041.jpg,1021051e44d65720b37f0813aac8bccb396ed7e6ae8bbbc8a16d7216024640e7,portugal-NF-1041,digital_1,iphone15pro,4,dob|doe|face|name,True,True,False,face_and_text,True,train/bonafide/iphone15pro/portugal-NF-1041.jpg
train/attack/digital_1/scan/portugal-NF-1041.jpg,b95bc7f3fab7589bbacfcef0509d2d20b638edfb731206557798c891b80c445b,portugal-NF-1041,digital_1,scan,4,dob|doe|face|name,True,True,False,face_and_text,True,train/bonafide/scan/portugal-NF-1041.jpg
train/attack/digital_2/huawei/portugal-NF-1041.jpg,2d06bac282e90121df676ee9ade20aaf9271644eba9beb7cbac08c397736cef0,portugal-NF-1041,digital_2,huawei,3,doe|face|name,True,True,False,face_and_text,True,train/bonafide/huawei/portugal-NF-1041.jpg
train/attack/digital_2/iphone15pro/portugal-NF-1041.jpg,35d8448e2ab0463c70f131fc8ab90993d1464f4e75e34cdee26b22ec725079d3,portugal-NF-1041,digital_2,iphone15pro,3,doe|face|name,True,True,False,face_and_text,True,train/bonafide/iphone15pro/portugal-NF-1041.jpg
train/attack/digital_2/scan/portugal-NF-1041.jpg,ba5aafbec4f08e95e8e6fee4a9412a0ae41cfc4aa6dd63ca8d0f84e41dadb2e5,portugal-NF-1041,digital_2,scan,3,doe|face|name,True,True,False,face_and_text,True,train/bonafide/scan/portugal-NF-1041.jpg
train/attack/digital_1/huawei/portugal-NF-1083.jpg,f9fad3a960b05dce313cc45c3309a8edd3845a468114c85cdbef9128abc751d7,portugal-NF-1083,digital_1,huawei,4,dob|doe|face|name,True,True,False,face_and_text,True,train/bonafide/huawei/portugal-NF-1083.jpg
train/attack/digital_1/iphone15pro/portugal-NF-1083.jpg,807c88cb5cd92dbaf1901e1e4c4f9cb3b23f563ca17a610926c106f6f764e3df,portugal-NF-1083,digital_1,iphone15pro,4,dob|doe|face|name,True,True,False,face_and_text,True,train/bonafide/iphone15pro/portugal-NF-1083.jpg
train/attack/digital_1/scan/portugal-NF-1083.jpg,b072d0dae3d1b3cb0d6fbcc8e4d61c38955e2bbe9d4b058ee3f540d25a330469,portugal-NF-1083,digital_1,scan,4,dob|doe|face|name,True,True,False,face_and_text,True,train/bonafide/scan/portugal-NF-1083.jpg
train/attack/digital_2/huawei/portugal-NF-1083.jpg,3daa94e6fe021af675a9f196a68c9fe5bfcb242322070771a9f7b528c0967bb5,portugal-NF-1083,digital_2,huawei,3,doe|face|name,True,True,False,face_and_text,True,train/bonafide/huawei/portugal-NF-1083.jpg
train/attack/digital_2/iphone15pro/portugal-NF-1083.jpg,0de3f993aea2542f6bc6163eb4eb859bdf10d5657c17e2cab281762bc81e0551,portugal-NF-1083,digital_2,iphone15pro,3,doe|face|name,True,True,False,face_and_text,True,train/bonafide/iphone15pro/portugal-NF-1083.jpg
train/attack/digital_2/scan/portugal-NF-1083.jpg,94251c15bb4201d2d6e44c167b5c4551d94fac20d3e85408a804b34cf50bd818,portugal-NF-1083,digital_2,scan,3,doe|face|name,True,True,False,face_and_text,True,train/bonafide/scan/portugal-NF-1083.jpg
train/attack/digital_1/huawei/portugal-NF-1086.jpg,64b4290d4ead74cb71b379703c140f7a8168a96727bcecd57b8c40c7b2c72831,portugal-NF-1086,digital_1,huawei,4,dob|doe|face|name,True,True,False,face_and_text,True,train/bonafide/huawei/portugal-NF-1086.jpg
train/attack/digital_1/iphone15pro/portugal-NF-1086.jpg,9a36cc768720569688d452a06e73871f2355a25cada6ea00d4a4fa4165356fdf,portugal-NF-1086,digital_1,iphone15pro,4,dob|doe|face|name,True,True,False,face_and_text,True,train/bonafide/iphone15pro/portugal-NF-1086.jpg
train/attack/digital_1/scan/portugal-NF-1086.jpg,e5d36dcfa007be49e43eebd6c88b560f67e68635e45080b23f940227545313b2,portugal-NF-1086,digital_1,scan,4,dob|doe|face|name,True,True,False,face_and_text,True,train/bonafide/scan/portugal-NF-1086.jpg
train/attack/digital_2/huawei/portugal-NF-1086.jpg,98d6df5d2b0b2794a29464eedbc034b6028c20ca2515048ac3020d8370f89a36,portugal-NF-1086,digital_2,huawei,3,doe|face|name,True,True,False,face_and_text,True,train/bonafide/huawei/portugal-NF-1086.jpg
train/attack/digital_2/iphone15pro/portugal-NF-1086.jpg,04e101829a33eddc16578121deb163741aea650ebc86063299a87172389da989,portugal-NF-1086,digital_2,iphone15pro,3,doe|face|name,True,True,False,face_and_text,True,train/bonafide/iphone15pro/portugal-NF-1086.jpg
train/attack/digital_2/scan/portugal-NF-1086.jpg,88e5150954d188353db65f8bb75730c0eb96c2724e67f1c3a7b68c18aad71273,portugal-NF-1086,digital_2,scan,3,doe|face|name,True,True,False,face_and_text,True,train/bonafide/scan/portugal-NF-1086.jpg
train/attack/digital_1/huawei/portugal-NF-1105.jpg,8b5d1be1be21f72b1eebd1ba5a5964dbbb2fce53f8bc828046584cf9713c595d,portugal-NF-1105,digital_1,huawei,4,dob|doe|face|name,True,True,False,face_and_text,True,train/bonafide/huawei/portugal-NF-1105.jpg
train/attack/digital_1/iphone15pro/portugal-NF-1105.jpg,84b0258962321ffd1e8736af63fca1ce2a09658dd8b724e5f4e9c55e43f416c8,portugal-NF-1105,digital_1,iphone15pro,4,dob|doe|face|name,True,True,False,face_and_text,True,train/bonafide/iphone15pro/portugal-NF-1105.jpg
train/attack/digital_1/scan/portugal-NF-1105.jpg,bde4b4a2147da093097bfab93be1e5c44405d5868b700d5e3f58c01eaa55de8d,portugal-NF-1105,digital_1,scan,4,dob|doe|face|name,True,True,False,face_and_text,True,train/bonafide/scan/portugal-NF-1105.jpg
train/attack/digital_2/huawei/portugal-NF-1105.jpg,5606570a8aef997c5b596a45e8e6dfddd99dee1e9af243b0e78552d3c52517f6,portugal-NF-1105,digital_2,huawei,3,doe|face|name,True,True,False,face_and_text,True,train/bonafide/huawei/portugal-NF-1105.jpg
train/attack/digital_2/iphone15pro/portugal-NF-1105.jpg,d4e2aca316dab3c7d7cff823b262d733675a14c63e29e39297c1fcd9f7b1b26e,portugal-NF-1105,digital_2,iphone15pro,3,doe|face|name,True,True,False,face_and_text,True,train/bonafide/iphone15pro/portugal-NF-1105.jpg
train/attack/digital_2/scan/portugal-NF-1105.jpg,53dc92fea7759b025f57cff74bf2f73c2237cb06cb492a60de2b0e32c91706b5,portugal-NF-1105,digital_2,scan,3,doe|face|name,True,True,False,face_and_text,True,train/bonafide/scan/portugal-NF-1105.jpg
train/attack/digital_1/huawei/portugal-NF-1107.jpg,9c620680923a2f5e2dbd3702aa333a527708f5755d0f95e538ee6fec87efe75c,portugal-NF-1107,digital_1,huawei,4,dob|doe|face|name,True,True,False,face_and_text,True,train/bonafide/huawei/portugal-NF-1107.jpg
train/attack/digital_1/iphone15pro/portugal-NF-1107.jpg,2b1d7249d28fa8a953c1dde35219f81bc4011fb5734c8a724a17d7b0f5d87bd2,portugal-NF-1107,digital_1,iphone15pro,4,dob|doe|face|name,True,True,False,face_and_text,True,train/bonafide/iphone15pro/portugal-NF-1107.jpg
train/attack/digital_1/scan/portugal-NF-1107.jpg,46f1eb2507959719e412f8d8ad8cbab6bff17fa628c4758abe7bb4032f6b2f45,portugal-NF-1107,digital_1,scan,4,dob|doe|face|name,True,True,False,face_and_text,True,train/bonafide/scan/portugal-NF-1107.jpg
train/attack/digital_2/huawei/portugal-NF-1107.jpg,076f3a596b634ba6dedae49b7ba5d13ecc232de08a6ebcf91d6ec11bbc343fea,portugal-NF-1107,digital_2,huawei,3,doe|face|name,True,True,False,face_and_text,True,train/bonafide/huawei/portugal-NF-1107.jpg
train/attack/digital_2/iphone15pro/portugal-NF-1107.jpg,f6e9c63ac2cedfcd6da119d976ed0797565ec2cb93a0eb3119522554b2c940c1,portugal-NF-1107,digital_2,iphone15pro,3,doe|face|name,True,True,False,face_and_text,True,train/bonafide/iphone15pro/portugal-NF-1107.jpg
train/attack/digital_2/scan/portugal-NF-1107.jpg,7aebc1df5e82923c5bce209b02df63928c4d711bd651ea3eaed87ab043c8e2ec,portugal-NF-1107,digital_2,scan,3,doe|face|name,True,True,False,face_and_text,True,train/bonafide/scan/portugal-NF-1107.jpg
train/attack/digital_1/huawei/portugal-NM-1091.jpg,e57e5c9444d0abfc60752a54b5387d02be191c73a09bd400ca6dbdf992c7f4ad,portugal-NM-1091,digital_1,huawei,4,dob|doe|face|name,True,True,False,face_and_text,True,train/bonafide/huawei/portugal-NM-1091.jpg
train/attack/digital_1/iphone15pro/portugal-NM-1091.jpg,b570803a4542030e1aac20cf79a4f7d0aa2faa5b3af0faad25709bc494d0183c,portugal-NM-1091,digital_1,iphone15pro,4,dob|doe|face|name,True,True,False,face_and_text,True,train/bonafide/iphone15pro/portugal-NM-1091.jpg
train/attack/digital_1/scan/portugal-NM-1091.jpg,d179a3c54f68837ced1ed7cc41f97ef588531d9715f17bb1eccd7ba50d2a0f53,portugal-NM-1091,digital_1,scan,4,dob|doe|face|name,True,True,False,face_and_text,True,train/bonafide/scan/portugal-NM-1091.jpg
train/attack/digital_2/huawei/portugal-NM-1091.jpg,f176848d80da82f39d6373eed6ecb416c61f96d8daa2a030f66667d0e28244c5,portugal-NM-1091,digital_2,huawei,3,doe|face|name,True,True,False,face_and_text,True,train/bonafide/huawei/portugal-NM-1091.jpg
train/attack/digital_2/iphone15pro/portugal-NM-1091.jpg,007bf834ca40381d3dfca676190cfdce114a16c76808787a726fa22218a10f1a,portugal-NM-1091,digital_2,iphone15pro,3,doe|face|name,True,True,False,face_and_text,True,train/bonafide/iphone15pro/portugal-NM-1091.jpg
train/attack/digital_2/scan/portugal-NM-1091.jpg,246aec1556a34f1eb284d2f9dcc43b864b7f84990786c277819d2694968c930b,portugal-NM-1091,digital_2,scan,3,doe|face|name,True,True,False,face_and_text,True,train/bonafide/scan/portugal-NM-1091.jpg
train/attack/digital_1/huawei/portugal-NM-1102.jpg,f9edfa02d7a034f6757da3c22875adbc61d43cb52b024cd6fc41368fc8229a7e,portugal-NM-1102,digital_1,huawei,4,dob|doe|face|name,True,True,False,face_and_text,True,train/bonafide/huawei/portugal-NM-1102.jpg
train/attack/digital_1/iphone15pro/portugal-NM-1102.jpg,17608913d227d7322abac9cc10e6415f5d77b6fe1e36763f2a31e0488adb4dcc,portugal-NM-1102,digital_1,iphone15pro,4,dob|doe|face|name,True,True,False,face_and_text,True,train/bonafide/iphone15pro/portugal-NM-1102.jpg
train/attack/digital_1/scan/portugal-NM-1102.jpg,1149ea7dd3a51645b5794a64acdf31de83e3a479ba4234b616ecd42859a61a25,portugal-NM-1102,digital_1,scan,4,dob|doe|face|name,True,True,False,face_and_text,True,train/bonafide/scan/portugal-NM-1102.jpg
train/attack/digital_2/huawei/portugal-NM-1102.jpg,7658da5356b66e69195cc6c98e08d93e46dfda8098ced93ddde93d2038aa2773,portugal-NM-1102,digital_2,huawei,3,doe|face|name,True,True,False,face_and_text,True,train/bonafide/huawei/portugal-NM-1102.jpg
train/attack/digital_2/iphone15pro/portugal-NM-1102.jpg,31bb651bfe18572299d8f0b9c4981c7b14b8a75839103df7f18bb53d8ca08480,portugal-NM-1102,digital_2,iphone15pro,3,doe|face|name,True,True,False,face_and_text,True,train/bonafide/iphone15pro/portugal-NM-1102.jpg
train/attack/digital_2/scan/portugal-NM-1102.jpg,8139502c8ae81584eccb9be1540a42f41fd73721f5abca7d9f9dfc522d26437d,portugal-NM-1102,digital_2,scan,3,doe|face|name,True,True,False,face_and_text,True,train/bonafide/scan/portugal-NM-1102.jpg
train/attack/digital_1/huawei/russian-002_03.jpg,2b38faa8cb49b2ddba15db8d31239376613239726e95af7a7d843c425a2065d7,russian-002_03,digital_1,huawei,5,dob|doe|face|name_en,True,True,False,face_and_text,True,train/bonafide/huawei/russian-002_03.jpg
train/attack/digital_1/iphone15pro/russian-002_03.jpg,0d67a86494e3d4cce4f124980b0f17754ea1846d02296ebcf9a9d9c039520a2c,russian-002_03,digital_1,iphone15pro,5,dob|doe|face|name_en,True,True,False,face_and_text,True,train/bonafide/iphone15pro/russian-002_03.jpg
train/attack/digital_1/scan/russian-002_03.jpg,23fed9109663e74437f2dab8b6cc0c768aa018051a970f45ba5376ceadcdbe5b,russian-002_03,digital_1,scan,5,dob|doe|face|name_en,True,True,False,face_and_text,True,train/bonafide/scan/russian-002_03.jpg
train/attack/digital_2/huawei/russian-002_03.jpg,7a326a4aaf4326ed20996d938bacf5bb2f97eadcd813bbbc385f726a0fc309f4,russian-002_03,digital_2,huawei,5,dob|doe|face|name_en,True,True,False,face_and_text,True,train/bonafide/huawei/russian-002_03.jpg
train/attack/digital_2/iphone15pro/russian-002_03.jpg,2559758bed45a2464237f84bf813fcc7bb874456b3aff0842490c1e6cd3739e3,russian-002_03,digital_2,iphone15pro,5,dob|doe|face|name_en,True,True,False,face_and_text,True,train/bonafide/iphone15pro/russian-002_03.jpg
train/attack/digital_2/scan/russian-002_03.jpg,edece47360c9423bf53da98d01e5feb70cbe0ea4ef0c3d08f65d39a675c1971c,russian-002_03,digital_2,scan,5,dob|doe|face|name_en,True,True,False,face_and_text,True,train/bonafide/scan/russian-002_03.jpg
train/attack/digital_1/huawei/russian-027_03.jpg,0fc55e9e74ca62b46c77748727d1579b9b13e6dbdc46b04f16ad10907a1d0251,russian-027_03,digital_1,huawei,5,dob|doe|face|name_en,True,True,False,face_and_text,True,train/bonafide/huawei/russian-027_03.jpg
train/attack/digital_1/iphone15pro/russian-027_03.jpg,dfde642ea92461277b77e29ac6bfc227766bb03e83a4de7958d7cd448b061fa3,russian-027_03,digital_1,iphone15pro,5,dob|doe|face|name_en,True,True,False,face_and_text,True,train/bonafide/iphone15pro/russian-027_03.jpg
train/attack/digital_1/scan/russian-027_03.jpg,64a18a4a65cb616a8747ae731bd4549cbfdacc8d458380d58b1f0870e6d7499d,russian-027_03,digital_1,scan,5,dob|doe|face|name_en,True,True,False,face_and_text,True,train/bonafide/scan/russian-027_03.jpg
train/attack/digital_2/huawei/russian-027_03.jpg,3995f4560a9a298f1de1d1f22de33728968b152af15c9769c5fb62c208ff3440,russian-027_03,digital_2,huawei,5,dob|doe|face|name_en,True,True,False,face_and_text,True,train/bonafide/huawei/russian-027_03.jpg
train/attack/digital_2/iphone15pro/russian-027_03.jpg,abc25ce7b70718afbe2198a266ce061d45f9e12a270434ec19507aad100c1cd9,russian-027_03,digital_2,iphone15pro,5,dob|doe|face|name_en,True,True,False,face_and_text,True,train/bonafide/iphone15pro/russian-027_03.jpg
train/attack/digital_2/scan/russian-027_03.jpg,81baffcba720f5bb9394a47cdbf5dba870ceb6e57387051b13db7c80bc94c201,russian-027_03,digital_2,scan,5,dob|doe|face|name_en,True,True,False,face_and_text,True,train/bonafide/scan/russian-027_03.jpg
train/attack/digital_1/huawei/russian-082_03.jpg,af05b7de206a33a9a08ca80d6647d3b1bfb55aa476b86b4e58a6bbe2bdb31d5f,russian-082_03,digital_1,huawei,5,dob|doe|face|name_en,True,True,False,face_and_text,True,train/bonafide/huawei/russian-082_03.jpg
train/attack/digital_1/iphone15pro/russian-082_03.jpg,0c3f2348a5383b2c4646ef04be543af2810e62d6e54ee6094d1d6dd61ce6deaf,russian-082_03,digital_1,iphone15pro,5,dob|doe|face|name_en,True,True,False,face_and_text,True,train/bonafide/iphone15pro/russian-082_03.jpg
train/attack/digital_1/scan/russian-082_03.jpg,b4218f9ac01fd1d17979ecb9a652db35cdbbcf753140a936e59f898096c27ff6,russian-082_03,digital_1,scan,5,dob|doe|face|name_en,True,True,False,face_and_text,True,train/bonafide/scan/russian-082_03.jpg
train/attack/digital_2/huawei/russian-082_03.jpg,fa8ebc1d1f068c31141c17b34f51f0ac4cfb46a3681c72d263209595230cfbd8,russian-082_03,digital_2,huawei,5,dob|doe|face|name_en,True,True,False,face_and_text,True,train/bonafide/huawei/russian-082_03.jpg
train/attack/digital_2/iphone15pro/russian-082_03.jpg,11eeae0976c5c0d577ea621759e6dd21932f90220b787111eca595d56d13345d,russian-082_03,digital_2,iphone15pro,5,dob|doe|face|name_en,True,True,False,face_and_text,True,train/bonafide/iphone15pro/russian-082_03.jpg
train/attack/digital_2/scan/russian-082_03.jpg,557073d4e12e0b945cbba61455e307da3e607c6a8f4dc89a8b23770a5bfb6c35,russian-082_03,digital_2,scan,5,dob|doe|face|name_en,True,True,False,face_and_text,True,train/bonafide/scan/russian-082_03.jpg
train/attack/digital_1/huawei/russian-123_03.jpg,50c75c9a5b443fcb6bf1790308bdfcb91bb18c452846d0ea796650b11078c6f0,russian-123_03,digital_1,huawei,5,dob|doe|face|name_en,True,True,False,face_and_text,True,train/bonafide/huawei/russian-123_03.jpg
train/attack/digital_1/iphone15pro/russian-123_03.jpg,7225bc7f5bfadfcfe31613129e9812b25be406576df21e28f13ed7834901c16c,russian-123_03,digital_1,iphone15pro,5,dob|doe|face|name_en,True,True,False,face_and_text,True,train/bonafide/iphone15pro/russian-123_03.jpg
train/attack/digital_1/scan/russian-123_03.jpg,a12fed125137fa299ae41e9b3f91d6a350a30e22f2e4e9a010aab5b0878393dc,russian-123_03,digital_1,scan,5,dob|doe|face|name_en,True,True,False,face_and_text,True,train/bonafide/scan/russian-123_03.jpg
train/attack/digital_2/huawei/russian-123_03.jpg,10af78d18ee878ebbe03e278e4d6b11e7da590ec850470ff87c49083b29a40b0,russian-123_03,digital_2,huawei,5,dob|doe|face|name_en,True,True,False,face_and_text,True,train/bonafide/huawei/russian-123_03.jpg
train/attack/digital_2/iphone15pro/russian-123_03.jpg,563a2ef38f93a0473e74e3db232c8271133ac3ed1154742bae12c4a766c9e1fb,russian-123_03,digital_2,iphone15pro,5,dob|doe|face|name_en,True,True,False,face_and_text,True,train/bonafide/iphone15pro/russian-123_03.jpg
train/attack/digital_2/scan/russian-123_03.jpg,a1ea17790f6a3bc7f97153f7b5fd217e6820e8ec82737c209e59cb8e0b0708b9,russian-123_03,digital_2,scan,5,dob|doe|face|name_en,True,True,False,face_and_text,True,train/bonafide/scan/russian-123_03.jpg
train/attack/digital_1/huawei/russian-140_03.jpg,26a91dc1318b97d898056e25254e0357009395c8a53575acf744a74409932cea,russian-140_03,digital_1,huawei,5,dob|doe|face|name_en,True,True,False,face_and_text,True,train/bonafide/huawei/russian-140_03.jpg
train/attack/digital_1/iphone15pro/russian-140_03.jpg,4e5bb7bad47e162395422978f1a0ad86fc44fc45792779f030b68a5d0801e008,russian-140_03,digital_1,iphone15pro,5,dob|doe|face|name_en,True,True,False,face_and_text,True,train/bonafide/iphone15pro/russian-140_03.jpg
train/attack/digital_1/scan/russian-140_03.jpg,93b14b7f375ae161b28fb54ae8492bbd9e75b70ddd31c19b7130fa358dfcba8d,russian-140_03,digital_1,scan,5,dob|doe|face|name_en,True,True,False,face_and_text,True,train/bonafide/scan/russian-140_03.jpg
train/attack/digital_2/huawei/russian-140_03.jpg,ce8f5b2f145f8989f017228fe212450db0787a80fa7dd5530e4af13813cfb319,russian-140_03,digital_2,huawei,5,dob|doe|face|name_en,True,True,False,face_and_text,True,train/bonafide/huawei/russian-140_03.jpg
train/attack/digital_2/iphone15pro/russian-140_03.jpg,3e7a24f10be39e2463d321b978e443254cba33eef0999fcc575dd9793c38d4cf,russian-140_03,digital_2,iphone15pro,5,dob|doe|face|name_en,True,True,False,face_and_text,True,train/bonafide/iphone15pro/russian-140_03.jpg
train/attack/digital_2/scan/russian-140_03.jpg,cb863bb0a247a556ea3fb352a1c002407a794a28ae1fe73406202bc22fbe71ed,russian-140_03,digital_2,scan,5,dob|doe|face|name_en,True,True,False,face_and_text,True,train/bonafide/scan/russian-140_03.jpg
train/attack/digital_1/huawei/russian-141_03.jpg,b54ace976bd588ce9ad02a5f0da43402fcbe8317154f9587eb20fc5744df522d,russian-141_03,digital_1,huawei,5,dob|doe|face|name_en,True,True,False,face_and_text,True,train/bonafide/huawei/russian-141_03.jpg
train/attack/digital_1/iphone15pro/russian-141_03.jpg,87cae302bce8b9452792cb3f04755722e506e35df590ffa912a6f41d15b3566f,russian-141_03,digital_1,iphone15pro,5,dob|doe|face|name_en,True,True,False,face_and_text,True,train/bonafide/iphone15pro/russian-141_03.jpg
train/attack/digital_1/scan/russian-141_03.jpg,b791ad060bbc42679e8815b53df107dd5dea91a3ec989f360b3ec5f0b09a39f9,russian-141_03,digital_1,scan,5,dob|doe|face|name_en,True,True,False,face_and_text,True,train/bonafide/scan/russian-141_03.jpg
train/attack/digital_2/huawei/russian-141_03.jpg,f113bf29a448f025c87002b8a17cd03e19d5d78a1587bd0eaffc810e0a52eb02,russian-141_03,digital_2,huawei,5,dob|doe|face|name_en,True,True,False,face_and_text,True,train/bonafide/huawei/russian-141_03.jpg
train/attack/digital_2/iphone15pro/russian-141_03.jpg,080bcc3a1cb9fd9e480c3e4cc8ad635775f0cbd7e9d82548b12e272ef890f0ef,russian-141_03,digital_2,iphone15pro,5,dob|doe|face|name_en,True,True,False,face_and_text,True,train/bonafide/iphone15pro/russian-141_03.jpg
train/attack/digital_2/scan/russian-141_03.jpg,97a8a15f84a24f9fa95139f1a8c48444b3ae6066b3cfcc905325a4228317b8e4,russian-141_03,digital_2,scan,5,dob|doe|face|name_en,True,True,False,face_and_text,True,train/bonafide/scan/russian-141_03.jpg
train/attack/digital_1/huawei/russian-NF-1013.jpg,a3659543dc81b17decfb5cf0f4b2c1326f065460e4257baf0d13cb056b6ab2b0,russian-NF-1013,digital_1,huawei,5,dob|doe|face|name_en,True,True,False,face_and_text,True,train/bonafide/huawei/russian-NF-1013.jpg
train/attack/digital_1/iphone15pro/russian-NF-1013.jpg,69ac024493d58759709f35db936192b8234b43007137377077b338e8ce24b17a,russian-NF-1013,digital_1,iphone15pro,5,dob|doe|face|name_en,True,True,False,face_and_text,True,train/bonafide/iphone15pro/russian-NF-1013.jpg
train/attack/digital_1/scan/russian-NF-1013.jpg,4f451d4c0abc313ec494753f9fa00f80010c2f5e243b38acbe472bfabf823be3,russian-NF-1013,digital_1,scan,5,dob|doe|face|name_en,True,True,False,face_and_text,True,train/bonafide/scan/russian-NF-1013.jpg
train/attack/digital_2/huawei/russian-NF-1013.jpg,cdff41273562680b0ee8cccacc9995b272db3d19fb217aab32c700ff332db657,russian-NF-1013,digital_2,huawei,5,dob|doe|face|name_en,True,True,False,face_and_text,True,train/bonafide/huawei/russian-NF-1013.jpg
train/attack/digital_2/iphone15pro/russian-NF-1013.jpg,d84f3e57edaa651ec44ba381b208893392ed5e71c4d232bdb18d3614fc88b128,russian-NF-1013,digital_2,iphone15pro,5,dob|doe|face|name_en,True,True,False,face_and_text,True,train/bonafide/iphone15pro/russian-NF-1013.jpg
train/attack/digital_2/scan/russian-NF-1013.jpg,1dbf76f0eb904ea5f6d5f5847c0715b7c9b6d3f98b8b9fafd04e30068fe9df67,russian-NF-1013,digital_2,scan,5,dob|doe|face|name_en,True,True,False,face_and_text,True,train/bonafide/scan/russian-NF-1013.jpg
train/attack/digital_1/huawei/russian-NF-1028.jpg,43584c27873848fb3fdb8d89a898edc8e6dc5e2474f35c4206bcb9305174101f,russian-NF-1028,digital_1,huawei,5,dob|doe|face|name_en,True,True,False,face_and_text,True,train/bonafide/huawei/russian-NF-1028.jpg
train/attack/digital_1/iphone15pro/russian-NF-1028.jpg,902d654e981a93c0e616a19d88b0c67e61933d39cba5e7c44e428f2b03005f1c,russian-NF-1028,digital_1,iphone15pro,5,dob|doe|face|name_en,True,True,False,face_and_text,True,train/bonafide/iphone15pro/russian-NF-1028.jpg
train/attack/digital_1/scan/russian-NF-1028.jpg,68f63046c9f01aa6b2e14956d04b579654f15050aaa854189cebc9ad443a1981,russian-NF-1028,digital_1,scan,5,dob|doe|face|name_en,True,True,False,face_and_text,True,train/bonafide/scan/russian-NF-1028.jpg
train/attack/digital_2/huawei/russian-NF-1028.jpg,c2716d4849d72a0cf35666491118e1caa608ad12c9e1c1088d400dd479e31b2d,russian-NF-1028,digital_2,huawei,5,dob|doe|face|name_en,True,True,False,face_and_text,True,train/bonafide/huawei/russian-NF-1028.jpg
train/attack/digital_2/iphone15pro/russian-NF-1028.jpg,cb500fe617c81c18c429e888f3153ef428cd053ad48673683ea034be7e3d7018,russian-NF-1028,digital_2,iphone15pro,5,dob|doe|face|name_en,True,True,False,face_and_text,True,train/bonafide/iphone15pro/russian-NF-1028.jpg
train/attack/digital_2/scan/russian-NF-1028.jpg,12e1dc9e1d6df7d702f5b2479635fb3a562c9cdb18af98e6a0e4e3e31bf7d6fa,russian-NF-1028,digital_2,scan,5,dob|doe|face|name_en,True,True,False,face_and_text,True,train/bonafide/scan/russian-NF-1028.jpg
train/attack/digital_1/huawei/russian-NF-1069.jpg,4a4e49acf323688d5c7b7a22b4393ec2535140e228e514a761fe2983be595525,russian-NF-1069,digital_1,huawei,5,dob|doe|face|name_en,True,True,False,face_and_text,True,train/bonafide/huawei/russian-NF-1069.jpg
train/attack/digital_1/iphone15pro/russian-NF-1069.jpg,ced21b0ddfec775e795bfc197c6164aa47f0ea43ebd97550adaf65da95a825f5,russian-NF-1069,digital_1,iphone15pro,5,dob|doe|face|name_en,True,True,False,face_and_text,True,train/bonafide/iphone15pro/russian-NF-1069.jpg
train/attack/digital_1/scan/russian-NF-1069.jpg,0a8114e19544139aa6faacd856b55ea223410813f157656fee681d2c82f03364,russian-NF-1069,digital_1,scan,5,dob|doe|face|name_en,True,True,False,face_and_text,True,train/bonafide/scan/russian-NF-1069.jpg
train/attack/digital_2/huawei/russian-NF-1069.jpg,ce203046c95f5a6cac8d03c2c6d5e6233c40693d38f4ff3e82cffa4ac4432873,russian-NF-1069,digital_2,huawei,5,dob|doe|face|name_en,True,True,False,face_and_text,True,train/bonafide/huawei/russian-NF-1069.jpg
train/attack/digital_2/iphone15pro/russian-NF-1069.jpg,747aff43ff32c591208b5b6147debf274bef1e46edf3ccca3327f4d87bb94a4e,russian-NF-1069,digital_2,iphone15pro,5,dob|doe|face|name_en,True,True,False,face_and_text,True,train/bonafide/iphone15pro/russian-NF-1069.jpg
train/attack/digital_2/scan/russian-NF-1069.jpg,8c03f6b2024d21c8195b02c50ab4b5e98b1ff8eaeebe28f1fdd4aa8324ae3dc6,russian-NF-1069,digital_2,scan,5,dob|doe|face|name_en,True,True,False,face_and_text,True,train/bonafide/scan/russian-NF-1069.jpg
train/attack/digital_1/huawei/russian-NF-1080.jpg,1c5c85e96f5dd338848681d67da0c1b97913153f50a4c3e66e81c76563ec7a6c,russian-NF-1080,digital_1,huawei,5,dob|doe|face|name_en,True,True,False,face_and_text,True,train/bonafide/huawei/russian-NF-1080.jpg
train/attack/digital_1/iphone15pro/russian-NF-1080.jpg,298975d2552c66ce11b881c66357c5970c935210ff709a73ab7e6ff9aaa79ae0,russian-NF-1080,digital_1,iphone15pro,5,dob|doe|face|name_en,True,True,False,face_and_text,True,train/bonafide/iphone15pro/russian-NF-1080.jpg
train/attack/digital_1/scan/russian-NF-1080.jpg,c31bb107c1d3f9a2e941c18570a98e7c3c345c61f549edc5b98f197fb322ceee,russian-NF-1080,digital_1,scan,5,dob|doe|face|name_en,True,True,False,face_and_text,True,train/bonafide/scan/russian-NF-1080.jpg
train/attack/digital_2/huawei/russian-NF-1080.jpg,eab3264bde5d70b9f148778437d24fec98709189d0af6c141f98f4fd9efc83db,russian-NF-1080,digital_2,huawei,5,dob|doe|face|name_en,True,True,False,face_and_text,True,train/bonafide/huawei/russian-NF-1080.jpg
train/attack/digital_2/iphone15pro/russian-NF-1080.jpg,adf0787302309872c7ec2dbaeafae38ae16378ed572a3fd2b940605e46410417,russian-NF-1080,digital_2,iphone15pro,5,dob|doe|face|name_en,True,True,False,face_and_text,True,train/bonafide/iphone15pro/russian-NF-1080.jpg
train/attack/digital_2/scan/russian-NF-1080.jpg,18b1cfffb9113435cd6999907c62edddae4c86765fd30a4433ca6529e401a8b7,russian-NF-1080,digital_2,scan,5,dob|doe|face|name_en,True,True,False,face_and_text,True,train/bonafide/scan/russian-NF-1080.jpg
train/attack/digital_1/huawei/russian-NF-1081.jpg,9e7ba8951d5f9479087d0e82118cc0886f1ec06b1a06ac4e67000f08b6b38b00,russian-NF-1081,digital_1,huawei,5,dob|doe|face|name_en,True,True,False,face_and_text,True,train/bonafide/huawei/russian-NF-1081.jpg
train/attack/digital_1/iphone15pro/russian-NF-1081.jpg,fd14f96b5885c858e840f3cf3b70e2857fcf95a98752ef9ce3a8615f1fdb6033,russian-NF-1081,digital_1,iphone15pro,5,dob|doe|face|name_en,True,True,False,face_and_text,True,train/bonafide/iphone15pro/russian-NF-1081.jpg
train/attack/digital_1/scan/russian-NF-1081.jpg,00a5884168fa2468632b29e4185ad0740201b74c00685b334d09006a6e18e8b4,russian-NF-1081,digital_1,scan,5,dob|doe|face|name_en,True,True,False,face_and_text,True,train/bonafide/scan/russian-NF-1081.jpg
train/attack/digital_2/huawei/russian-NF-1081.jpg,7b5114beae87faa8666e2907d810867fc335dfea5084690f50037a08b926c700,russian-NF-1081,digital_2,huawei,5,dob|doe|face|name_en,True,True,False,face_and_text,True,train/bonafide/huawei/russian-NF-1081.jpg
train/attack/digital_2/iphone15pro/russian-NF-1081.jpg,c572187975c92636bd6bc056cdef6d03b03ffe902af906131f076f838b46e4e4,russian-NF-1081,digital_2,iphone15pro,5,dob|doe|face|name_en,True,True,False,face_and_text,True,train/bonafide/iphone15pro/russian-NF-1081.jpg
train/attack/digital_2/scan/russian-NF-1081.jpg,253f5b5b71526d2de8518756c9275f91f030b2cb36b957bc031bcb19344f5de8,russian-NF-1081,digital_2,scan,5,dob|doe|face|name_en,True,True,False,face_and_text,True,train/bonafide/scan/russian-NF-1081.jpg
train/attack/digital_1/huawei/russian-NM-1027.jpg,eab844ba26246124ad45c66ed7066f7184046ddbd9f8520cdf4f59962727038e,russian-NM-1027,digital_1,huawei,5,dob|doe|face|name_en,True,True,False,face_and_text,True,train/bonafide/huawei/russian-NM-1027.jpg
train/attack/digital_1/iphone15pro/russian-NM-1027.jpg,7fc366d782bb64768e9c7532b079006001518e9ccae21efadb79a90e603d414e,russian-NM-1027,digital_1,iphone15pro,5,dob|doe|face|name_en,True,True,False,face_and_text,True,train/bonafide/iphone15pro/russian-NM-1027.jpg
train/attack/digital_1/scan/russian-NM-1027.jpg,ab02bb10f80bb34ed032b19e6671a2246ab129b5c6e0e681705cd5a469333402,russian-NM-1027,digital_1,scan,5,dob|doe|face|name_en,True,True,False,face_and_text,True,train/bonafide/scan/russian-NM-1027.jpg
train/attack/digital_2/huawei/russian-NM-1027.jpg,bbf32bd3b81d2c6b401fc113357209a11c3ded969c5dce0863d8460f801dd731,russian-NM-1027,digital_2,huawei,5,dob|doe|face|name_en,True,True,False,face_and_text,True,train/bonafide/huawei/russian-NM-1027.jpg
train/attack/digital_2/iphone15pro/russian-NM-1027.jpg,12314dfbdba6f7caabefb3ea39eef00fe29c6e99480ee4ca82ceb06e03273411,russian-NM-1027,digital_2,iphone15pro,5,dob|doe|face|name_en,True,True,False,face_and_text,True,train/bonafide/iphone15pro/russian-NM-1027.jpg
train/attack/digital_2/scan/russian-NM-1027.jpg,dfb83f4aacf9ac492504aae417a4992f790b0dd753bf1734209c795d3afab223,russian-NM-1027,digital_2,scan,5,dob|doe|face|name_en,True,True,False,face_and_text,True,train/bonafide/scan/russian-NM-1027.jpg
train/attack/digital_1/huawei/turkiye-008_03.jpg,ab6cfb911e02c5f6af1eb9ea4d588c19a2615fa6c6660a8997602c38826af885,turkiye-008_03,digital_1,huawei,5,dob|doe|face|name,True,True,False,face_and_text,True,train/bonafide/huawei/turkiye-008_03.jpg
train/attack/digital_1/iphone15pro/turkiye-008_03.jpg,806e52e9a29ff75229841c28a42878d96710d382e3b09f32ea89bfe956902c3d,turkiye-008_03,digital_1,iphone15pro,5,dob|doe|face|name,True,True,False,face_and_text,True,train/bonafide/iphone15pro/turkiye-008_03.jpg
train/attack/digital_1/scan/turkiye-008_03.jpg,413befa4052bd4e8bc55966bee85b257f027c1c0a089c4cf4da8b1fbfb44a27d,turkiye-008_03,digital_1,scan,5,dob|doe|face|name,True,True,False,face_and_text,True,train/bonafide/scan/turkiye-008_03.jpg
train/attack/digital_2/huawei/turkiye-008_03.jpg,d4ad84166e42ca0922ab6b3fbc2605c696c81e7e49de2641d280a9af14884c6d,turkiye-008_03,digital_2,huawei,5,dob|doe|face|name,True,True,False,face_and_text,True,train/bonafide/huawei/turkiye-008_03.jpg
train/attack/digital_2/iphone15pro/turkiye-008_03.jpg,4580963edcf94830295c61406af1c01c03fd3c765793e0649731b82c52d75464,turkiye-008_03,digital_2,iphone15pro,5,dob|doe|face|name,True,True,False,face_and_text,True,train/bonafide/iphone15pro/turkiye-008_03.jpg
train/attack/digital_2/scan/turkiye-008_03.jpg,bb1666b16f71aee914ca87f940cffd4269f8f27cb21d15ec1c2a1fe3fe1fd72a,turkiye-008_03,digital_2,scan,5,dob|doe|face|name,True,True,False,face_and_text,True,train/bonafide/scan/turkiye-008_03.jpg
train/attack/digital_1/huawei/turkiye-031_03.jpg,25273183bcbc197448b0227ef2fa29ae426e32f1711a25f88da03e0138b952d5,turkiye-031_03,digital_1,huawei,5,dob|doe|face|name,True,True,False,face_and_text,True,train/bonafide/huawei/turkiye-031_03.jpg
train/attack/digital_1/iphone15pro/turkiye-031_03.jpg,bec369b8a4fd3ca55f6be340220d683751a25a23d83c19b8c639e22d34167a39,turkiye-031_03,digital_1,iphone15pro,5,dob|doe|face|name,True,True,False,face_and_text,True,train/bonafide/iphone15pro/turkiye-031_03.jpg
train/attack/digital_1/scan/turkiye-031_03.jpg,b83a0851551c7f2752a5c41e85404afc8ae004df527c2380002423e1021c6d49,turkiye-031_03,digital_1,scan,5,dob|doe|face|name,True,True,False,face_and_text,True,train/bonafide/scan/turkiye-031_03.jpg
train/attack/digital_2/huawei/turkiye-031_03.jpg,683b9c6e570470ceeac488e011ae3a29eba07d9f92bf0e48bb883bf513451354,turkiye-031_03,digital_2,huawei,5,dob|doe|face|name,True,True,False,face_and_text,True,train/bonafide/huawei/turkiye-031_03.jpg
train/attack/digital_2/iphone15pro/turkiye-031_03.jpg,f141ede7baebbdd3683ab5aebf88fad53b2fd5a781ae289e9b18dc2c7d8e31f0,turkiye-031_03,digital_2,iphone15pro,5,dob|doe|face|name,True,True,False,face_and_text,True,train/bonafide/iphone15pro/turkiye-031_03.jpg
train/attack/digital_2/scan/turkiye-031_03.jpg,603fcc5de93aec9df8f3f1f01cc5f88bbc271c4885770aec4a6dba0c01462260,turkiye-031_03,digital_2,scan,5,dob|doe|face|name,True,True,False,face_and_text,True,train/bonafide/scan/turkiye-031_03.jpg
train/attack/digital_1/huawei/turkiye-036_03.jpg,e494e0b98600c2e779d31fa7bab7ffeb368fbd0a51ac14cfac8a0ad9700a3d1c,turkiye-036_03,digital_1,huawei,5,dob|doe|face|name_other,True,True,False,face_and_text,True,train/bonafide/huawei/turkiye-036_03.jpg
train/attack/digital_1/iphone15pro/turkiye-036_03.jpg,6850ee820f384ca11014f2d595b875d5dab82132631269f3fb0d0200ca8ae0b1,turkiye-036_03,digital_1,iphone15pro,5,dob|doe|face|name_other,True,True,False,face_and_text,True,train/bonafide/iphone15pro/turkiye-036_03.jpg
train/attack/digital_1/scan/turkiye-036_03.jpg,12b60a056a43ee01b7899279ba7d7969547e4eddd7e6f9bc657757a5311e382b,turkiye-036_03,digital_1,scan,5,dob|doe|face|name_other,True,True,False,face_and_text,True,train/bonafide/scan/turkiye-036_03.jpg
train/attack/digital_2/huawei/turkiye-036_03.jpg,4da9b36f984ffb0f4376ca7e913f5098b2f6d4f8a89fe8d3f9016002ac296b8c,turkiye-036_03,digital_2,huawei,5,dob|doe|face|name_other,True,True,False,face_and_text,True,train/bonafide/huawei/turkiye-036_03.jpg
train/attack/digital_2/iphone15pro/turkiye-036_03.jpg,541b88841c3a053bafff5245a2f2b11768445531739fa2fa9aa1a77b52273dc9,turkiye-036_03,digital_2,iphone15pro,5,dob|doe|face|name_other,True,True,False,face_and_text,True,train/bonafide/iphone15pro/turkiye-036_03.jpg
train/attack/digital_2/scan/turkiye-036_03.jpg,efa967159a682e565df41a4862a33064b46615ab6e718728e2f8637ddf567bac,turkiye-036_03,digital_2,scan,5,dob|doe|face|name_other,True,True,False,face_and_text,True,train/bonafide/scan/turkiye-036_03.jpg
train/attack/digital_1/huawei/turkiye-041_03.jpg,18d168b8e5dca6914dcbefc9fdc880a120940c909a18779dc83893e64b7c6e0d,turkiye-041_03,digital_1,huawei,5,dob|doe|face|name,True,True,False,face_and_text,True,train/bonafide/huawei/turkiye-041_03.jpg
train/attack/digital_1/iphone15pro/turkiye-041_03.jpg,53aeb89211531fb037676f4f8ab3a6917a0c021afbfe7aa6998b2472d7953217,turkiye-041_03,digital_1,iphone15pro,5,dob|doe|face|name,True,True,False,face_and_text,True,train/bonafide/iphone15pro/turkiye-041_03.jpg
train/attack/digital_1/scan/turkiye-041_03.jpg,ac193f7ae0964f7eff851a2196c16f6e700823a48bdb6ee42f6785e5ee9a3605,turkiye-041_03,digital_1,scan,5,dob|doe|face|name,True,True,False,face_and_text,True,train/bonafide/scan/turkiye-041_03.jpg
train/attack/digital_2/huawei/turkiye-041_03.jpg,036731314084d24bd9c514dc9cb939c4494ce71a3b864b7cec305614bdd0a70d,turkiye-041_03,digital_2,huawei,5,dob|doe|face|name,True,True,False,face_and_text,True,train/bonafide/huawei/turkiye-041_03.jpg
train/attack/digital_2/iphone15pro/turkiye-041_03.jpg,731d11667ecf3b726aedca5a71195e40cac7031af2b938ebe2a313e6284de026,turkiye-041_03,digital_2,iphone15pro,5,dob|doe|face|name,True,True,False,face_and_text,True,train/bonafide/iphone15pro/turkiye-041_03.jpg
train/attack/digital_2/scan/turkiye-041_03.jpg,c5fc1f8674c58acc3a3ce56ab20d65e8d30d5dd7ef555af7a614569fe882bb5c,turkiye-041_03,digital_2,scan,5,dob|doe|face|name,True,True,False,face_and_text,True,train/bonafide/scan/turkiye-041_03.jpg
train/attack/digital_1/huawei/turkiye-083_03.jpg,93c9608ce392c7475c2b2b3f04b2a34dcba345ab8d038734e00eb4b9e702efa2,turkiye-083_03,digital_1,huawei,5,dob|doe|face|name_other,True,True,False,face_and_text,True,train/bonafide/huawei/turkiye-083_03.jpg
train/attack/digital_1/iphone15pro/turkiye-083_03.jpg,99cce7a22e99de33ad03743290daea90254fff81d88bd73a0477889707b6a6de,turkiye-083_03,digital_1,iphone15pro,5,dob|doe|face|name_other,True,True,False,face_and_text,True,train/bonafide/iphone15pro/turkiye-083_03.jpg
train/attack/digital_1/scan/turkiye-083_03.jpg,b967bd2e2522d56cef04d1a4fbe0f83d93eee0b3a77a3dc885b5da6e1ecec4ad,turkiye-083_03,digital_1,scan,5,dob|doe|face|name_other,True,True,False,face_and_text,True,train/bonafide/scan/turkiye-083_03.jpg
train/attack/digital_2/huawei/turkiye-083_03.jpg,d0f6cb1515f368a83052d8f1e74ba7a78b70be00309b8bb8b86b3cd5d7a32129,turkiye-083_03,digital_2,huawei,5,dob|doe|face|name_other,True,True,False,face_and_text,True,train/bonafide/huawei/turkiye-083_03.jpg
train/attack/digital_2/iphone15pro/turkiye-083_03.jpg,a815535d6b7e169c58b2a94d9361f6ff5e7bf600d8d0bb1bd8b1f32e059252c1,turkiye-083_03,digital_2,iphone15pro,5,dob|doe|face|name_other,True,True,False,face_and_text,True,train/bonafide/iphone15pro/turkiye-083_03.jpg
train/attack/digital_2/scan/turkiye-083_03.jpg,1c39fb80dcb9109022942fc8021ebcc62f06434d4fd2d3e0d67bfa1040142bad,turkiye-083_03,digital_2,scan,5,dob|doe|face|name_other,True,True,False,face_and_text,True,train/bonafide/scan/turkiye-083_03.jpg
train/attack/digital_1/huawei/turkiye-086_03.jpg,b39abc764f323236bd76b0601b552239ae460d8933893201a4cec5e40b987f3a,turkiye-086_03,digital_1,huawei,5,dob|doe|face|name,True,True,False,face_and_text,True,train/bonafide/huawei/turkiye-086_03.jpg
train/attack/digital_1/iphone15pro/turkiye-086_03.jpg,c10a3c85bbbfd8a2468e554437bf619a9142a00a339ef1c65d9cc62d49827bee,turkiye-086_03,digital_1,iphone15pro,5,dob|doe|face|name,True,True,False,face_and_text,True,train/bonafide/iphone15pro/turkiye-086_03.jpg
train/attack/digital_1/scan/turkiye-086_03.jpg,f27d13f6bba26b234248cc69a72d0bf766fcbde338c77777646ce846be0c0d39,turkiye-086_03,digital_1,scan,5,dob|doe|face|name,True,True,False,face_and_text,True,train/bonafide/scan/turkiye-086_03.jpg
train/attack/digital_2/huawei/turkiye-086_03.jpg,5fb475e053d7a1eee6cd48e7e332641ca815c1f35e54e295dd99b67b6b9c407c,turkiye-086_03,digital_2,huawei,5,dob|doe|face|name,True,True,False,face_and_text,True,train/bonafide/huawei/turkiye-086_03.jpg
train/attack/digital_2/iphone15pro/turkiye-086_03.jpg,14cd7b08b55aeabc2266c6c3f44c0f6d70df2c11895c62aef98fb326a055fc58,turkiye-086_03,digital_2,iphone15pro,5,dob|doe|face|name,True,True,False,face_and_text,True,train/bonafide/iphone15pro/turkiye-086_03.jpg
train/attack/digital_2/scan/turkiye-086_03.jpg,abafc2b9ea1173f8e80f8b8bbfd71ccd9f0a1774d44f9fc17035bfb8f437e1f7,turkiye-086_03,digital_2,scan,5,dob|doe|face|name,True,True,False,face_and_text,True,train/bonafide/scan/turkiye-086_03.jpg
train/attack/digital_1/huawei/turkiye-092_03.jpg,cf4684e3545f4dc85b5a161b99879d9218db3b7e52c5aa025e28f5165cc728c4,turkiye-092_03,digital_1,huawei,5,dob|doe|face|name_other,True,True,False,face_and_text,True,train/bonafide/huawei/turkiye-092_03.jpg
train/attack/digital_1/iphone15pro/turkiye-092_03.jpg,bd7d8b59d66aab1a7a9d18d4514b137b42b680231256ebc775aa8a22931da1ba,turkiye-092_03,digital_1,iphone15pro,5,dob|doe|face|name_other,True,True,False,face_and_text,True,train/bonafide/iphone15pro/turkiye-092_03.jpg
train/attack/digital_1/scan/turkiye-092_03.jpg,13e2e44a19d274c30875cb794337ab97d5ee013bb3eda1171ac9b7f91e17bb32,turkiye-092_03,digital_1,scan,5,dob|doe|face|name_other,True,True,False,face_and_text,True,train/bonafide/scan/turkiye-092_03.jpg
train/attack/digital_2/huawei/turkiye-092_03.jpg,821407e7981a273c8ca28cd68cb90816c3058184778e6bdbf7f9d9233e492705,turkiye-092_03,digital_2,huawei,4,dob|doe|face|name_other,True,True,False,face_and_text,True,train/bonafide/huawei/turkiye-092_03.jpg
train/attack/digital_2/iphone15pro/turkiye-092_03.jpg,fcb41be223fe6264be7a79c5382beb88ecdd7ed79053fe84ff7f5696832f4370,turkiye-092_03,digital_2,iphone15pro,5,dob|doe|face|name_other,True,True,False,face_and_text,True,train/bonafide/iphone15pro/turkiye-092_03.jpg
train/attack/digital_2/scan/turkiye-092_03.jpg,daa09fe7036bccd7ad64f1da8b74b9fca883d394a38340a08d31049eb9e80fc7,turkiye-092_03,digital_2,scan,5,dob|doe|face|name_other,True,True,False,face_and_text,True,train/bonafide/scan/turkiye-092_03.jpg
train/attack/digital_1/huawei/turkiye-121_03.jpg,79911f110ce0cedbb6975f0e5de29d8d78af6e5fda5554720c553208fc3762b5,turkiye-121_03,digital_1,huawei,5,dob|doe|face|name,True,True,False,face_and_text,True,train/bonafide/huawei/turkiye-121_03.jpg
train/attack/digital_1/iphone15pro/turkiye-121_03.jpg,d2ec436de3b6b38cc36e74514fde9ac5e4247987893a3a00dbfba262c3d77db4,turkiye-121_03,digital_1,iphone15pro,5,dob|doe|face|name,True,True,False,face_and_text,True,train/bonafide/iphone15pro/turkiye-121_03.jpg
train/attack/digital_1/scan/turkiye-121_03.jpg,c84febdd823485525a8380591405b543fc78ec1405d915352bb44dc53258c842,turkiye-121_03,digital_1,scan,5,dob|doe|face|name,True,True,False,face_and_text,True,train/bonafide/scan/turkiye-121_03.jpg
train/attack/digital_2/huawei/turkiye-121_03.jpg,a751313e2471f4aa21b0a52c15e9e82bd864a10a826ab622f7bcf08280815e0a,turkiye-121_03,digital_2,huawei,5,dob|doe|face|name,True,True,False,face_and_text,True,train/bonafide/huawei/turkiye-121_03.jpg
train/attack/digital_2/iphone15pro/turkiye-121_03.jpg,6c047dd816fafdaa3f7ca7682d82875d9560e38c021fd06cadc079a02e8202c8,turkiye-121_03,digital_2,iphone15pro,4,dob|doe|face|name,True,True,False,face_and_text,True,train/bonafide/iphone15pro/turkiye-121_03.jpg
train/attack/digital_2/scan/turkiye-121_03.jpg,eb95679647b1bebbbf3835b2214a53180e136a67ac11ccb10494eff94368edd7,turkiye-121_03,digital_2,scan,5,dob|doe|face|name,True,True,False,face_and_text,True,train/bonafide/scan/turkiye-121_03.jpg
train/attack/digital_1/huawei/turkiye-126_03.jpg,90c4ae62d7b48bbd5db0c4cbe6c939885b283063c823ebab1761c80bf9954bb6,turkiye-126_03,digital_1,huawei,5,dob|doe|face|name_other,True,True,False,face_and_text,True,train/bonafide/huawei/turkiye-126_03.jpg
train/attack/digital_1/iphone15pro/turkiye-126_03.jpg,0e08aa5ccc3a6226e5f330a5f5c312f44f2600b77eb29191b5240af56904eee5,turkiye-126_03,digital_1,iphone15pro,5,dob|doe|face|name_other,True,True,False,face_and_text,True,train/bonafide/iphone15pro/turkiye-126_03.jpg
train/attack/digital_1/scan/turkiye-126_03.jpg,2e41361aff60a31ee5c6b7e831e8ffd102125e53b13bf6228bfda51778280bfc,turkiye-126_03,digital_1,scan,5,dob|doe|face|name_other,True,True,False,face_and_text,True,train/bonafide/scan/turkiye-126_03.jpg
train/attack/digital_2/huawei/turkiye-126_03.jpg,80f6623983c122895ea4c7916b51424dc23d1b211409aa8e23c5b4bdd8772f39,turkiye-126_03,digital_2,huawei,5,dob|doe|face|name_other,True,True,False,face_and_text,True,train/bonafide/huawei/turkiye-126_03.jpg
train/attack/digital_2/iphone15pro/turkiye-126_03.jpg,3215d1414083296c1a6acddfbb437bd163b74daa1c35d336039e40db9659a2e5,turkiye-126_03,digital_2,iphone15pro,5,dob|doe|face|name_other,True,True,False,face_and_text,True,train/bonafide/iphone15pro/turkiye-126_03.jpg
train/attack/digital_2/scan/turkiye-126_03.jpg,b3520d0e0c6ee1ef31439365cf982a43edf552cd8bb81d6227c9d3b424811394,turkiye-126_03,digital_2,scan,5,dob|doe|face|name_other,True,True,False,face_and_text,True,train/bonafide/scan/turkiye-126_03.jpg
train/attack/digital_1/huawei/turkiye-127_03.jpg,3ae4548c330c790b0dc005a05b05be243a0ff4c8f90ad3006af3198d30aedd1f,turkiye-127_03,digital_1,huawei,5,dob|doe|face|name,True,True,False,face_and_text,True,train/bonafide/huawei/turkiye-127_03.jpg
train/attack/digital_1/iphone15pro/turkiye-127_03.jpg,77dc5e5a61e24dd2943e406f00205cabfad2f6036e25d45f348c4075fc37b695,turkiye-127_03,digital_1,iphone15pro,5,dob|doe|face|name,True,True,False,face_and_text,True,train/bonafide/iphone15pro/turkiye-127_03.jpg
train/attack/digital_1/scan/turkiye-127_03.jpg,a7ad1488fb6b69549a910b620d0341be10ca5fe971c7925166a6cc6c4a259d11,turkiye-127_03,digital_1,scan,5,dob|doe|face|name,True,True,False,face_and_text,True,train/bonafide/scan/turkiye-127_03.jpg
train/attack/digital_2/huawei/turkiye-127_03.jpg,43d0c6b1a445c3d7d5e5abae60e90a1626691f8bf9fd29e48006287d805fbcfc,turkiye-127_03,digital_2,huawei,5,dob|doe|face|name,True,True,False,face_and_text,True,train/bonafide/huawei/turkiye-127_03.jpg
train/attack/digital_2/iphone15pro/turkiye-127_03.jpg,f94e064f79165916bae2225c76c327823520696b6ee9a12222dbf8058719aeb1,turkiye-127_03,digital_2,iphone15pro,5,dob|doe|face|name,True,True,False,face_and_text,True,train/bonafide/iphone15pro/turkiye-127_03.jpg
train/attack/digital_2/scan/turkiye-127_03.jpg,f17edce3901bdfe5803cf1a0b4491367a448bc943b42a3951c8f046c0d872c59,turkiye-127_03,digital_2,scan,5,dob|doe|face|name,True,True,False,face_and_text,True,train/bonafide/scan/turkiye-127_03.jpg
train/attack/digital_1/huawei/turkiye-129_03.jpg,1a5de75fe214fa3ea3ab425e04b6c5312bbf1a0f8d3c76d144eb57ce5ba61c2e,turkiye-129_03,digital_1,huawei,5,dob|doe|face|name,True,True,False,face_and_text,True,train/bonafide/huawei/turkiye-129_03.jpg
train/attack/digital_1/iphone15pro/turkiye-129_03.jpg,33c51a35571ea939d07c1da0234eff7b372f71f67730a4128bce1366929ebe16,turkiye-129_03,digital_1,iphone15pro,5,dob|doe|face|name,True,True,False,face_and_text,True,train/bonafide/iphone15pro/turkiye-129_03.jpg
train/attack/digital_1/scan/turkiye-129_03.jpg,bca5a19ce60871675d1eaf1cd49b3f12a8c6673ec01ae9b754a2db106d71d33b,turkiye-129_03,digital_1,scan,5,dob|doe|face|name,True,True,False,face_and_text,True,train/bonafide/scan/turkiye-129_03.jpg
train/attack/digital_2/huawei/turkiye-129_03.jpg,b0d87b4a847a6c5906dc07cc90de50cf92cbde3f3adfc07e9e6ca208d9b87eaa,turkiye-129_03,digital_2,huawei,5,dob|doe|face|name,True,True,False,face_and_text,True,train/bonafide/huawei/turkiye-129_03.jpg
train/attack/digital_2/iphone15pro/turkiye-129_03.jpg,da40b1bbe6428c72ee16866bf7654e63bdfd5570ef4eacfa6df81071a8d33ebf,turkiye-129_03,digital_2,iphone15pro,5,dob|doe|face|name,True,True,False,face_and_text,True,train/bonafide/iphone15pro/turkiye-129_03.jpg
train/attack/digital_2/scan/turkiye-129_03.jpg,c470a9750258ba438ff85f071faa79d872e5b6f3b77f9e0c9b108ee178c3e4e2,turkiye-129_03,digital_2,scan,5,dob|doe|face|name,True,True,False,face_and_text,True,train/bonafide/scan/turkiye-129_03.jpg
train/attack/digital_1/huawei/turkiye-130_03.jpg,22f373635c0094606671cb8088961ecdbb875dc4a4a91f3eb283ecf0224708a0,turkiye-130_03,digital_1,huawei,5,dob|doe|face|name,True,True,False,face_and_text,True,train/bonafide/huawei/turkiye-130_03.jpg
train/attack/digital_1/iphone15pro/turkiye-130_03.jpg,59963ff22593b6086ffcdaa9e72dc9806c6faa401f2b4f9192f50c80916d3d8f,turkiye-130_03,digital_1,iphone15pro,5,dob|doe|face|name,True,True,False,face_and_text,True,train/bonafide/iphone15pro/turkiye-130_03.jpg
train/attack/digital_1/scan/turkiye-130_03.jpg,96cb2d6dc4b69db1608ebe617fb3577efb390530add528ee5ec560a8a38a86d6,turkiye-130_03,digital_1,scan,5,dob|doe|face|name,True,True,False,face_and_text,True,train/bonafide/scan/turkiye-130_03.jpg
train/attack/digital_2/huawei/turkiye-130_03.jpg,e016d949fe2e584e32690494c49ef857669fb2e7501a162a3ef5f74eaa06516e,turkiye-130_03,digital_2,huawei,5,dob|doe|face|name,True,True,False,face_and_text,True,train/bonafide/huawei/turkiye-130_03.jpg
train/attack/digital_2/iphone15pro/turkiye-130_03.jpg,90401b7c3fd52d08074b686e8bbcd32cdeaa37180081ac224a50d1cdf16727d2,turkiye-130_03,digital_2,iphone15pro,5,dob|doe|face|name,True,True,False,face_and_text,True,train/bonafide/iphone15pro/turkiye-130_03.jpg
train/attack/digital_2/scan/turkiye-130_03.jpg,3a05ded8118264ae0057f69f3bcc12962daab72bb7bcbd70ac58fe3fde12b260,turkiye-130_03,digital_2,scan,5,dob|doe|face|name,True,True,False,face_and_text,True,train/bonafide/scan/turkiye-130_03.jpg
train/attack/digital_1/huawei/turkiye-138_03.jpg,7950300c15bd52519185eaad6bd792c69c68f5f409f9a312f119cb9899063aa7,turkiye-138_03,digital_1,huawei,5,dob|doe|face|name,True,True,False,face_and_text,True,train/bonafide/huawei/turkiye-138_03.jpg
train/attack/digital_1/iphone15pro/turkiye-138_03.jpg,042a858dc82da2cd0529761f3136f083007ecef3553f9c5a128802e31e0e1155,turkiye-138_03,digital_1,iphone15pro,5,dob|doe|face|name,True,True,False,face_and_text,True,train/bonafide/iphone15pro/turkiye-138_03.jpg
train/attack/digital_1/scan/turkiye-138_03.jpg,7e629a51ac61535388ecb9b951bb70c537b0e6a5a0ce9d8829aa3fc1ddbc5950,turkiye-138_03,digital_1,scan,5,dob|doe|face|name,True,True,False,face_and_text,True,train/bonafide/scan/turkiye-138_03.jpg
train/attack/digital_2/huawei/turkiye-138_03.jpg,fd151feadd3913d0e900f00e2b24e1845fb2250bf927cbe998c80b55d606d44c,turkiye-138_03,digital_2,huawei,5,dob|doe|face|name,True,True,False,face_and_text,True,train/bonafide/huawei/turkiye-138_03.jpg
train/attack/digital_2/iphone15pro/turkiye-138_03.jpg,17c4c4ed305a7fa28a6092f4fde1a1edd459a624c66c687e075e17f2157b49be,turkiye-138_03,digital_2,iphone15pro,5,dob|doe|face|name,True,True,False,face_and_text,True,train/bonafide/iphone15pro/turkiye-138_03.jpg
train/attack/digital_2/scan/turkiye-138_03.jpg,f2a5d4356c890e5907e808cbe93e6f82284d96ec70c70dd93a22f3fb40867180,turkiye-138_03,digital_2,scan,5,dob|doe|face|name,True,True,False,face_and_text,True,train/bonafide/scan/turkiye-138_03.jpg
train/attack/digital_1/huawei/turkiye-NF-1008.jpg,1a43b0fc91c7ca8186f080137f54c7399c257e54ad7519d446ffa16f2654f13c,turkiye-NF-1008,digital_1,huawei,5,dob|doe|face|name,True,True,False,face_and_text,True,train/bonafide/huawei/turkiye-NF-1008.jpg
train/attack/digital_1/iphone15pro/turkiye-NF-1008.jpg,21353490eefa45c82e82fcda626c50f38c503ea98a395f1081fbe153fa4545bf,turkiye-NF-1008,digital_1,iphone15pro,5,dob|doe|face|name,True,True,False,face_and_text,True,train/bonafide/iphone15pro/turkiye-NF-1008.jpg
train/attack/digital_1/scan/turkiye-NF-1008.jpg,274a688d758d11cdea9404c79a480fa59fd1f15832b33274bec3dad2f38743c6,turkiye-NF-1008,digital_1,scan,5,dob|doe|face|name,True,True,False,face_and_text,True,train/bonafide/scan/turkiye-NF-1008.jpg
train/attack/digital_2/huawei/turkiye-NF-1008.jpg,3486068ad4398f0d7a037c84c0cb899039748ea23e97f39f133d29c9624b753d,turkiye-NF-1008,digital_2,huawei,5,dob|doe|face|name,True,True,False,face_and_text,True,train/bonafide/huawei/turkiye-NF-1008.jpg
train/attack/digital_2/iphone15pro/turkiye-NF-1008.jpg,321bf3343508728f0f167c1560e08a762ab06b5f129d3fbbe3b5a597e3ecacf7,turkiye-NF-1008,digital_2,iphone15pro,5,dob|doe|face|name,True,True,False,face_and_text,True,train/bonafide/iphone15pro/turkiye-NF-1008.jpg
train/attack/digital_2/scan/turkiye-NF-1008.jpg,8ca210f59447ed4fb0fabacd8b75f17052f1a5eefdd7fcc5f645992a8e7498ad,turkiye-NF-1008,digital_2,scan,5,dob|doe|face|name,True,True,False,face_and_text,True,train/bonafide/scan/turkiye-NF-1008.jpg
train/attack/digital_1/huawei/turkiye-NF-1054.jpg,d1a180167589c1619e9d9a2e001c41b263e20bf32f32bb613be475a9f6729a08,turkiye-NF-1054,digital_1,huawei,5,dob|doe|face|name,True,True,False,face_and_text,True,train/bonafide/huawei/turkiye-NF-1054.jpg
train/attack/digital_1/iphone15pro/turkiye-NF-1054.jpg,80858c7ade769f1c9fc6faf3470dc177d05aca228d1d1fa676726d7f9a79389e,turkiye-NF-1054,digital_1,iphone15pro,5,dob|doe|face|name,True,True,False,face_and_text,True,train/bonafide/iphone15pro/turkiye-NF-1054.jpg
train/attack/digital_1/scan/turkiye-NF-1054.jpg,f2efd6d886df5ab88ad95bf063b532c72ab5a61925261dfc2e27313982e3b0dd,turkiye-NF-1054,digital_1,scan,5,dob|doe|face|name,True,True,False,face_and_text,True,train/bonafide/scan/turkiye-NF-1054.jpg
train/attack/digital_2/huawei/turkiye-NF-1054.jpg,71200b1a90b70e8d9ff3b945c825398267458869c939541b76ff9fac3c0de404,turkiye-NF-1054,digital_2,huawei,5,dob|doe|face|name,True,True,False,face_and_text,True,train/bonafide/huawei/turkiye-NF-1054.jpg
train/attack/digital_2/iphone15pro/turkiye-NF-1054.jpg,0801a73850e23d23551e60fe590974d7c8b566dd1b7a520cfb56514e34df3a61,turkiye-NF-1054,digital_2,iphone15pro,5,dob|doe|face|name,True,True,False,face_and_text,True,train/bonafide/iphone15pro/turkiye-NF-1054.jpg
train/attack/digital_2/scan/turkiye-NF-1054.jpg,17cae3fd66eeb42fdb6011b9c1f5d91575fd28c3b78e155aee54a0d4d4514477,turkiye-NF-1054,digital_2,scan,5,dob|doe|face|name,True,True,False,face_and_text,True,train/bonafide/scan/turkiye-NF-1054.jpg
train/attack/digital_1/huawei/turkiye-NF-1103.jpg,72fd184efda9edfcbeb14cb81e058fe2f395d14753c9b406852674fc2791bcfb,turkiye-NF-1103,digital_1,huawei,5,dob|doe|face|name,True,True,False,face_and_text,True,train/bonafide/huawei/turkiye-NF-1103.jpg
train/attack/digital_1/iphone15pro/turkiye-NF-1103.jpg,feed548c60bc266aeb3868fb230bde5cc6430049b0e059fc7da751afd3365330,turkiye-NF-1103,digital_1,iphone15pro,5,dob|doe|face|name,True,True,False,face_and_text,True,train/bonafide/iphone15pro/turkiye-NF-1103.jpg
train/attack/digital_1/scan/turkiye-NF-1103.jpg,324936c696f2721ceffda0c3c1aafa7b20d3b36d50851b22b3890557207e0b0f,turkiye-NF-1103,digital_1,scan,5,dob|doe|face|name,True,True,False,face_and_text,True,train/bonafide/scan/turkiye-NF-1103.jpg
train/attack/digital_2/huawei/turkiye-NF-1103.jpg,4e479ef89389ad440f343454a560209d6854051f08df1ca82755b879e509e539,turkiye-NF-1103,digital_2,huawei,5,dob|doe|face|name,True,True,False,face_and_text,True,train/bonafide/huawei/turkiye-NF-1103.jpg
train/attack/digital_2/iphone15pro/turkiye-NF-1103.jpg,52abd8c67ece53465b887b05f52ae7da99d6b243ef9ece7e34cd51acf76f3516,turkiye-NF-1103,digital_2,iphone15pro,5,dob|doe|face|name,True,True,False,face_and_text,True,train/bonafide/iphone15pro/turkiye-NF-1103.jpg
train/attack/digital_2/scan/turkiye-NF-1103.jpg,2d66544424104666c5e679622dd3d9c50377f13597c804b9ce4f1b62706d5bf4,turkiye-NF-1103,digital_2,scan,5,dob|doe|face|name,True,True,False,face_and_text,True,train/bonafide/scan/turkiye-NF-1103.jpg
train/attack/digital_1/huawei/turkiye-NM-1011.jpg,b967a112920ea75c60b6e8eaa170ce08cd9d74b38315353df3510d7e11f225f3,turkiye-NM-1011,digital_1,huawei,5,dob|doe|face|name,True,True,False,face_and_text,True,train/bonafide/huawei/turkiye-NM-1011.jpg
train/attack/digital_1/iphone15pro/turkiye-NM-1011.jpg,d395cf6dcf0b1af10c03966a42deefed04905e21eda47f4066c57cbe50b090b7,turkiye-NM-1011,digital_1,iphone15pro,5,dob|doe|face|name,True,True,False,face_and_text,True,train/bonafide/iphone15pro/turkiye-NM-1011.jpg
train/attack/digital_1/scan/turkiye-NM-1011.jpg,a6f9fd4dbbd99e4a1e7c1c58f90b629d8118b8aa9458ce500ab871416c2a8ba2,turkiye-NM-1011,digital_1,scan,5,dob|doe|face|name,True,True,False,face_and_text,True,train/bonafide/scan/turkiye-NM-1011.jpg
train/attack/digital_2/huawei/turkiye-NM-1011.jpg,8e803c66dceeffb5c1a6ad41d7d9bb8cce813678c8d66c4d2199bb86c9c5b1d3,turkiye-NM-1011,digital_2,huawei,5,dob|doe|face|name,True,True,False,face_and_text,True,train/bonafide/huawei/turkiye-NM-1011.jpg
train/attack/digital_2/iphone15pro/turkiye-NM-1011.jpg,179562ef7089e0920a4f971de9a568c60fd12280db78ab34907f558a49239739,turkiye-NM-1011,digital_2,iphone15pro,5,dob|doe|face|name,True,True,False,face_and_text,True,train/bonafide/iphone15pro/turkiye-NM-1011.jpg
train/attack/digital_2/scan/turkiye-NM-1011.jpg,bed648039435f66d30d42d5fa6beb274e250e7276323051c83d8fb5997836888,turkiye-NM-1011,digital_2,scan,5,dob|doe|face|name,True,True,False,face_and_text,True,train/bonafide/scan/turkiye-NM-1011.jpg
train/attack/digital_1/huawei/turkiye-NM-1019.jpg,d69d500467d2f1dc2b2b2b9b228ae2b3f5397ff8be350db8c0964d164b79abc9,turkiye-NM-1019,digital_1,huawei,5,dob|doe|face|name,True,True,False,face_and_text,True,train/bonafide/huawei/turkiye-NM-1019.jpg
train/attack/digital_1/iphone15pro/turkiye-NM-1019.jpg,1074f304bea66fe145d0d6a921944e66fc3eceafe2d5d02b3d70e7bd465ac5c8,turkiye-NM-1019,digital_1,iphone15pro,5,dob|doe|face|name,True,True,False,face_and_text,True,train/bonafide/iphone15pro/turkiye-NM-1019.jpg
train/attack/digital_1/scan/turkiye-NM-1019.jpg,33113b21b5158da8dfc51f678ba22b7bda506497f49c581a898803eb9345725b,turkiye-NM-1019,digital_1,scan,5,dob|doe|face|name,True,True,False,face_and_text,True,train/bonafide/scan/turkiye-NM-1019.jpg
train/attack/digital_2/huawei/turkiye-NM-1019.jpg,9a285bb9ebbf2cb010ebad7d261a8a16fa2384b7c0ffa6c7ac105502e5236f9b,turkiye-NM-1019,digital_2,huawei,5,dob|doe|face|name,True,True,False,face_and_text,True,train/bonafide/huawei/turkiye-NM-1019.jpg
train/attack/digital_2/iphone15pro/turkiye-NM-1019.jpg,683d45a631307ad77b90411a0c873554edd57c229962158088b00e46ad4ba696,turkiye-NM-1019,digital_2,iphone15pro,5,dob|doe|face|name,True,True,False,face_and_text,True,train/bonafide/iphone15pro/turkiye-NM-1019.jpg
train/attack/digital_2/scan/turkiye-NM-1019.jpg,f339dcdce2ba36ec4626c3511fb2f539cfba2a7c4a7fafb3466b169663afc631,turkiye-NM-1019,digital_2,scan,5,dob|doe|face|name,True,True,False,face_and_text,True,train/bonafide/scan/turkiye-NM-1019.jpg
train/attack/digital_1/huawei/turkiye-NM-1033.jpg,ad22648c6161872014adf6d898e3b7d098be07b7ff3942e911854d3be24ca45b,turkiye-NM-1033,digital_1,huawei,5,dob|doe|face|name,True,True,False,face_and_text,True,train/bonafide/huawei/turkiye-NM-1033.jpg
train/attack/digital_1/iphone15pro/turkiye-NM-1033.jpg,d62f71ab24ce0374e6cb59b05f427981d51f6b8521acb77c1aeb5b43d7a1e7af,turkiye-NM-1033,digital_1,iphone15pro,5,dob|doe|face|name,True,True,False,face_and_text,True,train/bonafide/iphone15pro/turkiye-NM-1033.jpg
train/attack/digital_1/scan/turkiye-NM-1033.jpg,1fb4ab2303cb8c7957b842594af81ebd804f478671a15101f14684bb41e47e0b,turkiye-NM-1033,digital_1,scan,5,dob|doe|face|name,True,True,False,face_and_text,True,train/bonafide/scan/turkiye-NM-1033.jpg
train/attack/digital_2/huawei/turkiye-NM-1033.jpg,71506a76442bdc687751585fbd9096096b4f0f22b753f4c364beacf4a94eeacd,turkiye-NM-1033,digital_2,huawei,5,dob|doe|face|name,True,True,False,face_and_text,True,train/bonafide/huawei/turkiye-NM-1033.jpg
train/attack/digital_2/iphone15pro/turkiye-NM-1033.jpg,ad68e66bc24962017508e6b2094634b42e756c90c9295be95fad67fe9fb4ac9d,turkiye-NM-1033,digital_2,iphone15pro,5,dob|doe|face|name,True,True,False,face_and_text,True,train/bonafide/iphone15pro/turkiye-NM-1033.jpg
train/attack/digital_2/scan/turkiye-NM-1033.jpg,c0a446c6ce447be6ac6fcc9b05514f8df3d2b21490234ad3634cbfcfb100b6f9,turkiye-NM-1033,digital_2,scan,5,dob|doe|face|name,True,True,False,face_and_text,True,train/bonafide/scan/turkiye-NM-1033.jpg
train/attack/digital_1/huawei/ukraine-006_03.jpg,36fe2cdf9d61c8b0048de93e7ad22ae09dbf8f79b0d3d14c6c81c83400786fc8,ukraine-006_03,digital_1,huawei,5,dob|doe|face|name_en,True,True,False,face_and_text,True,train/bonafide/huawei/ukraine-006_03.jpg
train/attack/digital_1/iphone15pro/ukraine-006_03.jpg,4797364f85480d7a0bddee03a290a436a548e548f40685a7c0105a2e6fcc8bbe,ukraine-006_03,digital_1,iphone15pro,5,dob|doe|face|name_en,True,True,False,face_and_text,True,train/bonafide/iphone15pro/ukraine-006_03.jpg
train/attack/digital_1/scan/ukraine-006_03.jpg,351e5b01928a994e890f4cc6ae10ccd698eee928df5039ae3feedd062eec3893,ukraine-006_03,digital_1,scan,5,dob|doe|face|name_en,True,True,False,face_and_text,True,train/bonafide/scan/ukraine-006_03.jpg
train/attack/digital_2/huawei/ukraine-006_03.jpg,e7cea42b124d9d74e4e27f2e23a977f5001a1f675351bf41d4d52f5f8cf27b15,ukraine-006_03,digital_2,huawei,5,dob|doe|face|name_en,True,True,False,face_and_text,True,train/bonafide/huawei/ukraine-006_03.jpg
train/attack/digital_2/iphone15pro/ukraine-006_03.jpg,75c2ca2a6e4ca71a1074c335a8a0e7e42e50a6b5b153f00d65b8d1988d321bcc,ukraine-006_03,digital_2,iphone15pro,4,dob|doe|face|name_en,True,True,False,face_and_text,True,train/bonafide/iphone15pro/ukraine-006_03.jpg
train/attack/digital_2/scan/ukraine-006_03.jpg,b20194894cef648acffd25e3b20677d9b44bc92d05bfd8f0e79fb681f188e341,ukraine-006_03,digital_2,scan,4,dob|doe|face|name_en,True,True,False,face_and_text,True,train/bonafide/scan/ukraine-006_03.jpg
train/attack/digital_1/huawei/ukraine-007_03.jpg,1f161c62ca5ade857df98081a272097a2f06b239117c81cce6ef1b0b89167c7b,ukraine-007_03,digital_1,huawei,5,dob|doe|face|name_en,True,True,False,face_and_text,True,train/bonafide/huawei/ukraine-007_03.jpg
train/attack/digital_1/iphone15pro/ukraine-007_03.jpg,36982d1c10742577fa2b9859063c7ae022e6a15a157633fea7d73918aee16e39,ukraine-007_03,digital_1,iphone15pro,5,dob|doe|face|name_en,True,True,False,face_and_text,True,train/bonafide/iphone15pro/ukraine-007_03.jpg
train/attack/digital_1/scan/ukraine-007_03.jpg,19509f94f11d64125e136bd02490a802d2299b17e62e4c380d45f93fe7a6a8d5,ukraine-007_03,digital_1,scan,5,dob|doe|face|name_en,True,True,False,face_and_text,True,train/bonafide/scan/ukraine-007_03.jpg
train/attack/digital_2/huawei/ukraine-007_03.jpg,619e3889821ae38f3df54211071be5e646f2a9973ab5796d060df3c14d179bca,ukraine-007_03,digital_2,huawei,5,dob|doe|face|name_en,True,True,False,face_and_text,True,train/bonafide/huawei/ukraine-007_03.jpg
train/attack/digital_2/iphone15pro/ukraine-007_03.jpg,55d4860077026cfcb1f569d74d10c3069a35a2d612cc150dcd567a69d0bf2674,ukraine-007_03,digital_2,iphone15pro,4,dob|doe|face|name_en,True,True,False,face_and_text,True,train/bonafide/iphone15pro/ukraine-007_03.jpg
train/attack/digital_2/scan/ukraine-007_03.jpg,feabd0e1b9b70359b205b5625b75e3e1177cd14ec2185599246c04a1273d5946,ukraine-007_03,digital_2,scan,4,dob|doe|face|name_en,True,True,False,face_and_text,True,train/bonafide/scan/ukraine-007_03.jpg
train/attack/digital_1/huawei/ukraine-030_03.jpg,1b16f010fdaf7ad88fe9c3fedd303a05d12b050774e9dc11af31f536e0093999,ukraine-030_03,digital_1,huawei,5,dob|doe|face|name_en,True,True,False,face_and_text,True,train/bonafide/huawei/ukraine-030_03.jpg
train/attack/digital_1/iphone15pro/ukraine-030_03.jpg,ac72e367a0d4dab00d24935db7b7262a2f3a7bb7f69d6cb29697f12c97b6d4bd,ukraine-030_03,digital_1,iphone15pro,5,dob|doe|face|name_en,True,True,False,face_and_text,True,train/bonafide/iphone15pro/ukraine-030_03.jpg
train/attack/digital_1/scan/ukraine-030_03.jpg,4dc5030d75e7a6121b5a8c5065bb29846b65dedaa9ffb669e85452ac6dfefadf,ukraine-030_03,digital_1,scan,5,dob|doe|face|name_en,True,True,False,face_and_text,True,train/bonafide/scan/ukraine-030_03.jpg
train/attack/digital_2/huawei/ukraine-030_03.jpg,4f01f5dfb860fb72475e7f0e6e6450c83f82ec1b557f07ac72618b93e6158c39,ukraine-030_03,digital_2,huawei,5,dob|doe|face|name_en,True,True,False,face_and_text,True,train/bonafide/huawei/ukraine-030_03.jpg
train/attack/digital_2/iphone15pro/ukraine-030_03.jpg,893c456a6452faa75502f8f9c2f68c269eff8b3643f2804b78031d2a1341833a,ukraine-030_03,digital_2,iphone15pro,4,dob|doe|face|name_en,True,True,False,face_and_text,True,train/bonafide/iphone15pro/ukraine-030_03.jpg
train/attack/digital_2/scan/ukraine-030_03.jpg,d372d7f032639a66925a518d31539b5777b475b6a368d7b1dcbf9baf39e7c50a,ukraine-030_03,digital_2,scan,4,dob|doe|face|name_en,True,True,False,face_and_text,True,train/bonafide/scan/ukraine-030_03.jpg
train/attack/digital_1/huawei/ukraine-103_03.jpg,e37eebe28f0bfbcf2222f32e732b227ea4866151209b5dad0562293dc59a355b,ukraine-103_03,digital_1,huawei,5,dob|doe|face|name_en,True,True,False,face_and_text,True,train/bonafide/huawei/ukraine-103_03.jpg
train/attack/digital_1/iphone15pro/ukraine-103_03.jpg,1844ea9dd9d32efde5833aeb8da40cf2785fd192f925cc4c183731a3afe23b7d,ukraine-103_03,digital_1,iphone15pro,5,dob|doe|face|name_en,True,True,False,face_and_text,True,train/bonafide/iphone15pro/ukraine-103_03.jpg
train/attack/digital_1/scan/ukraine-103_03.jpg,f7f10cb7a5a5ecd14f8c357333b9f1f5b0fdf803acde5229a13e35f05b3370cd,ukraine-103_03,digital_1,scan,5,dob|doe|face|name_en,True,True,False,face_and_text,True,train/bonafide/scan/ukraine-103_03.jpg
train/attack/digital_2/huawei/ukraine-103_03.jpg,72ed4f59bfc1ce1b25b734712a4756c12773a0c90824bf115d8d1fee184ef894,ukraine-103_03,digital_2,huawei,5,dob|doe|face|name_en,True,True,False,face_and_text,True,train/bonafide/huawei/ukraine-103_03.jpg
train/attack/digital_2/iphone15pro/ukraine-103_03.jpg,8d38c46e7327f90a6c0a3c028836edf5ab229149cd47cd04f828c8b3b60aadec,ukraine-103_03,digital_2,iphone15pro,4,dob|doe|face|name_en,True,True,False,face_and_text,True,train/bonafide/iphone15pro/ukraine-103_03.jpg
train/attack/digital_2/scan/ukraine-103_03.jpg,2652aba6a2c920a9421545205032d08e8c78fc61d60b7fcbc10ebeb86e883cd6,ukraine-103_03,digital_2,scan,4,dob|doe|face|name_en,True,True,False,face_and_text,True,train/bonafide/scan/ukraine-103_03.jpg
train/attack/digital_1/huawei/ukraine-NF-1005.jpg,62a6189672ffdf3a79a090f68f3330664ba877128daec3bb7b7ec4bb0dfe41fd,ukraine-NF-1005,digital_1,huawei,5,dob|doe|face|name_en,True,True,False,face_and_text,True,train/bonafide/huawei/ukraine-NF-1005.jpg
train/attack/digital_1/iphone15pro/ukraine-NF-1005.jpg,e884e5180ed02543963e1810f7f735a81eece6ce5367d1124b378db97748ca62,ukraine-NF-1005,digital_1,iphone15pro,5,dob|doe|face|name_en,True,True,False,face_and_text,True,train/bonafide/iphone15pro/ukraine-NF-1005.jpg
train/attack/digital_1/scan/ukraine-NF-1005.jpg,e7cf4b19e855ce9888c20fdf2b6a37cc0b579520d4536d5cdbffb042e752eac5,ukraine-NF-1005,digital_1,scan,5,dob|doe|face|name_en,True,True,False,face_and_text,True,train/bonafide/scan/ukraine-NF-1005.jpg
train/attack/digital_2/huawei/ukraine-NF-1005.jpg,323aa2252c7421c323c625087bbfd4e4da3e47601a649485a569314a1ac7fcc1,ukraine-NF-1005,digital_2,huawei,5,dob|doe|face|name_en,True,True,False,face_and_text,True,train/bonafide/huawei/ukraine-NF-1005.jpg
train/attack/digital_2/iphone15pro/ukraine-NF-1005.jpg,8cc8bd9750f541740d2d247e1327b6496993b34209debeab7f5ac71b2940f49e,ukraine-NF-1005,digital_2,iphone15pro,5,dob|doe|face|name_en,True,True,False,face_and_text,True,train/bonafide/iphone15pro/ukraine-NF-1005.jpg
train/attack/digital_2/scan/ukraine-NF-1005.jpg,6c4fd388abf46f47c9c9ad6a67d35016e4aed331e4dca7be0b4c88027c0cc1a9,ukraine-NF-1005,digital_2,scan,4,dob|doe|face|name_en,True,True,False,face_and_text,True,train/bonafide/scan/ukraine-NF-1005.jpg
train/attack/digital_1/huawei/ukraine-NF-1015.jpg,755c4d7e8831dd7008083dbf9bfb98c99fdff78e4b34fd4d088fa9420e613a3e,ukraine-NF-1015,digital_1,huawei,5,dob|doe|face|name_en,True,True,False,face_and_text,True,train/bonafide/huawei/ukraine-NF-1015.jpg
train/attack/digital_1/iphone15pro/ukraine-NF-1015.jpg,e3348f7c11f85334b8979517246d1f7ec0cd5275d7f67aab04a4630afb9e11b5,ukraine-NF-1015,digital_1,iphone15pro,5,dob|doe|face|name_en,True,True,False,face_and_text,True,train/bonafide/iphone15pro/ukraine-NF-1015.jpg
train/attack/digital_1/scan/ukraine-NF-1015.jpg,0bda64e85abed6f769fb1ff3c578b5f61475a0f283c2a05d2a651f6f34910769,ukraine-NF-1015,digital_1,scan,5,dob|doe|face|name_en,True,True,False,face_and_text,True,train/bonafide/scan/ukraine-NF-1015.jpg
train/attack/digital_2/huawei/ukraine-NF-1015.jpg,ced860b541e3465d4150ccc233a8cfec5122a42709f35c543d76855e497663d5,ukraine-NF-1015,digital_2,huawei,5,dob|doe|face|name_en,True,True,False,face_and_text,True,train/bonafide/huawei/ukraine-NF-1015.jpg
train/attack/digital_2/iphone15pro/ukraine-NF-1015.jpg,d859a1e79a025217e7129fe61df645519f856ed138d990531c538fc86d9d929b,ukraine-NF-1015,digital_2,iphone15pro,4,dob|doe|face|name_en,True,True,False,face_and_text,True,train/bonafide/iphone15pro/ukraine-NF-1015.jpg
train/attack/digital_2/scan/ukraine-NF-1015.jpg,85db73584aacb1758f12b93fc69aa16ff22e9f778dd13e082e857a5f325c74e4,ukraine-NF-1015,digital_2,scan,4,dob|doe|face|name_en,True,True,False,face_and_text,True,train/bonafide/scan/ukraine-NF-1015.jpg
train/attack/digital_1/huawei/ukraine-NF-1021.jpg,efa952da6f34f70491cf7215fcbeefcc9f9ab8e6bd2fd1c281e8f08754432d9e,ukraine-NF-1021,digital_1,huawei,5,dob|doe|face|name_en,True,True,False,face_and_text,True,train/bonafide/huawei/ukraine-NF-1021.jpg
train/attack/digital_1/iphone15pro/ukraine-NF-1021.jpg,a6ace954466edd00eff07972802bd451a72296608b5ab7501ffe4a56024c75b2,ukraine-NF-1021,digital_1,iphone15pro,5,dob|doe|face|name_en,True,True,False,face_and_text,True,train/bonafide/iphone15pro/ukraine-NF-1021.jpg
train/attack/digital_1/scan/ukraine-NF-1021.jpg,b413004a588423017e71ef0c81d3d9fba8412970e4ef2efd64499b5d0be24a02,ukraine-NF-1021,digital_1,scan,5,dob|doe|face|name_en,True,True,False,face_and_text,True,train/bonafide/scan/ukraine-NF-1021.jpg
train/attack/digital_2/huawei/ukraine-NF-1021.jpg,3dfe570119f60070522f10bbd89d50adbba46709831c6edadf5723117f1f0321,ukraine-NF-1021,digital_2,huawei,5,dob|doe|face|name_en,True,True,False,face_and_text,True,train/bonafide/huawei/ukraine-NF-1021.jpg
train/attack/digital_2/iphone15pro/ukraine-NF-1021.jpg,3b7cffc5219e05136beb7d242af9d140c73b8d97404461b6251abd9f97969d4e,ukraine-NF-1021,digital_2,iphone15pro,4,dob|doe|face|name_en,True,True,False,face_and_text,True,train/bonafide/iphone15pro/ukraine-NF-1021.jpg
train/attack/digital_2/scan/ukraine-NF-1021.jpg,b809d242492718984c51dfce75a838545b2dd9594b503a9c0b94d7b01f0b1c16,ukraine-NF-1021,digital_2,scan,4,dob|doe|face|name_en,True,True,False,face_and_text,True,train/bonafide/scan/ukraine-NF-1021.jpg
train/attack/digital_1/huawei/ukraine-NF-1032.jpg,8e3c6decf1e66576db8192162d3c86b50ea32980aa6c886f1a23b62e9e5c0854,ukraine-NF-1032,digital_1,huawei,5,dob|doe|face|name_en,True,True,False,face_and_text,True,train/bonafide/huawei/ukraine-NF-1032.jpg
train/attack/digital_1/iphone15pro/ukraine-NF-1032.jpg,d74bc5ee5578d4926f1b780c88386eadbd9dde8adb0b1c04b87c4f21e621abfb,ukraine-NF-1032,digital_1,iphone15pro,5,dob|doe|face|name_en,True,True,False,face_and_text,True,train/bonafide/iphone15pro/ukraine-NF-1032.jpg
train/attack/digital_1/scan/ukraine-NF-1032.jpg,648402dd7c7f8c6f402469c52f7691092a761a86bdd05277be4df88c7dfa8f4f,ukraine-NF-1032,digital_1,scan,5,dob|doe|face|name_en,True,True,False,face_and_text,True,train/bonafide/scan/ukraine-NF-1032.jpg
train/attack/digital_2/huawei/ukraine-NF-1032.jpg,b4ee34f71df39c3e887364e0349bdb7d4323be92dda602f5c139ad37fc9cd038,ukraine-NF-1032,digital_2,huawei,5,dob|doe|face|name_en,True,True,False,face_and_text,True,train/bonafide/huawei/ukraine-NF-1032.jpg
train/attack/digital_2/iphone15pro/ukraine-NF-1032.jpg,a9e5662591652258bec6c47d6752385e5718f321d64438fef78e8245b0441536,ukraine-NF-1032,digital_2,iphone15pro,4,dob|doe|face|name_en,True,True,False,face_and_text,True,train/bonafide/iphone15pro/ukraine-NF-1032.jpg
train/attack/digital_2/scan/ukraine-NF-1032.jpg,e3fb7b05247ed9ebc19c22c847a2731d1060e6b5d6edefaf7074c37d7deced29,ukraine-NF-1032,digital_2,scan,5,dob|doe|face|name_en,True,True,False,face_and_text,True,train/bonafide/scan/ukraine-NF-1032.jpg
train/attack/digital_1/huawei/ukraine-NF-1057.jpg,a621815227b90de6c66e588982c9d65ed8287182176cd22f09de43401d02bfc7,ukraine-NF-1057,digital_1,huawei,5,dob|doe|face|name_en,True,True,False,face_and_text,True,train/bonafide/huawei/ukraine-NF-1057.jpg
train/attack/digital_1/iphone15pro/ukraine-NF-1057.jpg,b5c3c7cc32b7cfc1f817bb7e139ba6f2f21e312ca628dbdf26dc493c125b2732,ukraine-NF-1057,digital_1,iphone15pro,5,dob|doe|face|name_en,True,True,False,face_and_text,True,train/bonafide/iphone15pro/ukraine-NF-1057.jpg
train/attack/digital_1/scan/ukraine-NF-1057.jpg,4fa7e95cda51ba66fe114145b171f0b6ad5f0832d59c3c549ee089dd8db1d837,ukraine-NF-1057,digital_1,scan,5,dob|doe|face|name_en,True,True,False,face_and_text,True,train/bonafide/scan/ukraine-NF-1057.jpg
train/attack/digital_2/huawei/ukraine-NF-1057.jpg,97a17e3a6d94ca5e8e68a37143dabcd288157ec5e43c010bbd1890c7420771f7,ukraine-NF-1057,digital_2,huawei,5,dob|doe|face|name_en,True,True,False,face_and_text,True,train/bonafide/huawei/ukraine-NF-1057.jpg
train/attack/digital_2/iphone15pro/ukraine-NF-1057.jpg,25fbd447913299a8a3e5acb7268d913dd857d4590b1a163d3294d2f00949e00b,ukraine-NF-1057,digital_2,iphone15pro,4,dob|doe|face|name_en,True,True,False,face_and_text,True,train/bonafide/iphone15pro/ukraine-NF-1057.jpg
train/attack/digital_2/scan/ukraine-NF-1057.jpg,8b5a6d9d09955da82ce706ffa7d6d348ee499191f0204601725b7d5574251ba4,ukraine-NF-1057,digital_2,scan,4,dob|doe|face|name_en,True,True,False,face_and_text,True,train/bonafide/scan/ukraine-NF-1057.jpg
train/attack/digital_1/huawei/ukraine-NF-1077.jpg,1812e3e4800a679fd9a13f40248950042619555fe4c6f97da1d80e512547cb1a,ukraine-NF-1077,digital_1,huawei,5,dob|doe|face|name_en,True,True,False,face_and_text,True,train/bonafide/huawei/ukraine-NF-1077.jpg
train/attack/digital_1/iphone15pro/ukraine-NF-1077.jpg,c1300e5c962149eff30be6654be02d73b352c3c237f170017ccb68ee5c059828,ukraine-NF-1077,digital_1,iphone15pro,5,dob|doe|face|name_en,True,True,False,face_and_text,True,train/bonafide/iphone15pro/ukraine-NF-1077.jpg
train/attack/digital_1/scan/ukraine-NF-1077.jpg,1f02846cf7ab5edf83df1a930fd0a6d1b25fca777b79244c1d7f9c541f904720,ukraine-NF-1077,digital_1,scan,5,dob|doe|face|name_en,True,True,False,face_and_text,True,train/bonafide/scan/ukraine-NF-1077.jpg
train/attack/digital_2/huawei/ukraine-NF-1077.jpg,ae95b722be6f7ce34b7bc6866e9c142156ca48f70f807a9418ebd613d5e8a13b,ukraine-NF-1077,digital_2,huawei,5,dob|doe|face|name_en,True,True,False,face_and_text,True,train/bonafide/huawei/ukraine-NF-1077.jpg
train/attack/digital_2/iphone15pro/ukraine-NF-1077.jpg,4b381bc608fcaa7c8b117fdb5cfacec1088886d625d4fdb703e90560a5e3ef57,ukraine-NF-1077,digital_2,iphone15pro,4,dob|doe|face|name_en,True,True,False,face_and_text,True,train/bonafide/iphone15pro/ukraine-NF-1077.jpg
train/attack/digital_2/scan/ukraine-NF-1077.jpg,9cf367f84787aebed922603052d52791f50f082a6844f8c7138c6f37a6fd754c,ukraine-NF-1077,digital_2,scan,4,dob|doe|face|name_en,True,True,False,face_and_text,True,train/bonafide/scan/ukraine-NF-1077.jpg
train/attack/digital_1/huawei/ukraine-NF-1084.jpg,a8e187c2591fee33b83e156eb325e34258a426864847c03a088d926384f219b0,ukraine-NF-1084,digital_1,huawei,5,dob|doe|face|name_en,True,True,False,face_and_text,True,train/bonafide/huawei/ukraine-NF-1084.jpg
train/attack/digital_1/iphone15pro/ukraine-NF-1084.jpg,0a9e6a8abaacc30a76af4ca5efc62153275a231f970cc8a456704ce67e7ae813,ukraine-NF-1084,digital_1,iphone15pro,5,dob|doe|face|name_en,True,True,False,face_and_text,True,train/bonafide/iphone15pro/ukraine-NF-1084.jpg
train/attack/digital_1/scan/ukraine-NF-1084.jpg,ac448d25a59c5b39e045c3bf3d91602baf627014707c11f74dc0a8b2f31aea10,ukraine-NF-1084,digital_1,scan,5,dob|doe|face|name_en,True,True,False,face_and_text,True,train/bonafide/scan/ukraine-NF-1084.jpg
train/attack/digital_2/huawei/ukraine-NF-1084.jpg,cd77f35718645162bade043d37b30923fe73bbeb922fea0314b485fb4ab04b63,ukraine-NF-1084,digital_2,huawei,5,dob|doe|face|name_en,True,True,False,face_and_text,True,train/bonafide/huawei/ukraine-NF-1084.jpg
train/attack/digital_2/iphone15pro/ukraine-NF-1084.jpg,761b69cedaa31454f96675fdc6c6ddf5a9870f059cf3897bb091738827c811a0,ukraine-NF-1084,digital_2,iphone15pro,4,dob|doe|face|name_en,True,True,False,face_and_text,True,train/bonafide/iphone15pro/ukraine-NF-1084.jpg
train/attack/digital_2/scan/ukraine-NF-1084.jpg,d3808c54324aa02fc976e34648f1e5d446d1c6694d1960961cf25023e449b66b,ukraine-NF-1084,digital_2,scan,4,dob|doe|face|name_en,True,True,False,face_and_text,True,train/bonafide/scan/ukraine-NF-1084.jpg
train/attack/digital_1/huawei/ukraine-NF-1087.jpg,f54640761658465f8e6f207e38afdf58f3e5e3c91b480479734cb15fe9367b50,ukraine-NF-1087,digital_1,huawei,5,dob|doe|face|name_en,True,True,False,face_and_text,True,train/bonafide/huawei/ukraine-NF-1087.jpg
train/attack/digital_1/iphone15pro/ukraine-NF-1087.jpg,5de4ef4b0a68f090fd5cbe35e1b60a12ea468b5f421527fb2ebe6daaa5ec8d46,ukraine-NF-1087,digital_1,iphone15pro,5,dob|doe|face|name_en,True,True,False,face_and_text,True,train/bonafide/iphone15pro/ukraine-NF-1087.jpg
train/attack/digital_1/scan/ukraine-NF-1087.jpg,a977a23e6777fcbc7018f901dd9bdc69e84a0b6db3e178e2454ba273b1dc83af,ukraine-NF-1087,digital_1,scan,5,dob|doe|face|name_en,True,True,False,face_and_text,True,train/bonafide/scan/ukraine-NF-1087.jpg
train/attack/digital_2/huawei/ukraine-NF-1087.jpg,f0ffaece232d95834d20209f0b4c60c18992b216e36cc024556d3ed1eaeebf2d,ukraine-NF-1087,digital_2,huawei,5,dob|doe|face|name_en,True,True,False,face_and_text,True,train/bonafide/huawei/ukraine-NF-1087.jpg
train/attack/digital_2/iphone15pro/ukraine-NF-1087.jpg,ed598721976f4144286e2e3bb05994d6e1c01fa084a3e55b36b8c35f3d63314e,ukraine-NF-1087,digital_2,iphone15pro,4,dob|doe|face|name_en,True,True,False,face_and_text,True,train/bonafide/iphone15pro/ukraine-NF-1087.jpg
train/attack/digital_2/scan/ukraine-NF-1087.jpg,3fb51d90152ae2eca8e686045e98eeb925954b07469b60519353d5b720b09781,ukraine-NF-1087,digital_2,scan,5,dob|doe|face|name_en,True,True,False,face_and_text,True,train/bonafide/scan/ukraine-NF-1087.jpg
train/attack/digital_1/huawei/ukraine-NM-1007.jpg,176dc1156bcb0fb8be5f6c8048e71c630e47e05cf6e37161e1051a337d1afc1a,ukraine-NM-1007,digital_1,huawei,5,dob|doe|face|name_en,True,True,False,face_and_text,True,train/bonafide/huawei/ukraine-NM-1007.jpg
train/attack/digital_1/iphone15pro/ukraine-NM-1007.jpg,1278b9ac9cace94e30aed0163b8d4bd3192159a025a7f0340b2a16dcda710638,ukraine-NM-1007,digital_1,iphone15pro,5,dob|doe|face|name_en,True,True,False,face_and_text,True,train/bonafide/iphone15pro/ukraine-NM-1007.jpg
train/attack/digital_1/scan/ukraine-NM-1007.jpg,ae54d5dd2e346526bc8b3cc6ce305d821ff06e1e8a0826568bc247c0ce820949,ukraine-NM-1007,digital_1,scan,5,dob|doe|face|name_en,True,True,False,face_and_text,True,train/bonafide/scan/ukraine-NM-1007.jpg
train/attack/digital_2/huawei/ukraine-NM-1007.jpg,74249fc4c89f60692b22d0f61efcf74e6f8af43ffdae997bb281cd1633f4d7ba,ukraine-NM-1007,digital_2,huawei,5,dob|doe|face|name_en,True,True,False,face_and_text,True,train/bonafide/huawei/ukraine-NM-1007.jpg
train/attack/digital_2/iphone15pro/ukraine-NM-1007.jpg,21f9d9284f4b4dad25022e282d055c512aae4706d1d116d58646939258a917f8,ukraine-NM-1007,digital_2,iphone15pro,4,dob|doe|face|name_en,True,True,False,face_and_text,True,train/bonafide/iphone15pro/ukraine-NM-1007.jpg
train/attack/digital_2/scan/ukraine-NM-1007.jpg,4c2c775bf029c18120f9689c24d0ce296db927eeaf08aedd6f21a6b668864fbe,ukraine-NM-1007,digital_2,scan,4,dob|doe|face|name_en,True,True,False,face_and_text,True,train/bonafide/scan/ukraine-NM-1007.jpg
train/attack/digital_1/huawei/usa-009_03.jpg,f3957f3b6d178e3cea818417f9f229fc92ab7a501ad7decb36bc75027e88123a,usa-009_03,digital_1,huawei,5,dob|doe|face|name,True,True,False,face_and_text,True,train/bonafide/huawei/usa-009_03.jpg
train/attack/digital_1/iphone15pro/usa-009_03.jpg,1969ade087316714b2e6df66c6b3ebbe23048c0835ff60ed766049f12e8ffc0a,usa-009_03,digital_1,iphone15pro,5,dob|doe|face|name,True,True,False,face_and_text,True,train/bonafide/iphone15pro/usa-009_03.jpg
train/attack/digital_1/scan/usa-009_03.jpg,f907b95e779ac660156195f17654d248a155ce725271e222190a6a2eafe155cf,usa-009_03,digital_1,scan,5,dob|doe|face|name,True,True,False,face_and_text,True,train/bonafide/scan/usa-009_03.jpg
train/attack/digital_2/huawei/usa-009_03.jpg,8b35c2b5478d7c6ed3c4ae83e6837fb8497fb885dedb415a5c394dbdcce73531,usa-009_03,digital_2,huawei,5,dob|doe|face|name,True,True,False,face_and_text,True,train/bonafide/huawei/usa-009_03.jpg
train/attack/digital_2/iphone15pro/usa-009_03.jpg,d2833eb5555d03707d24d05922a07f877032f063f48147b4d0495b5f628e2805,usa-009_03,digital_2,iphone15pro,5,dob|doe|face|name,True,True,False,face_and_text,True,train/bonafide/iphone15pro/usa-009_03.jpg
train/attack/digital_2/scan/usa-009_03.jpg,fe607796e309ee512c0fb28ad9dd034d5a3b1daf8eb567ec2d8ba94783f03e41,usa-009_03,digital_2,scan,5,dob|doe|face|name,True,True,False,face_and_text,True,train/bonafide/scan/usa-009_03.jpg
train/attack/digital_1/huawei/usa-011_03.jpg,5b2aa1c38e94626144b6ef52ef71fe3fefe7357c32a5410250433580b22f7649,usa-011_03,digital_1,huawei,5,dob|doe|face|name,True,True,False,face_and_text,True,train/bonafide/huawei/usa-011_03.jpg
train/attack/digital_1/iphone15pro/usa-011_03.jpg,2bc9748da06a6508a05dade57f5d92a904fbdaf8a3dba1cd6dc246bc54026a9f,usa-011_03,digital_1,iphone15pro,5,dob|doe|face|name,True,True,False,face_and_text,True,train/bonafide/iphone15pro/usa-011_03.jpg
train/attack/digital_1/scan/usa-011_03.jpg,383767770e641b956f35ee816f685f0c07012cf71c8fa324853ec6031532dd92,usa-011_03,digital_1,scan,5,dob|doe|face|name,True,True,False,face_and_text,True,train/bonafide/scan/usa-011_03.jpg
train/attack/digital_2/huawei/usa-011_03.jpg,0902f04a37c0a435f0c3a7a6733c30b7c68d7f699783abb8de96d651b2c72ba1,usa-011_03,digital_2,huawei,5,dob|doe|face|name,True,True,False,face_and_text,True,train/bonafide/huawei/usa-011_03.jpg
train/attack/digital_2/iphone15pro/usa-011_03.jpg,643e33499e179959c8735de76825178e80798c69948ea21d1e9c272b08c7f26a,usa-011_03,digital_2,iphone15pro,5,dob|doe|face|name,True,True,False,face_and_text,True,train/bonafide/iphone15pro/usa-011_03.jpg
train/attack/digital_2/scan/usa-011_03.jpg,28b933ad1736373f30e3bd39d313223ba3e816808945b5ea5229e642539a8d8b,usa-011_03,digital_2,scan,5,dob|doe|face|name,True,True,False,face_and_text,True,train/bonafide/scan/usa-011_03.jpg
train/attack/digital_1/huawei/usa-016_03.jpg,fa83e3cb54144909ed863e3786a01738db49d1d671c39f0a9abb3afcc67a8de8,usa-016_03,digital_1,huawei,5,dob|doe|face|name,True,True,False,face_and_text,True,train/bonafide/huawei/usa-016_03.jpg
train/attack/digital_1/iphone15pro/usa-016_03.jpg,acc970c6d18f34bd32824abe94b48711a5eb6c31086c230e767cfbeaa49ee2a8,usa-016_03,digital_1,iphone15pro,5,dob|doe|face|name,True,True,False,face_and_text,True,train/bonafide/iphone15pro/usa-016_03.jpg
train/attack/digital_1/scan/usa-016_03.jpg,3788c6e84be3ba4d85cf608f954669e6b7a1c0432cfe6f9e584776171b88e9a9,usa-016_03,digital_1,scan,5,dob|doe|face|name,True,True,False,face_and_text,True,train/bonafide/scan/usa-016_03.jpg
train/attack/digital_2/huawei/usa-016_03.jpg,f23b2223deb7c39a9acfe953076a2cf50da2a780780eccf3c8a25f8f1d4ba5ec,usa-016_03,digital_2,huawei,5,dob|doe|face|name,True,True,False,face_and_text,True,train/bonafide/huawei/usa-016_03.jpg
train/attack/digital_2/iphone15pro/usa-016_03.jpg,01adafaccbb875b29a412a31fc44f2d4de0d5c8225b7ec941b8b2910034325d0,usa-016_03,digital_2,iphone15pro,5,dob|doe|face|name,True,True,False,face_and_text,True,train/bonafide/iphone15pro/usa-016_03.jpg
train/attack/digital_2/scan/usa-016_03.jpg,29bc76f8246d8a3298d0bd0faecde4b1025403d62b4df973b36034b6e8036421,usa-016_03,digital_2,scan,5,dob|doe|face|name,True,True,False,face_and_text,True,train/bonafide/scan/usa-016_03.jpg
train/attack/digital_1/huawei/usa-043_03.jpg,16d569d6bd6deda92dac9c165f8f2d0e9514c8aff8fa783882ebae32dfea1c1b,usa-043_03,digital_1,huawei,5,dob|doe|face|name,True,True,False,face_and_text,True,train/bonafide/huawei/usa-043_03.jpg
train/attack/digital_1/iphone15pro/usa-043_03.jpg,0963f6051279aa3647f89ff5521814132befb5245947ea46f048a0cf9851318a,usa-043_03,digital_1,iphone15pro,5,dob|doe|face|name,True,True,False,face_and_text,True,train/bonafide/iphone15pro/usa-043_03.jpg
train/attack/digital_1/scan/usa-043_03.jpg,14836d2afe166b43e925c4d71ed69b937174aba9c74b88486f164d65b508bddd,usa-043_03,digital_1,scan,5,dob|doe|face|name,True,True,False,face_and_text,True,train/bonafide/scan/usa-043_03.jpg
train/attack/digital_2/huawei/usa-043_03.jpg,e1a804fb087f6d1528beb42ea70b9911c6e7dbd19dd9a7a747a76684a8e39a14,usa-043_03,digital_2,huawei,5,dob|doe|face|name,True,True,False,face_and_text,True,train/bonafide/huawei/usa-043_03.jpg
train/attack/digital_2/iphone15pro/usa-043_03.jpg,ce43161bfd84da0d1605333d959213088231bc6b7ae965dfd9bcdfe053656c61,usa-043_03,digital_2,iphone15pro,5,dob|doe|face|name,True,True,False,face_and_text,True,train/bonafide/iphone15pro/usa-043_03.jpg
train/attack/digital_2/scan/usa-043_03.jpg,6f110d4a101d954ed4069861cca5f5184e143f06a51322f46245aedf9cb57986,usa-043_03,digital_2,scan,5,dob|doe|face|name,True,True,False,face_and_text,True,train/bonafide/scan/usa-043_03.jpg
train/attack/digital_1/huawei/usa-063_03.jpg,909c6c5227e24eb5e59393ed731d71616ffe696f8e1b2ac594c2af00adc5dc85,usa-063_03,digital_1,huawei,5,dob|doe|face|name,True,True,False,face_and_text,True,train/bonafide/huawei/usa-063_03.jpg
train/attack/digital_1/iphone15pro/usa-063_03.jpg,576efd02188944713f449536ffc87e8a11cc9062a7ccb635214465a668d6d114,usa-063_03,digital_1,iphone15pro,5,dob|doe|face|name,True,True,False,face_and_text,True,train/bonafide/iphone15pro/usa-063_03.jpg
train/attack/digital_1/scan/usa-063_03.jpg,15a62793a668b2c61fc20aa3caa2a9e5ad08f997f0f95201be416513f97e98ca,usa-063_03,digital_1,scan,5,dob|doe|face|name,True,True,False,face_and_text,True,train/bonafide/scan/usa-063_03.jpg
train/attack/digital_2/huawei/usa-063_03.jpg,d3559e32aec0c13ea69a5dfabece33ecc0a4a3493475988f1df5bf2bf398e50a,usa-063_03,digital_2,huawei,5,dob|doe|face|name,True,True,False,face_and_text,True,train/bonafide/huawei/usa-063_03.jpg
train/attack/digital_2/iphone15pro/usa-063_03.jpg,48c597e92afc6561f06e960a60ecde53f96aba64d348b8f5dd5ee58fdba21125,usa-063_03,digital_2,iphone15pro,5,dob|doe|face|name,True,True,False,face_and_text,True,train/bonafide/iphone15pro/usa-063_03.jpg
train/attack/digital_2/scan/usa-063_03.jpg,8e417e4d20317fca3149dc8c6137f67379c697fd0c2bd839b3a924c5ff6b683d,usa-063_03,digital_2,scan,5,dob|doe|face|name,True,True,False,face_and_text,True,train/bonafide/scan/usa-063_03.jpg
train/attack/digital_1/huawei/usa-117_03.jpg,31f41dd866f29cfe1f2ddcb06dfd337bd29a403e59dccc9b1b217e6cff32f715,usa-117_03,digital_1,huawei,5,dob|doe|face|name,True,True,False,face_and_text,True,train/bonafide/huawei/usa-117_03.jpg
train/attack/digital_1/iphone15pro/usa-117_03.jpg,b002ae3f06cab1e8c964c42d04a17d4422c39e9e82b87c5088f03d41bf1be3ec,usa-117_03,digital_1,iphone15pro,5,dob|doe|face|name,True,True,False,face_and_text,True,train/bonafide/iphone15pro/usa-117_03.jpg
train/attack/digital_1/scan/usa-117_03.jpg,6667dbe1ddb409e66d204bbcd89de577581f638045e4646b62aa93f719f29a23,usa-117_03,digital_1,scan,5,dob|doe|face|name,True,True,False,face_and_text,True,train/bonafide/scan/usa-117_03.jpg
train/attack/digital_2/huawei/usa-117_03.jpg,e6ab654d7e7adf4e35bb29dc35988f05dcfe97f3ef366b9b7a9af292b2eaa20c,usa-117_03,digital_2,huawei,5,dob|doe|face|name,True,True,False,face_and_text,True,train/bonafide/huawei/usa-117_03.jpg
train/attack/digital_2/iphone15pro/usa-117_03.jpg,cf133c70d20a3ebb2c984e5e381341f5eb447db083ecabb3ca2b13b27def0e3a,usa-117_03,digital_2,iphone15pro,5,dob|doe|face|name,True,True,False,face_and_text,True,train/bonafide/iphone15pro/usa-117_03.jpg
train/attack/digital_2/scan/usa-117_03.jpg,25435fcc295f72d35b616e23eab10eb0935ec198015765de1a4e035f95627487,usa-117_03,digital_2,scan,5,dob|doe|face|name,True,True,False,face_and_text,True,train/bonafide/scan/usa-117_03.jpg
train/attack/digital_1/huawei/usa-134_03.jpg,4d70f0a4b17b07400850fb56e996e66bc4e01de0c7868accebc8487060ba58ae,usa-134_03,digital_1,huawei,5,dob|doe|face|name,True,True,False,face_and_text,True,train/bonafide/huawei/usa-134_03.jpg
train/attack/digital_1/iphone15pro/usa-134_03.jpg,65faab3ffef961b33bfb8715d0048eac07d19f72560d957b5969026ef02696fb,usa-134_03,digital_1,iphone15pro,5,dob|doe|face|name,True,True,False,face_and_text,True,train/bonafide/iphone15pro/usa-134_03.jpg
train/attack/digital_1/scan/usa-134_03.jpg,5c8d24a4e4e40d574d60caf695bcaf1c684ce094cd58a2ae963690bef1fe28ba,usa-134_03,digital_1,scan,5,dob|doe|face|name,True,True,False,face_and_text,True,train/bonafide/scan/usa-134_03.jpg
train/attack/digital_2/huawei/usa-134_03.jpg,a70450ed3dbcbd9516f66527dee6e018d9ba4b318e3e15f788ac3c4b9722a68e,usa-134_03,digital_2,huawei,5,dob|doe|face|name,True,True,False,face_and_text,True,train/bonafide/huawei/usa-134_03.jpg
train/attack/digital_2/iphone15pro/usa-134_03.jpg,369043bde83db33fef851d0780900a8f45c7d3135ff23776d65379340e40bab0,usa-134_03,digital_2,iphone15pro,5,dob|doe|face|name,True,True,False,face_and_text,True,train/bonafide/iphone15pro/usa-134_03.jpg
train/attack/digital_2/scan/usa-134_03.jpg,d1d52a4ef5e329c154a86a41d66e5ba9efadd5bd77c31620766feb1fc57c98f6,usa-134_03,digital_2,scan,5,dob|doe|face|name,True,True,False,face_and_text,True,train/bonafide/scan/usa-134_03.jpg
train/attack/digital_1/huawei/usa-136_03.jpg,8954a02041c75f45f259a1f6089212d2367f36dcc6ac32e0fa4476ae19b142dd,usa-136_03,digital_1,huawei,5,dob|doe|face|name,True,True,False,face_and_text,True,train/bonafide/huawei/usa-136_03.jpg
train/attack/digital_1/iphone15pro/usa-136_03.jpg,61891125f87066c11acf13468ea3d13d2059b3d199fd643f2ca2ae558d8b9652,usa-136_03,digital_1,iphone15pro,5,dob|doe|face|name,True,True,False,face_and_text,True,train/bonafide/iphone15pro/usa-136_03.jpg
train/attack/digital_1/scan/usa-136_03.jpg,74e576bb68babf7b1d352d382a98b314e4f2cb119a3de523fdeab0be89250b01,usa-136_03,digital_1,scan,5,dob|doe|face|name,True,True,False,face_and_text,True,train/bonafide/scan/usa-136_03.jpg
train/attack/digital_2/huawei/usa-136_03.jpg,b4069361c9614c37e6cb7f220d00dad9ce9a4cd92e7e49001b20b32d679100b7,usa-136_03,digital_2,huawei,5,dob|doe|face|name,True,True,False,face_and_text,True,train/bonafide/huawei/usa-136_03.jpg
train/attack/digital_2/iphone15pro/usa-136_03.jpg,dc9b73d42b517e9002b8218f7343070732c5b6d77074aa6f1543404aea6b8491,usa-136_03,digital_2,iphone15pro,5,dob|doe|face|name,True,True,False,face_and_text,True,train/bonafide/iphone15pro/usa-136_03.jpg
train/attack/digital_2/scan/usa-136_03.jpg,c994c6d6fbb0e38bc8e65032e215e0db6a4f76851ff8a3701760aeaa9a2eea46,usa-136_03,digital_2,scan,5,dob|doe|face|name,True,True,False,face_and_text,True,train/bonafide/scan/usa-136_03.jpg
train/attack/digital_1/huawei/usa-137_03.jpg,1df916467f373c57e87ba83d7be9f1d39bdf585113f50f4efc1902b66330c7e9,usa-137_03,digital_1,huawei,5,dob|doe|face|name,True,True,False,face_and_text,True,train/bonafide/huawei/usa-137_03.jpg
train/attack/digital_1/iphone15pro/usa-137_03.jpg,7b49a84335aacc730f897f2a053b1afb6b707ba0304e66510ac62469e7814986,usa-137_03,digital_1,iphone15pro,5,dob|doe|face|name,True,True,False,face_and_text,True,train/bonafide/iphone15pro/usa-137_03.jpg
train/attack/digital_1/scan/usa-137_03.jpg,9e4ca093de47443d1ceb369f4e91e2d4a5708a4f75bec58209847487b228c382,usa-137_03,digital_1,scan,5,dob|doe|face|name,True,True,False,face_and_text,True,train/bonafide/scan/usa-137_03.jpg
train/attack/digital_2/huawei/usa-137_03.jpg,302d7cc6c948f852ff9dc6b36dfdcc9327fb168240ea4f6e712ce19940278f09,usa-137_03,digital_2,huawei,5,dob|doe|face|name,True,True,False,face_and_text,True,train/bonafide/huawei/usa-137_03.jpg
train/attack/digital_2/iphone15pro/usa-137_03.jpg,a39f6db0b750324130ae2c0af7664d2916fad8ac2c67431c88cca18eedf3ad9c,usa-137_03,digital_2,iphone15pro,5,dob|doe|face|name,True,True,False,face_and_text,True,train/bonafide/iphone15pro/usa-137_03.jpg
train/attack/digital_2/scan/usa-137_03.jpg,8883c68192a9bab23feed2b99949e38de9798c390f7579c6814c545bea322c09,usa-137_03,digital_2,scan,5,dob|doe|face|name,True,True,False,face_and_text,True,train/bonafide/scan/usa-137_03.jpg
train/attack/digital_1/huawei/usa-NF-1004.jpg,8699b69a860b7d0e17aff2a896d4179e5913c35610cea1eee0d01dfa02d64327,usa-NF-1004,digital_1,huawei,5,dob|doe|face|name,True,True,False,face_and_text,True,train/bonafide/huawei/usa-NF-1004.jpg
train/attack/digital_1/iphone15pro/usa-NF-1004.jpg,5892cdd27cc96ae5688e3a5f2ad1e181b6b47507f58a33308149bc66f10c5c53,usa-NF-1004,digital_1,iphone15pro,5,dob|doe|face|name,True,True,False,face_and_text,True,train/bonafide/iphone15pro/usa-NF-1004.jpg
train/attack/digital_1/scan/usa-NF-1004.jpg,7bb8d61f6d4a411d8eb282061a1d5685dfb462101b138fc9acbe58caf691104e,usa-NF-1004,digital_1,scan,5,dob|doe|face|name,True,True,False,face_and_text,True,train/bonafide/scan/usa-NF-1004.jpg
train/attack/digital_2/huawei/usa-NF-1004.jpg,c2c275b37d696af6e5ba1ef60b23423eb2296be5781e7a662b6b7fd2e33c7a06,usa-NF-1004,digital_2,huawei,5,dob|doe|face|name,True,True,False,face_and_text,True,train/bonafide/huawei/usa-NF-1004.jpg
train/attack/digital_2/iphone15pro/usa-NF-1004.jpg,c0f0c9e42c93b2b7707c6ec9aabac0da1fcd5ec2cb8c006dee392990cf7ed5bb,usa-NF-1004,digital_2,iphone15pro,5,dob|doe|face|name,True,True,False,face_and_text,True,train/bonafide/iphone15pro/usa-NF-1004.jpg
train/attack/digital_2/scan/usa-NF-1004.jpg,d627553d2f5ce4b5252c99bf44b9bc12a44c61c4ab9524f1a737112ca12bcf87,usa-NF-1004,digital_2,scan,5,dob|doe|face|name,True,True,False,face_and_text,True,train/bonafide/scan/usa-NF-1004.jpg
train/attack/digital_1/huawei/usa-NF-1009.jpg,b5d826f307976fdf4d2c92a566562d5d1c39300e95be7f1bdfd00e323ea811c7,usa-NF-1009,digital_1,huawei,5,dob|doe|face|name,True,True,False,face_and_text,True,train/bonafide/huawei/usa-NF-1009.jpg
train/attack/digital_1/iphone15pro/usa-NF-1009.jpg,6d9de15da86cbac0b9d6e6abf301effef468022a64e1df868a5eb3864b0e78c5,usa-NF-1009,digital_1,iphone15pro,5,dob|doe|face|name,True,True,False,face_and_text,True,train/bonafide/iphone15pro/usa-NF-1009.jpg
train/attack/digital_1/scan/usa-NF-1009.jpg,3c579ce2580f7f434b0e4627b3a5543c3e90912b82eb4aa281ed1ea67cb79217,usa-NF-1009,digital_1,scan,5,dob|doe|face|name,True,True,False,face_and_text,True,train/bonafide/scan/usa-NF-1009.jpg
train/attack/digital_2/huawei/usa-NF-1009.jpg,472ba7152e7aa37170cba32dfca0f2246e5268fc623dce45fbfc9fafa5babaef,usa-NF-1009,digital_2,huawei,5,dob|doe|face|name,True,True,False,face_and_text,True,train/bonafide/huawei/usa-NF-1009.jpg
train/attack/digital_2/iphone15pro/usa-NF-1009.jpg,447b56ad0097bd77756e6abda76d4a783479c276be1a855381155b8ed7b4e54b,usa-NF-1009,digital_2,iphone15pro,5,dob|doe|face|name,True,True,False,face_and_text,True,train/bonafide/iphone15pro/usa-NF-1009.jpg
train/attack/digital_2/scan/usa-NF-1009.jpg,5de5e7747bd245ee9f0a5b6044729b514ba178f0e43e2953a63579ece08b5114,usa-NF-1009,digital_2,scan,5,dob|doe|face|name,True,True,False,face_and_text,True,train/bonafide/scan/usa-NF-1009.jpg
train/attack/digital_1/huawei/usa-NF-1017.jpg,74e5cac3c115d60e644eb4eeedbf33617817bc1d20c7b0987a2814ea8cdf217a,usa-NF-1017,digital_1,huawei,5,dob|doe|face|name,True,True,False,face_and_text,True,train/bonafide/huawei/usa-NF-1017.jpg
train/attack/digital_1/iphone15pro/usa-NF-1017.jpg,a4809ffaae56f76fd75d4986d5fec91111a830aab6516c6d21fcd89912b4508c,usa-NF-1017,digital_1,iphone15pro,5,dob|doe|face|name,True,True,False,face_and_text,True,train/bonafide/iphone15pro/usa-NF-1017.jpg
train/attack/digital_1/scan/usa-NF-1017.jpg,905569d9186e22e1b5245a1a0d6b01ad258f9dc3cc76b3d89a6ddfcd5c6cbcb8,usa-NF-1017,digital_1,scan,5,dob|doe|face|name,True,True,False,face_and_text,True,train/bonafide/scan/usa-NF-1017.jpg
train/attack/digital_2/huawei/usa-NF-1017.jpg,5e46781fe4f4564c406c0a320437fc2b9f9cf4a17a425373220e43b1bac84589,usa-NF-1017,digital_2,huawei,5,dob|doe|face|name,True,True,False,face_and_text,True,train/bonafide/huawei/usa-NF-1017.jpg
train/attack/digital_2/iphone15pro/usa-NF-1017.jpg,3b9813b12d754bab7cf5d216ad80e6b6e14c751d1677ddf636516b942147cef8,usa-NF-1017,digital_2,iphone15pro,5,dob|doe|face|name,True,True,False,face_and_text,True,train/bonafide/iphone15pro/usa-NF-1017.jpg
train/attack/digital_2/scan/usa-NF-1017.jpg,6930593bada3e0821baf22a4d819a6e01b42238fd0f3b30a478086127858cc71,usa-NF-1017,digital_2,scan,5,dob|doe|face|name,True,True,False,face_and_text,True,train/bonafide/scan/usa-NF-1017.jpg
train/attack/digital_1/huawei/usa-NF-1044.jpg,8b30bad4cec11ca40c4f3bb85f8fda5f187c67513fcaf6fe479e159f41409d76,usa-NF-1044,digital_1,huawei,5,dob|doe|face|name,True,True,False,face_and_text,True,train/bonafide/huawei/usa-NF-1044.jpg
train/attack/digital_1/iphone15pro/usa-NF-1044.jpg,81f6231748ab10509088f4c9b39bc8232ea0b0a53591169ebe13da40d4945781,usa-NF-1044,digital_1,iphone15pro,5,dob|doe|face|name,True,True,False,face_and_text,True,train/bonafide/iphone15pro/usa-NF-1044.jpg
train/attack/digital_1/scan/usa-NF-1044.jpg,35a21ce5fb95981d7eb56188a0b7c47d7da8df3d05f79b2b20141c574fa154a4,usa-NF-1044,digital_1,scan,5,dob|doe|face|name,True,True,False,face_and_text,True,train/bonafide/scan/usa-NF-1044.jpg
train/attack/digital_2/huawei/usa-NF-1044.jpg,91300fc25f40691722e9b32920ce467818715a4c071262f281952c978b610ef2,usa-NF-1044,digital_2,huawei,5,dob|doe|face|name,True,True,False,face_and_text,True,train/bonafide/huawei/usa-NF-1044.jpg
train/attack/digital_2/iphone15pro/usa-NF-1044.jpg,59fd8b182f139972a228363fb69de192933869411f42336667bf3cd7e80c9e04,usa-NF-1044,digital_2,iphone15pro,5,dob|doe|face|name,True,True,False,face_and_text,True,train/bonafide/iphone15pro/usa-NF-1044.jpg
train/attack/digital_2/scan/usa-NF-1044.jpg,be3b1bc605b79cf2ce2ec7e3267160652abe24aff9c1cccab2747355eb7748be,usa-NF-1044,digital_2,scan,5,dob|doe|face|name,True,True,False,face_and_text,True,train/bonafide/scan/usa-NF-1044.jpg
train/attack/digital_1/huawei/usa-NF-1046.jpg,1af1183e3f18d954c7ef5ee0cc7f08eb6d1be9a32fd0e69de4f175d8e2826258,usa-NF-1046,digital_1,huawei,5,dob|doe|face|name,True,True,False,face_and_text,True,train/bonafide/huawei/usa-NF-1046.jpg
train/attack/digital_1/iphone15pro/usa-NF-1046.jpg,ce7dd994a3d19d23e059282d4d8dc5ea072e23c8bad6d92578364f1315846a60,usa-NF-1046,digital_1,iphone15pro,5,dob|doe|face|name,True,True,False,face_and_text,True,train/bonafide/iphone15pro/usa-NF-1046.jpg
train/attack/digital_1/scan/usa-NF-1046.jpg,cb5c32a7831c2912a7e030cc6399b727630e011c7bc6f0fce2f11bab69863f68,usa-NF-1046,digital_1,scan,5,dob|doe|face|name,True,True,False,face_and_text,True,train/bonafide/scan/usa-NF-1046.jpg
train/attack/digital_2/huawei/usa-NF-1046.jpg,2ef3b3b50345957dbd0fd415f93c87fb3105af6eaf96f5a5414e3e486432fae4,usa-NF-1046,digital_2,huawei,5,dob|doe|face|name,True,True,False,face_and_text,True,train/bonafide/huawei/usa-NF-1046.jpg
train/attack/digital_2/iphone15pro/usa-NF-1046.jpg,07db7b44eeca77a04a6c0848e8f28a9583ece2e1162cebf6445976b9fa90d67a,usa-NF-1046,digital_2,iphone15pro,5,dob|doe|face|name,True,True,False,face_and_text,True,train/bonafide/iphone15pro/usa-NF-1046.jpg
train/attack/digital_2/scan/usa-NF-1046.jpg,c1cebc7193ea00b29e5260e0ecd2dece59d96b3c3b9fedb84bbca4897eb907dd,usa-NF-1046,digital_2,scan,5,dob|doe|face|name,True,True,False,face_and_text,True,train/bonafide/scan/usa-NF-1046.jpg
train/attack/digital_1/huawei/usa-NF-1051.jpg,df3b86b7c772dcc74d9298676bf5e9c55128a6a878b30c191f9e10d1b27ff7e4,usa-NF-1051,digital_1,huawei,5,dob|doe|face|name,True,True,False,face_and_text,True,train/bonafide/huawei/usa-NF-1051.jpg
train/attack/digital_1/iphone15pro/usa-NF-1051.jpg,aebd0ab109abf6da364dbace112384bf5d151da513def8569621006b565a02c0,usa-NF-1051,digital_1,iphone15pro,5,dob|doe|face|name,True,True,False,face_and_text,True,train/bonafide/iphone15pro/usa-NF-1051.jpg
train/attack/digital_1/scan/usa-NF-1051.jpg,02d408ecaaea74bd8fd2e147b66704b29af3669c16eb016a657d51d334c9d19d,usa-NF-1051,digital_1,scan,5,dob|doe|face|name,True,True,False,face_and_text,True,train/bonafide/scan/usa-NF-1051.jpg
train/attack/digital_2/huawei/usa-NF-1051.jpg,11421f6a65cd5442bf988e5eb686d9467163dfea1a9ae352647380931bf38c84,usa-NF-1051,digital_2,huawei,5,dob|doe|face|name,True,True,False,face_and_text,True,train/bonafide/huawei/usa-NF-1051.jpg
train/attack/digital_2/iphone15pro/usa-NF-1051.jpg,5eb6e8dcf3aa731fe69f6ded2bdf93a147a6eda46987d6db642dfbe05b161ace,usa-NF-1051,digital_2,iphone15pro,5,dob|doe|face|name,True,True,False,face_and_text,True,train/bonafide/iphone15pro/usa-NF-1051.jpg
train/attack/digital_2/scan/usa-NF-1051.jpg,3c8274b675d21e908bd7cc1144cc7d84d50c1fe7658abf6c033f81f9483c8cfb,usa-NF-1051,digital_2,scan,5,dob|doe|face|name,True,True,False,face_and_text,True,train/bonafide/scan/usa-NF-1051.jpg
train/attack/digital_1/huawei/usa-NF-1062.jpg,d7e3fe1bfd41fddcd9e216002c5a0986d5cde76ddb5d886d6c4f9e5faf0bd9e5,usa-NF-1062,digital_1,huawei,5,dob|doe|face|name,True,True,False,face_and_text,True,train/bonafide/huawei/usa-NF-1062.jpg
train/attack/digital_1/iphone15pro/usa-NF-1062.jpg,cbc96a82ed47c9982ce056405e7b3092b229e1fa15e46c3ac23689612207ce08,usa-NF-1062,digital_1,iphone15pro,5,dob|doe|face|name,True,True,False,face_and_text,True,train/bonafide/iphone15pro/usa-NF-1062.jpg
train/attack/digital_1/scan/usa-NF-1062.jpg,6f4375df8951e9c4f03f8e9398bacbaee1ea7bc86a81d38117c115defe9806f8,usa-NF-1062,digital_1,scan,5,dob|doe|face|name,True,True,False,face_and_text,True,train/bonafide/scan/usa-NF-1062.jpg
train/attack/digital_2/huawei/usa-NF-1062.jpg,71571c59253194a9e819540e382987766fcf64d3caad7439682865e224a95214,usa-NF-1062,digital_2,huawei,5,dob|doe|face|name,True,True,False,face_and_text,True,train/bonafide/huawei/usa-NF-1062.jpg
train/attack/digital_2/iphone15pro/usa-NF-1062.jpg,adc53c4468d75e8fb4735ef48b077530d6f7edf280c7260a3b1c2d372c8fd0e7,usa-NF-1062,digital_2,iphone15pro,5,dob|doe|face|name,True,True,False,face_and_text,True,train/bonafide/iphone15pro/usa-NF-1062.jpg
train/attack/digital_2/scan/usa-NF-1062.jpg,a625e25d48c6efefe0690ed7199cc730739f79b49a363cfdfb917c77017d1973,usa-NF-1062,digital_2,scan,5,dob|doe|face|name,True,True,False,face_and_text,True,train/bonafide/scan/usa-NF-1062.jpg
train/attack/digital_1/huawei/usa-NF-1071.jpg,9aa9a5c4c2a7fbdf1ebe8f0e0c95eac3fe169a96bd347e2e224661077d1ee612,usa-NF-1071,digital_1,huawei,5,dob|doe|face|name,True,True,False,face_and_text,True,train/bonafide/huawei/usa-NF-1071.jpg
train/attack/digital_1/iphone15pro/usa-NF-1071.jpg,4c4fbf82ede5f10121992ac988e00ba934f175b7254201f37a4e91c329d54d36,usa-NF-1071,digital_1,iphone15pro,5,dob|doe|face|name,True,True,False,face_and_text,True,train/bonafide/iphone15pro/usa-NF-1071.jpg
train/attack/digital_1/scan/usa-NF-1071.jpg,0ed3f43c00e74e0f11194684ef5a1d6731ad26c8dbf570efd65854f8721f2e10,usa-NF-1071,digital_1,scan,5,dob|doe|face|name,True,True,False,face_and_text,True,train/bonafide/scan/usa-NF-1071.jpg
train/attack/digital_2/huawei/usa-NF-1071.jpg,f7f1d24a6646d798ceebff89fe04c0f03b079d5d1497bf6b610b899d9ca4ee8e,usa-NF-1071,digital_2,huawei,5,dob|doe|face|name,True,True,False,face_and_text,True,train/bonafide/huawei/usa-NF-1071.jpg
train/attack/digital_2/iphone15pro/usa-NF-1071.jpg,7df563a2c7826394a4ee3bb35cbfdd7cb9e8bfe720a111bed0b796a4ebd57009,usa-NF-1071,digital_2,iphone15pro,5,dob|doe|face|name,True,True,False,face_and_text,True,train/bonafide/iphone15pro/usa-NF-1071.jpg
train/attack/digital_2/scan/usa-NF-1071.jpg,3c3cc06f9a0242523176632c40f01820edd94ee89e77868de3ef85081483b57a,usa-NF-1071,digital_2,scan,5,dob|doe|face|name,True,True,False,face_and_text,True,train/bonafide/scan/usa-NF-1071.jpg
train/attack/digital_1/huawei/usa-NF-1093.jpg,6cc199ca75f4e3149f14ba5f209380ed210da12d3c2067b5e41d43d4cea5a1d9,usa-NF-1093,digital_1,huawei,5,dob|doe|face|name,True,True,False,face_and_text,True,train/bonafide/huawei/usa-NF-1093.jpg
train/attack/digital_1/iphone15pro/usa-NF-1093.jpg,a310aaf4fa97f6af8169ffd3689c64e466c266badafa0ab0314499b3c59e0d95,usa-NF-1093,digital_1,iphone15pro,5,dob|doe|face|name,True,True,False,face_and_text,True,train/bonafide/iphone15pro/usa-NF-1093.jpg
train/attack/digital_1/scan/usa-NF-1093.jpg,810fc34daa0a769cfc043054252023c2d24629e612a58cfedfdbcb83edc8528e,usa-NF-1093,digital_1,scan,5,dob|doe|face|name,True,True,False,face_and_text,True,train/bonafide/scan/usa-NF-1093.jpg
train/attack/digital_2/huawei/usa-NF-1093.jpg,d499d2a400254d0ddd61c7b2db5a328d5f94fdde1ac3a631d89d72903ea8a951,usa-NF-1093,digital_2,huawei,5,dob|doe|face|name,True,True,False,face_and_text,True,train/bonafide/huawei/usa-NF-1093.jpg
train/attack/digital_2/iphone15pro/usa-NF-1093.jpg,d75f85943582f06afefa5f66a3e277a63ecb22c226e7c20cfc5c0af2451278bf,usa-NF-1093,digital_2,iphone15pro,5,dob|doe|face|name,True,True,False,face_and_text,True,train/bonafide/iphone15pro/usa-NF-1093.jpg
train/attack/digital_2/scan/usa-NF-1093.jpg,8e6a7c174a37fd90d95191a05ab450a9cf09eced3493a93e16e41a7ce3906ba5,usa-NF-1093,digital_2,scan,5,dob|doe|face|name,True,True,False,face_and_text,True,train/bonafide/scan/usa-NF-1093.jpg
train/attack/digital_1/huawei/usa-NF-1094.jpg,d567b37537734c9ef1486c26b5b3586e60d0ac6f8170d4b2d855656c5f420556,usa-NF-1094,digital_1,huawei,5,dob|doe|face|name,True,True,False,face_and_text,True,train/bonafide/huawei/usa-NF-1094.jpg
train/attack/digital_1/iphone15pro/usa-NF-1094.jpg,bf3ac128d79714fc8eae97a21f94602abe9969b7e20a1a7edf8a7422818bfc22,usa-NF-1094,digital_1,iphone15pro,5,dob|doe|face|name,True,True,False,face_and_text,True,train/bonafide/iphone15pro/usa-NF-1094.jpg
train/attack/digital_1/scan/usa-NF-1094.jpg,df5ae030e0f07a4d0351623fb568cd43122167d70969ca7bffbebe24bb106190,usa-NF-1094,digital_1,scan,5,dob|doe|face|name,True,True,False,face_and_text,True,train/bonafide/scan/usa-NF-1094.jpg
train/attack/digital_2/huawei/usa-NF-1094.jpg,baed6cafd4ae287f4f9c14328aec1ef9e65f2dace3b99506c53ec3741d6f444e,usa-NF-1094,digital_2,huawei,5,dob|doe|face|name,True,True,False,face_and_text,True,train/bonafide/huawei/usa-NF-1094.jpg
train/attack/digital_2/iphone15pro/usa-NF-1094.jpg,fbdf1c69a233cb709edc4fea371038b35ef5d7527c6181c3427ca774c61fef23,usa-NF-1094,digital_2,iphone15pro,5,dob|doe|face|name,True,True,False,face_and_text,True,train/bonafide/iphone15pro/usa-NF-1094.jpg
train/attack/digital_2/scan/usa-NF-1094.jpg,e98240dbfedcc80c8a50daba29d6883c25af7476faf098b2398127dc667bcad0,usa-NF-1094,digital_2,scan,5,dob|doe|face|name,True,True,False,face_and_text,True,train/bonafide/scan/usa-NF-1094.jpg
train/attack/digital_1/huawei/usa-NM-1052.jpg,8b5643b8c965943de84ce38d2dacb2ebb9985951c0c0a26ddc7cbcc06a6cec38,usa-NM-1052,digital_1,huawei,5,dob|doe|face|name,True,True,False,face_and_text,True,train/bonafide/huawei/usa-NM-1052.jpg
train/attack/digital_1/iphone15pro/usa-NM-1052.jpg,fd032215b35c53a0f6a3f03d24c5cc2dae0c5495a864176455b01bd538f9d7b1,usa-NM-1052,digital_1,iphone15pro,5,dob|doe|face|name,True,True,False,face_and_text,True,train/bonafide/iphone15pro/usa-NM-1052.jpg
train/attack/digital_1/scan/usa-NM-1052.jpg,98653c44e38abce5153f5b0ba74e1af34ac0f811eb2e646ba4a7b43f9ada3c43,usa-NM-1052,digital_1,scan,5,dob|doe|face|name,True,True,False,face_and_text,True,train/bonafide/scan/usa-NM-1052.jpg
train/attack/digital_2/huawei/usa-NM-1052.jpg,f79f1360c986d67d454ffb56745c9c9741f190691fc0a840c4fc73c6f68e0572,usa-NM-1052,digital_2,huawei,5,dob|doe|face|name,True,True,False,face_and_text,True,train/bonafide/huawei/usa-NM-1052.jpg
train/attack/digital_2/iphone15pro/usa-NM-1052.jpg,c9b5e555541e8ebf5ecf67321b7b3c3ac98ce9e8ff0c314e62a83d900ba43dda,usa-NM-1052,digital_2,iphone15pro,5,dob|doe|face|name,True,True,False,face_and_text,True,train/bonafide/iphone15pro/usa-NM-1052.jpg
train/attack/digital_2/scan/usa-NM-1052.jpg,01afca4e7c729d8cec8e74443ac5751a9d4837a1a8c4b1d41164b15817b74856,usa-NM-1052,digital_2,scan,5,dob|doe|face|name,True,True,False,face_and_text,True,train/bonafide/scan/usa-NM-1052.jpg
