analysis_unit,group_type,group_value,stage,metric,n,mean,std,min,q25,median,q75,max
capture_pair,overall,ALL,stem_relu,cosine_similarity,960,0.9893915940696995,0.0030631150198186454,0.9776950478553772,0.9872038513422012,0.9896546304225922,0.9918699711561203,0.9960566163063049
capture_pair,overall,ALL,stem_relu,pearson_correlation,960,0.9800202888126175,0.005661426670307959,0.9597412943840027,0.9758787006139755,0.9802896678447723,0.9845362454652786,0.9928661584854126
capture_pair,overall,ALL,stem_relu,relative_l2_distance,960,0.14412522662896662,0.021138635229761917,0.08880672603845596,0.12751642614603043,0.14384407550096512,0.15998389944434166,0.21121200919151306
capture_pair,overall,ALL,stem_relu,mean_absolute_difference,960,0.009196271222511617,0.002001390105441728,0.005145523231476545,0.007775403209961951,0.008912294637411833,0.010237915441393852,0.018250225111842155
capture_pair,overall,ALL,stem_relu,channel_diff_top1_share,960,0.03502191429724917,0.0024869016346541995,0.028859125450253487,0.033319504000246525,0.03475079871714115,0.03657845128327608,0.04468390718102455
capture_pair,overall,ALL,stem_relu,channel_diff_top5_share,960,0.1628357607095192,0.008429469748205902,0.14050400257110596,0.1571485958993435,0.16269078850746155,0.16854671016335487,0.19057755172252655
capture_pair,overall,ALL,stem_relu,channel_diff_top10_share,960,0.30902286088094116,0.013040095304732739,0.27342110872268677,0.300059013068676,0.3092362731695175,0.31844886392354965,0.3435667157173157
capture_pair,overall,ALL,stem_relu,channel_diff_top32_share,960,0.8068236254155636,0.01143260622388838,0.7720219492912292,0.7992400079965591,0.8070632815361023,0.8147571980953217,0.8437246084213257
capture_pair,overall,ALL,stem_relu,channel_diff_effective_channels,960,42.75317836602529,0.9975145144937461,39.411006927490234,42.08543109893799,42.757883071899414,43.43252754211426,45.479103088378906
capture_pair,overall,ALL,stem_relu,channel_diff_effective_fraction,960,0.6680184119691451,0.015586164288964782,0.6157969832420349,0.6575848609209061,0.6680919229984283,0.6786332428455353,0.7106109857559204
capture_pair,overall,ALL,maxpool,cosine_similarity,960,0.994657467181484,0.0015482479345352623,0.9858881235122681,0.9935798197984695,0.9946448504924774,0.99587582051754,0.9977369904518127
capture_pair,overall,ALL,maxpool,pearson_correlation,960,0.9887200988829136,0.0033582940661709528,0.9702060222625732,0.9863756895065308,0.9887160658836365,0.9913720041513443,0.9950982928276062
capture_pair,overall,ALL,maxpool,relative_l2_distance,960,0.10232402738183737,0.014981545205615288,0.06728056073188782,0.09084015153348446,0.1035071536898613,0.11334187164902687,0.16835187375545502
capture_pair,overall,ALL,maxpool,mean_absolute_difference,960,0.01012996667996049,0.0022803502118242504,0.005743843968957663,0.008543470175936818,0.009735628496855497,0.011229108087718487,0.019783835858106613
capture_pair,overall,ALL,maxpool,channel_diff_top1_share,960,0.0404489785413413,0.0036246610146242267,0.03050181455910206,0.03793986141681671,0.040268674492836,0.042515989392995834,0.05714757740497589
capture_pair,overall,ALL,maxpool,channel_diff_top5_share,960,0.1753692212048918,0.00922928690920575,0.14973922073841095,0.16944875940680504,0.1750667616724968,0.18176263198256493,0.20945623517036438
capture_pair,overall,ALL,maxpool,channel_diff_top10_share,960,0.3238550675101578,0.013510201803981752,0.28638213872909546,0.3152676597237587,0.32480891048908234,0.3329373598098755,0.3673810362815857
capture_pair,overall,ALL,maxpool,channel_diff_top32_share,960,0.8116840957974394,0.012167812323692951,0.7656124234199524,0.8038163334131241,0.8127621114253998,0.8211821466684341,0.8467333316802979
capture_pair,overall,ALL,maxpool,channel_diff_effective_channels,960,42.22145388523737,1.1457688333823275,38.04296875,41.410881996154785,42.18298149108887,42.9578275680542,45.74179458618164
capture_pair,overall,ALL,maxpool,channel_diff_effective_fraction,960,0.659710216956834,0.017902638021598867,0.59442138671875,0.6470450311899185,0.6591090857982635,0.6712160557508469,0.7147155404090881
capture_pair,overall,ALL,layer1.0,cosine_similarity,960,0.9919855603327353,0.002109624951148125,0.9833410978317261,0.9906090348958969,0.9921537339687347,0.9935659915208817,0.9969519972801208
capture_pair,overall,ALL,layer1.0,pearson_correlation,960,0.9836987190569441,0.00425339395075003,0.9662554264068604,0.9809805452823639,0.9839679896831512,0.9869060069322586,0.993624746799469
capture_pair,overall,ALL,layer1.0,relative_l2_distance,960,0.12552540469138573,0.016606721712090287,0.07807876169681549,0.11345427297055721,0.12527535110712051,0.13706975802779198,0.18266066908836365
capture_pair,overall,ALL,layer1.0,mean_absolute_difference,960,0.019723220966989176,0.003763830437392577,0.01173180527985096,0.017048959154635668,0.019171150401234627,0.021497271955013275,0.03788088262081146
capture_pair,overall,ALL,layer1.0,channel_diff_top1_share,960,0.03579164525920835,0.0012856143323221303,0.030976133421063423,0.03495598863810301,0.03582037054002285,0.03663633298128843,0.04074426367878914
capture_pair,overall,ALL,layer1.0,channel_diff_top5_share,960,0.15788405941178402,0.004153323189141204,0.1424521952867508,0.15510853379964828,0.15791510790586472,0.16077345982193947,0.1716374158859253
capture_pair,overall,ALL,layer1.0,channel_diff_top10_share,960,0.2775835076967875,0.007609771255517759,0.2543470859527588,0.2723933085799217,0.2773018479347229,0.28247570246458054,0.30575403571128845
capture_pair,overall,ALL,layer1.0,channel_diff_top32_share,960,0.676728655025363,0.012925052739439884,0.6459323167800903,0.668182983994484,0.6765828430652618,0.6841049492359161,0.7244543433189392
capture_pair,overall,ALL,layer1.0,channel_diff_effective_channels,960,52.70255921681722,1.0087699420658587,48.761844635009766,52.14079284667969,52.72343826293945,53.411702156066895,55.55118179321289
capture_pair,overall,ALL,layer1.0,channel_diff_effective_fraction,960,0.8234774877627691,0.015762030344779042,0.7619038224220276,0.8146998882293701,0.823803722858429,0.8345578461885452,0.8679872155189514
capture_pair,overall,ALL,layer1.1,cosine_similarity,960,0.9870936333512267,0.0032906547127399648,0.9693936109542847,0.985253781080246,0.9874070882797241,0.9894406199455261,0.9951176643371582
capture_pair,overall,ALL,layer1.1,pearson_correlation,960,0.9754638092592358,0.00624340045379549,0.9411753416061401,0.9718112051486969,0.9759446382522583,0.9799540936946869,0.9909361600875854
capture_pair,overall,ALL,layer1.1,relative_l2_distance,960,0.15940164356337239,0.020182454679803705,0.09881677478551865,0.1453373022377491,0.15871786326169968,0.17173371091485023,0.2474427968263626
capture_pair,overall,ALL,layer1.1,mean_absolute_difference,960,0.03689512522541918,0.006398923764759239,0.022228742018342018,0.03254878893494606,0.03586363606154919,0.04006369411945343,0.06988503038883209
capture_pair,overall,ALL,layer1.1,channel_diff_top1_share,960,0.031141651747748255,0.0015002516565725862,0.027951842173933983,0.03009016253054142,0.0309581458568573,0.03195374459028244,0.03874779865145683
capture_pair,overall,ALL,layer1.1,channel_diff_top5_share,960,0.14307821742258967,0.0034289521672935383,0.13335920870304108,0.14069869741797447,0.1430269256234169,0.14549116790294647,0.1543537974357605
capture_pair,overall,ALL,layer1.1,channel_diff_top10_share,960,0.2619315823695312,0.005440498633747095,0.24596397578716278,0.2581521347165108,0.2622915208339691,0.26571372151374817,0.27985644340515137
capture_pair,overall,ALL,layer1.1,channel_diff_top32_share,960,0.6561234949777524,0.00857918646458498,0.632965087890625,0.6502256691455841,0.6565084159374237,0.6627296805381775,0.6758912801742554
capture_pair,overall,ALL,layer1.1,channel_diff_effective_channels,960,55.29860180219014,0.6878611101214321,53.17952346801758,54.77939796447754,55.26678466796875,55.79025936126709,57.17300796508789
capture_pair,overall,ALL,layer1.1,channel_diff_effective_fraction,960,0.864040653159221,0.010747829845647377,0.8309300541877747,0.8559280931949615,0.8635435104370117,0.8717228025197983,0.8933282494544983
capture_pair,overall,ALL,layer2.0,cosine_similarity,960,0.98314177878201,0.0046901472906739185,0.9556034803390503,0.9807342886924744,0.9836695194244385,0.9863373935222626,0.9945665597915649
capture_pair,overall,ALL,layer2.0,pearson_correlation,960,0.9760735267773271,0.0066879212628923965,0.936557948589325,0.9726437926292419,0.976831465959549,0.9805676490068436,0.9923626184463501
capture_pair,overall,ALL,layer2.0,relative_l2_distance,960,0.18196157245741537,0.02480044925965868,0.10424526780843735,0.16534004360437393,0.18072891980409622,0.1963450238108635,0.2979976236820221
capture_pair,overall,ALL,layer2.0,mean_absolute_difference,960,0.01876186859929779,0.003256826361012684,0.011288847774267197,0.01646717404946685,0.018233182840049267,0.020400288980454206,0.03633725643157959
capture_pair,overall,ALL,layer2.0,channel_diff_top1_share,960,0.01715341372376618,0.002733248728627387,0.01272218395024538,0.01513373851776123,0.01655339077115059,0.018525391817092896,0.030555980280041695
capture_pair,overall,ALL,layer2.0,channel_diff_top5_share,960,0.07290666194166988,0.00514724791065418,0.06259118765592575,0.06914223358035088,0.07218754291534424,0.07509682327508926,0.09601502120494843
capture_pair,overall,ALL,layer2.0,channel_diff_top10_share,960,0.13552667043016603,0.00738543902593071,0.12032833695411682,0.13048435375094414,0.13425111770629883,0.139137364923954,0.1735536754131317
capture_pair,overall,ALL,layer2.0,channel_diff_top32_share,960,0.36615368829419215,0.011536174233459266,0.33866411447525024,0.357675276696682,0.36478497087955475,0.37315651774406433,0.4164874851703644
capture_pair,overall,ALL,layer2.0,channel_diff_effective_channels,960,114.01419231096904,2.406816624918904,102.6055908203125,112.76952362060547,114.38111877441406,115.68863677978516,119.08320617675781
capture_pair,overall,ALL,layer2.0,channel_diff_effective_fraction,960,0.8907358774294456,0.018803254882178936,0.8016061782836914,0.8810119032859802,0.8936024904251099,0.9038174748420715,0.9303375482559204
capture_pair,overall,ALL,layer2.1,cosine_similarity,960,0.9796875051533183,0.005924516675941036,0.9453307390213013,0.9768421798944473,0.980510413646698,0.9835533052682877,0.9929077625274658
capture_pair,overall,ALL,layer2.1,pearson_correlation,960,0.9722991993029912,0.008118956176167483,0.9256193041801453,0.9684445261955261,0.9734048545360565,0.977653756737709,0.9903790950775146
capture_pair,overall,ALL,layer2.1,relative_l2_distance,960,0.1995954484678805,0.02831242344264878,0.11909930408000946,0.181382954120636,0.19748689234256744,0.21526430174708366,0.3306785225868225
capture_pair,overall,ALL,layer2.1,mean_absolute_difference,960,0.02106741355188812,0.0036981054752442564,0.012723661959171295,0.018471353221684694,0.020549445413053036,0.022875428665429354,0.04010261595249176
capture_pair,overall,ALL,layer2.1,channel_diff_top1_share,960,0.014161211832348879,0.00151525016874339,0.01153916772454977,0.01306396396830678,0.013849301263689995,0.014878228539600968,0.022304417565464973
capture_pair,overall,ALL,layer2.1,channel_diff_top5_share,960,0.06400130753948664,0.004002145222175292,0.0562196746468544,0.061089626513421535,0.06320029869675636,0.06607930734753609,0.0818435475230217
capture_pair,overall,ALL,layer2.1,channel_diff_top10_share,960,0.12069197512076547,0.005622670964985245,0.10880978405475616,0.11677269078791142,0.11973003298044205,0.1239626370370388,0.1470673680305481
capture_pair,overall,ALL,layer2.1,channel_diff_top32_share,960,0.34104333333671094,0.008937792504898914,0.3211354911327362,0.3348633795976639,0.3399875909090042,0.3459352031350136,0.379700630903244
capture_pair,overall,ALL,layer2.1,channel_diff_effective_channels,960,118.24261027177175,1.6084090227108412,111.6932373046875,117.45778274536133,118.43815994262695,119.31400489807129,121.72251892089844
capture_pair,overall,ALL,layer2.1,channel_diff_effective_fraction,960,0.9237703927482168,0.012565695489928447,0.8726034164428711,0.9176389276981354,0.9252981245517731,0.932140663266182,0.950957179069519
capture_pair,overall,ALL,layer3.0,cosine_similarity,960,0.9830976066490015,0.005793548511626002,0.9577398300170898,0.9806839525699615,0.9840030074119568,0.9870024472475052,0.994663655757904
capture_pair,overall,ALL,layer3.0,pearson_correlation,960,0.9769907334198554,0.00792062513948739,0.9427433609962463,0.9738323092460632,0.9782248735427856,0.9822844415903091,0.9927608370780945
capture_pair,overall,ALL,layer3.0,relative_l2_distance,960,0.18159248273198803,0.03003776565856644,0.10330908745527267,0.16133366152644157,0.17907575517892838,0.19674687460064888,0.2933761179447174
capture_pair,overall,ALL,layer3.0,mean_absolute_difference,960,0.013152903418328303,0.002459096955099866,0.007400839123874903,0.011501300614327192,0.012855791486799717,0.01443112688139081,0.024035030975937843
capture_pair,overall,ALL,layer3.0,channel_diff_top1_share,960,0.0100692532073784,0.0016454016539905318,0.0075360131449997425,0.008907847804948688,0.00965435104444623,0.010822980431839824,0.02189950831234455
capture_pair,overall,ALL,layer3.0,channel_diff_top5_share,960,0.043180090545987086,0.0034859994955022196,0.03637306019663811,0.040640645660459995,0.0427401140332222,0.045273895375430584,0.056469667702913284
capture_pair,overall,ALL,layer3.0,channel_diff_top10_share,960,0.0796222479082644,0.004626829777312864,0.06939846277236938,0.07627327740192413,0.07923174276947975,0.08236490376293659,0.09758071601390839
capture_pair,overall,ALL,layer3.0,channel_diff_top32_share,960,0.21794030989209812,0.0073320983999249426,0.1984102576971054,0.2126513160765171,0.21734978258609772,0.22332198917865753,0.25340893864631653
capture_pair,overall,ALL,layer3.0,channel_diff_effective_channels,960,216.39582506815592,4.384316597936631,197.51577758789062,213.3600959777832,216.7265167236328,219.67954635620117,227.16468811035156
capture_pair,overall,ALL,layer3.0,channel_diff_effective_fraction,960,0.845296191672484,0.017126236710689965,0.7715460062026978,0.8334378749132156,0.8465879559516907,0.8581232279539108,0.8873620629310608
capture_pair,overall,ALL,layer3.1,cosine_similarity,960,0.9822025328253706,0.006587215867627722,0.9556918740272522,0.9793785214424133,0.9833980202674866,0.9866005927324295,0.9950917363166809
capture_pair,overall,ALL,layer3.1,pearson_correlation,960,0.9761306794981162,0.008822297619416974,0.9401800632476807,0.9723386317491531,0.9777098000049591,0.9819378405809402,0.99338698387146
capture_pair,overall,ALL,layer3.1,relative_l2_distance,960,0.18601852793556947,0.03315827854938396,0.0990862175822258,0.16381246969103813,0.1825711652636528,0.20331929624080658,0.29846304655075073
capture_pair,overall,ALL,layer3.1,mean_absolute_difference,960,0.014132746552058961,0.0026319641804625165,0.007795464713126421,0.012313772458583117,0.013839097693562508,0.015420385170727968,0.025783512741327286
capture_pair,overall,ALL,layer3.1,channel_diff_top1_share,960,0.011213187376173057,0.0021312843939042614,0.007771763484925032,0.009627766907215118,0.010683435946702957,0.012377665610983968,0.021314071491360664
capture_pair,overall,ALL,layer3.1,channel_diff_top5_share,960,0.046374636616868276,0.004100868829316434,0.03695494681596756,0.04354598559439182,0.0457812063395977,0.048711624927818775,0.06639548391103745
capture_pair,overall,ALL,layer3.1,channel_diff_top10_share,960,0.08475353516793499,0.005285063045570273,0.07124006003141403,0.08099593035876751,0.08423351123929024,0.08797498792409897,0.10836631059646606
capture_pair,overall,ALL,layer3.1,channel_diff_top32_share,960,0.2290853245028605,0.008468888403125716,0.20745475590229034,0.22324422746896744,0.22877187281847,0.23449146002531052,0.2566089630126953
capture_pair,overall,ALL,layer3.1,channel_diff_effective_channels,960,211.81915928522747,4.949455391474493,193.51779174804688,208.60064697265625,211.93012237548828,215.20429229736328,224.4640655517578
capture_pair,overall,ALL,layer3.1,channel_diff_effective_fraction,960,0.8274185909579198,0.01933381012294724,0.7559288740158081,0.8148462772369385,0.8278520405292511,0.8406417667865753,0.876812756061554
capture_pair,overall,ALL,layer4.0,cosine_similarity,960,0.9723759929959973,0.013404293833556725,0.9093602299690247,0.966669961810112,0.9752813279628754,0.9818646460771561,0.9939762353897095
capture_pair,overall,ALL,layer4.0,pearson_correlation,960,0.9689362920199831,0.015092699465738185,0.8978752493858337,0.9627106189727783,0.9721635282039642,0.9796164482831955,0.9932152628898621
capture_pair,overall,ALL,layer4.0,relative_l2_distance,960,0.2292643423192203,0.05333547114312944,0.10979749262332916,0.19046999514102936,0.2228216603398323,0.2583829015493393,0.4262378513813019
capture_pair,overall,ALL,layer4.0,mean_absolute_difference,960,0.010445898481217833,0.0022945932159447527,0.005332051310688257,0.008864714531227946,0.010142049752175808,0.011546310735866427,0.019225746393203735
capture_pair,overall,ALL,layer4.0,channel_diff_top1_share,960,0.009432665142715754,0.0013000965290740104,0.006751283537596464,0.008509644540026784,0.009249260649085045,0.010098381200805306,0.015406053513288498
capture_pair,overall,ALL,layer4.0,channel_diff_top5_share,960,0.040484037902206185,0.0033100404999277197,0.03129236772656441,0.038173144683241844,0.04029645584523678,0.04264621902257204,0.052660562098026276
capture_pair,overall,ALL,layer4.0,channel_diff_top10_share,960,0.07376951884943991,0.004936474703106124,0.0604313462972641,0.07041790336370468,0.07355568930506706,0.07698812894523144,0.08922572433948517
capture_pair,overall,ALL,layer4.0,channel_diff_top32_share,960,0.19315431696983676,0.009945540969913022,0.16724616289138794,0.18638835847377777,0.19271957874298096,0.19904440641403198,0.22793298959732056
capture_pair,overall,ALL,layer4.0,channel_diff_effective_channels,960,304.1769386609395,13.787153827261186,261.8582458496094,295.6736526489258,305.0419006347656,313.88155364990234,338.3946533203125
capture_pair,overall,ALL,layer4.0,channel_diff_effective_fraction,960,0.5940955833221475,0.026928034818869503,0.5114418864250183,0.5774876028299332,0.5957849621772766,0.6130499094724655,0.6609270572662354
capture_pair,overall,ALL,layer4.1,cosine_similarity,960,0.9652772540226578,0.02453680150072006,0.8387590646743774,0.9569927453994751,0.9726555645465851,0.9819156378507614,0.9949601292610168
capture_pair,overall,ALL,layer4.1,pearson_correlation,960,0.9522452428936958,0.03299009678663399,0.7816084623336792,0.9409295320510864,0.9618288278579712,0.9746600240468979,0.9929127097129822
capture_pair,overall,ALL,layer4.1,relative_l2_distance,960,0.25208142812674245,0.0832922707636598,0.10040256381034851,0.1906452216207981,0.23513932526111603,0.2947118952870369,0.5696657299995422
capture_pair,overall,ALL,layer4.1,mean_absolute_difference,960,0.13825063552164163,0.03938028047756535,0.05896720662713051,0.10951930470764637,0.1306454986333847,0.15879284963011742,0.3015933036804199
capture_pair,overall,ALL,layer4.1,channel_diff_top1_share,960,0.007568438037318022,0.001446334511830967,0.004945027641952038,0.006549141253344715,0.0073327478021383286,0.008356630336493254,0.014407751150429249
capture_pair,overall,ALL,layer4.1,channel_diff_top5_share,960,0.031835632478275026,0.00399660078939459,0.02353633940219879,0.0289962375536561,0.031259190291166306,0.03432691656053066,0.05031857267022133
capture_pair,overall,ALL,layer4.1,channel_diff_top10_share,960,0.057857929725044714,0.006152445476068787,0.04526112973690033,0.053474764339625835,0.056980906054377556,0.06167993601411581,0.08311159163713455
capture_pair,overall,ALL,layer4.1,channel_diff_top32_share,960,0.15285771498456596,0.012048351466152678,0.12712913751602173,0.1438676118850708,0.15086793899536133,0.1598222441971302,0.19748243689537048
capture_pair,overall,ALL,layer4.1,channel_diff_effective_channels,960,378.5087169011434,18.4462547438892,318.54595947265625,367.19358825683594,380.5699005126953,392.01554107666016,421.5817565917969
capture_pair,overall,ALL,layer4.1,channel_diff_effective_fraction,960,0.7392748376975457,0.03602784129665859,0.6221600770950317,0.7171749770641327,0.743300586938858,0.7656553536653519,0.8234018683433533
capture_pair,overall,ALL,avgpool,cosine_similarity,960,0.9919214839736621,0.006982541934131716,0.942990243434906,0.9902615696191788,0.9943819344043732,0.9963574409484863,0.9992684721946716
capture_pair,overall,ALL,avgpool,pearson_correlation,960,0.9819447552164395,0.015313972097280346,0.8748185634613037,0.9782261699438095,0.987273097038269,0.9916475564241409,0.9982801079750061
capture_pair,overall,ALL,avgpool,relative_l2_distance,960,0.12087077039759606,0.047441712823109446,0.03827706351876259,0.08677478320896626,0.1077641174197197,0.14207718148827553,0.3436335325241089
capture_pair,overall,ALL,avgpool,mean_absolute_difference,960,0.0743231594368505,0.02700428109324964,0.02335124835371971,0.05506815016269684,0.06789806857705116,0.08742009289562702,0.1934606432914734
capture_pair,overall,ALL,avgpool,channel_diff_top1_share,960,0.012376867710069442,0.0023709628371925196,0.0077322376891970634,0.010676534846425056,0.011952141765505075,0.013538680505007505,0.024005429819226265
capture_pair,overall,ALL,avgpool,channel_diff_top5_share,960,0.05071327843082448,0.0055697885455742125,0.03751394897699356,0.0465308353304863,0.050357526168227196,0.054190670140087605,0.07686753571033478
capture_pair,overall,ALL,avgpool,channel_diff_top10_share,960,0.09025735878385603,0.007950094704334557,0.07217896729707718,0.08422134257853031,0.0897856131196022,0.09565025009214878,0.12519146502017975
capture_pair,overall,ALL,avgpool,channel_diff_top32_share,960,0.2255003890953958,0.013820318427875199,0.1920662522315979,0.21577238291502,0.22453130781650543,0.23494676500558853,0.2779534161090851
capture_pair,overall,ALL,avgpool,channel_diff_effective_channels,960,266.3112367153168,15.052093047363362,218.37811279296875,255.941650390625,266.52978515625,277.6436233520508,304.6799621582031
capture_pair,overall,ALL,avgpool,channel_diff_effective_fraction,960,0.5201391342096031,0.029398619233131567,0.4265197515487671,0.49988603591918945,0.5205659866333008,0.5422727018594742,0.5950780510902405
capture_pair,variant,digital_1,stem_relu,cosine_similarity,480,0.9889123315612475,0.002814489941814992,0.979271411895752,0.9869728535413742,0.9889817833900452,0.9912208616733551,0.9951941967010498
capture_pair,variant,digital_1,stem_relu,pearson_correlation,480,0.9791275488833586,0.005145697006989462,0.9636889696121216,0.9751700013875961,0.9790985882282257,0.9836001992225647,0.9901393055915833
capture_pair,variant,digital_1,stem_relu,relative_l2_distance,480,0.1477129209941874,0.018941831394394114,0.09805245697498322,0.13251642882823944,0.14844680577516556,0.16142870858311653,0.2036157250404358
capture_pair,variant,digital_1,stem_relu,mean_absolute_difference,480,0.010068421484902501,0.0021044250229124706,0.006076863035559654,0.00867074728012085,0.009681854862719774,0.011027124943211675,0.018250225111842155
capture_pair,variant,digital_1,stem_relu,channel_diff_top1_share,480,0.03571162044924373,0.002205353345887358,0.029709961265325546,0.034187099896371365,0.0356442965567112,0.03711457923054695,0.04270625859498978
capture_pair,variant,digital_1,stem_relu,channel_diff_top5_share,480,0.16494798874482514,0.007387654729943535,0.14533738791942596,0.1601908653974533,0.165445975959301,0.16977476701140404,0.18570271134376526
capture_pair,variant,digital_1,stem_relu,channel_diff_top10_share,480,0.31210476799557607,0.011538791708893797,0.28142186999320984,0.30499544739723206,0.31280191242694855,0.3200047239661217,0.3435667157173157
capture_pair,variant,digital_1,stem_relu,channel_diff_top32_share,480,0.808412017300725,0.011486479828495698,0.7720219492912292,0.8008461445569992,0.8083600401878357,0.8166213631629944,0.8437246084213257
capture_pair,variant,digital_1,stem_relu,channel_diff_effective_channels,480,42.5298703511556,0.9734401855643112,39.411006927490234,41.83192825317383,42.57309532165527,43.128013610839844,45.42219161987305
capture_pair,variant,digital_1,stem_relu,channel_diff_effective_fraction,480,0.6645292242368063,0.015210002899442363,0.6157969832420349,0.6536238789558411,0.6652046144008636,0.6738752126693726,0.7097217440605164
capture_pair,variant,digital_1,maxpool,cosine_similarity,480,0.9945329713324705,0.0013828289417681322,0.9898973107337952,0.9935605525970459,0.9944763779640198,0.9956765472888947,0.9972703456878662
capture_pair,variant,digital_1,maxpool,pearson_correlation,480,0.988474054262042,0.002998180442490073,0.9787217378616333,0.9863104969263077,0.9883463680744171,0.9911139160394669,0.9942221641540527
capture_pair,variant,digital_1,maxpool,relative_l2_distance,480,0.10376719739288091,0.013283357067563081,0.07388664036989212,0.09304643608629704,0.10513654723763466,0.11351601779460907,0.14249339699745178
capture_pair,variant,digital_1,maxpool,mean_absolute_difference,480,0.01091436192606731,0.002469848825096703,0.006412985268980265,0.009262203937396407,0.010443827137351036,0.012025668285787106,0.019783835858106613
capture_pair,variant,digital_1,maxpool,channel_diff_top1_share,480,0.041679857725587986,0.003985479101656199,0.0327034518122673,0.03881130274385214,0.04149695485830307,0.0440161507576704,0.05714757740497589
capture_pair,variant,digital_1,maxpool,channel_diff_top5_share,480,0.17716182277848322,0.009289621507644393,0.15050402283668518,0.171050775796175,0.17712192982435226,0.18320132046937943,0.20945623517036438
capture_pair,variant,digital_1,maxpool,channel_diff_top10_share,480,0.325792044090728,0.013367162181583963,0.28840336203575134,0.31698375940322876,0.32627245783805847,0.33440640568733215,0.3673810362815857
capture_pair,variant,digital_1,maxpool,channel_diff_top32_share,480,0.8109307009726763,0.012291388699391686,0.7656124234199524,0.8028818815946579,0.8122541904449463,0.8204578161239624,0.8467333316802979
capture_pair,variant,digital_1,maxpool,channel_diff_effective_channels,480,42.12473837534586,1.183063357693083,38.04296875,41.319748878479004,42.11311149597168,42.8905086517334,45.74179458618164
capture_pair,variant,digital_1,maxpool,channel_diff_effective_fraction,480,0.6581990371147791,0.01848536496395442,0.59442138671875,0.6456210762262344,0.6580173671245575,0.6701641976833344,0.7147155404090881
capture_pair,variant,digital_1,layer1.0,cosine_similarity,480,0.9916403538237015,0.002027721043467075,0.9833410978317261,0.9902821481227875,0.9918318092823029,0.9931753575801849,0.9956635236740112
capture_pair,variant,digital_1,layer1.0,pearson_correlation,480,0.9830172803252936,0.004006054401740726,0.9662554264068604,0.9803033620119095,0.9832659959793091,0.9862147569656372,0.9911132454872131
capture_pair,variant,digital_1,layer1.0,relative_l2_distance,480,0.12838590308092535,0.015510728117422854,0.09312812238931656,0.11683138646185398,0.12781750410795212,0.13946089148521423,0.18266066908836365
capture_pair,variant,digital_1,layer1.0,mean_absolute_difference,480,0.021421276172623037,0.004002697088161963,0.013878706842660904,0.018570912536233664,0.020717200823128223,0.023458617739379406,0.03788088262081146
capture_pair,variant,digital_1,layer1.0,channel_diff_top1_share,480,0.035849444762182735,0.001109129080775265,0.032599370926618576,0.03516317345201969,0.03588668629527092,0.03659277968108654,0.04050040617585182
capture_pair,variant,digital_1,layer1.0,channel_diff_top5_share,480,0.15760095079119008,0.003689945766703318,0.14486812055110931,0.15507230535149574,0.1577097624540329,0.16021913662552834,0.16845494508743286
capture_pair,variant,digital_1,layer1.0,channel_diff_top10_share,480,0.2769872644916177,0.0074295134426033155,0.2543470859527588,0.2721371352672577,0.2768482565879822,0.2815736457705498,0.29897600412368774
capture_pair,variant,digital_1,layer1.0,channel_diff_top32_share,480,0.6765878168245156,0.013044910379907617,0.6464424729347229,0.6684341728687286,0.6761523485183716,0.6827734261751175,0.7151235342025757
capture_pair,variant,digital_1,layer1.0,channel_diff_effective_channels,480,52.717452414830525,1.0288373623990077,49.73137664794922,52.189839363098145,52.77987289428711,53.4509391784668,55.55118179321289
capture_pair,variant,digital_1,layer1.0,channel_diff_effective_fraction,480,0.823710193981727,0.016075583787484495,0.7770527601242065,0.8154662400484085,0.8246855139732361,0.8351709246635437,0.8679872155189514
capture_pair,variant,digital_1,layer1.1,cosine_similarity,480,0.986031577984492,0.003374280487345352,0.9693936109542847,0.9840769171714783,0.986278772354126,0.9884035140275955,0.9928269386291504
capture_pair,variant,digital_1,layer1.1,pearson_correlation,480,0.9734610890348753,0.006321293360343322,0.9411753416061401,0.9700068086385727,0.9737881720066071,0.9778940379619598,0.9863260984420776
capture_pair,variant,digital_1,layer1.1,relative_l2_distance,480,0.16598673236245912,0.019714971502214445,0.11977721750736237,0.15230078995227814,0.16565976291894913,0.178467009216547,0.2474427968263626
capture_pair,variant,digital_1,layer1.1,mean_absolute_difference,480,0.04025188785744831,0.006611983771164586,0.027956200763583183,0.03540954366326332,0.039426641538739204,0.043688125908374786,0.06988503038883209
capture_pair,variant,digital_1,layer1.1,channel_diff_top1_share,480,0.031003668853857864,0.0012342491477627567,0.02826377935707569,0.030082417652010918,0.030871683731675148,0.03178172931075096,0.03562915325164795
capture_pair,variant,digital_1,layer1.1,channel_diff_top5_share,480,0.14294593116889398,0.0031263908758955737,0.13335920870304108,0.14100544154644012,0.14283263683319092,0.14502183347940445,0.15408924221992493
capture_pair,variant,digital_1,layer1.1,channel_diff_top10_share,480,0.26182220683743557,0.004939516024744247,0.24596397578716278,0.2585791200399399,0.2621668875217438,0.2649555206298828,0.27985644340515137
capture_pair,variant,digital_1,layer1.1,channel_diff_top32_share,480,0.6572691903760036,0.008008437219303445,0.6376059055328369,0.6519829630851746,0.658135861158371,0.6633787900209427,0.6750507950782776
capture_pair,variant,digital_1,layer1.1,channel_diff_effective_channels,480,55.25701948006948,0.6607454944061327,53.17952346801758,54.76785659790039,55.20218467712402,55.702887535095215,56.90875244140625
capture_pair,variant,digital_1,layer1.1,channel_diff_effective_fraction,480,0.8633909293760856,0.010324148350095824,0.8309300541877747,0.8557477593421936,0.8625341355800629,0.8703576177358627,0.8891992568969727
capture_pair,variant,digital_1,layer2.0,cosine_similarity,480,0.9814652616779009,0.00500869412178711,0.9556034803390503,0.9790827929973602,0.98204505443573,0.984858438372612,0.9911140203475952
capture_pair,variant,digital_1,layer2.0,pearson_correlation,480,0.9737021065006654,0.007113125155562372,0.936557948589325,0.9702014476060867,0.9746151268482208,0.9785756319761276,0.9875112771987915
capture_pair,variant,digital_1,layer2.0,relative_l2_distance,480,0.19090373606110614,0.02512287990820447,0.13331997394561768,0.17402181029319763,0.18950771540403366,0.2045351341366768,0.2979976236820221
capture_pair,variant,digital_1,layer2.0,mean_absolute_difference,480,0.020422727030624324,0.00337253537901961,0.01417537871748209,0.01796528697013855,0.020100685767829418,0.022142456844449043,0.03633725643157959
capture_pair,variant,digital_1,layer2.0,channel_diff_top1_share,480,0.016631552165684602,0.002531270338447259,0.013049237430095673,0.01472948701120913,0.015926671214401722,0.01801824802532792,0.027961216866970062
capture_pair,variant,digital_1,layer2.0,channel_diff_top5_share,480,0.07168892909151812,0.004337591607901037,0.06397712975740433,0.06841901317238808,0.0712975412607193,0.07400466874241829,0.08833644539117813
capture_pair,variant,digital_1,layer2.0,channel_diff_top10_share,480,0.1340218484091262,0.006101711141858012,0.12256874144077301,0.12948917225003242,0.13317684829235077,0.13714662939310074,0.15763427317142487
capture_pair,variant,digital_1,layer2.0,channel_diff_top32_share,480,0.3635019126037757,0.010088045558395837,0.341020405292511,0.3560679331421852,0.3621786832809448,0.3703647330403328,0.3927471339702606
capture_pair,variant,digital_1,layer2.0,channel_diff_effective_channels,480,114.56481466293334,2.066700158104153,107.98877716064453,113.1848030090332,114.96008682250977,116.0798454284668,118.48821258544922
capture_pair,variant,digital_1,layer2.0,channel_diff_effective_fraction,480,0.8950376145541667,0.016146094985188694,0.8436623215675354,0.8842562735080719,0.8981256783008575,0.9068737924098969,0.925689160823822
capture_pair,variant,digital_1,layer2.1,cosine_similarity,480,0.9775778238972028,0.00632724614238786,0.9453307390213013,0.9747273325920105,0.9785884320735931,0.9818900972604752,0.9893057942390442
capture_pair,variant,digital_1,layer2.1,pearson_correlation,480,0.9694240619738896,0.00867184515687856,0.9256193041801453,0.9654659628868103,0.9708265960216522,0.9755298644304276,0.98552006483078
capture_pair,variant,digital_1,layer2.1,relative_l2_distance,480,0.20984319327399134,0.028598347541942865,0.1462501734495163,0.19035855680704117,0.20695407688617706,0.22482827305793762,0.3306785225868225
capture_pair,variant,digital_1,layer2.1,mean_absolute_difference,480,0.02286091648663084,0.0038537309693467622,0.01571670174598694,0.020113694481551647,0.022206266410648823,0.024709079414606094,0.04010261595249176
capture_pair,variant,digital_1,layer2.1,channel_diff_top1_share,480,0.013940503813015918,0.0013591395397290996,0.01153916772454977,0.012908841716125607,0.013627560809254646,0.014750108122825623,0.019639993086457253
capture_pair,variant,digital_1,layer2.1,channel_diff_top5_share,480,0.0632013151810194,0.0034315722382262364,0.0562196746468544,0.0607058247551322,0.06265624612569809,0.06524376757442951,0.07556270807981491
capture_pair,variant,digital_1,layer2.1,channel_diff_top10_share,480,0.1194477947584043,0.004822781252352528,0.10880978405475616,0.11606583930552006,0.11861667037010193,0.1221803892403841,0.13578398525714874
capture_pair,variant,digital_1,layer2.1,channel_diff_top32_share,480,0.3385061885540684,0.007744544829578531,0.3211354911327362,0.33319205790758133,0.3376387059688568,0.34336017817258835,0.3673608601093292
capture_pair,variant,digital_1,layer2.1,channel_diff_effective_channels,480,118.56449488004048,1.4479494815258456,113.70813751220703,117.71628379821777,118.73705673217773,119.58673286437988,121.72251892089844
capture_pair,variant,digital_1,layer2.1,channel_diff_effective_fraction,480,0.9262851162503163,0.011312105324420669,0.8883448243141174,0.9196584671735764,0.9276332557201385,0.9342713505029678,0.950957179069519
capture_pair,variant,digital_1,layer3.0,cosine_similarity,480,0.981756949176391,0.006148035910666271,0.9585692286491394,0.9797669351100922,0.9830449223518372,0.9858426451683044,0.9922993183135986
capture_pair,variant,digital_1,layer3.0,pearson_correlation,480,0.9751546766608954,0.00843027232373123,0.9437462687492371,0.9725276529788971,0.9768445789813995,0.9806824773550034,0.9894501566886902
capture_pair,variant,digital_1,layer3.0,relative_l2_distance,480,0.18870667371278008,0.030250893344943946,0.12410876154899597,0.16828401759266853,0.1842721775174141,0.20127881690859795,0.2878623902797699
capture_pair,variant,digital_1,layer3.0,mean_absolute_difference,480,0.014150276686996222,0.002578489788989412,0.009420481510460377,0.01243969053030014,0.013644173741340637,0.015383618650957942,0.024035030975937843
capture_pair,variant,digital_1,layer3.0,channel_diff_top1_share,480,0.009713190208033969,0.001348453731658137,0.0075360131449997425,0.00876020104624331,0.009415277745574713,0.01045830943621695,0.015669584274291992
capture_pair,variant,digital_1,layer3.0,channel_diff_top5_share,480,0.04242363546509296,0.003338699362515796,0.03637306019663811,0.04010953288525343,0.04186353646218777,0.04420179966837168,0.056469667702913284
capture_pair,variant,digital_1,layer3.0,channel_diff_top10_share,480,0.07853687928679089,0.00439313783842129,0.06939846277236938,0.07549310475587845,0.07816145569086075,0.08135301433503628,0.0939447432756424
capture_pair,variant,digital_1,layer3.0,channel_diff_top32_share,480,0.21594676502669852,0.00694050295819047,0.1984102576971054,0.21066072583198547,0.2157520353794098,0.2207367829978466,0.23584510385990143
capture_pair,variant,digital_1,layer3.0,channel_diff_effective_channels,480,217.75509401957194,4.188815913251305,205.76527404785156,214.75364303588867,218.57930755615234,220.83522033691406,227.16468811035156
capture_pair,variant,digital_1,layer3.0,channel_diff_effective_fraction,480,0.8506058360139529,0.01636256216113791,0.8037706017494202,0.8388814181089401,0.8538254201412201,0.8626375794410706,0.8873620629310608
capture_pair,variant,digital_1,layer3.1,cosine_similarity,480,0.980846173937122,0.006847894814695825,0.9556918740272522,0.9785169064998627,0.9820832908153534,0.9854481220245361,0.9926341772079468
capture_pair,variant,digital_1,layer3.1,pearson_correlation,480,0.9743083070963621,0.00916719210291644,0.9401800632476807,0.9711720496416092,0.975849449634552,0.9805814027786255,0.9901084899902344
capture_pair,variant,digital_1,layer3.1,relative_l2_distance,480,0.19321437917339304,0.032872979724341334,0.12137974053621292,0.17066815868020058,0.18941985070705414,0.20773155242204666,0.29846304655075073
capture_pair,variant,digital_1,layer3.1,mean_absolute_difference,480,0.01503597519476898,0.002709067732788703,0.009975754655897617,0.01321540237404406,0.014668446965515614,0.016178051009774208,0.025783512741327286
capture_pair,variant,digital_1,layer3.1,channel_diff_top1_share,480,0.011031968561777223,0.0020521147996878215,0.007944394834339619,0.009499642997980118,0.01050504669547081,0.012142758583649993,0.021314071491360664
capture_pair,variant,digital_1,layer3.1,channel_diff_top5_share,480,0.04560327296300481,0.0037283032533789685,0.037745676934719086,0.042915962636470795,0.04507887922227383,0.04780906252563,0.06581806391477585
capture_pair,variant,digital_1,layer3.1,channel_diff_top10_share,480,0.08341597911591331,0.004723320560160713,0.07286468893289566,0.0801868624985218,0.08323395252227783,0.08628563769161701,0.10785385966300964
capture_pair,variant,digital_1,layer3.1,channel_diff_top32_share,480,0.22615773382907112,0.007632688662804524,0.2081182599067688,0.22126633301377296,0.22631020843982697,0.23148072883486748,0.25004056096076965
capture_pair,variant,digital_1,layer3.1,channel_diff_effective_channels,480,213.5232611656189,4.463146695696702,196.5447235107422,210.54376983642578,213.60943603515625,216.6145133972168,224.4640655517578
capture_pair,variant,digital_1,layer3.1,channel_diff_effective_fraction,480,0.8340752389281988,0.017434166780065243,0.7677528262138367,0.8224366009235382,0.8344118595123291,0.8461504429578781,0.876812756061554
capture_pair,variant,digital_1,layer4.0,cosine_similarity,480,0.9704188978920381,0.013049612166926345,0.9145889282226562,0.9651914983987808,0.9728181064128876,0.9800964891910553,0.9919721484184265
capture_pair,variant,digital_1,layer4.0,pearson_correlation,480,0.9667352707435687,0.01469622976627503,0.9040470123291016,0.9608024954795837,0.9693228304386139,0.9776556342840195,0.9909508228302002
capture_pair,variant,digital_1,layer4.0,relative_l2_distance,480,0.23831007067734997,0.05031273340225536,0.1267913430929184,0.1998920850455761,0.2332465648651123,0.26440514624118805,0.4133285880088806
capture_pair,variant,digital_1,layer4.0,mean_absolute_difference,480,0.010993210870462159,0.00223818115166217,0.006801317911595106,0.009407836012542248,0.010596068575978279,0.012085214722901583,0.019225746393203735
capture_pair,variant,digital_1,layer4.0,channel_diff_top1_share,480,0.009254234959371388,0.001233199835645239,0.006751283537596464,0.008375938050448895,0.009067286271601915,0.009928993647918105,0.015406053513288498
capture_pair,variant,digital_1,layer4.0,channel_diff_top5_share,480,0.03995911305925499,0.0032723588329562313,0.03129236772656441,0.03755202889442444,0.03985256142914295,0.042214637622237206,0.05176094174385071
capture_pair,variant,digital_1,layer4.0,channel_diff_top10_share,480,0.07289908093710741,0.004904888925934026,0.0604313462972641,0.06950045004487038,0.07264155894517899,0.07620075717568398,0.08636380732059479
capture_pair,variant,digital_1,layer4.0,channel_diff_top32_share,480,0.19132469861457746,0.00965659591708399,0.16801512241363525,0.18469132483005524,0.1911400482058525,0.19740835577249527,0.22043602168560028
capture_pair,variant,digital_1,layer4.0,channel_diff_effective_channels,480,306.6596815109253,13.227012393853192,271.0545959472656,298.4481430053711,307.01190185546875,317.24808502197266,338.3946533203125
capture_pair,variant,digital_1,layer4.0,channel_diff_effective_fraction,480,0.5989446904510259,0.025834008581744516,0.5294035077095032,0.5829065293073654,0.5996326208114624,0.6196251660585403,0.6609270572662354
capture_pair,variant,digital_1,layer4.1,cosine_similarity,480,0.9632896470526854,0.024393540562509666,0.8493263721466064,0.9553700089454651,0.9711459279060364,0.9797648340463638,0.9928165078163147
capture_pair,variant,digital_1,layer4.1,pearson_correlation,480,0.9495234310626983,0.03262971845667581,0.8025193810462952,0.9377402067184448,0.9596952497959137,0.9721399247646332,0.9899335503578186
capture_pair,variant,digital_1,layer4.1,relative_l2_distance,480,0.26069297625993687,0.08125136608396327,0.1203370988368988,0.2013547532260418,0.2408480942249298,0.29960552603006363,0.5696657299995422
capture_pair,variant,digital_1,layer4.1,mean_absolute_difference,480,0.14334960772345465,0.03737803824500059,0.07456843554973602,0.11683698184788227,0.1364615634083748,0.1641770899295807,0.27071326971054077
capture_pair,variant,digital_1,layer4.1,channel_diff_top1_share,480,0.007443077124965687,0.0013678158795602424,0.005103723146021366,0.006476901238784194,0.007241341285407543,0.008149719331413507,0.014357003383338451
capture_pair,variant,digital_1,layer4.1,channel_diff_top5_share,480,0.031542771321255714,0.0037673974168012186,0.024349790066480637,0.028717537876218557,0.031038851477205753,0.03400746360421181,0.046458180993795395
capture_pair,variant,digital_1,layer4.1,channel_diff_top10_share,480,0.057457459593812626,0.0058876570866825415,0.04622304067015648,0.053204371593892574,0.05648573487997055,0.06097109615802765,0.08232384920120239
capture_pair,variant,digital_1,layer4.1,channel_diff_top32_share,480,0.1522952708726128,0.011818987218158966,0.13074840605258942,0.14353088289499283,0.15055201202630997,0.15905119851231575,0.19561833143234253
capture_pair,variant,digital_1,layer4.1,channel_diff_effective_channels,480,379.50242036183676,18.04627505565094,320.4901123046875,368.48644256591797,380.9175262451172,392.77503204345703,415.6482849121094
capture_pair,variant,digital_1,layer4.1,channel_diff_effective_fraction,480,0.7412156647692124,0.035246630968068245,0.6259572505950928,0.7197000831365585,0.7439795434474945,0.767138734459877,0.8118130564689636
capture_pair,variant,digital_1,avgpool,cosine_similarity,480,0.991500873118639,0.006964121290239179,0.9561877250671387,0.9894308000802994,0.9940607249736786,0.9958824813365936,0.9984908699989319
capture_pair,variant,digital_1,avgpool,pearson_correlation,480,0.9809860194722811,0.015299113434158013,0.9069273471832275,0.9768077433109283,0.9862194359302521,0.9906674474477768,0.9962472319602966
capture_pair,variant,digital_1,avgpool,relative_l2_distance,480,0.12482523017873366,0.04680246672556709,0.05497579276561737,0.09250534139573574,0.11098523810505867,0.14697615802288055,0.3183640241622925
capture_pair,variant,digital_1,avgpool,mean_absolute_difference,480,0.07676336522369336,0.02656977764142598,0.035742320120334625,0.05740945599973202,0.07015631347894669,0.09008662961423397,0.17362743616104126
capture_pair,variant,digital_1,avgpool,channel_diff_top1_share,480,0.012251230694043139,0.0022556331963708943,0.008373305201530457,0.0106885249260813,0.011816067155450583,0.013330189045518637,0.024005429819226265
capture_pair,variant,digital_1,avgpool,channel_diff_top5_share,480,0.05052966579484443,0.005242290932234923,0.03790798410773277,0.04661202058196068,0.04992237500846386,0.05412121210247278,0.06807378679513931
capture_pair,variant,digital_1,avgpool,channel_diff_top10_share,480,0.09004461644217372,0.00761503188727513,0.07227738201618195,0.08422134257853031,0.08934260904788971,0.09547676146030426,0.11445635557174683
capture_pair,variant,digital_1,avgpool,channel_diff_top32_share,480,0.22523526645575961,0.013797596715011507,0.1920662522315979,0.2160293459892273,0.2240976318717003,0.23482708260416985,0.2779534161090851
capture_pair,variant,digital_1,avgpool,channel_diff_effective_channels,480,266.75384159088134,14.95578083223858,218.4908905029297,256.7237777709961,267.2395935058594,277.8709945678711,301.3636169433594
capture_pair,variant,digital_1,avgpool,channel_diff_effective_fraction,480,0.5210035968571901,0.029210509437965975,0.42674002051353455,0.5014136284589767,0.5219523310661316,0.5427167862653732,0.5886008143424988
capture_pair,variant,digital_2,stem_relu,cosine_similarity,480,0.9898708565781514,0.003225405014491663,0.9776950478553772,0.9876492321491241,0.9900724291801453,0.9925000369548798,0.9960566163063049
capture_pair,variant,digital_2,stem_relu,pearson_correlation,480,0.9809130287418762,0.006007905060964929,0.9597412943840027,0.9766112864017487,0.9813060164451599,0.9859126955270767,0.9928661584854126
capture_pair,variant,digital_2,stem_relu,relative_l2_distance,480,0.14053753226374585,0.022583773845991938,0.08880672603845596,0.12248172797262669,0.14090876281261444,0.1571768894791603,0.21121200919151306
capture_pair,variant,digital_2,stem_relu,mean_absolute_difference,480,0.008324120960120732,0.0014375027786824206,0.005145523231476545,0.007352515123784542,0.008108898065984249,0.009158569620922208,0.013966257683932781
capture_pair,variant,digital_2,stem_relu,channel_diff_top1_share,480,0.0343322081452546,0.0025622865566826128,0.028859125450253487,0.03256009332835674,0.033918073400855064,0.03576346207410097,0.04468390718102455
capture_pair,variant,digital_2,stem_relu,channel_diff_top5_share,480,0.16072353267421324,0.008873622563012594,0.14050400257110596,0.15451304987072945,0.15972676128149033,0.16599951311945915,0.19057755172252655
capture_pair,variant,digital_2,stem_relu,channel_diff_top10_share,480,0.30594095376630626,0.013720914471120022,0.27342110872268677,0.29586608707904816,0.3051785081624985,0.31491467356681824,0.34355419874191284
capture_pair,variant,digital_2,stem_relu,channel_diff_top32_share,480,0.8052352335304022,0.011166293423405811,0.7741836309432983,0.7981406301259995,0.8055792152881622,0.8127624541521072,0.8349924683570862
capture_pair,variant,digital_2,stem_relu,channel_diff_effective_channels,480,42.976486380894976,0.9719160387607236,40.109107971191406,42.35931587219238,43.032867431640625,43.66041278839111,45.479103088378906
capture_pair,variant,digital_2,stem_relu,channel_diff_effective_fraction,480,0.671507599701484,0.015186188105636307,0.6267048120498657,0.661864310503006,0.6723885536193848,0.6821939498186111,0.7106109857559204
capture_pair,variant,digital_2,maxpool,cosine_similarity,480,0.9947819630304973,0.0016899315455492544,0.9858881235122681,0.993667870759964,0.9948681592941284,0.9961681663990021,0.9977369904518127
capture_pair,variant,digital_2,maxpool,pearson_correlation,480,0.9889661435037851,0.003670069290962416,0.9702060222625732,0.986517146229744,0.9892552196979523,0.9919213801622391,0.9950982928276062
capture_pair,variant,digital_2,maxpool,relative_l2_distance,480,0.10088085737079382,0.016393297911964384,0.06728056073188782,0.08756693452596664,0.1013331189751625,0.11258459836244583,0.16835187375545502
capture_pair,variant,digital_2,maxpool,mean_absolute_difference,480,0.009345571433853669,0.0017543021678749575,0.005743843968957663,0.008093212498351932,0.009054484777152538,0.010349465999752283,0.01624121703207493
capture_pair,variant,digital_2,maxpool,channel_diff_top1_share,480,0.03921809935709462,0.002717216686312768,0.03050181455910206,0.03729558642953634,0.03928817994892597,0.041046069003641605,0.04902930185198784
capture_pair,variant,digital_2,maxpool,channel_diff_top5_share,480,0.17357661963130036,0.008820429479496397,0.14973922073841095,0.16795628145337105,0.17371003329753876,0.17995379865169525,0.19853250682353973
capture_pair,variant,digital_2,maxpool,channel_diff_top10_share,480,0.3219180909295877,0.013387744926004818,0.28638213872909546,0.3133233115077019,0.3227483183145523,0.3308727741241455,0.3515312075614929
capture_pair,variant,digital_2,maxpool,channel_diff_top32_share,480,0.8124374906222026,0.012008521685943255,0.7782199382781982,0.8044265806674957,0.8133323788642883,0.8215269595384598,0.8383944630622864
capture_pair,variant,digital_2,maxpool,channel_diff_effective_channels,480,42.31816939512888,1.0999669886922927,39.3850212097168,41.517499923706055,42.308353424072266,43.026350021362305,45.302249908447266
capture_pair,variant,digital_2,maxpool,channel_diff_effective_fraction,480,0.6612213967988888,0.017186984198317073,0.615390956401825,0.6487109363079071,0.6610680222511292,0.672286719083786,0.7078476548194885
capture_pair,variant,digital_2,layer1.0,cosine_similarity,480,0.9923307668417692,0.0021353783906546734,0.984502911567688,0.9910067915916443,0.9924703538417816,0.9938743561506271,0.9969519972801208
capture_pair,variant,digital_2,layer1.0,pearson_correlation,480,0.9843801577885946,0.004386497576934014,0.9674296379089355,0.9814153015613556,0.9845984876155853,0.987658903002739,0.993624746799469
capture_pair,variant,digital_2,layer1.0,relative_l2_distance,480,0.12266490630184611,0.017180233011746624,0.07807876169681549,0.11069890111684799,0.12272974848747253,0.13412654027342796,0.17612604796886444
capture_pair,variant,digital_2,layer1.0,mean_absolute_difference,480,0.01802516576135531,0.002561641652597987,0.01173180527985096,0.01627910090610385,0.017672006972134113,0.019695062190294266,0.02739526331424713
capture_pair,variant,digital_2,layer1.0,channel_diff_top1_share,480,0.03573384575623398,0.001439512459744558,0.030976133421063423,0.03480750694870949,0.035716935992240906,0.036721693351864815,0.04074426367878914
capture_pair,variant,digital_2,layer1.0,channel_diff_top5_share,480,0.15816716803237796,0.004556299413705704,0.1424521952867508,0.15513445809483528,0.15812479704618454,0.161397535353899,0.1716374158859253
capture_pair,variant,digital_2,layer1.0,channel_diff_top10_share,480,0.27817975090195735,0.007747771657815064,0.25815069675445557,0.2726793959736824,0.277850866317749,0.2834397181868553,0.30575403571128845
capture_pair,variant,digital_2,layer1.0,channel_diff_top32_share,480,0.6768694932262103,0.012816134291466219,0.6459323167800903,0.6680518388748169,0.6774913668632507,0.6853282004594803,0.7244543433189392
capture_pair,variant,digital_2,layer1.0,channel_diff_effective_channels,480,52.68766601880392,0.9891446779385425,48.761844635009766,52.081727027893066,52.62083625793457,53.3975305557251,55.13710403442383
capture_pair,variant,digital_2,layer1.0,channel_diff_effective_fraction,480,0.8232447815438112,0.015455385592789727,0.7619038224220276,0.8137769848108292,0.8222005665302277,0.8343364149332047,0.8615172505378723
capture_pair,variant,digital_2,layer1.1,cosine_similarity,480,0.9881556887179613,0.0028342585440531095,0.9786397218704224,0.9862514436244965,0.988316535949707,0.9900937378406525,0.9951176643371582
capture_pair,variant,digital_2,layer1.1,pearson_correlation,480,0.9774665294835965,0.005481259267777574,0.9580410718917847,0.9739591181278229,0.9778509140014648,0.9811758697032928,0.9909361600875854
capture_pair,variant,digital_2,layer1.1,relative_l2_distance,480,0.15281655476428568,0.01843706550239011,0.09881677478551865,0.14076495543122292,0.15286540240049362,0.16582299023866653,0.20679441094398499
capture_pair,variant,digital_2,layer1.1,mean_absolute_difference,480,0.03353836259339005,0.003959399686950611,0.022228742018342018,0.0305292340926826,0.033523883670568466,0.036125016398727894,0.046500951051712036
capture_pair,variant,digital_2,layer1.1,channel_diff_top1_share,480,0.031279634641638646,0.0017160069684205672,0.027951842173933983,0.03009748924523592,0.031050424091517925,0.032188463024795055,0.03874779865145683
capture_pair,variant,digital_2,layer1.1,channel_diff_top5_share,480,0.14321050367628535,0.003705479729081831,0.13380059599876404,0.14029336720705032,0.14325638115406036,0.14609567821025848,0.1543537974357605
capture_pair,variant,digital_2,layer1.1,channel_diff_top10_share,480,0.26204095790162685,0.005902291895301709,0.24710562825202942,0.257838137447834,0.26249563694000244,0.2662579119205475,0.2787805497646332
capture_pair,variant,digital_2,layer1.1,channel_diff_top32_share,480,0.6549777995795012,0.008977346828630831,0.632965087890625,0.6485139727592468,0.6552402377128601,0.6620087921619415,0.6758912801742554
capture_pair,variant,digital_2,layer1.1,channel_diff_effective_channels,480,55.34018412431081,0.712210362024823,53.41419982910156,54.78813362121582,55.30257034301758,55.829665184020996,57.17300796508789
capture_pair,variant,digital_2,layer1.1,channel_diff_effective_fraction,480,0.8646903769423564,0.01112828690663786,0.8345968723297119,0.8560645878314972,0.8641026616096497,0.8723385185003281,0.8933282494544983
capture_pair,variant,digital_2,layer2.0,cosine_similarity,480,0.9848182958861192,0.003649755503015735,0.9689381122589111,0.9824867993593216,0.9850749969482422,0.987247496843338,0.9945665597915649
capture_pair,variant,digital_2,layer2.0,pearson_correlation,480,0.9784449470539888,0.005261431521185844,0.9549669027328491,0.9751754105091095,0.9786444306373596,0.9819080233573914,0.9923626184463501
capture_pair,variant,digital_2,layer2.0,relative_l2_distance,480,0.1730194088537246,0.02097596422925043,0.10424526780843735,0.15970737859606743,0.17277269065380096,0.18716803565621376,0.24967993795871735
capture_pair,variant,digital_2,layer2.0,mean_absolute_difference,480,0.017101010167971255,0.002081721857079313,0.011288847774267197,0.015665252692997456,0.01713703293353319,0.0184758766554296,0.02434735931456089
capture_pair,variant,digital_2,layer2.0,channel_diff_top1_share,480,0.017675275281847765,0.0028290895980835748,0.01272218395024538,0.01576565532013774,0.016995271667838097,0.01885006297379732,0.030555980280041695
capture_pair,variant,digital_2,layer2.0,channel_diff_top5_share,480,0.07412439479182163,0.005590795509141836,0.06259118765592575,0.07039396092295647,0.07314483076334,0.07658163458108902,0.09601502120494843
capture_pair,variant,digital_2,layer2.0,channel_diff_top10_share,480,0.13703149245120586,0.008211819451113796,0.12032833695411682,0.13137459754943848,0.13546022027730942,0.1410384550690651,0.1735536754131317
capture_pair,variant,digital_2,layer2.0,channel_diff_top32_share,480,0.3688054639846087,0.01227121082036967,0.33866411447525024,0.36025602370500565,0.36669960618019104,0.376222588121891,0.4164874851703644
capture_pair,variant,digital_2,layer2.0,channel_diff_effective_channels,480,113.46356995900472,2.5920533538531325,102.6055908203125,112.10276985168457,113.9546127319336,115.23231315612793,119.08320617675781
capture_pair,variant,digital_2,layer2.0,channel_diff_effective_fraction,480,0.8864341403047243,0.020250416826977598,0.8016061782836914,0.8758028894662857,0.8902704119682312,0.9002524465322495,0.9303375482559204
capture_pair,variant,digital_2,layer2.1,cosine_similarity,480,0.9817971864094337,0.004617243317843072,0.9596465826034546,0.9790831804275513,0.9822065234184265,0.9848861694335938,0.9929077625274658
capture_pair,variant,digital_2,layer2.1,pearson_correlation,480,0.9751743366320927,0.006340683752513028,0.944575846195221,0.9714866429567337,0.9758298099040985,0.9793334454298019,0.9903790950775146
capture_pair,variant,digital_2,layer2.1,relative_l2_distance,480,0.18934770366176962,0.024010905943279197,0.11909930408000946,0.17389466241002083,0.1886659413576126,0.2048039324581623,0.2848677933216095
capture_pair,variant,digital_2,layer2.1,mean_absolute_difference,480,0.0192739106171454,0.002466280740023972,0.012723661959171295,0.01754186488687992,0.019151024520397186,0.02086108224466443,0.0282168947160244
capture_pair,variant,digital_2,layer2.1,channel_diff_top1_share,480,0.014381919851681838,0.0016284568441506078,0.011934414505958557,0.013229984324425459,0.01409897767007351,0.015062187565490603,0.022304417565464973
capture_pair,variant,digital_2,layer2.1,channel_diff_top5_share,480,0.06480129989795387,0.004359981165477874,0.05623669549822807,0.06154253240674734,0.06377355754375458,0.06695804744958878,0.0818435475230217
capture_pair,variant,digital_2,layer2.1,channel_diff_top10_share,480,0.12193615548312664,0.0060772696581557865,0.10980602353811264,0.11777073703706264,0.12050166353583336,0.12514259666204453,0.1470673680305481
capture_pair,variant,digital_2,layer2.1,channel_diff_top32_share,480,0.34358047811935344,0.0093303795888681,0.32149025797843933,0.33701546490192413,0.34241440892219543,0.34837257117033005,0.379700630903244
capture_pair,variant,digital_2,layer2.1,channel_diff_effective_channels,480,117.920725663503,1.6956268014042044,111.6932373046875,117.17169189453125,118.18202209472656,119.06143760681152,121.69973754882812
capture_pair,variant,digital_2,layer2.1,channel_diff_effective_fraction,480,0.9212556692461172,0.013247084385970347,0.8726034164428711,0.9154038429260254,0.9232970476150513,0.930167481303215,0.9507791996002197
capture_pair,variant,digital_2,layer3.0,cosine_similarity,480,0.984438264121612,0.005079360893572742,0.9577398300170898,0.9818633496761322,0.9851897358894348,0.9879825115203857,0.994663655757904
capture_pair,variant,digital_2,layer3.0,pearson_correlation,480,0.9788267901788156,0.006912148928034346,0.9427433609962463,0.975347101688385,0.9798512160778046,0.9836678802967072,0.9927608370780945
capture_pair,variant,digital_2,layer3.0,relative_l2_distance,480,0.17447829175119597,0.028104574045514374,0.10330908745527267,0.15516945719718933,0.1722523272037506,0.1907714530825615,0.2933761179447174
capture_pair,variant,digital_2,layer3.0,mean_absolute_difference,480,0.012155530149660384,0.0018613624823590115,0.007400839123874903,0.010868283454328775,0.012000650633126497,0.013235741294920444,0.019330235198140144
capture_pair,variant,digital_2,layer3.0,channel_diff_top1_share,480,0.01042531620672283,0.0018297340639191557,0.007563419174402952,0.009144843788817525,0.01000557467341423,0.011148177087306976,0.02189950831234455
capture_pair,variant,digital_2,layer3.0,channel_diff_top5_share,480,0.04393654562688122,0.003469294399356643,0.036782339215278625,0.041376943700015545,0.04358658008277416,0.04605989437550306,0.05627927556633949
capture_pair,variant,digital_2,layer3.0,channel_diff_top10_share,480,0.08070761652973792,0.004604255739452738,0.07078315317630768,0.07721523381769657,0.08037073165178299,0.08341412991285324,0.09758071601390839
capture_pair,variant,digital_2,layer3.0,channel_diff_top32_share,480,0.21993385475749772,0.007176067838235685,0.20274709165096283,0.21468336880207062,0.21953300386667252,0.2249542474746704,0.25340893864631653
capture_pair,variant,digital_2,layer3.0,channel_diff_effective_channels,480,215.03655611673992,4.151563152293962,197.51577758789062,212.3979949951172,215.36075592041016,218.19711685180664,223.68954467773438
capture_pair,variant,digital_2,layer3.0,channel_diff_effective_fraction,480,0.8399865473310153,0.016217043563648288,0.7715460062026978,0.8296796679496765,0.8412529528141022,0.8523324877023697,0.8737872838973999
capture_pair,variant,digital_2,layer3.1,cosine_similarity,480,0.9835588917136192,0.006024338100957383,0.9563516974449158,0.9806651026010513,0.9845815002918243,0.9874798059463501,0.9950917363166809
capture_pair,variant,digital_2,layer3.1,pearson_correlation,480,0.9779530518998703,0.008070625817625965,0.941412627696991,0.9742725193500519,0.9793518483638763,0.9833075255155563,0.99338698387146
capture_pair,variant,digital_2,layer3.1,relative_l2_distance,480,0.17882267669774593,0.031887751137180065,0.0990862175822258,0.15828676521778107,0.17596005648374557,0.19711177051067352,0.29639679193496704
capture_pair,variant,digital_2,layer3.1,mean_absolute_difference,480,0.013229517909348943,0.0022124272793015995,0.007795464713126421,0.011680689873173833,0.012946186121553183,0.014470035908743739,0.02213001623749733
capture_pair,variant,digital_2,layer3.1,channel_diff_top1_share,480,0.011394406190568892,0.0021948203982546824,0.007771763484925032,0.009804145665839314,0.010846232064068317,0.012577037792652845,0.021108955144882202
capture_pair,variant,digital_2,layer3.1,channel_diff_top5_share,480,0.04714600027073175,0.00431006100407935,0.03695494681596756,0.04408075846731663,0.04649624601006508,0.04952894803136587,0.06639548391103745
capture_pair,variant,digital_2,layer3.1,channel_diff_top10_share,480,0.08609109121995667,0.00547966753143959,0.07124006003141403,0.08216140419244766,0.08544493094086647,0.08929626643657684,0.10836631059646606
capture_pair,variant,digital_2,layer3.1,channel_diff_top32_share,480,0.23201291517664988,0.008255820843266395,0.20745475590229034,0.22587157785892487,0.23143432289361954,0.23756100982427597,0.2566089630126953
capture_pair,variant,digital_2,layer3.1,channel_diff_effective_channels,480,210.11505740483602,4.827590450886009,193.51779174804688,207.02204513549805,210.34588623046875,213.52975845336914,223.4335174560547
capture_pair,variant,digital_2,layer3.1,channel_diff_effective_fraction,480,0.8207619429876407,0.018857775198773474,0.7559288740158081,0.8086798638105392,0.8216636180877686,0.8341006189584732,0.8727871775627136
capture_pair,variant,digital_2,layer4.0,cosine_similarity,480,0.9743330880999566,0.013481709022196833,0.9093602299690247,0.96794493496418,0.9777823090553284,0.9837135672569275,0.9939762353897095
capture_pair,variant,digital_2,layer4.0,pearson_correlation,480,0.9711373132963975,0.015177823311747591,0.8978752493858337,0.9640122801065445,0.9749658405780792,0.9816678911447525,0.9932152628898621
capture_pair,variant,digital_2,layer4.0,relative_l2_distance,480,0.22021861396109063,0.0547715303966653,0.10979749262332916,0.1806218884885311,0.21122059226036072,0.2532999739050865,0.4262378513813019
capture_pair,variant,digital_2,layer4.0,mean_absolute_difference,480,0.009898586091973508,0.002220698252297644,0.005332051310688257,0.008364384528249502,0.009507540613412857,0.011006922693923116,0.018661534413695335
capture_pair,variant,digital_2,layer4.0,channel_diff_top1_share,480,0.009611095326060118,0.0013414325364086474,0.006799378432333469,0.008663889486342669,0.009352399501949549,0.010314126498997211,0.014486191794276237
capture_pair,variant,digital_2,layer4.0,channel_diff_top5_share,480,0.04100896274515738,0.0032672671490804545,0.03187897056341171,0.038706909865140915,0.040883222594857216,0.04297910537570715,0.052660562098026276
capture_pair,variant,digital_2,layer4.0,channel_diff_top10_share,480,0.07463995676177243,0.00481788501972039,0.06100302189588547,0.07136913761496544,0.07441695779561996,0.07784579694271088,0.08922572433948517
capture_pair,variant,digital_2,layer4.0,channel_diff_top32_share,480,0.19498393532509606,0.009903294530447276,0.16724616289138794,0.1882002018392086,0.19395924359560013,0.2006855271756649,0.22793298959732056
capture_pair,variant,digital_2,layer4.0,channel_diff_effective_channels,480,301.6941958109538,13.901814333422193,261.8582458496094,294.0293502807617,303.3560485839844,311.2616424560547,334.8787536621094
capture_pair,variant,digital_2,layer4.0,channel_diff_effective_fraction,480,0.5892464761932691,0.02715198111996522,0.5114418864250183,0.5742760747671127,0.5924922823905945,0.6079328954219818,0.6540600657463074
capture_pair,variant,digital_2,layer4.1,cosine_similarity,480,0.9672648609926303,0.02454391320787973,0.8387590646743774,0.9583956301212311,0.975175678730011,0.9839534610509872,0.9949601292610168
capture_pair,variant,digital_2,layer4.1,pearson_correlation,480,0.9549670547246933,0.03315748959200506,0.7816084623336792,0.9423553645610809,0.9660757780075073,0.9774020165205002,0.9929127097129822
capture_pair,variant,digital_2,layer4.1,relative_l2_distance,480,0.243469879993548,0.08449424002411998,0.10040256381034851,0.18017110601067543,0.22304270416498184,0.29034850746393204,0.568328857421875
capture_pair,variant,digital_2,layer4.1,mean_absolute_difference,480,0.1331516633198286,0.04068937499228468,0.05896720662713051,0.1044964212924242,0.12355777621269226,0.1537165343761444,0.3015933036804199
capture_pair,variant,digital_2,layer4.1,channel_diff_top1_share,480,0.007693798949670357,0.0015118589930190327,0.004945027641952038,0.0066134469816461205,0.007422488182783127,0.00858745607547462,0.014407751150429249
capture_pair,variant,digital_2,layer4.1,channel_diff_top5_share,480,0.03212849363529434,0.004196880412004448,0.02353633940219879,0.02927473047748208,0.03154132887721062,0.03464345075190067,0.05031857267022133
capture_pair,variant,digital_2,layer4.1,channel_diff_top10_share,480,0.05825839985627681,0.006387352080977598,0.04526112973690033,0.05384181346744299,0.05746907740831375,0.06230184528976679,0.08311159163713455
capture_pair,variant,digital_2,layer4.1,channel_diff_top32_share,480,0.15342015909651915,0.012259940189067488,0.12712913751602173,0.1440638229250908,0.15099097788333893,0.16080297529697418,0.19748243689537048
capture_pair,variant,digital_2,layer4.1,channel_diff_effective_channels,480,377.51501344045005,18.804040326360994,318.54595947265625,366.1261520385742,380.16688537597656,390.5724563598633,421.5817565917969
capture_pair,variant,digital_2,layer4.1,channel_diff_effective_fraction,480,0.737334010625879,0.036726641262423816,0.6221600770950317,0.7150901407003403,0.7425134479999542,0.762836828827858,0.8234018683433533
capture_pair,variant,digital_2,avgpool,cosine_similarity,480,0.9923420948286851,0.006982837499761489,0.942990243434906,0.9904949218034744,0.9947018027305603,0.9968427121639252,0.9992684721946716
capture_pair,variant,digital_2,avgpool,pearson_correlation,480,0.982903490960598,0.015284633564593714,0.8748185634613037,0.9787687957286835,0.9882352650165558,0.9925103485584259,0.9982801079750061
capture_pair,variant,digital_2,avgpool,relative_l2_distance,480,0.11691631061645845,0.04779455327720815,0.03827706351876259,0.08139225840568542,0.10483646765351295,0.1396908462047577,0.3436335325241089
capture_pair,variant,digital_2,avgpool,mean_absolute_difference,480,0.07188295365000764,0.027241469177226932,0.02335124835371971,0.05265396647155285,0.06480938196182251,0.08582721836864948,0.1934606432914734
capture_pair,variant,digital_2,avgpool,channel_diff_top1_share,480,0.012502504726095745,0.0024769233016821938,0.0077322376891970634,0.010653951903805137,0.012209064792841673,0.013850328512489796,0.02259835973381996
capture_pair,variant,digital_2,avgpool,channel_diff_top5_share,480,0.05089689106680453,0.005878832531066638,0.03751394897699356,0.04641328286379576,0.05060121230781078,0.054342327639460564,0.07686753571033478
capture_pair,variant,digital_2,avgpool,channel_diff_top10_share,480,0.09047010112553835,0.008274088668686265,0.07217896729707718,0.084238326177001,0.09014634788036346,0.09573859348893166,0.12519146502017975
capture_pair,variant,digital_2,avgpool,channel_diff_top32_share,480,0.225765511735032,0.013852314036639937,0.19297116994857788,0.21554391458630562,0.22479327768087387,0.2350212000310421,0.2705778181552887
capture_pair,variant,digital_2,avgpool,channel_diff_effective_channels,480,265.8686318397522,15.150445890738373,218.37811279296875,255.39231491088867,265.5822296142578,277.1504211425781,304.6799621582031
capture_pair,variant,digital_2,avgpool,channel_diff_effective_fraction,480,0.519274671562016,0.029590714630348385,0.4265197515487671,0.49881311506032944,0.5187152922153473,0.5413094162940979,0.5950780510902405
capture_pair,hardware_source,huawei,stem_relu,cosine_similarity,320,0.9902102204039693,0.002991108734861498,0.9820106029510498,0.9880299717187881,0.9903958439826965,0.9926452189683914,0.996033251285553
capture_pair,hardware_source,huawei,stem_relu,pearson_correlation,320,0.980814783833921,0.005690044090997484,0.9650574922561646,0.9765875488519669,0.9812027812004089,0.9856715947389603,0.9921858906745911
capture_pair,hardware_source,huawei,stem_relu,relative_l2_distance,320,0.13829350706655533,0.021388378788988534,0.0890706405043602,0.12128419242799282,0.13859599083662033,0.15474898740649223,0.18968354165554047
capture_pair,hardware_source,huawei,stem_relu,mean_absolute_difference,320,0.008280168795317877,0.0016478280812752414,0.005145523231476545,0.00717549049295485,0.007878960110247135,0.009119053604081273,0.014859235845506191
capture_pair,hardware_source,huawei,stem_relu,channel_diff_top1_share,320,0.034201585926348345,0.0022679131107330042,0.028859125450253487,0.03265522699803114,0.03407461941242218,0.035838534124195576,0.04191811382770538
capture_pair,hardware_source,huawei,stem_relu,channel_diff_top5_share,320,0.15838102069683374,0.007298096299538652,0.14099593460559845,0.15267006680369377,0.1584189459681511,0.16327545046806335,0.1791837513446808
capture_pair,hardware_source,huawei,stem_relu,channel_diff_top10_share,320,0.30141647746786476,0.011504245499634016,0.27410903573036194,0.29272420704364777,0.3010016083717346,0.30950232595205307,0.33410513401031494
capture_pair,hardware_source,huawei,stem_relu,channel_diff_top32_share,320,0.8007333107292652,0.010961129492608771,0.7720219492912292,0.7920694500207901,0.8009583652019501,0.80826735496521,0.8328437805175781
capture_pair,hardware_source,huawei,stem_relu,channel_diff_effective_channels,320,43.272072768211366,0.9283677742720469,40.03952407836914,42.64677047729492,43.26858329772949,44.01639461517334,45.479103088378906
capture_pair,hardware_source,huawei,stem_relu,channel_diff_effective_fraction,320,0.6761261370033026,0.014505746473000732,0.6256175637245178,0.6663557887077332,0.6760716140270233,0.6877561658620834,0.7106109857559204
capture_pair,hardware_source,huawei,maxpool,cosine_similarity,320,0.994776806049049,0.0016648831346052636,0.9858881235122681,0.9936747550964355,0.9948155879974365,0.9962450712919235,0.9977369904518127
capture_pair,hardware_source,huawei,maxpool,pearson_correlation,320,0.988937109336257,0.0035604309539140865,0.9702060222625732,0.9865342974662781,0.9889081120491028,0.9919274896383286,0.9950982928276062
capture_pair,hardware_source,huawei,maxpool,relative_l2_distance,320,0.10099815777502955,0.016049021888204604,0.06728056073188782,0.08667400479316711,0.10182713717222214,0.11250762827694416,0.16835187375545502
capture_pair,hardware_source,huawei,maxpool,mean_absolute_difference,320,0.009040544040908571,0.0019336878560207405,0.005743843968957663,0.007691189646720886,0.008596527855843306,0.009862340521067381,0.016627725213766098
capture_pair,hardware_source,huawei,maxpool,channel_diff_top1_share,320,0.03896538054104894,0.0033432708248379256,0.03137775883078575,0.03664060961455107,0.03863378055393696,0.04085132759064436,0.051635924726724625
capture_pair,hardware_source,huawei,maxpool,channel_diff_top5_share,320,0.17094663279131056,0.009106734459054223,0.15050402283668518,0.16446062549948692,0.17148789763450623,0.17659765854477882,0.20326848328113556
capture_pair,hardware_source,huawei,maxpool,channel_diff_top10_share,320,0.3167425008490682,0.013561152531244472,0.2876981496810913,0.3076065182685852,0.316924124956131,0.32572148740291595,0.3590563237667084
capture_pair,hardware_source,huawei,maxpool,channel_diff_top32_share,320,0.8038608424365521,0.011309673437230485,0.7656124234199524,0.7963803261518478,0.8047536015510559,0.8121693730354309,0.8309614062309265
capture_pair,hardware_source,huawei,maxpool,channel_diff_effective_channels,320,42.910849797725675,1.0933086123657285,39.38630294799805,42.11863613128662,42.866607666015625,43.691792488098145,45.74179458618164
capture_pair,hardware_source,huawei,maxpool,channel_diff_effective_fraction,320,0.6704820280894637,0.017082947068214508,0.6154109835624695,0.6581036895513535,0.6697907447814941,0.6826842576265335,0.7147155404090881
capture_pair,hardware_source,huawei,layer1.0,cosine_similarity,320,0.9923147374764085,0.0021739365110775735,0.984502911567688,0.9909066259860992,0.9926419854164124,0.9939248561859131,0.9969519972801208
capture_pair,hardware_source,huawei,layer1.0,pearson_correlation,320,0.9840747252106666,0.004394218428975052,0.9674296379089355,0.9813088327646255,0.9844532310962677,0.9874190390110016,0.993624746799469
capture_pair,hardware_source,huawei,layer1.0,relative_l2_distance,320,0.1227913591079414,0.017233211338836516,0.07807876169681549,0.11023794300854206,0.12131614610552788,0.13485925272107124,0.17612604796886444
capture_pair,hardware_source,huawei,layer1.0,mean_absolute_difference,320,0.018554084750940093,0.0033537354476356252,0.01173180527985096,0.016321237199008465,0.017743052914738655,0.020372651517391205,0.031229868531227112
capture_pair,hardware_source,huawei,layer1.0,channel_diff_top1_share,320,0.03545917285955511,0.0012503300970487935,0.030976133421063423,0.03468349762260914,0.03550015576183796,0.036275570280849934,0.04020589217543602
capture_pair,hardware_source,huawei,layer1.0,channel_diff_top5_share,320,0.15627204147167503,0.003951792092093228,0.1424521952867508,0.15404682978987694,0.15632402896881104,0.15896610915660858,0.17070215940475464
capture_pair,hardware_source,huawei,layer1.0,channel_diff_top10_share,320,0.2724947817623615,0.006451592316386884,0.2543470859527588,0.26821374148130417,0.27213194966316223,0.2762516662478447,0.2916320860385895
capture_pair,hardware_source,huawei,layer1.0,channel_diff_top32_share,320,0.6671428341418505,0.010873752077322982,0.6459323167800903,0.6593356728553772,0.6666534543037415,0.6736936122179031,0.699883222579956
capture_pair,hardware_source,huawei,layer1.0,channel_diff_effective_channels,320,53.380415332317355,0.8165424481951552,50.727569580078125,52.9365234375,53.440412521362305,53.935895919799805,55.20012664794922
capture_pair,hardware_source,huawei,layer1.0,channel_diff_effective_fraction,320,0.8340689895674587,0.0127584757530493,0.7926182746887207,0.8271331787109375,0.835006445646286,0.842748373746872,0.8625019788742065
capture_pair,hardware_source,huawei,layer1.1,cosine_similarity,320,0.9874655926600099,0.003212463632027976,0.9766411781311035,0.9855343997478485,0.9879521727561951,0.9897647798061371,0.9951176643371582
capture_pair,hardware_source,huawei,layer1.1,pearson_correlation,320,0.9760720301419497,0.0060595265856572475,0.9560180902481079,0.9724202901124954,0.9766563475131989,0.980472981929779,0.9909361600875854
capture_pair,hardware_source,huawei,layer1.1,relative_l2_distance,320,0.15707922691944987,0.01997961684067923,0.09881677478551865,0.14307817071676254,0.15524154901504517,0.17009439691901207,0.21615232527256012
capture_pair,hardware_source,huawei,layer1.1,mean_absolute_difference,320,0.035906806914135815,0.005739328337409867,0.022228742018342018,0.03211149945855141,0.034983791410923004,0.039052605628967285,0.05795500800013542
capture_pair,hardware_source,huawei,layer1.1,channel_diff_top1_share,320,0.031553178076865154,0.0015520350935179013,0.02826377935707569,0.03046446619555354,0.031439246609807014,0.03248859103769064,0.037241023033857346
capture_pair,hardware_source,huawei,layer1.1,channel_diff_top5_share,320,0.14354645544663072,0.0035396315697669135,0.13431017100811005,0.1410391516983509,0.14318843930959702,0.14623575657606125,0.1543537974357605
capture_pair,hardware_source,huawei,layer1.1,channel_diff_top10_share,320,0.26264743064530194,0.00564575553793922,0.24725531041622162,0.25854606181383133,0.26272712647914886,0.266369953751564,0.27985644340515137
capture_pair,hardware_source,huawei,layer1.1,channel_diff_top32_share,320,0.659468593262136,0.007751982275038786,0.638979434967041,0.6541072279214859,0.6611249148845673,0.66509048640728,0.6758912801742554
capture_pair,hardware_source,huawei,layer1.1,channel_diff_effective_channels,320,55.039061880111696,0.6374991123741272,53.17952346801758,54.597201347351074,55.05700874328613,55.46330165863037,56.5263671875
capture_pair,hardware_source,huawei,layer1.1,channel_diff_effective_fraction,320,0.8599853418767452,0.009960923630845737,0.8309300541877747,0.8530812710523605,0.8602657616138458,0.8666140884160995,0.8832244873046875
capture_pair,hardware_source,huawei,layer2.0,cosine_similarity,320,0.9835611389949918,0.004401550054147061,0.9666976928710938,0.9811499118804932,0.9842835068702698,0.9866784065961838,0.9945665597915649
capture_pair,hardware_source,huawei,layer2.0,pearson_correlation,320,0.9766177076846361,0.006292149271582924,0.9525168538093567,0.9732123613357544,0.9774622917175293,0.9810539484024048,0.9923626184463501
capture_pair,hardware_source,huawei,layer2.0,relative_l2_distance,320,0.1797781355213374,0.02380440359313403,0.10424526780843735,0.1632291041314602,0.17734382301568985,0.1941845417022705,0.2580930292606354
capture_pair,hardware_source,huawei,layer2.0,mean_absolute_difference,320,0.018722057735431008,0.00303584409754363,0.011288847774267197,0.01671693194657564,0.018216765485703945,0.020311597269028425,0.031094487756490707
capture_pair,hardware_source,huawei,layer2.0,channel_diff_top1_share,320,0.018747596148750746,0.003533233009127019,0.013295194134116173,0.015881736762821674,0.01815228071063757,0.02109479485079646,0.030555980280041695
capture_pair,hardware_source,huawei,layer2.0,channel_diff_top5_share,320,0.07564239997882397,0.0064366727509121155,0.06397712975740433,0.07079692557454109,0.0748557522892952,0.08023847825825214,0.09601502120494843
capture_pair,hardware_source,huawei,layer2.0,channel_diff_top10_share,320,0.1393390762154013,0.009273711613089607,0.12315727770328522,0.13211527094244957,0.13777528703212738,0.14527912437915802,0.1735536754131317
capture_pair,hardware_source,huawei,layer2.0,channel_diff_top32_share,320,0.3724004059098661,0.012714269064969457,0.34438344836235046,0.36317262053489685,0.37077370285987854,0.38133103400468826,0.4164874851703644
capture_pair,hardware_source,huawei,layer2.0,channel_diff_effective_channels,320,112.71813042163849,2.857135468336424,102.6055908203125,110.8099308013916,113.26803970336914,114.78858757019043,118.36444854736328
capture_pair,hardware_source,huawei,layer2.0,channel_diff_effective_fraction,320,0.8806103939190507,0.02232137084637831,0.8016061782836914,0.8657025843858719,0.8849065601825714,0.8967858403921127,0.9247222542762756
capture_pair,hardware_source,huawei,layer2.1,cosine_similarity,320,0.9798715215176343,0.0057403310361904296,0.9555749893188477,0.9770565629005432,0.9807085394859314,0.9838415384292603,0.9929077625274658
capture_pair,hardware_source,huawei,layer2.1,pearson_correlation,320,0.9726206857711077,0.00785148587913739,0.9398437738418579,0.9685429483652115,0.9737914204597473,0.9780699610710144,0.9903790950775146
capture_pair,hardware_source,huawei,layer2.1,relative_l2_distance,320,0.19876043545082211,0.027677613178189772,0.11909930408000946,0.17984173074364662,0.19646314531564713,0.2142157182097435,0.2980983853340149
capture_pair,hardware_source,huawei,layer2.1,mean_absolute_difference,320,0.02105962783389259,0.003530952425982115,0.012723661959171295,0.018684247508645058,0.020479963161051273,0.022742888890206814,0.034909430891275406
capture_pair,hardware_source,huawei,layer2.1,channel_diff_top1_share,320,0.015045941929565742,0.0018378113851771761,0.011833742260932922,0.013684341683983803,0.014729449059814215,0.01601665560156107,0.022304417565464973
capture_pair,hardware_source,huawei,layer2.1,channel_diff_top5_share,320,0.06664797773119062,0.004644327122266429,0.0562196746468544,0.0631164014339447,0.06595510244369507,0.06995220296084881,0.0818435475230217
capture_pair,hardware_source,huawei,layer2.1,channel_diff_top10_share,320,0.12437873606104403,0.006383734753572833,0.10880978405475616,0.11923202313482761,0.12355916947126389,0.12867068871855736,0.1470673680305481
capture_pair,hardware_source,huawei,layer2.1,channel_diff_top32_share,320,0.34645171286538246,0.009197288710856179,0.3243471682071686,0.33963102102279663,0.3454914689064026,0.3520606830716133,0.379700630903244
capture_pair,hardware_source,huawei,layer2.1,channel_diff_effective_channels,320,117.22570254802704,1.7343119020641586,111.6932373046875,116.13308906555176,117.51066970825195,118.52935028076172,121.13764953613281
capture_pair,hardware_source,huawei,layer2.1,channel_diff_effective_fraction,320,0.9158258011564613,0.01354931173487624,0.8726034164428711,0.9072897583246231,0.9180521070957184,0.9260105490684509,0.9463878870010376
capture_pair,hardware_source,huawei,layer3.0,cosine_similarity,320,0.9837961794808507,0.005665200694149035,0.9626762866973877,0.9815464466810226,0.9848937094211578,0.987479567527771,0.9945698976516724
capture_pair,hardware_source,huawei,layer3.0,pearson_correlation,320,0.9778736747801304,0.007796360561361329,0.9480641484260559,0.9748205989599228,0.9794042408466339,0.982906848192215,0.9925745725631714
capture_pair,hardware_source,huawei,layer3.0,relative_l2_distance,320,0.1776714898413047,0.029893862212346516,0.10421577095985413,0.15827102959156036,0.17391502857208252,0.1921723447740078,0.27321669459342957
capture_pair,hardware_source,huawei,layer3.0,mean_absolute_difference,320,0.013450390730577055,0.0024626047604145696,0.007811561692506075,0.011900013778358698,0.013026970904320478,0.01469195052050054,0.02290799841284752
capture_pair,hardware_source,huawei,layer3.0,channel_diff_top1_share,320,0.009788701697834768,0.0014683781984523925,0.007643105462193489,0.008846290409564972,0.009432969149202108,0.010461067780852318,0.02189950831234455
capture_pair,hardware_source,huawei,layer3.0,channel_diff_top5_share,320,0.04239143979502842,0.003067015071067627,0.036736808717250824,0.04027308337390423,0.04203949123620987,0.044383374974131584,0.05627927556633949
capture_pair,hardware_source,huawei,layer3.0,channel_diff_top10_share,320,0.07853736893739552,0.004235175849463995,0.0698091983795166,0.07552747428417206,0.07812001556158066,0.08119245059788227,0.09758071601390839
capture_pair,hardware_source,huawei,layer3.0,channel_diff_top32_share,320,0.21658446155488492,0.007075611793512954,0.1984102576971054,0.21155909448862076,0.21611739695072174,0.22126878052949905,0.25340893864631653
capture_pair,hardware_source,huawei,layer3.0,channel_diff_effective_channels,320,216.92413182258605,4.1964401391293915,197.51577758789062,214.2243881225586,216.97673797607422,219.9680519104004,227.16468811035156
capture_pair,hardware_source,huawei,layer3.0,channel_diff_effective_fraction,320,0.8473598899319768,0.016392344293474186,0.7715460062026978,0.8368140161037445,0.8475653827190399,0.8592502027750015,0.8873620629310608
capture_pair,hardware_source,huawei,layer3.1,cosine_similarity,320,0.9832461148500442,0.006432885044743068,0.9579653143882751,0.9808690845966339,0.9846574366092682,0.9873670488595963,0.9941109418869019
capture_pair,hardware_source,huawei,layer3.1,pearson_correlation,320,0.9775551361963153,0.008616006041831869,0.9437392354011536,0.9742564707994461,0.9793917536735535,0.9830800592899323,0.9920792579650879
capture_pair,hardware_source,huawei,layer3.1,relative_l2_distance,320,0.1802696176338941,0.03305570951330573,0.10852688550949097,0.15896953269839287,0.17543263733386993,0.19614752009510994,0.2918650507926941
capture_pair,hardware_source,huawei,layer3.1,mean_absolute_difference,320,0.014217072978499345,0.0026451999814198443,0.008198554627597332,0.012507697800174356,0.013809081632643938,0.01543284091167152,0.023952532559633255
capture_pair,hardware_source,huawei,layer3.1,channel_diff_top1_share,320,0.01088411383680068,0.0019145416559693705,0.007944394834339619,0.009499642997980118,0.010323332622647285,0.01182838506065309,0.021314071491360664
capture_pair,hardware_source,huawei,layer3.1,channel_diff_top5_share,320,0.04578956417972222,0.003662206786566217,0.037745676934719086,0.043335262686014175,0.04514566622674465,0.04778292961418629,0.06581806391477585
capture_pair,hardware_source,huawei,layer3.1,channel_diff_top10_share,320,0.08423690882045776,0.0048725563866080365,0.0730670690536499,0.08077240362763405,0.0838424488902092,0.08700252696871758,0.10785385966300964
capture_pair,hardware_source,huawei,layer3.1,channel_diff_top32_share,320,0.22937824656255543,0.008316297837593505,0.21016228199005127,0.22364377975463867,0.2287983000278473,0.23482340574264526,0.2566089630126953
capture_pair,hardware_source,huawei,layer3.1,channel_diff_effective_channels,320,211.28460388183595,4.789968571646496,196.5447235107422,208.0126953125,211.57852172851562,214.48852157592773,222.7607879638672
capture_pair,hardware_source,huawei,layer3.1,channel_diff_effective_fraction,320,0.8253304839134217,0.018710814732994126,0.7677528262138367,0.8125495910644531,0.8264786005020142,0.8378457874059677,0.8701593279838562
capture_pair,hardware_source,huawei,layer4.0,cosine_similarity,320,0.975213922560215,0.012377458356817202,0.9287508726119995,0.9695108234882355,0.9783741235733032,0.9837890416383743,0.9934312105178833
capture_pair,hardware_source,huawei,layer4.0,pearson_correlation,320,0.9721493795514107,0.013935198865374037,0.9194580912590027,0.9656946957111359,0.9757307767868042,0.9817484617233276,0.9926198124885559
capture_pair,hardware_source,huawei,layer4.0,relative_l2_distance,320,0.21684534377418457,0.05170724229648619,0.11461928486824036,0.18025152757763863,0.2079857811331749,0.2470134049654007,0.37782320380210876
capture_pair,hardware_source,huawei,layer4.0,mean_absolute_difference,320,0.010183733512531035,0.0023071723541755003,0.005568704102188349,0.008675426011905074,0.009759386070072651,0.01126085058785975,0.019225746393203735
capture_pair,hardware_source,huawei,layer4.0,channel_diff_top1_share,320,0.009473869465000461,0.0012000542729059867,0.007102967239916325,0.00861450657248497,0.009303707163780928,0.010094787692651153,0.013453366234898567
capture_pair,hardware_source,huawei,layer4.0,channel_diff_top5_share,320,0.04076490120496601,0.003112421978924261,0.03317667916417122,0.038498115725815296,0.04070759564638138,0.042809867300093174,0.050366126000881195
capture_pair,hardware_source,huawei,layer4.0,channel_diff_top10_share,320,0.07439796747639775,0.0048794951823371985,0.06322955340147018,0.07088261283934116,0.07396122813224792,0.07789129577577114,0.08782199770212173
capture_pair,hardware_source,huawei,layer4.0,channel_diff_top32_share,320,0.19502635980024935,0.01063299485549021,0.17084403336048126,0.18703508377075195,0.19391581416130066,0.201326135545969,0.22793298959732056
capture_pair,hardware_source,huawei,layer4.0,channel_diff_effective_channels,320,301.54149293899536,14.716663280768554,261.8582458496094,292.49417877197266,303.59913635253906,311.6306838989258,328.5401611328125
capture_pair,hardware_source,huawei,layer4.0,channel_diff_effective_fraction,320,0.5889482283964753,0.02874348297025108,0.5114418864250183,0.5712776929140091,0.5929670631885529,0.6086536794900894,0.6416800022125244
capture_pair,hardware_source,huawei,layer4.1,cosine_similarity,320,0.9686702862381935,0.024177587595197152,0.8493263721466064,0.9618913233280182,0.9762879908084869,0.9842947721481323,0.9947000741958618
capture_pair,hardware_source,huawei,layer4.1,pearson_correlation,320,0.9573745368048548,0.032143539598456804,0.8025193810462952,0.9487736821174622,0.9675414860248566,0.9782618135213852,0.9925793409347534
capture_pair,hardware_source,huawei,layer4.1,relative_l2_distance,320,0.2379995228955522,0.08334932150428336,0.10319327563047409,0.1781303621828556,0.2185533195734024,0.27961698919534683,0.5696657299995422
capture_pair,hardware_source,huawei,layer4.1,mean_absolute_difference,320,0.13092404457274825,0.03821504734747225,0.0678224116563797,0.10572119057178497,0.1220095232129097,0.1472022496163845,0.27071326971054077
capture_pair,hardware_source,huawei,layer4.1,channel_diff_top1_share,320,0.007521480396098923,0.0013125628622241306,0.00503539340570569,0.006592663703486323,0.007328780135139823,0.00834543607197702,0.01179746724665165
capture_pair,hardware_source,huawei,layer4.1,channel_diff_top5_share,320,0.03167481278069317,0.0039025952249029223,0.024167068302631378,0.028917300049215555,0.0311345299705863,0.03379209339618683,0.05031857267022133
capture_pair,hardware_source,huawei,layer4.1,channel_diff_top10_share,320,0.05762079367414117,0.006078290582525952,0.04634306952357292,0.053568399511277676,0.05674482695758343,0.061062948778271675,0.08311159163713455
capture_pair,hardware_source,huawei,layer4.1,channel_diff_top32_share,320,0.15255659124813975,0.011868124977579072,0.12712913751602173,0.14430975914001465,0.1512482911348343,0.15894654765725136,0.19561833143234253
capture_pair,hardware_source,huawei,layer4.1,channel_diff_effective_channels,320,378.191716003418,17.864719918159132,320.6133117675781,367.41426849365234,379.78578186035156,390.9269332885742,421.5817565917969
capture_pair,hardware_source,huawei,layer4.1,channel_diff_effective_fraction,320,0.7386556953191757,0.034892031090154554,0.626197874546051,0.7176059931516647,0.7417691051959991,0.7635291665792465,0.8234018683433533
capture_pair,hardware_source,huawei,avgpool,cosine_similarity,320,0.9926646353676916,0.006964475267569975,0.9561877250671387,0.9914478063583374,0.9949648082256317,0.9967778325080872,0.9988230466842651
capture_pair,hardware_source,huawei,avgpool,pearson_correlation,320,0.9838351268321276,0.015233758000756908,0.9069273471832275,0.9814127832651138,0.9892733097076416,0.9928405433893204,0.9974180459976196
capture_pair,hardware_source,huawei,avgpool,relative_l2_distance,320,0.11422108008991927,0.04757296552644084,0.04861941933631897,0.08132996968924999,0.10191944241523743,0.1327807568013668,0.3183640241622925
capture_pair,hardware_source,huawei,avgpool,mean_absolute_difference,320,0.06877573366509751,0.02568483782149137,0.032216958701610565,0.05162590183317661,0.06231647729873657,0.0792663898319006,0.17142720520496368
capture_pair,hardware_source,huawei,avgpool,channel_diff_top1_share,320,0.01221195402322337,0.0021300707689174267,0.008376333862543106,0.010673773009330034,0.011792455334216356,0.013409140054136515,0.020599542185664177
capture_pair,hardware_source,huawei,avgpool,channel_diff_top5_share,320,0.05074277374660596,0.00563923518990391,0.03920933976769447,0.04664664901793003,0.050185536965727806,0.054369292221963406,0.07686753571033478
capture_pair,hardware_source,huawei,avgpool,channel_diff_top10_share,320,0.09046908440068364,0.008118356006165226,0.07294651865959167,0.08412525989115238,0.08980957418680191,0.09572207555174828,0.12519146502017975
capture_pair,hardware_source,huawei,avgpool,channel_diff_top32_share,320,0.22601833050139247,0.01397882748689713,0.19297116994857788,0.2161695398390293,0.22586559504270554,0.2346186265349388,0.2779534161090851
capture_pair,hardware_source,huawei,avgpool,channel_diff_effective_channels,320,266.23809571266173,14.905914316977622,218.37811279296875,256.92664337158203,265.8809509277344,277.5858154296875,303.1336975097656
capture_pair,hardware_source,huawei,avgpool,channel_diff_effective_fraction,320,0.5199962806887924,0.029113113900346918,0.4265197515487671,0.5018098503351212,0.5192987322807312,0.5421597957611084,0.592058002948761
capture_pair,hardware_source,iphone15pro,stem_relu,cosine_similarity,320,0.9886222952976823,0.0029902590555918917,0.9776950478553772,0.9865289032459259,0.9888243675231934,0.9910815954208374,0.9944449663162231
capture_pair,hardware_source,iphone15pro,stem_relu,pearson_correlation,320,0.9784458814188838,0.005549342778882268,0.9597412943840027,0.9745986610651016,0.9784840047359467,0.9831703901290894,0.989376425743103
capture_pair,hardware_source,iphone15pro,stem_relu,relative_l2_distance,320,0.14956986759789287,0.01967865630680198,0.10540931671857834,0.13357093930244446,0.1495068520307541,0.16414880380034447,0.21121200919151306
capture_pair,hardware_source,iphone15pro,stem_relu,mean_absolute_difference,320,0.009308769584458787,0.0019510181474139132,0.005787409842014313,0.007957913680002093,0.008970441296696663,0.01010303059592843,0.01686106063425541
capture_pair,hardware_source,iphone15pro,stem_relu,channel_diff_top1_share,320,0.03498501004651189,0.0024103950135484224,0.02922850102186203,0.03319108299911022,0.03476422280073166,0.03667506016790867,0.04270625859498978
capture_pair,hardware_source,iphone15pro,stem_relu,channel_diff_top5_share,320,0.16315635382197796,0.007791383456033357,0.14050400257110596,0.15799854323267937,0.1632409393787384,0.1686130203306675,0.18570271134376526
capture_pair,hardware_source,iphone15pro,stem_relu,channel_diff_top10_share,320,0.31060776207596064,0.012336505807630755,0.27342110872268677,0.30188125371932983,0.3110703229904175,0.31927691400051117,0.3435667157173157
capture_pair,hardware_source,iphone15pro,stem_relu,channel_diff_top32_share,320,0.8099236663430929,0.010350763271030843,0.7764726281166077,0.8038997650146484,0.8107813894748688,0.8169342577457428,0.8437246084213257
capture_pair,hardware_source,iphone15pro,stem_relu,channel_diff_effective_channels,320,42.54193525314331,0.948243960666485,39.411006927490234,41.8666934967041,42.53127670288086,43.19736957550049,45.3427848815918
capture_pair,hardware_source,iphone15pro,stem_relu,channel_diff_effective_fraction,320,0.6647177383303642,0.014816311885413828,0.6157969832420349,0.6541670858860016,0.6645511984825134,0.6749588996171951,0.7084810137748718
capture_pair,hardware_source,iphone15pro,maxpool,cosine_similarity,320,0.9945363374426961,0.0014262843623836377,0.9891298413276672,0.9935751706361771,0.994473397731781,0.9956871569156647,0.9974139928817749
capture_pair,hardware_source,iphone15pro,maxpool,pearson_correlation,320,0.98825792260468,0.003169847277596454,0.9762242436408997,0.9861646443605423,0.9881424307823181,0.990893766283989,0.9944242238998413
capture_pair,hardware_source,iphone15pro,maxpool,relative_l2_distance,320,0.10368005777709186,0.013694660592214275,0.07192085683345795,0.09287536516785622,0.10513748973608017,0.1133897565305233,0.1475541740655899
capture_pair,hardware_source,iphone15pro,maxpool,mean_absolute_difference,320,0.010263603253406473,0.0021824081932134577,0.006517587695270777,0.00882419804111123,0.009825226850807667,0.01111147622577846,0.018695976585149765
capture_pair,hardware_source,iphone15pro,maxpool,channel_diff_top1_share,320,0.041493609448662025,0.003931394110255573,0.03050181455910206,0.03872132021933794,0.04118858836591244,0.04353493731468916,0.05714757740497589
capture_pair,hardware_source,iphone15pro,maxpool,channel_diff_top5_share,320,0.1773059792816639,0.00906302900530561,0.14973922073841095,0.17141392454504967,0.17743754386901855,0.1828070841729641,0.20945623517036438
capture_pair,hardware_source,iphone15pro,maxpool,channel_diff_top10_share,320,0.326755641028285,0.013010563669233387,0.28638213872909546,0.31865230202674866,0.32741691172122955,0.33463504165410995,0.3673810362815857
capture_pair,hardware_source,iphone15pro,maxpool,channel_diff_top32_share,320,0.8155412612482905,0.010795478533107099,0.7825522422790527,0.8088419288396835,0.8164807856082916,0.8233413845300674,0.8467333316802979
capture_pair,hardware_source,iphone15pro,maxpool,channel_diff_effective_channels,320,41.94411495923996,1.0786925562539267,38.04296875,41.235575675964355,41.919708251953125,42.60402488708496,44.75521469116211
capture_pair,hardware_source,iphone15pro,maxpool,channel_diff_effective_fraction,320,0.6553767962381244,0.016854571191467604,0.59442138671875,0.644305869936943,0.6549954414367676,0.6656878888607025,0.699300229549408
capture_pair,hardware_source,iphone15pro,layer1.0,cosine_similarity,320,0.9916759310290217,0.002044175156050677,0.9833410978317261,0.9904592931270599,0.9918022155761719,0.9930865317583084,0.9959553480148315
capture_pair,hardware_source,iphone15pro,layer1.0,pearson_correlation,320,0.9831437736749649,0.004120845841206891,0.9662554264068604,0.9807177037000656,0.9832814633846283,0.9860277324914932,0.9918341636657715
capture_pair,hardware_source,iphone15pro,layer1.0,relative_l2_distance,320,0.12807897245511413,0.015748803784427483,0.08994739502668381,0.11760907247662544,0.12805010378360748,0.13815348967909813,0.18266066908836365
capture_pair,hardware_source,iphone15pro,layer1.0,mean_absolute_difference,320,0.019661644610459918,0.0037299603404263703,0.012688594870269299,0.01705886237323284,0.01901465468108654,0.021180028095841408,0.03788088262081146
capture_pair,hardware_source,iphone15pro,layer1.0,channel_diff_top1_share,320,0.03623028794536367,0.0011993238559846867,0.031618013978004456,0.03548387438058853,0.03623669035732746,0.03696143347769976,0.04074426367878914
capture_pair,hardware_source,iphone15pro,layer1.0,channel_diff_top5_share,320,0.15968211218714715,0.0037878518348129584,0.1482066959142685,0.1571713387966156,0.15996631234884262,0.16224251314997673,0.1712084412574768
capture_pair,hardware_source,iphone15pro,layer1.0,channel_diff_top10_share,320,0.2801609929651022,0.0063723631054645145,0.25892436504364014,0.27615121752023697,0.27957670390605927,0.2839585840702057,0.2983727753162384
capture_pair,hardware_source,iphone15pro,layer1.0,channel_diff_top32_share,320,0.6815977163612843,0.010663154915563104,0.6549074649810791,0.6744538694620132,0.6800241470336914,0.6874345988035202,0.7121984958648682
capture_pair,hardware_source,iphone15pro,layer1.0,channel_diff_effective_channels,320,52.25891497135162,0.8506964965330042,49.79293441772461,51.7951602935791,52.334394454956055,52.77525234222412,54.68086624145508
capture_pair,hardware_source,iphone15pro,layer1.0,channel_diff_effective_fraction,320,0.8165455464273691,0.01329213275832819,0.778014600276947,0.8092993795871735,0.8177249133586884,0.8246133178472519,0.8543885350227356
capture_pair,hardware_source,iphone15pro,layer1.1,cosine_similarity,320,0.9867404567077755,0.003320848377999267,0.9693936109542847,0.9850596785545349,0.9870717227458954,0.9889148026704788,0.9937258362770081
capture_pair,hardware_source,iphone15pro,layer1.1,pearson_correlation,320,0.9748674031347037,0.006306772828961394,0.9411753416061401,0.9713087677955627,0.9753902554512024,0.9788978546857834,0.9881759285926819
capture_pair,hardware_source,iphone15pro,layer1.1,relative_l2_distance,320,0.16164232541341333,0.019893551308395898,0.1120276153087616,0.14890596270561218,0.16081435233354568,0.17286218330264091,0.2474427968263626
capture_pair,hardware_source,iphone15pro,layer1.1,mean_absolute_difference,320,0.03660156676196493,0.006419672180336015,0.024434655904769897,0.03216386400163174,0.03564353287220001,0.03939440660178661,0.06988503038883209
capture_pair,hardware_source,iphone15pro,layer1.1,channel_diff_top1_share,320,0.031023815704975276,0.0016670433305354926,0.028083980083465576,0.029961245600134134,0.030748986639082432,0.031842440366744995,0.03874779865145683
capture_pair,hardware_source,iphone15pro,layer1.1,channel_diff_top5_share,320,0.1427065464667976,0.0032873557934385345,0.13380059599876404,0.14028512313961983,0.14262133091688156,0.14535121247172356,0.15043362975120544
capture_pair,hardware_source,iphone15pro,layer1.1,channel_diff_top10_share,320,0.26152208461426196,0.004885622369811158,0.24710562825202942,0.258115790784359,0.26220637559890747,0.26522792875766754,0.2725009024143219
capture_pair,hardware_source,iphone15pro,layer1.1,channel_diff_top32_share,320,0.6519672501832247,0.007237562962151198,0.632965087890625,0.6467229574918747,0.6527372002601624,0.6572061628103256,0.6663594841957092
capture_pair,hardware_source,iphone15pro,layer1.1,channel_diff_effective_channels,320,55.5102801322937,0.6004972031451211,54.16489028930664,55.037503242492676,55.475643157958984,55.950326919555664,57.17300796508789
capture_pair,hardware_source,iphone15pro,layer1.1,channel_diff_effective_fraction,320,0.8673481270670891,0.009382768799142517,0.8463264107704163,0.8599609881639481,0.8668069243431091,0.8742238581180573,0.8933282494544983
capture_pair,hardware_source,iphone15pro,layer2.0,cosine_similarity,320,0.9829744590446353,0.00484499469903732,0.9556034803390503,0.9806354343891144,0.9834700226783752,0.9858537763357162,0.9926400780677795
capture_pair,hardware_source,iphone15pro,layer2.0,pearson_correlation,320,0.9757409386336804,0.006936523067747995,0.936557948589325,0.9723023474216461,0.9764191806316376,0.979962170124054,0.9895892143249512
capture_pair,hardware_source,iphone15pro,layer2.0,relative_l2_distance,320,0.18284301611129194,0.02511281312108509,0.12132944911718369,0.1682046726346016,0.1818528026342392,0.19687629118561745,0.2979976236820221
capture_pair,hardware_source,iphone15pro,layer2.0,mean_absolute_difference,320,0.018631163990357892,0.003263735174560369,0.012419873848557472,0.0163961430080235,0.018159369938075542,0.020186584442853928,0.03633725643157959
capture_pair,hardware_source,iphone15pro,layer2.0,channel_diff_top1_share,320,0.015898355620447547,0.0015980552533338469,0.013049237430095673,0.014704089378938079,0.015618664212524891,0.016766348853707314,0.02140616998076439
capture_pair,hardware_source,iphone15pro,layer2.0,channel_diff_top5_share,320,0.07149746422655881,0.0038512339325050505,0.06406562030315399,0.06854584999382496,0.07129707559943199,0.07381640560925007,0.08573220670223236
capture_pair,hardware_source,iphone15pro,layer2.0,channel_diff_top10_share,320,0.13430372623261064,0.005621111681422737,0.12290578335523605,0.12981070205569267,0.13358565419912338,0.13805647939443588,0.15027590095996857
capture_pair,hardware_source,iphone15pro,layer2.0,channel_diff_top32_share,320,0.3656802772544324,0.009568982833872138,0.3449673354625702,0.3584955111145973,0.3650868982076645,0.37236496061086655,0.3916490077972412
capture_pair,hardware_source,iphone15pro,layer2.0,channel_diff_effective_channels,320,114.33014748096465,1.8665111059803197,109.31730651855469,112.9397029876709,114.42804718017578,115.72284317016602,118.14847564697266
capture_pair,hardware_source,iphone15pro,layer2.0,channel_diff_effective_fraction,320,0.8932042771950364,0.014582118015471247,0.8540414571762085,0.8823414295911789,0.8939691185951233,0.904084712266922,0.9230349659919739
capture_pair,hardware_source,iphone15pro,layer2.1,cosine_similarity,320,0.9794118816033006,0.006095393044107355,0.9453307390213013,0.976963460445404,0.9804704189300537,0.983116403222084,0.9913216829299927
capture_pair,hardware_source,iphone15pro,layer2.1,pearson_correlation,320,0.9718878211453557,0.008360295656197187,0.9256193041801453,0.9685314744710922,0.9733330011367798,0.9768790304660797,0.9880937933921814
capture_pair,hardware_source,iphone15pro,layer2.1,relative_l2_distance,320,0.20094102751463652,0.028590610134088403,0.13174603879451752,0.18378480523824692,0.1976959928870201,0.2146473154425621,0.3306785225868225
capture_pair,hardware_source,iphone15pro,layer2.1,mean_absolute_difference,320,0.020976500859251245,0.0036692074266628212,0.013793961144983768,0.01833654846996069,0.020549691282212734,0.02279478218406439,0.04010261595249176
capture_pair,hardware_source,iphone15pro,layer2.1,channel_diff_top1_share,320,0.013753577097668312,0.0011363082311624275,0.01153916772454977,0.012911744881421328,0.013511557597666979,0.01447498588822782,0.017812104895710945
capture_pair,hardware_source,iphone15pro,layer2.1,channel_diff_top5_share,320,0.06292627259390429,0.0031177689441713435,0.05623669549822807,0.060666258446872234,0.06266647949814796,0.06510724686086178,0.07515569776296616
capture_pair,hardware_source,iphone15pro,layer2.1,channel_diff_top10_share,320,0.11916947432328015,0.00441974609327687,0.10939210653305054,0.11600778065621853,0.11875108629465103,0.12243643030524254,0.13240210711956024
capture_pair,hardware_source,iphone15pro,layer2.1,channel_diff_top32_share,320,0.3387664253823459,0.007180677645351879,0.3212921619415283,0.3336017057299614,0.3382951319217682,0.343593068420887,0.358527809381485
capture_pair,hardware_source,iphone15pro,layer2.1,channel_diff_effective_channels,320,118.65013580322265,1.1989926733725256,115.20711517333984,117.8004379272461,118.76888656616211,119.5279598236084,121.72251892089844
capture_pair,hardware_source,iphone15pro,layer2.1,channel_diff_effective_fraction,320,0.926954185962677,0.009367130260722856,0.9000555872917175,0.9203159213066101,0.9278819262981415,0.9338121861219406,0.950957179069519
capture_pair,hardware_source,iphone15pro,layer3.0,cosine_similarity,320,0.9826089834794403,0.005877344642586902,0.9585692286491394,0.9802779108285904,0.983439564704895,0.9867097735404968,0.9941400289535522
capture_pair,hardware_source,iphone15pro,layer3.0,pearson_correlation,320,0.9763113168999553,0.008057799528135358,0.9437462687492371,0.9732400327920914,0.9775378108024597,0.9819334894418716,0.9919443130493164
capture_pair,hardware_source,iphone15pro,layer3.0,relative_l2_distance,320,0.18428344058338553,0.029940458187593763,0.1082729622721672,0.1631954237818718,0.18218007683753967,0.19866440445184708,0.2878623902797699
capture_pair,hardware_source,iphone15pro,layer3.0,mean_absolute_difference,320,0.013164149806834757,0.002390954820625468,0.00841003842651844,0.011554854223504663,0.012916653882712126,0.014438132289797068,0.024035030975937843
capture_pair,hardware_source,iphone15pro,layer3.0,channel_diff_top1_share,320,0.010089016829442698,0.0016787623684685268,0.0075360131449997425,0.008880875771865249,0.009667027741670609,0.01078561251051724,0.017790736630558968
capture_pair,hardware_source,iphone15pro,layer3.0,channel_diff_top5_share,320,0.04349933422636241,0.0037347764239571567,0.03637306019663811,0.0407753549516201,0.042791105806827545,0.045579793862998486,0.056469667702913284
capture_pair,hardware_source,iphone15pro,layer3.0,channel_diff_top10_share,320,0.08008700145874173,0.00486562327868328,0.06939846277236938,0.07649771310389042,0.07944510877132416,0.08262050151824951,0.09637387096881866
capture_pair,hardware_source,iphone15pro,layer3.0,channel_diff_top32_share,320,0.21819604439660906,0.0073584085973885105,0.19958974421024323,0.21299537643790245,0.21760719269514084,0.22376151010394096,0.2413192242383957
capture_pair,hardware_source,iphone15pro,layer3.0,channel_diff_effective_channels,320,216.24398903846742,4.414156628332842,204.5034637451172,212.87977981567383,217.06515502929688,219.3737907409668,224.6323699951172
capture_pair,hardware_source,iphone15pro,layer3.0,channel_diff_effective_fraction,320,0.8447030821815134,0.017242799329425164,0.798841655254364,0.8315616399049759,0.8479107618331909,0.8569288700819016,0.8774701952934265
capture_pair,hardware_source,iphone15pro,layer3.1,cosine_similarity,320,0.9812094695866108,0.006729851811226518,0.9556918740272522,0.9782750159502029,0.982186883687973,0.9859965890645981,0.9940491318702698
capture_pair,hardware_source,iphone15pro,layer3.1,pearson_correlation,320,0.9747315490618348,0.009051662994680656,0.9401800632476807,0.970976933836937,0.9759262502193451,0.9810676127672195,0.9919693470001221
capture_pair,hardware_source,iphone15pro,layer3.1,relative_l2_distance,320,0.19132748977281153,0.03304771169384065,0.10917849838733673,0.16759226098656654,0.188864104449749,0.20871266350150108,0.29809117317199707
capture_pair,hardware_source,iphone15pro,layer3.1,mean_absolute_difference,320,0.014218875070218929,0.002565577233574606,0.008591319434344769,0.012370142852887511,0.014023762196302414,0.015547638991847634,0.025783512741327286
capture_pair,hardware_source,iphone15pro,layer3.1,channel_diff_top1_share,320,0.011332758974458557,0.002266077064024279,0.007771763484925032,0.009627391584217548,0.010849110782146454,0.012421288061887026,0.01965712010860443
capture_pair,hardware_source,iphone15pro,layer3.1,channel_diff_top5_share,320,0.046369676955509934,0.004208242866079203,0.03695494681596756,0.04356148838996887,0.04572654329240322,0.04890674166381359,0.06113888695836067
capture_pair,hardware_source,iphone15pro,layer3.1,channel_diff_top10_share,320,0.08452387887518853,0.005333457982140797,0.07124006003141403,0.08109131455421448,0.0839538685977459,0.08801342733204365,0.10304431617259979
capture_pair,hardware_source,iphone15pro,layer3.1,channel_diff_top32_share,320,0.22800978925079107,0.008424730506250424,0.20745475590229034,0.22258447855710983,0.22769984602928162,0.23393042013049126,0.25513526797294617
capture_pair,hardware_source,iphone15pro,layer3.1,channel_diff_effective_channels,320,212.63023328781128,4.881756136255443,197.3477020263672,209.32558059692383,212.5070343017578,215.93767929077148,224.4640655517578
capture_pair,hardware_source,iphone15pro,layer3.1,channel_diff_effective_fraction,320,0.8305868487805128,0.019069359907247823,0.7708894610404968,0.8176780492067337,0.8301056027412415,0.8435065597295761,0.876812756061554
capture_pair,hardware_source,iphone15pro,layer4.0,cosine_similarity,320,0.9691181115806102,0.014732587997318056,0.9093602299690247,0.9627801477909088,0.9721938371658325,0.9796195030212402,0.9926076531410217
capture_pair,hardware_source,iphone15pro,layer4.0,pearson_correlation,320,0.9652281984686851,0.016586491918943735,0.8978752493858337,0.9581127762794495,0.9687005579471588,0.9770459681749344,0.991644024848938
capture_pair,hardware_source,iphone15pro,layer4.0,relative_l2_distance,320,0.24270106609910727,0.05539758705525347,0.12173464894294739,0.20210979133844376,0.23667515069246292,0.27295853942632675,0.4262378513813019
capture_pair,hardware_source,iphone15pro,layer4.0,mean_absolute_difference,320,0.010821273179317359,0.002260734265737492,0.006310139782726765,0.009314422030001879,0.010508677456527948,0.011909888358786702,0.01850300095975399
capture_pair,hardware_source,iphone15pro,layer4.0,channel_diff_top1_share,320,0.009145849391643424,0.001235627923892713,0.006751283537596464,0.008240408031269908,0.00900215096771717,0.009903100784868002,0.014122596941888332
capture_pair,hardware_source,iphone15pro,layer4.0,channel_diff_top5_share,320,0.03949170651612803,0.0032543268475816005,0.03129236772656441,0.03709562309086323,0.03942048363387585,0.04196623992174864,0.05021435022354126
capture_pair,hardware_source,iphone15pro,layer4.0,channel_diff_top10_share,320,0.07211495062801987,0.004767838436865791,0.0604313462972641,0.06876756995916367,0.07204338535666466,0.07560928538441658,0.0829479843378067
capture_pair,hardware_source,iphone15pro,layer4.0,channel_diff_top32_share,320,0.18992336820811034,0.00946895964401712,0.16724616289138794,0.18314504623413086,0.1900276020169258,0.19672219082713127,0.21680763363838196
capture_pair,hardware_source,iphone15pro,layer4.0,channel_diff_effective_channels,320,308.023192024231,13.496383063472491,269.2697448730469,299.6655960083008,307.5290832519531,317.76953125,338.3946533203125
capture_pair,hardware_source,iphone15pro,layer4.0,channel_diff_effective_fraction,320,0.6016077969223261,0.02636012317084471,0.5259174704551697,0.5852843672037125,0.600642740726471,0.6206436157226562,0.6609270572662354
capture_pair,hardware_source,iphone15pro,layer4.1,cosine_similarity,320,0.9598472367972135,0.026838772857691606,0.8387590646743774,0.9490257501602173,0.9686207175254822,0.9783076345920563,0.9927414059638977
capture_pair,hardware_source,iphone15pro,layer4.1,pearson_correlation,320,0.9446657538414002,0.03603012870480507,0.7816084623336792,0.9295418411493301,0.9560879468917847,0.9697982370853424,0.9896204471588135
capture_pair,hardware_source,iphone15pro,layer4.1,relative_l2_distance,320,0.2721389657817781,0.08698266338181763,0.12049441039562225,0.2089875489473343,0.25076527893543243,0.32204530388116837,0.568328857421875
capture_pair,hardware_source,iphone15pro,layer4.1,mean_absolute_difference,320,0.1496472187805921,0.04076241873817007,0.07348131388425827,0.12084604427218437,0.14243784546852112,0.17375589907169342,0.3015933036804199
capture_pair,hardware_source,iphone15pro,layer4.1,channel_diff_top1_share,320,0.0076094187665148635,0.0014165340344056226,0.0051161968149244785,0.006605221424251795,0.007353352848440409,0.008341183885931969,0.014407751150429249
capture_pair,hardware_source,iphone15pro,layer4.1,channel_diff_top5_share,320,0.03227145980345085,0.0041050662517039815,0.02353633940219879,0.029308072291314602,0.03194836527109146,0.03479502070695162,0.04831996187567711
capture_pair,hardware_source,iphone15pro,layer4.1,channel_diff_top10_share,320,0.05867416242836043,0.006339233718782216,0.04526112973690033,0.05391317140311003,0.058145759627223015,0.06297585181891918,0.08232384920120239
capture_pair,hardware_source,iphone15pro,layer4.1,channel_diff_top32_share,320,0.15463373507373035,0.012531592452525666,0.13030631840229034,0.14506255090236664,0.15308629721403122,0.16213927417993546,0.19748243689537048
capture_pair,hardware_source,iphone15pro,layer4.1,channel_diff_effective_channels,320,375.85673513412473,19.09158288684314,318.54595947265625,363.98595428466797,378.3220672607422,389.97401428222656,417.35345458984375
capture_pair,hardware_source,iphone15pro,layer4.1,channel_diff_effective_fraction,320,0.7340951858088374,0.037288247825865505,0.6221600770950317,0.7109100669622421,0.7389102876186371,0.7616679966449738,0.8151434659957886
capture_pair,hardware_source,iphone15pro,avgpool,cosine_similarity,320,0.9904464546591043,0.007864365943399215,0.942990243434906,0.9877753257751465,0.9933622181415558,0.995665043592453,0.9986472129821777
capture_pair,hardware_source,iphone15pro,avgpool,pearson_correlation,320,0.9784613583236933,0.01718525250220216,0.8748185634613037,0.9726476967334747,0.9842717349529266,0.9899186342954636,0.9966005086898804
capture_pair,hardware_source,iphone15pro,avgpool,relative_l2_distance,320,0.13180478282738478,0.05073965028150313,0.05203033611178398,0.09513613395392895,0.1177242174744606,0.15887366980314255,0.3436335325241089
capture_pair,hardware_source,iphone15pro,avgpool,mean_absolute_difference,320,0.08244326217100025,0.02879448882754819,0.03589614853262901,0.060503486543893814,0.07475800067186356,0.09785277768969536,0.1934606432914734
capture_pair,hardware_source,iphone15pro,avgpool,channel_diff_top1_share,320,0.012394319736631586,0.002287488891344607,0.008072996512055397,0.010735492687672377,0.01207848684862256,0.013554802630096674,0.02190162055194378
capture_pair,hardware_source,iphone15pro,avgpool,channel_diff_top5_share,320,0.050958139484282586,0.005497764839351623,0.03901583328843117,0.04694943968206644,0.05093846842646599,0.054570854641497135,0.06768137216567993
capture_pair,hardware_source,iphone15pro,avgpool,channel_diff_top10_share,320,0.09080050562042744,0.00783040099264819,0.07397425174713135,0.08494339510798454,0.09113617613911629,0.09610453061759472,0.11536739021539688
capture_pair,hardware_source,iphone15pro,avgpool,channel_diff_top32_share,320,0.22727533392608165,0.01399856133574687,0.19408507645130157,0.21698583289980888,0.22595582902431488,0.23746038600802422,0.2705778181552887
capture_pair,hardware_source,iphone15pro,avgpool,channel_diff_effective_channels,320,264.0830979347229,15.179300096272222,221.99246215820312,252.53799438476562,263.1806640625,274.8327331542969,304.6799621582031
capture_pair,hardware_source,iphone15pro,avgpool,channel_diff_effective_fraction,320,0.5157873006537557,0.029647070500531683,0.4335790276527405,0.49323827028274536,0.5140247344970703,0.5367826819419861,0.5950780510902405
capture_pair,hardware_source,scan,stem_relu,cosine_similarity,320,0.9893422665074467,0.0030083382790135347,0.979271411895752,0.9871238619089127,0.9896209537982941,0.9917528927326202,0.9960566163063049
capture_pair,hardware_source,scan,stem_relu,pearson_correlation,320,0.9808002011850476,0.005427200013859594,0.9637497067451477,0.9767654985189438,0.9811552166938782,0.9851410984992981,0.9928661584854126
capture_pair,hardware_source,scan,stem_relu,relative_l2_distance,320,0.14451230522245168,0.02084735106005031,0.08880672603845596,0.12843007594347,0.14407750964164734,0.16048552468419075,0.2036157250404358
capture_pair,hardware_source,scan,stem_relu,mean_absolute_difference,320,0.009999875287758187,0.002004399450776724,0.006068385671824217,0.008596655447036028,0.009758643805980682,0.010911972494795918,0.018250225111842155
capture_pair,hardware_source,scan,stem_relu,channel_diff_top1_share,320,0.03587914691888727,0.0024951582962669653,0.03078896924853325,0.03411540295928717,0.03570940159261227,0.03721163235604763,0.04468390718102455
capture_pair,hardware_source,scan,stem_relu,channel_diff_top5_share,320,0.16696990760974587,0.007905108417907359,0.1478227972984314,0.1615978740155697,0.1666005775332451,0.1716376207768917,0.19057755172252655
capture_pair,hardware_source,scan,stem_relu,channel_diff_top10_share,320,0.3150443430989981,0.011389959988160002,0.2856977581977844,0.30717069655656815,0.31450824439525604,0.3237809017300606,0.34355419874191284
capture_pair,hardware_source,scan,stem_relu,channel_diff_top32_share,320,0.8098138991743327,0.01047997627740187,0.7801448106765747,0.8019876331090927,0.8090628385543823,0.8168861418962479,0.8349924683570862
capture_pair,hardware_source,scan,stem_relu,channel_diff_effective_channels,320,42.44552707672119,0.9058177201009007,40.109107971191406,41.751681327819824,42.555389404296875,43.07697868347168,44.78942108154297
capture_pair,hardware_source,scan,stem_relu,channel_diff_effective_fraction,320,0.6632113605737686,0.014153401876576573,0.6267048120498657,0.6523700207471848,0.6649279594421387,0.673077791929245,0.6998347043991089
capture_pair,hardware_source,scan,maxpool,cosine_similarity,320,0.9946592580527067,0.0015398417750954602,0.9896136522293091,0.9935750365257263,0.9946585893630981,0.9957742542028427,0.9975804090499878
capture_pair,hardware_source,scan,maxpool,pearson_correlation,320,0.9889652647078038,0.0032952562426850733,0.9784057140350342,0.9866458773612976,0.9890372157096863,0.9913594722747803,0.9949697256088257
capture_pair,hardware_source,scan,maxpool,relative_l2_distance,320,0.10229386659339071,0.015034078322761595,0.06956635415554047,0.09193498827517033,0.10337000340223312,0.11338968202471733,0.1441367119550705
capture_pair,hardware_source,scan,maxpool,mean_absolute_difference,320,0.011085752745566424,0.0022373357475334735,0.007062481716275215,0.009528756141662598,0.010758871212601662,0.012157842284068465,0.019783835858106613
capture_pair,hardware_source,scan,maxpool,channel_diff_top1_share,320,0.04088794563431293,0.0030606568330955077,0.03428613767027855,0.03869370184838772,0.04078481160104275,0.04277769383043051,0.0515129528939724
capture_pair,hardware_source,scan,maxpool,channel_diff_top5_share,320,0.17785505154170095,0.007837093136738478,0.1580708771944046,0.17165730148553848,0.1780320703983307,0.18333947658538818,0.20068326592445374
capture_pair,hardware_source,scan,maxpool,channel_diff_top10_share,320,0.3280670606531203,0.010888434398212264,0.300808846950531,0.31984566897153854,0.32801346480846405,0.3355967551469803,0.3546542525291443
capture_pair,hardware_source,scan,maxpool,channel_diff_top32_share,320,0.8156501837074757,0.01041851566685096,0.7791787981987,0.8086713552474976,0.8163298666477203,0.8236242383718491,0.8365397453308105
capture_pair,hardware_source,scan,maxpool,channel_diff_effective_channels,320,41.80939689874649,0.9292201747555887,39.56463623046875,41.1019811630249,41.83981895446777,42.50665283203125,44.177513122558594
capture_pair,hardware_source,scan,maxpool,channel_diff_effective_fraction,320,0.6532718265429139,0.014519065230556074,0.6181974411010742,0.6422184556722641,0.653747171163559,0.6641664505004883,0.690273642539978
capture_pair,hardware_source,scan,layer1.0,cosine_similarity,320,0.9919660124927759,0.0020662893758967033,0.9854786396026611,0.990511417388916,0.9921142756938934,0.9935154020786285,0.9962167739868164
capture_pair,hardware_source,scan,layer1.0,pearson_correlation,320,0.9838776582852006,0.004196916305645863,0.9713568091392517,0.9809850454330444,0.9841677248477936,0.9871314615011215,0.9925462007522583
capture_pair,hardware_source,scan,layer1.0,relative_l2_distance,320,0.12570588251110165,0.016431616203384382,0.08699408918619156,0.11389971151947975,0.12558966130018234,0.13776101917028427,0.17044462263584137
capture_pair,hardware_source,scan,layer1.0,mean_absolute_difference,320,0.020953933539567517,0.0038122908188724263,0.013935822993516922,0.018331648781895638,0.020550102926790714,0.022772918920964003,0.036252330988645554
capture_pair,hardware_source,scan,layer1.0,channel_diff_top1_share,320,0.035685474972706285,0.0012852507693582075,0.03210455924272537,0.03483975864946842,0.03567722626030445,0.036499722860753536,0.039444997906684875
capture_pair,hardware_source,scan,layer1.0,channel_diff_top5_share,320,0.15769802457652987,0.004001169253736869,0.14486812055110931,0.15495894476771355,0.15751074999570847,0.1603994481265545,0.1716374158859253
capture_pair,hardware_source,scan,layer1.0,channel_diff_top10_share,320,0.2800947483628988,0.007272702503957052,0.25685882568359375,0.2752213552594185,0.2792306989431381,0.28475192934274673,0.30575403571128845
capture_pair,hardware_source,scan,layer1.0,channel_diff_top32_share,320,0.6814454145729542,0.011489183384797083,0.6496943831443787,0.6735116541385651,0.6801125407218933,0.6874984949827194,0.7244543433189392
capture_pair,hardware_source,scan,layer1.0,channel_diff_effective_channels,320,52.468347346782686,0.9774510967562006,48.761844635009766,52.01681423187256,52.50954818725586,53.12222099304199,55.55118179321289
capture_pair,hardware_source,scan,layer1.0,channel_diff_effective_fraction,320,0.8198179272934795,0.015272673386815634,0.7619038224220276,0.8127627223730087,0.8204616904258728,0.8300347030162811,0.8679872155189514
capture_pair,hardware_source,scan,layer1.1,cosine_similarity,320,0.9870748506858945,0.0033077019814115715,0.9730020761489868,0.9849577695131302,0.9872286915779114,0.989522248506546,0.9941067099571228
capture_pair,hardware_source,scan,layer1.1,pearson_correlation,320,0.9754519945010542,0.0063216487643147174,0.9475828409194946,0.9713717997074127,0.9755037724971771,0.9800797551870346,0.9887380003929138
capture_pair,hardware_source,scan,layer1.1,relative_l2_distance,320,0.15948337835725396,0.02047330305403556,0.10857096314430237,0.14476466923952103,0.1598275527358055,0.1734520047903061,0.23238538205623627
capture_pair,hardware_source,scan,layer1.1,mean_absolute_difference,320,0.03817700200015679,0.006799166900868244,0.0249270498752594,0.03343778569251299,0.03726750425994396,0.0416873823851347,0.06732559949159622
capture_pair,hardware_source,scan,layer1.1,channel_diff_top1_share,320,0.03084796146140434,0.0011437622022795527,0.027951842173933983,0.03003703337162733,0.030823325738310814,0.03150617145001888,0.03426957130432129
capture_pair,hardware_source,scan,layer1.1,channel_diff_top5_share,320,0.14298165035434068,0.0034122271748248958,0.13335920870304108,0.14076419174671173,0.1433788388967514,0.1453433856368065,0.1515236794948578
capture_pair,hardware_source,scan,layer1.1,channel_diff_top10_share,320,0.26162523184902964,0.005697577061705753,0.24596397578716278,0.2574112042784691,0.2620329260826111,0.26563914865255356,0.27707192301750183
capture_pair,hardware_source,scan,layer1.1,channel_diff_top32_share,320,0.6569346414878965,0.008920758269705415,0.634118378162384,0.6511244773864746,0.657189667224884,0.6640551835298538,0.6750507950782776
capture_pair,hardware_source,scan,layer1.1,channel_diff_effective_channels,320,55.34646339416504,0.7352584318219669,53.71990966796875,54.74617862701416,55.27557373046875,55.861867904663086,57.10508346557617
capture_pair,hardware_source,scan,layer1.1,channel_diff_effective_fraction,320,0.8647884905338288,0.011488412997218233,0.8393735885620117,0.8554090410470963,0.8636808395385742,0.8728416860103607,0.8922669291496277
capture_pair,hardware_source,scan,layer2.0,cosine_similarity,320,0.9828897383064031,0.004797345315981959,0.9625107645988464,0.9802228510379791,0.9831817448139191,0.9862261116504669,0.9934518933296204
capture_pair,hardware_source,scan,layer2.0,pearson_correlation,320,0.9758619340136647,0.0068048417494216105,0.9459656476974487,0.9722313433885574,0.9762592017650604,0.9804976433515549,0.9909342527389526
capture_pair,hardware_source,scan,layer2.0,relative_l2_distance,320,0.18326356573961675,0.025386567438569173,0.11443901062011719,0.16600319370627403,0.18340682983398438,0.19888881966471672,0.27387404441833496
capture_pair,hardware_source,scan,layer2.0,mean_absolute_difference,320,0.018932384072104468,0.003459919713202379,0.011897985823452473,0.016470550559461117,0.01843732688575983,0.020670929457992315,0.03435227647423744
capture_pair,hardware_source,scan,layer2.0,channel_diff_top1_share,320,0.01681428940210026,0.001782248224550989,0.01272218395024538,0.015503158560022712,0.016664104536175728,0.018284382298588753,0.02112102322280407
capture_pair,hardware_source,scan,layer2.0,channel_diff_top5_share,320,0.07158012161962687,0.003481496610416082,0.06259118765592575,0.06890694051980972,0.07161904498934746,0.07386842928826809,0.082420714199543
capture_pair,hardware_source,scan,layer2.0,channel_diff_top10_share,320,0.13293720884248614,0.004854983619034686,0.12032833695411682,0.12944941967725754,0.13274037837982178,0.13571330904960632,0.1476677805185318
capture_pair,hardware_source,scan,layer2.0,channel_diff_top32_share,320,0.3603803817182779,0.008605932534708873,0.33866411447525024,0.3546268492937088,0.35956594347953796,0.36524786800146103,0.38707485795021057
capture_pair,hardware_source,scan,layer2.0,channel_diff_effective_channels,320,114.99429903030395,1.7374484184055257,109.26426696777344,114.02175903320312,115.1374282836914,116.15196990966797,119.08320617675781
capture_pair,hardware_source,scan,layer2.0,channel_diff_effective_fraction,320,0.8983929611742496,0.01357381576879317,0.85362708568573,0.8907949924468994,0.8995111584663391,0.907437264919281,0.9303375482559204
capture_pair,hardware_source,scan,layer2.1,cosine_similarity,320,0.9797791123390198,0.005941039132675845,0.9529056549072266,0.9767214059829712,0.9803369343280792,0.9837406724691391,0.992388129234314
capture_pair,hardware_source,scan,layer2.1,pearson_correlation,320,0.9723890909925104,0.008145164446623158,0.9356809258460999,0.9683264791965485,0.9731253981590271,0.9778019785881042,0.9896735548973083
capture_pair,hardware_source,scan,layer2.1,relative_l2_distance,320,0.19908488243818284,0.02869765115606931,0.12338455021381378,0.18033524975180626,0.19834863394498825,0.2158094383776188,0.30690163373947144
capture_pair,hardware_source,scan,layer2.1,mean_absolute_difference,320,0.021166111962520516,0.0038942089366990266,0.013390771113336086,0.018432164564728737,0.02069003041833639,0.023315465077757835,0.037821948528289795
capture_pair,hardware_source,scan,layer2.1,channel_diff_top1_share,320,0.013684116469812579,0.00102634078982155,0.01171544473618269,0.012874364154413342,0.013512927573174238,0.014346309006214142,0.01693803444504738
capture_pair,hardware_source,scan,layer2.1,channel_diff_top5_share,320,0.062429672293365004,0.0024895255139597925,0.057268232107162476,0.06071030627936125,0.06203300878405571,0.06389106437563896,0.070524200797081
capture_pair,hardware_source,scan,layer2.1,channel_diff_top10_share,320,0.11852771497797221,0.003754527318080127,0.1098518893122673,0.11596525833010674,0.11805231869220734,0.12040192820131779,0.13181792199611664
capture_pair,hardware_source,scan,layer2.1,channel_diff_top32_share,320,0.33791186176240445,0.007721483976348551,0.3211354911327362,0.3327292129397392,0.337259978055954,0.34212223440408707,0.3674614727497101
capture_pair,hardware_source,scan,layer2.1,channel_diff_effective_channels,320,118.85199246406555,1.3248718473364296,114.1112060546875,118.17828559875488,119.00141906738281,119.72825813293457,121.69973754882812
capture_pair,hardware_source,scan,layer2.1,channel_diff_effective_fraction,320,0.9285311911255121,0.010350561307315856,0.8914937973022461,0.9232678562402725,0.9296985864639282,0.9353770166635513,0.9507791996002197
capture_pair,hardware_source,scan,layer3.0,cosine_similarity,320,0.9828876569867134,0.0057874970750427385,0.9577398300170898,0.9802218675613403,0.9837782084941864,0.9867931008338928,0.994663655757904
capture_pair,hardware_source,scan,layer3.0,pearson_correlation,320,0.9767872085794806,0.007848836363687422,0.9427433609962463,0.9732466042041779,0.9780556857585907,0.9819718599319458,0.9927608370780945
capture_pair,hardware_source,scan,layer3.0,relative_l2_distance,320,0.18282251777127384,0.029969665467080485,0.10330908745527267,0.16271885111927986,0.18023956567049026,0.19891224801540375,0.2933761179447174
capture_pair,hardware_source,scan,layer3.0,mean_absolute_difference,320,0.012844169717573095,0.0024927457268736695,0.007400839123874903,0.011120559414848685,0.012438682839274406,0.014251421904191375,0.022547410801053047
capture_pair,hardware_source,scan,layer3.0,channel_diff_top1_share,320,0.010330041094857734,0.0017369700379278063,0.007608955260366201,0.009069295134395361,0.009932677261531353,0.011233763536438346,0.019143426790833473
capture_pair,hardware_source,scan,layer3.0,channel_diff_top5_share,320,0.04364949761657044,0.003497204720893252,0.036782339215278625,0.041283635422587395,0.043270865455269814,0.0457947114482522,0.05590477213263512
capture_pair,hardware_source,scan,layer3.0,channel_diff_top10_share,320,0.08024237332865596,0.004578513701220617,0.07040084153413773,0.07698768936097622,0.08018285036087036,0.0830190759152174,0.09755285829305649
capture_pair,hardware_source,scan,layer3.0,channel_diff_top32_share,320,0.21904042372480034,0.007367622121830338,0.19924786686897278,0.21394774317741394,0.2188842073082924,0.2242826595902443,0.24349290132522583
capture_pair,hardware_source,scan,layer3.0,channel_diff_effective_channels,320,216.0193543434143,4.49967100440204,200.3310546875,212.74593353271484,216.06812286376953,219.5437469482422,226.56451416015625
capture_pair,hardware_source,scan,layer3.0,channel_diff_effective_fraction,320,0.8438256029039621,0.017576839860945468,0.7825431823730469,0.8310388028621674,0.8440161049365997,0.857592761516571,0.8850176334381104
capture_pair,hardware_source,scan,layer3.1,cosine_similarity,320,0.9821520140394568,0.006456707063280996,0.9560356736183167,0.9796155989170074,0.983193427324295,0.9865469336509705,0.9950917363166809
capture_pair,hardware_source,scan,layer3.1,pearson_correlation,320,0.9761053532361984,0.008591789100877727,0.9414011240005493,0.9724336117506027,0.977407306432724,0.9818640202283859,0.99338698387146
capture_pair,hardware_source,scan,layer3.1,relative_l2_distance,320,0.18645847640000285,0.03254005533265101,0.0990862175822258,0.1641474962234497,0.183766670525074,0.20249931514263153,0.29846304655075073
capture_pair,hardware_source,scan,layer3.1,mean_absolute_difference,320,0.01396229160745861,0.002683681653814325,0.007795464713126421,0.01208750600926578,0.013712683226913214,0.01530719711445272,0.023977143689990044
capture_pair,hardware_source,scan,layer3.1,channel_diff_top1_share,320,0.011422689317259937,0.002165184431033251,0.008200831711292267,0.009804145665839314,0.010902316775172949,0.012533454224467278,0.021108955144882202
capture_pair,hardware_source,scan,layer3.1,channel_diff_top5_share,320,0.04696466871537268,0.004329331206742948,0.038041867315769196,0.04378427751362324,0.046455541625618935,0.049449327401816845,0.06639548391103745
capture_pair,hardware_source,scan,layer3.1,channel_diff_top10_share,320,0.0854998178081587,0.005559126324577155,0.07330712676048279,0.08185517229139805,0.08504624664783478,0.08879930526018143,0.10836631059646606
capture_pair,hardware_source,scan,layer3.1,channel_diff_top32_share,320,0.229867937695235,0.008580099569255739,0.20984184741973877,0.2238088920712471,0.23035680502653122,0.2349090240895748,0.25343164801597595
capture_pair,hardware_source,scan,layer3.1,channel_diff_effective_channels,320,211.54264068603516,5.0839276452809505,193.51779174804688,208.5526351928711,211.66128540039062,215.04534530639648,223.5897216796875
capture_pair,hardware_source,scan,layer3.1,channel_diff_effective_fraction,320,0.8263384401798248,0.019859092364378713,0.7559288740158081,0.8146587312221527,0.8268018960952759,0.8400208801031113,0.8733973503112793
capture_pair,hardware_source,scan,layer4.0,cosine_similarity,320,0.9727959448471666,0.01228812750167878,0.9139862656593323,0.9669647812843323,0.9751052260398865,0.9810653477907181,0.9939762353897095
capture_pair,hardware_source,scan,layer4.0,pearson_correlation,320,0.9694312980398536,0.013823901136243098,0.9030800461769104,0.9627200663089752,0.9720123112201691,0.9786808639764786,0.9932152628898621
capture_pair,hardware_source,scan,layer4.0,relative_l2_distance,320,0.22824661708436905,0.049723789936537394,0.10979749262332916,0.19461816176772118,0.2239520326256752,0.2572677880525589,0.41528788208961487
capture_pair,hardware_source,scan,layer4.0,mean_absolute_difference,320,0.010332688751805107,0.0022740647220988925,0.005332051310688257,0.008754478767514229,0.01008967263624072,0.011395643698051572,0.019035158678889275
capture_pair,hardware_source,scan,layer4.0,channel_diff_top1_share,320,0.009678276571503375,0.0014034618494369532,0.006820813752710819,0.008689235895872116,0.009419981390237808,0.010400559287518263,0.015406053513288498
capture_pair,hardware_source,scan,layer4.0,channel_diff_top5_share,320,0.0411955059855245,0.003329454745541194,0.03308157995343208,0.03888243157416582,0.041006240993738174,0.04311551433056593,0.052660562098026276
capture_pair,hardware_source,scan,layer4.0,channel_diff_top10_share,320,0.07479563844390213,0.004745396458217032,0.06387734413146973,0.07144028507173061,0.0744038075208664,0.07763060927391052,0.08922572433948517
capture_pair,hardware_source,scan,layer4.0,channel_diff_top32_share,320,0.19451322290115058,0.008876938080831983,0.17293260991573334,0.18817679211497307,0.1944732666015625,0.19981681928038597,0.21827828884124756
capture_pair,hardware_source,scan,layer4.0,channel_diff_effective_channels,320,302.9661310195923,12.224484417237596,272.6031799316406,295.56636810302734,303.0131378173828,311.9782409667969,330.5102844238281
capture_pair,hardware_source,scan,layer4.0,channel_diff_effective_fraction,320,0.5917307246476412,0.02387594612741718,0.5324280858039856,0.5772780627012253,0.5918225347995758,0.6093325018882751,0.6455278992652893
capture_pair,hardware_source,scan,layer4.1,cosine_similarity,320,0.9673142390325665,0.02144235203832633,0.8726255893707275,0.9595617949962616,0.9727995991706848,0.9821510314941406,0.9949601292610168
capture_pair,hardware_source,scan,layer4.1,pearson_correlation,320,0.9546954380348325,0.02916234700969295,0.8267067670822144,0.9449016004800797,0.961883157491684,0.975030243396759,0.9929127097129822
capture_pair,hardware_source,scan,layer4.1,relative_l2_distance,320,0.246105795702897,0.07553080269625523,0.10040256381034851,0.18955039978027344,0.2338455244898796,0.2848644256591797,0.5113959908485413
capture_pair,hardware_source,scan,layer4.1,mean_absolute_difference,320,0.13418064321158454,0.03659814933637195,0.05896720662713051,0.1084614098072052,0.12756755948066711,0.152231153100729,0.2675093114376068
capture_pair,hardware_source,scan,layer4.1,channel_diff_top1_share,320,0.00757441494934028,0.0015985754367479012,0.004945027641952038,0.0063805257668718696,0.007286538602784276,0.008427625522017479,0.014399048872292042
capture_pair,hardware_source,scan,layer4.1,channel_diff_top5_share,320,0.03156062485068105,0.003955303657430726,0.023838452994823456,0.02856566896662116,0.031001172959804535,0.03406346868723631,0.04352874308824539
capture_pair,hardware_source,scan,layer4.1,channel_diff_top10_share,320,0.057278833072632554,0.005966777809050158,0.045386362820863724,0.05304942466318607,0.056192873045802116,0.060715798288583755,0.07703396677970886
capture_pair,hardware_source,scan,layer4.1,channel_diff_top32_share,320,0.15138281863182784,0.011535510272126103,0.13067054748535156,0.14299535006284714,0.14861194044351578,0.15820682048797607,0.19187043607234955
capture_pair,hardware_source,scan,layer4.1,channel_diff_effective_channels,320,381.47769956588746,17.98029911222579,321.23095703125,372.3871383666992,384.1220703125,394.51207733154297,415.5747985839844
capture_pair,hardware_source,scan,layer4.1,channel_diff_effective_fraction,320,0.745073631964624,0.035117771703565996,0.6274042129516602,0.7273186296224594,0.7502384185791016,0.7705314010381699,0.8116695284843445
capture_pair,hardware_source,scan,avgpool,cosine_similarity,320,0.9926533618941903,0.0057399761439385424,0.966185450553894,0.9911895990371704,0.9945320785045624,0.9964240193367004,0.9992684721946716
capture_pair,hardware_source,scan,avgpool,pearson_correlation,320,0.9835377804934978,0.012622233752929502,0.9236857295036316,0.979716494679451,0.9875879287719727,0.9916641414165497,0.9982801079750061
capture_pair,hardware_source,scan,avgpool,relative_l2_distance,320,0.11658644827548414,0.04178352433251749,0.03827706351876259,0.08573414385318756,0.10590721666812897,0.13413168862462044,0.2689683437347412
capture_pair,hardware_source,scan,avgpool,mean_absolute_difference,320,0.07175048247445374,0.024490396313326748,0.02335124835371971,0.054363103583455086,0.06554783135652542,0.08373722992837429,0.16303738951683044
capture_pair,hardware_source,scan,avgpool,channel_diff_top1_share,320,0.01252432937035337,0.00266090798333847,0.0077322376891970634,0.010621283669024706,0.012100636027753353,0.013580699916929007,0.024005429819226265
capture_pair,hardware_source,scan,avgpool,channel_diff_top5_share,320,0.05043892206158489,0.005576667043637023,0.03751394897699356,0.046201931312680244,0.04981914348900318,0.05370977520942688,0.06973345577716827
capture_pair,hardware_source,scan,avgpool,channel_diff_top10_share,320,0.08950248633045703,0.007865931385717501,0.07217896729707718,0.08396194316446781,0.08841976523399353,0.09454249031841755,0.11379608511924744
capture_pair,hardware_source,scan,avgpool,channel_diff_top32_share,320,0.22320750285871327,0.013195853491140469,0.1920662522315979,0.21436457335948944,0.22136814147233963,0.2313155196607113,0.2656673789024353
capture_pair,hardware_source,scan,avgpool,channel_diff_effective_channels,320,268.6125164985657,14.772323232198914,225.58786010742188,260.3760986328125,269.0154113769531,279.8094024658203,301.3636169433594
capture_pair,hardware_source,scan,avgpool,channel_diff_effective_fraction,320,0.5246338212862611,0.028852193812888505,0.44060128927230835,0.5085470676422119,0.5254207253456116,0.5465027391910553,0.5886008143424988
capture_pair,altered_fields_unique,alternative|dob|doe|face,stem_relu,cosine_similarity,60,0.9870707015196483,0.0019598782855246486,0.9830718636512756,0.9855305552482605,0.9870358407497406,0.9886260032653809,0.9914056062698364
capture_pair,altered_fields_unique,alternative|dob|doe|face,stem_relu,pearson_correlation,60,0.9758951127529144,0.003605962705596933,0.9684267044067383,0.9735165238380432,0.9757207036018372,0.9784186035394669,0.9833255410194397
capture_pair,altered_fields_unique,alternative|dob|doe|face,stem_relu,relative_l2_distance,60,0.16035225987434387,0.012277675079346347,0.1311080902814865,0.15085124596953392,0.16103389859199524,0.17012392729520798,0.18400175869464874
capture_pair,altered_fields_unique,alternative|dob|doe|face,stem_relu,mean_absolute_difference,60,0.009783989284187555,0.0015590243227172741,0.006955150049179792,0.008627940900623798,0.009724695701152086,0.010613470105454326,0.013551674783229828
capture_pair,altered_fields_unique,alternative|dob|doe|face,stem_relu,channel_diff_top1_share,60,0.03561980137601495,0.0026608221063937777,0.030230989679694176,0.033361378125846386,0.035071926191449165,0.037529878318309784,0.04191811382770538
capture_pair,altered_fields_unique,alternative|dob|doe|face,stem_relu,channel_diff_top5_share,60,0.1666628174483776,0.007946736884745455,0.14794275164604187,0.16084953770041466,0.1674150750041008,0.17150802537798882,0.1837301403284073
capture_pair,altered_fields_unique,alternative|dob|doe|face,stem_relu,channel_diff_top10_share,60,0.3175850758949916,0.012172353245638442,0.2856977581977844,0.3087845891714096,0.3200521320104599,0.32663486152887344,0.3398589789867401
capture_pair,altered_fields_unique,alternative|dob|doe|face,stem_relu,channel_diff_top32_share,60,0.8183778842290242,0.010183306300977113,0.7877272367477417,0.8108231127262115,0.8193236589431763,0.8257737457752228,0.8425392508506775
capture_pair,altered_fields_unique,alternative|dob|doe|face,stem_relu,channel_diff_effective_channels,60,41.80787957509359,0.9988869591719443,39.4942626953125,40.923044204711914,41.640703201293945,42.63345909118652,44.15156936645508
capture_pair,altered_fields_unique,alternative|dob|doe|face,stem_relu,channel_diff_effective_fraction,60,0.6532481183608373,0.015607608737061629,0.6170978546142578,0.6394225656986237,0.6506359875202179,0.6661477982997894,0.6898682713508606
capture_pair,altered_fields_unique,alternative|dob|doe|face,maxpool,cosine_similarity,60,0.9942492266496022,0.0008982216019192455,0.9919523596763611,0.9938761591911316,0.9942854344844818,0.9948471933603287,0.9961786270141602
capture_pair,altered_fields_unique,alternative|dob|doe|face,maxpool,pearson_correlation,60,0.9870573143164317,0.002019723818733484,0.9815769195556641,0.9862878918647766,0.9871001243591309,0.988338366150856,0.9914282560348511
capture_pair,altered_fields_unique,alternative|dob|doe|face,maxpool,relative_l2_distance,60,0.1069797387967507,0.008308173075714992,0.08743313699960709,0.10161300376057625,0.10697736218571663,0.11069036461412907,0.12693189084529877
capture_pair,altered_fields_unique,alternative|dob|doe|face,maxpool,mean_absolute_difference,60,0.010700516790772477,0.0016476309895355004,0.007641080766916275,0.009348192252218723,0.010658260434865952,0.011754009174183011,0.01471957191824913
capture_pair,altered_fields_unique,alternative|dob|doe|face,maxpool,channel_diff_top1_share,60,0.043403670253853006,0.0044304232426552025,0.035037390887737274,0.04026077035814524,0.04317442886531353,0.0463546859100461,0.053388532251119614
capture_pair,altered_fields_unique,alternative|dob|doe|face,maxpool,channel_diff_top5_share,60,0.18430601830283802,0.00906987114557109,0.1593538224697113,0.1789240837097168,0.1838124319911003,0.1897769756615162,0.20473948121070862
capture_pair,altered_fields_unique,alternative|dob|doe|face,maxpool,channel_diff_top10_share,60,0.33792145401239393,0.012144064744664097,0.3049665689468384,0.3292369395494461,0.3380785435438156,0.3455555886030197,0.36410990357398987
capture_pair,altered_fields_unique,alternative|dob|doe|face,maxpool,channel_diff_top32_share,60,0.8231473336617152,0.007378029856690213,0.804063081741333,0.8174620568752289,0.8238477408885956,0.8287516087293625,0.8387209177017212
capture_pair,altered_fields_unique,alternative|dob|doe|face,maxpool,channel_diff_effective_channels,60,41.033299382527666,0.9962938714471306,38.76073455810547,40.293195724487305,40.95453071594238,41.732699394226074,43.229270935058594
capture_pair,altered_fields_unique,alternative|dob|doe|face,maxpool,channel_diff_effective_fraction,60,0.6411453028519948,0.015567091741361415,0.605636477470398,0.6295811831951141,0.6399145424365997,0.6520734280347824,0.6754573583602905
capture_pair,altered_fields_unique,alternative|dob|doe|face,layer1.0,cosine_similarity,60,0.9917253663142522,0.00135504576811117,0.9882700443267822,0.9909601658582687,0.9918308258056641,0.9926633536815643,0.9943326115608215
capture_pair,altered_fields_unique,alternative|dob|doe|face,layer1.0,pearson_correlation,60,0.9831254829963049,0.0027254781929497026,0.9761216044425964,0.9816496670246124,0.9832896888256073,0.9850046634674072,0.9883462190628052
capture_pair,altered_fields_unique,alternative|dob|doe|face,layer1.0,relative_l2_distance,60,0.12824099970360597,0.01044168326877867,0.10646563768386841,0.12113939598202705,0.12784002721309662,0.134483702480793,0.15317058563232422
capture_pair,altered_fields_unique,alternative|dob|doe|face,layer1.0,mean_absolute_difference,60,0.019453438433508077,0.0026625568397582898,0.014705573208630085,0.01746165147051215,0.018936043605208397,0.021260647103190422,0.025809723883867264
capture_pair,altered_fields_unique,alternative|dob|doe|face,layer1.0,channel_diff_top1_share,60,0.03632056768983603,0.0012827625326625035,0.03314894810318947,0.03552643861621618,0.03637515939772129,0.03723170701414347,0.03890593722462654
capture_pair,altered_fields_unique,alternative|dob|doe|face,layer1.0,channel_diff_top5_share,60,0.16141800383726757,0.0035776592455984244,0.151510551571846,0.15978125855326653,0.16123993694782257,0.1632791869342327,0.1716374158859253
capture_pair,altered_fields_unique,alternative|dob|doe|face,layer1.0,channel_diff_top10_share,60,0.287269493440787,0.0068205167613522326,0.2698047161102295,0.2830844148993492,0.28765662014484406,0.2909199371933937,0.30575403571128845
capture_pair,altered_fields_unique,alternative|dob|doe|face,layer1.0,channel_diff_top32_share,60,0.6980731119712194,0.010427474324264389,0.6758482456207275,0.6892938166856766,0.7001803517341614,0.7049367129802704,0.7244543433189392
capture_pair,altered_fields_unique,alternative|dob|doe|face,layer1.0,channel_diff_effective_channels,60,51.06135005950928,0.8504865131075067,48.761844635009766,50.53500747680664,50.936100006103516,51.7219295501709,52.856773376464844
capture_pair,altered_fields_unique,alternative|dob|doe|face,layer1.0,channel_diff_effective_fraction,60,0.7978335946798325,0.013288851767304792,0.7619038224220276,0.7896094918251038,0.7958765625953674,0.8081551492214203,0.8258870840072632
capture_pair,altered_fields_unique,alternative|dob|doe|face,layer1.1,cosine_similarity,60,0.9867363860209782,0.002151024427214012,0.9822953343391418,0.9854574799537659,0.9869861900806427,0.9881852716207504,0.9916369318962097
capture_pair,altered_fields_unique,alternative|dob|doe|face,layer1.1,pearson_correlation,60,0.9745688150326411,0.0041523702194920555,0.9659088253974915,0.9721384644508362,0.9751520454883575,0.9773966819047928,0.9839393496513367
capture_pair,altered_fields_unique,alternative|dob|doe|face,layer1.1,relative_l2_distance,60,0.16234812314311664,0.013266038251329878,0.1293303668498993,0.15371890738606453,0.1613321378827095,0.17054564133286476,0.1881745159626007
capture_pair,altered_fields_unique,alternative|dob|doe|face,layer1.1,mean_absolute_difference,60,0.03484478648751974,0.004574012332472747,0.0249270498752594,0.03139863349497318,0.03404937498271465,0.03713903948664665,0.046408019959926605
capture_pair,altered_fields_unique,alternative|dob|doe|face,layer1.1,channel_diff_top1_share,60,0.030848349320391814,0.0014021938123499678,0.028083980083465576,0.029980248771607876,0.030626824125647545,0.03149550501257181,0.03558547794818878
capture_pair,altered_fields_unique,alternative|dob|doe|face,layer1.1,channel_diff_top5_share,60,0.14366333186626434,0.002827338232717833,0.13692855834960938,0.1422676481306553,0.1438680738210678,0.14538386464118958,0.15065385401248932
capture_pair,altered_fields_unique,alternative|dob|doe|face,layer1.1,channel_diff_top10_share,60,0.26381877809762955,0.0037387113365111315,0.25525790452957153,0.26164402812719345,0.26374202966690063,0.26579563319683075,0.2741655707359314
capture_pair,altered_fields_unique,alternative|dob|doe|face,layer1.1,channel_diff_top32_share,60,0.659868715206782,0.008059629124178413,0.6406458616256714,0.6549058705568314,0.6606802344322205,0.6664802134037018,0.6746156215667725
capture_pair,altered_fields_unique,alternative|dob|doe|face,layer1.1,channel_diff_effective_channels,60,54.92214508056641,0.5753045398111235,53.66342544555664,54.52347278594971,54.901336669921875,55.364952087402344,56.36371994018555
capture_pair,altered_fields_unique,alternative|dob|doe|face,layer1.1,channel_diff_effective_fraction,60,0.8581585168838501,0.008989133434548805,0.8384910225868225,0.8519292622804642,0.8578333854675293,0.8650773763656616,0.8806831240653992
capture_pair,altered_fields_unique,alternative|dob|doe|face,layer2.0,cosine_similarity,60,0.9830288608868917,0.0030735118751248625,0.9768496155738831,0.9805910885334015,0.9833497405052185,0.9851696640253067,0.9906136989593506
capture_pair,altered_fields_unique,alternative|dob|doe|face,layer2.0,pearson_correlation,60,0.975562185049057,0.004431097042153313,0.966687023639679,0.9720601141452789,0.9761607050895691,0.9786738157272339,0.9865933060646057
capture_pair,altered_fields_unique,alternative|dob|doe|face,layer2.0,relative_l2_distance,60,0.18350893606742222,0.01681616534796408,0.13701583445072174,0.17224346846342087,0.18248683959245682,0.19707977399230003,0.21517908573150635
capture_pair,altered_fields_unique,alternative|dob|doe|face,layer2.0,mean_absolute_difference,60,0.0176031911590447,0.0022157388794592195,0.012088678777217865,0.01611675461754203,0.01735517382621765,0.018427183851599693,0.02310636267066002
capture_pair,altered_fields_unique,alternative|dob|doe|face,layer2.0,channel_diff_top1_share,60,0.018354835780337454,0.003007050454096315,0.01372688077390194,0.016093697864562273,0.01783397514373064,0.019613957963883877,0.024692770093679428
capture_pair,altered_fields_unique,alternative|dob|doe|face,layer2.0,channel_diff_top5_share,60,0.07577735967934132,0.00576463832603206,0.06686990708112717,0.07194847986102104,0.07389657944440842,0.07981550507247448,0.08901098370552063
capture_pair,altered_fields_unique,alternative|dob|doe|face,layer2.0,channel_diff_top10_share,60,0.13980174312988916,0.008208736391756533,0.1280631572008133,0.13385315984487534,0.13659662753343582,0.14514508098363876,0.15924425423145294
capture_pair,altered_fields_unique,alternative|dob|doe|face,layer2.0,channel_diff_top32_share,60,0.3755969489614169,0.010052583821739874,0.36202651262283325,0.3672438785433769,0.37399323284626007,0.3825233206152916,0.4015923738479614
capture_pair,altered_fields_unique,alternative|dob|doe|face,layer2.0,channel_diff_effective_channels,60,111.73859507242838,2.308318398201701,106.0483169555664,110.18390655517578,112.16266250610352,113.37718963623047,115.01632690429688
capture_pair,altered_fields_unique,alternative|dob|doe|face,layer2.0,channel_diff_effective_fraction,60,0.8729577740033467,0.018033737485950788,0.8285024762153625,0.8608117699623108,0.8762708008289337,0.8857592940330505,0.8985650539398193
capture_pair,altered_fields_unique,alternative|dob|doe|face,layer2.1,cosine_similarity,60,0.9799682438373566,0.0037317706961247452,0.971782386302948,0.9773076176643372,0.9801942706108093,0.9824390858411789,0.9899028539657593
capture_pair,altered_fields_unique,alternative|dob|doe|face,layer2.1,pearson_correlation,60,0.9723084807395935,0.0051637540179283,0.960857093334198,0.968576192855835,0.9725452065467834,0.9757332801818848,0.9860938191413879
capture_pair,altered_fields_unique,alternative|dob|doe|face,layer2.1,relative_l2_distance,60,0.19932822460929553,0.01885891570949798,0.14210672676563263,0.18755527958273888,0.19905614107847214,0.21314530819654465,0.23756419122219086
capture_pair,altered_fields_unique,alternative|dob|doe|face,layer2.1,mean_absolute_difference,60,0.019995930589114627,0.00240134013036884,0.013390771113336086,0.018367184791713953,0.019936357624828815,0.021026306319981813,0.025396157056093216
capture_pair,altered_fields_unique,alternative|dob|doe|face,layer2.1,channel_diff_top1_share,60,0.0147006969122837,0.0017033602352718204,0.012404064647853374,0.013252536300569773,0.014383964240550995,0.01586786611005664,0.018893204629421234
capture_pair,altered_fields_unique,alternative|dob|doe|face,layer2.1,channel_diff_top5_share,60,0.06569036624083917,0.004638455009071035,0.05914079770445824,0.06205202639102936,0.06430897489190102,0.06910027377307415,0.07712924480438232
capture_pair,altered_fields_unique,alternative|dob|doe|face,layer2.1,channel_diff_top10_share,60,0.12362810571988424,0.0062525854920874955,0.11479854583740234,0.11908909864723682,0.12155643478035927,0.1286901943385601,0.13904687762260437
capture_pair,altered_fields_unique,alternative|dob|doe|face,layer2.1,channel_diff_top32_share,60,0.34732554654280345,0.008692128792791227,0.3329976797103882,0.3409639969468117,0.3451821058988571,0.35286782681941986,0.3677695095539093
capture_pair,altered_fields_unique,alternative|dob|doe|face,layer2.1,channel_diff_effective_channels,60,116.65996932983398,1.7601448848055157,112.58221435546875,115.51926231384277,117.3407211303711,117.93765640258789,119.03290557861328
capture_pair,altered_fields_unique,alternative|dob|doe|face,layer2.1,channel_diff_effective_fraction,60,0.911406010389328,0.013751131912543091,0.8795485496520996,0.9024942368268967,0.9167243838310242,0.9213879406452179,0.9299445748329163
capture_pair,altered_fields_unique,alternative|dob|doe|face,layer3.0,cosine_similarity,60,0.9838983734448751,0.0036769088283135714,0.9757819175720215,0.9813310354948044,0.9837527275085449,0.9870191365480423,0.994663655757904
capture_pair,altered_fields_unique,alternative|dob|doe|face,layer3.0,pearson_correlation,60,0.978071262439092,0.004985571055924112,0.9670825600624084,0.9746272265911102,0.9778514802455902,0.982336550951004,0.9927608370780945
capture_pair,altered_fields_unique,alternative|dob|doe|face,layer3.0,relative_l2_distance,60,0.17840935873488586,0.021343968421783686,0.10330908745527267,0.16112476959824562,0.18054433912038803,0.19333160668611526,0.22009515762329102
capture_pair,altered_fields_unique,alternative|dob|doe|face,layer3.0,mean_absolute_difference,60,0.012233826556863885,0.001457431757030397,0.007400839123874903,0.011261640582233667,0.011957156471908092,0.013346063205972314,0.014875727705657482
capture_pair,altered_fields_unique,alternative|dob|doe|face,layer3.0,channel_diff_top1_share,60,0.01036569105150799,0.0014432851600814007,0.008483309298753738,0.009338339325040579,0.010102574713528156,0.010976378107443452,0.014416414313018322
capture_pair,altered_fields_unique,alternative|dob|doe|face,layer3.0,channel_diff_top5_share,60,0.044305279043813546,0.0028172062773893078,0.039398495107889175,0.04211606737226248,0.044267572462558746,0.04576738178730011,0.05041717737913132
capture_pair,altered_fields_unique,alternative|dob|doe|face,layer3.0,channel_diff_top10_share,60,0.08185209607084593,0.0035942603449404006,0.075362429022789,0.07971647940576077,0.0816865935921669,0.08442136831581593,0.08990321308374405
capture_pair,altered_fields_unique,alternative|dob|doe|face,layer3.0,channel_diff_top32_share,60,0.22439509257674217,0.005760481715536149,0.2088862508535385,0.22081735357642174,0.22453608363866806,0.22742339968681335,0.2384897768497467
capture_pair,altered_fields_unique,alternative|dob|doe|face,layer3.0,channel_diff_effective_channels,60,211.4492192586263,2.9820748862980597,200.3310546875,209.1680908203125,211.79814910888672,213.33431243896484,218.6753387451172
capture_pair,altered_fields_unique,alternative|dob|doe|face,layer3.0,channel_diff_effective_fraction,60,0.825973512729009,0.011648730024601796,0.7825431823730469,0.8170628547668457,0.8273365199565887,0.8333371579647064,0.854200541973114
capture_pair,altered_fields_unique,alternative|dob|doe|face,layer3.1,cosine_similarity,60,0.982630334297816,0.004349997607771644,0.9734785556793213,0.9795623868703842,0.9821803569793701,0.9862512499094009,0.9950917363166809
capture_pair,altered_fields_unique,alternative|dob|doe|face,layer3.1,pearson_correlation,60,0.9765924046436946,0.005844394667271239,0.9643588066101074,0.972570076584816,0.9758854806423187,0.9815358519554138,0.99338698387146
capture_pair,altered_fields_unique,alternative|dob|doe|face,layer3.1,relative_l2_distance,60,0.18499888988832633,0.02459888130568471,0.0990862175822258,0.16584816575050354,0.18881119787693024,0.20238076150417328,0.2311374396085739
capture_pair,altered_fields_unique,alternative|dob|doe|face,layer3.1,mean_absolute_difference,60,0.013590149542627236,0.0016069539696870476,0.007795464713126421,0.01250218041241169,0.013831865508109331,0.014730898896232247,0.01652725227177143
capture_pair,altered_fields_unique,alternative|dob|doe|face,layer3.1,channel_diff_top1_share,60,0.01049650317678849,0.0011904436928752151,0.008863944560289383,0.009555023396387696,0.01021365076303482,0.01124963746406138,0.01414018776267767
capture_pair,altered_fields_unique,alternative|dob|doe|face,layer3.1,channel_diff_top5_share,60,0.04651285049815972,0.003171731597078234,0.039862390607595444,0.044505324214696884,0.04569835774600506,0.04818286560475826,0.05589623004198074
capture_pair,altered_fields_unique,alternative|dob|doe|face,layer3.1,channel_diff_top10_share,60,0.08666886848707994,0.004508268529723502,0.07752816379070282,0.08442465588450432,0.08567879721522331,0.08835413120687008,0.10027951747179031
capture_pair,altered_fields_unique,alternative|dob|doe|face,layer3.1,channel_diff_top32_share,60,0.23518976122140883,0.007401445018550425,0.22094546258449554,0.22968800365924835,0.23518777638673782,0.2404288500547409,0.2527029514312744
capture_pair,altered_fields_unique,alternative|dob|doe|face,layer3.1,channel_diff_effective_channels,60,208.43670654296875,3.9376024671010126,199.62850952148438,205.6020164489746,208.52310943603516,211.2776222229004,217.43768310546875
capture_pair,altered_fields_unique,alternative|dob|doe|face,layer3.1,channel_diff_effective_fraction,60,0.8142058849334717,0.01538125963711333,0.7797988653182983,0.8031328767538071,0.8145433962345123,0.8253032118082047,0.8493659496307373
capture_pair,altered_fields_unique,alternative|dob|doe|face,layer4.0,cosine_similarity,60,0.9716527243455251,0.008070356457805334,0.9537382125854492,0.9672005027532578,0.971015989780426,0.9760602414608002,0.9933141469955444
capture_pair,altered_fields_unique,alternative|dob|doe|face,layer4.0,pearson_correlation,60,0.9680748959382375,0.00909778600180074,0.9479579925537109,0.9630028754472733,0.967318058013916,0.9730130732059479,0.9924799799919128
capture_pair,altered_fields_unique,alternative|dob|doe|face,layer4.0,relative_l2_distance,60,0.23575364872813226,0.0360883634520194,0.11573898792266846,0.21938955783843994,0.24111343175172806,0.2566711753606796,0.30477187037467957
capture_pair,altered_fields_unique,alternative|dob|doe|face,layer4.0,mean_absolute_difference,60,0.010108914342708886,0.0013528146736331134,0.005332051310688257,0.009320039534941316,0.01017400436103344,0.011013532755896449,0.012369129806756973
capture_pair,altered_fields_unique,alternative|dob|doe|face,layer4.0,channel_diff_top1_share,60,0.009667675740395983,0.0010997653590461669,0.007664948236197233,0.008974676486104727,0.009585029445588589,0.010098279686644673,0.012527688406407833
capture_pair,altered_fields_unique,alternative|dob|doe|face,layer4.0,channel_diff_top5_share,60,0.04135377152512471,0.0029373264811994415,0.03344329446554184,0.039491585455834866,0.041643330827355385,0.042905998416244984,0.04902016744017601
capture_pair,altered_fields_unique,alternative|dob|doe|face,layer4.0,channel_diff_top10_share,60,0.07604022522767385,0.004541573866756936,0.06487096101045609,0.07343479804694653,0.0763331837952137,0.07941563613712788,0.08632312715053558
capture_pair,altered_fields_unique,alternative|dob|doe|face,layer4.0,channel_diff_top32_share,60,0.2025274949769179,0.009773513104602503,0.18092867732048035,0.19589534401893616,0.2022097185254097,0.21019863337278366,0.22401128709316254
capture_pair,altered_fields_unique,alternative|dob|doe|face,layer4.0,channel_diff_effective_channels,60,288.7637532552083,11.573137872128285,265.1616516113281,281.1527404785156,288.08734130859375,297.5056457519531,313.8026428222656
capture_pair,altered_fields_unique,alternative|dob|doe|face,layer4.0,channel_diff_effective_fraction,60,0.5639917055765787,0.022603784906500557,0.5178938508033752,0.5491264462471008,0.5626705884933472,0.5810657143592834,0.6128957867622375
capture_pair,altered_fields_unique,alternative|dob|doe|face,layer4.1,cosine_similarity,60,0.9650813549757004,0.012334120276812442,0.9352692365646362,0.9570618569850922,0.9669685959815979,0.9736510515213013,0.9931856989860535
capture_pair,altered_fields_unique,alternative|dob|doe|face,layer4.1,pearson_correlation,60,0.951584259668986,0.01739602124195426,0.9090493321418762,0.9411611557006836,0.9538068473339081,0.964354932308197,0.9904971122741699
capture_pair,altered_fields_unique,alternative|dob|doe|face,layer4.1,relative_l2_distance,60,0.2608176140735547,0.04828614562151321,0.11682429164648056,0.23019949719309807,0.25801753997802734,0.294819638133049,0.36013251543045044
capture_pair,altered_fields_unique,alternative|dob|doe|face,layer4.1,mean_absolute_difference,60,0.13533927500247955,0.02533505788164461,0.07084820419549942,0.11673587746918201,0.13473054766654968,0.15590380877256393,0.18303295969963074
capture_pair,altered_fields_unique,alternative|dob|doe|face,layer4.1,channel_diff_top1_share,60,0.008224474887053171,0.0016529068683645914,0.0055404831655323505,0.007065047509968281,0.007807388203218579,0.009296641452237964,0.014357003383338451
capture_pair,altered_fields_unique,alternative|dob|doe|face,layer4.1,channel_diff_top5_share,60,0.032859048123161,0.0032722735365948246,0.02679440565407276,0.030005589593201876,0.033032407984137535,0.035140481777489185,0.039863698184490204
capture_pair,altered_fields_unique,alternative|dob|doe|face,layer4.1,channel_diff_top10_share,60,0.058599901385605335,0.004517749980346947,0.050960857421159744,0.05421903729438782,0.05924276262521744,0.06160716712474823,0.0690205916762352
capture_pair,altered_fields_unique,alternative|dob|doe|face,layer4.1,channel_diff_top32_share,60,0.15219892611106237,0.007669906988497034,0.13840588927268982,0.14592796936631203,0.15221007168293,0.15684616938233376,0.1682809293270111
capture_pair,altered_fields_unique,alternative|dob|doe|face,layer4.1,channel_diff_effective_channels,60,378.22044830322267,10.698533259944194,354.0056457519531,368.6958923339844,377.62135314941406,387.03206634521484,402.8822326660156
capture_pair,altered_fields_unique,alternative|dob|doe|face,layer4.1,channel_diff_effective_fraction,60,0.7387118130922318,0.020895572773328503,0.6914172768592834,0.7201091647148132,0.7375417053699493,0.7559220045804977,0.7868793606758118
capture_pair,altered_fields_unique,alternative|dob|doe|face,avgpool,cosine_similarity,60,0.9923161417245865,0.0033521352633176854,0.9831099510192871,0.9903244376182556,0.9930649697780609,0.9945184737443924,0.9985236525535583
capture_pair,altered_fields_unique,alternative|dob|doe|face,avgpool,pearson_correlation,60,0.9829544295867284,0.007792605455823746,0.9613218903541565,0.978944331407547,0.9853286147117615,0.9881895482540131,0.9966861009597778
capture_pair,altered_fields_unique,alternative|dob|doe|face,avgpool,relative_l2_distance,60,0.12270138630022605,0.026638185351886164,0.05435562506318092,0.10713279619812965,0.12027141079306602,0.13981782644987106,0.18416860699653625
capture_pair,altered_fields_unique,alternative|dob|doe|face,avgpool,mean_absolute_difference,60,0.07260356762756905,0.01714611546097007,0.03477434441447258,0.05949124973267317,0.06994034349918365,0.08586820587515831,0.11131653189659119
capture_pair,altered_fields_unique,alternative|dob|doe|face,avgpool,channel_diff_top1_share,60,0.013735991685340803,0.0031217946202466693,0.008876834996044636,0.011647672159597278,0.013189479243010283,0.015814784914255142,0.024005429819226265
capture_pair,altered_fields_unique,alternative|dob|doe|face,avgpool,channel_diff_top5_share,60,0.052574487403035164,0.005733767751600125,0.041569896042346954,0.04779455903917551,0.052670545876026154,0.05639770720154047,0.06417660415172577
capture_pair,altered_fields_unique,alternative|dob|doe|face,avgpool,channel_diff_top10_share,60,0.09202655119200548,0.007842460866621779,0.07714630663394928,0.08588561043143272,0.09275517985224724,0.09662579745054245,0.11287705600261688
capture_pair,altered_fields_unique,alternative|dob|doe|face,avgpool,channel_diff_top32_share,60,0.22550941854715348,0.011740225356244164,0.20652557909488678,0.21611416339874268,0.22443421930074692,0.23559512197971344,0.2591254413127899
capture_pair,altered_fields_unique,alternative|dob|doe|face,avgpool,channel_diff_effective_channels,60,264.55020395914715,12.702652483847796,238.54515075683594,255.86178970336914,263.7425231933594,273.0919876098633,292.0819396972656
capture_pair,altered_fields_unique,alternative|dob|doe|face,avgpool,channel_diff_effective_fraction,60,0.5166996171077093,0.024809868132515227,0.4659084975719452,0.49973005801439285,0.51512211561203,0.5333827883005142,0.5704725384712219
capture_pair,altered_fields_unique,dob|doe|face|name,stem_relu,cosine_similarity,561,0.9891784690493144,0.0033168868444864432,0.9776950478553772,0.9867017269134521,0.9897134900093079,0.991899311542511,0.9954126477241516
capture_pair,altered_fields_unique,dob|doe|face|name,stem_relu,pearson_correlation,561,0.9796841846855354,0.006035798054098975,0.9597412943840027,0.9749687910079956,0.9802944660186768,0.9845598340034485,0.9918720126152039
capture_pair,altered_fields_unique,dob|doe|face|name,stem_relu,relative_l2_distance,561,0.14537893130764393,0.02259769102450038,0.09578487277030945,0.1272870898246765,0.14344604313373566,0.16308476030826569,0.21121200919151306
capture_pair,altered_fields_unique,dob|doe|face|name,stem_relu,mean_absolute_difference,561,0.009531749734479051,0.0021729185677348615,0.00576210580766201,0.007899297401309013,0.009231841191649437,0.010708440095186234,0.018250225111842155
capture_pair,altered_fields_unique,dob|doe|face|name,stem_relu,channel_diff_top1_share,561,0.03496093057268656,0.0024758078597792842,0.028859125450253487,0.03326879441738129,0.03461252152919769,0.03652535006403923,0.0434514619410038
capture_pair,altered_fields_unique,dob|doe|face|name,stem_relu,channel_diff_top5_share,561,0.16243608250762476,0.008311620112088506,0.14099593460559845,0.15679208934307098,0.16232383251190186,0.16783767938613892,0.18782000243663788
capture_pair,altered_fields_unique,dob|doe|face|name,stem_relu,channel_diff_top10_share,561,0.3082942400067885,0.012753972894419712,0.27342110872268677,0.2994164228439331,0.3085034489631653,0.31659308075904846,0.3435667157173157
capture_pair,altered_fields_unique,dob|doe|face|name,stem_relu,channel_diff_top32_share,561,0.8063015593564447,0.011049142009833476,0.7741836309432983,0.7991491556167603,0.8066670894622803,0.8137235641479492,0.8437246084213257
capture_pair,altered_fields_unique,dob|doe|face|name,stem_relu,channel_diff_effective_channels,561,42.79503430997199,0.9626863317030171,39.411006927490234,42.17424011230469,42.80677032470703,43.43475341796875,45.479103088378906
capture_pair,altered_fields_unique,dob|doe|face|name,stem_relu,channel_diff_effective_fraction,561,0.6686724110933123,0.015041973932859642,0.6157969832420349,0.6589725017547607,0.6688557863235474,0.6786680221557617,0.7106109857559204
capture_pair,altered_fields_unique,dob|doe|face|name,maxpool,cosine_similarity,561,0.9945673747071183,0.0016078029633904024,0.9858881235122681,0.993499219417572,0.9945224523544312,0.9958115220069885,0.9975243210792542
capture_pair,altered_fields_unique,dob|doe|face|name,maxpool,pearson_correlation,561,0.9885443114341899,0.0035362826156825258,0.9702060222625732,0.9861047863960266,0.9885508418083191,0.9913418292999268,0.9949697256088257
capture_pair,altered_fields_unique,dob|doe|face|name,maxpool,relative_l2_distance,561,0.10315079518233604,0.015343597946410645,0.0703670009970665,0.09157440811395645,0.1047944650053978,0.11403423547744751,0.16835187375545502
capture_pair,altered_fields_unique,dob|doe|face|name,maxpool,mean_absolute_difference,561,0.0104926449550505,0.002523054114275283,0.006205074023455381,0.00865862425416708,0.010023334994912148,0.011756100691854954,0.019783835858106613
capture_pair,altered_fields_unique,dob|doe|face|name,maxpool,channel_diff_top1_share,561,0.04065774229758563,0.0035354416683780845,0.03137775883078575,0.03832336142659187,0.04043136537075043,0.04247782751917839,0.05714757740497589
capture_pair,altered_fields_unique,dob|doe|face|name,maxpool,channel_diff_top5_share,561,0.17529509000068466,0.009023998204280504,0.15050402283668518,0.16962802410125732,0.1750721037387848,0.18142615258693695,0.20945623517036438
capture_pair,altered_fields_unique,dob|doe|face|name,maxpool,channel_diff_top10_share,561,0.3235607692264618,0.013252153634889673,0.2876981496810913,0.3152856230735779,0.32438361644744873,0.33255961537361145,0.3673810362815857
capture_pair,altered_fields_unique,dob|doe|face|name,maxpool,channel_diff_top32_share,561,0.8116571062813893,0.011754455669520894,0.7782199382781982,0.8040103316307068,0.812157928943634,0.820791482925415,0.8467333316802979
capture_pair,altered_fields_unique,dob|doe|face|name,maxpool,channel_diff_effective_channels,561,42.22295794427501,1.113272434838288,38.04296875,41.41044998168945,42.19225311279297,42.93388748168945,45.27552795410156
capture_pair,altered_fields_unique,dob|doe|face|name,maxpool,channel_diff_effective_fraction,561,0.659733717879297,0.01739488179434825,0.59442138671875,0.6470382809638977,0.6592539548873901,0.6708419919013977,0.7074301242828369
capture_pair,altered_fields_unique,dob|doe|face|name,layer1.0,cosine_similarity,561,0.9917563230808618,0.0021720147855534802,0.984502911567688,0.9903751611709595,0.9919685125350952,0.993461549282074,0.9961977601051331
capture_pair,altered_fields_unique,dob|doe|face|name,layer1.0,pearson_correlation,561,0.983214121132611,0.004335243085506144,0.9674296379089355,0.9803085923194885,0.9835463166236877,0.9864935278892517,0.9925462007522583
capture_pair,altered_fields_unique,dob|doe|face|name,layer1.0,relative_l2_distance,561,0.1273118811601411,0.016824412502686008,0.0872044712305069,0.11435789614915848,0.1267845630645752,0.13875776529312134,0.17612604796886444
capture_pair,altered_fields_unique,dob|doe|face|name,layer1.0,mean_absolute_difference,561,0.020426492049041702,0.00396685111826867,0.013418445363640785,0.017448481172323227,0.019961021840572357,0.022458378225564957,0.036252330988645554
capture_pair,altered_fields_unique,dob|doe|face|name,layer1.0,channel_diff_top1_share,561,0.03568907047218499,0.001245795945103031,0.030976133421063423,0.03492536395788193,0.035747021436691284,0.03652237355709076,0.04074426367878914
capture_pair,altered_fields_unique,dob|doe|face|name,layer1.0,channel_diff_top5_share,561,0.15758571400574398,0.0041634636976642415,0.1424521952867508,0.15493996441364288,0.1578054428100586,0.16058623790740967,0.1709810048341751
capture_pair,altered_fields_unique,dob|doe|face|name,layer1.0,channel_diff_top10_share,561,0.27704601853076577,0.007507731277729273,0.2543470859527588,0.27214422821998596,0.27684858441352844,0.2821201682090759,0.3049774467945099
capture_pair,altered_fields_unique,dob|doe|face|name,layer1.0,channel_diff_top32_share,561,0.6766380747371816,0.012482660684912605,0.6464424729347229,0.6686845421791077,0.6769676208496094,0.6843924522399902,0.7144179940223694
capture_pair,altered_fields_unique,dob|doe|face|name,layer1.0,channel_diff_effective_channels,561,52.69384891421612,0.9638278522062268,49.32078170776367,52.11177444458008,52.65217971801758,53.354427337646484,55.55118179321289
capture_pair,altered_fields_unique,dob|doe|face|name,layer1.0,channel_diff_effective_fraction,561,0.8233413892846269,0.015059810190722294,0.7706372141838074,0.8142464756965637,0.8226903080940247,0.8336629271507263,0.8679872155189514
capture_pair,altered_fields_unique,dob|doe|face|name,layer1.1,cosine_similarity,561,0.9864951306273381,0.003265720558025,0.9735195636749268,0.9847466945648193,0.9867937564849854,0.9887306690216064,0.9933847188949585
capture_pair,altered_fields_unique,dob|doe|face|name,layer1.1,pearson_correlation,561,0.974393823036323,0.0060596048648194675,0.9489391446113586,0.9712401032447815,0.9748965501785278,0.9785723686218262,0.9873929023742676
capture_pair,altered_fields_unique,dob|doe|face|name,layer1.1,relative_l2_distance,561,0.16319521702494,0.01952324823148346,0.11502935737371445,0.15012876689434052,0.16252262890338898,0.17466111481189728,0.23017893731594086
capture_pair,altered_fields_unique,dob|doe|face|name,layer1.1,mean_absolute_difference,561,0.03827530162246257,0.0064792832748118276,0.026871904730796814,0.0336056686937809,0.037226807326078415,0.04158978536725044,0.06399790197610855
capture_pair,altered_fields_unique,dob|doe|face|name,layer1.1,channel_diff_top1_share,561,0.031006998809157423,0.001578340574021182,0.027951842173933983,0.029928401112556458,0.030756907537579536,0.03179962933063507,0.03874779865145683
capture_pair,altered_fields_unique,dob|doe|face|name,layer1.1,channel_diff_top5_share,561,0.14263205968653667,0.0032644773647132422,0.13335920870304108,0.140366330742836,0.14259836077690125,0.14497989416122437,0.15146352350711823
capture_pair,altered_fields_unique,dob|doe|face|name,layer1.1,channel_diff_top10_share,561,0.26156737579700146,0.0054987167770713385,0.24596397578716278,0.2575085759162903,0.26179400086402893,0.26553332805633545,0.27707192301750183
capture_pair,altered_fields_unique,dob|doe|face|name,layer1.1,channel_diff_top32_share,561,0.6562741259627589,0.008841859630919918,0.632965087890625,0.6505792140960693,0.6570121645927429,0.6629540920257568,0.6758912801742554
capture_pair,altered_fields_unique,dob|doe|face|name,layer1.1,channel_diff_effective_channels,561,55.31100979973288,0.7084072435336917,53.5422477722168,54.76082992553711,55.252532958984375,55.81589126586914,57.17300796508789
capture_pair,altered_fields_unique,dob|doe|face|name,layer1.1,channel_diff_effective_fraction,561,0.8642345281208262,0.011068863180213932,0.8365976214408875,0.8556379675865173,0.8633208274841309,0.8721233010292053,0.8933282494544983
capture_pair,altered_fields_unique,dob|doe|face|name,layer2.0,cosine_similarity,561,0.9820897918121487,0.004672527951769125,0.9625107645988464,0.9796425700187683,0.9828434586524963,0.9853288531303406,0.9917117357254028
capture_pair,altered_fields_unique,dob|doe|face|name,layer2.0,pearson_correlation,561,0.9746011693209888,0.006629619375711952,0.9459656476974487,0.9711868762969971,0.9757662415504456,0.9791957139968872,0.9881266355514526
capture_pair,altered_fields_unique,dob|doe|face|name,layer2.0,relative_l2_distance,561,0.18778031126806868,0.02385080582039775,0.1287647783756256,0.1712968647480011,0.18525011837482452,0.20178526639938354,0.27387404441833496
capture_pair,altered_fields_unique,dob|doe|face|name,layer2.0,mean_absolute_difference,561,0.019500873717288494,0.003226667473616081,0.013478831388056278,0.017186462879180908,0.018941953778266907,0.02117016725242138,0.03138960897922516
capture_pair,altered_fields_unique,dob|doe|face|name,layer2.0,channel_diff_top1_share,561,0.01774884577103477,0.0028586402074178923,0.01347821019589901,0.015754733234643936,0.017222944647073746,0.019024817273020744,0.030555980280041695
capture_pair,altered_fields_unique,dob|doe|face|name,layer2.0,channel_diff_top5_share,561,0.07403395294399398,0.005248659866304154,0.06538552790880203,0.0705452561378479,0.07308419793844223,0.07658035308122635,0.09601502120494843
capture_pair,altered_fields_unique,dob|doe|face|name,layer2.0,channel_diff_top10_share,561,0.13720462546947806,0.007583275764799998,0.12256874144077301,0.1320551186800003,0.1356668323278427,0.14108920097351074,0.1735536754131317
capture_pair,altered_fields_unique,dob|doe|face|name,layer2.0,channel_diff_top32_share,561,0.3684077063133797,0.011729745546463678,0.341020405292511,0.35999631881713867,0.3667023777961731,0.37605151534080505,0.4164874851703644
capture_pair,altered_fields_unique,dob|doe|face|name,layer2.0,channel_diff_effective_channels,561,113.52770680582248,2.4562261235527707,102.6055908203125,112.15444946289062,114.02137756347656,115.30264282226562,118.48821258544922
capture_pair,altered_fields_unique,dob|doe|face|name,layer2.0,channel_diff_effective_fraction,561,0.8869352094204881,0.01918926659025602,0.8016061782836914,0.876206636428833,0.8907920122146606,0.9008018970489502,0.925689160823822
capture_pair,altered_fields_unique,dob|doe|face|name,layer2.1,cosine_similarity,561,0.978446077747991,0.005943784884080253,0.9559309482574463,0.9756701588630676,0.9794182181358337,0.9825305342674255,0.9904389381408691
capture_pair,altered_fields_unique,dob|doe|face|name,layer2.1,pearson_correlation,561,0.9706122663781818,0.008164513755770302,0.9388077259063721,0.9668402075767517,0.9720197916030884,0.9762541055679321,0.9868613481521606
capture_pair,altered_fields_unique,dob|doe|face|name,layer2.1,relative_l2_distance,561,0.20583686492872322,0.027508621239154,0.13828417658805847,0.18692658841609955,0.20290888845920563,0.2206067442893982,0.29691770672798157
capture_pair,altered_fields_unique,dob|doe|face|name,layer2.1,mean_absolute_difference,561,0.021915910134686294,0.0036907001983646505,0.015133111737668514,0.01915988139808178,0.021339474245905876,0.023863865062594414,0.03483821079134941
capture_pair,altered_fields_unique,dob|doe|face|name,layer2.1,channel_diff_top1_share,561,0.01438223019096197,0.0016122439886411967,0.01153916772454977,0.013153580948710442,0.01414745394140482,0.015148730017244816,0.022304417565464973
capture_pair,altered_fields_unique,dob|doe|face|name,layer2.1,channel_diff_top5_share,561,0.06464959292567987,0.004064295979379452,0.057268232107162476,0.06160677224397659,0.0638524740934372,0.06693427264690399,0.0818435475230217
capture_pair,altered_fields_unique,dob|doe|face|name,layer2.1,channel_diff_top10_share,561,0.12161622961415326,0.0056871908212528886,0.1098518893122673,0.11758894473314285,0.12059641629457474,0.1249522939324379,0.1470673680305481
capture_pair,altered_fields_unique,dob|doe|face|name,layer2.1,channel_diff_top32_share,561,0.34195659372045817,0.009166177214757133,0.3211354911327362,0.33531486988067627,0.34068313241004944,0.34631821513175964,0.379700630903244
capture_pair,altered_fields_unique,dob|doe|face|name,layer2.1,channel_diff_effective_channels,561,117.97727754154307,1.561511820170861,111.6932373046875,117.16972351074219,118.2548828125,119.08544921875,121.47969818115234
capture_pair,altered_fields_unique,dob|doe|face|name,layer2.1,channel_diff_effective_fraction,561,0.9216974807933053,0.012199311095084852,0.8726034164428711,0.9153884649276733,0.9238662719726562,0.9303550720214844,0.9490601420402527
capture_pair,altered_fields_unique,dob|doe|face|name,layer3.0,cosine_similarity,561,0.9817839595298291,0.006130889779691967,0.9577398300170898,0.9792172908782959,0.9830464124679565,0.9859196543693542,0.993634045124054
capture_pair,altered_fields_unique,dob|doe|face|name,layer3.0,pearson_correlation,561,0.9752009331436293,0.008419884682835417,0.9427433609962463,0.9716218113899231,0.9769971370697021,0.9809885621070862,0.991218090057373
capture_pair,altered_fields_unique,dob|doe|face|name,layer3.0,relative_l2_distance,561,0.18865058536569915,0.030487391895837792,0.11283902078866959,0.16797219216823578,0.18438492715358734,0.20421354472637177,0.2933761179447174
capture_pair,altered_fields_unique,dob|doe|face|name,layer3.0,mean_absolute_difference,561,0.013777903749303703,0.0024945423873845044,0.00877606775611639,0.011970896273851395,0.013362490572035313,0.015014681033790112,0.02290799841284752
capture_pair,altered_fields_unique,dob|doe|face|name,layer3.0,channel_diff_top1_share,561,0.01019599598810847,0.001807616676492437,0.007608955260366201,0.008884504437446594,0.009721113368868828,0.010990391485393047,0.02189950831234455
capture_pair,altered_fields_unique,dob|doe|face|name,layer3.0,channel_diff_top5_share,561,0.043676327854235544,0.0037886479841203052,0.03637306019663811,0.04091620817780495,0.043231673538684845,0.04595214128494263,0.056469667702913284
capture_pair,altered_fields_unique,dob|doe|face|name,layer3.0,channel_diff_top10_share,561,0.08033620477147706,0.004984266489862778,0.06939846277236938,0.07667962461709976,0.07996296137571335,0.08338119834661484,0.09758071601390839
capture_pair,altered_fields_unique,dob|doe|face|name,layer3.0,channel_diff_top32_share,561,0.21893971518292996,0.007741515215908265,0.1984102576971054,0.21356022357940674,0.21892167627811432,0.2244648039340973,0.25340893864631653
capture_pair,altered_fields_unique,dob|doe|face|name,layer3.0,channel_diff_effective_channels,561,215.94096382671498,4.62137242216923,197.51577758789062,212.72267150878906,216.04525756835938,219.43263244628906,227.16468811035156
capture_pair,altered_fields_unique,dob|doe|face|name,layer3.0,channel_diff_effective_fraction,561,0.8435193899481054,0.018052236024098556,0.7715460062026978,0.8309479355812073,0.8439267873764038,0.8571587204933167,0.8873620629310608
capture_pair,altered_fields_unique,dob|doe|face|name,layer3.1,cosine_similarity,561,0.9807785666562656,0.007075303520846113,0.9556918740272522,0.9776993989944458,0.9824460744857788,0.9856687188148499,0.9938478469848633
capture_pair,altered_fields_unique,dob|doe|face|name,layer3.1,pearson_correlation,561,0.9742830607130353,0.00948643700773533,0.9401800632476807,0.9702185392379761,0.9765706062316895,0.9807462692260742,0.9917698502540588
capture_pair,altered_fields_unique,dob|doe|face|name,layer3.1,relative_l2_distance,561,0.19340417095843485,0.03422282264110764,0.11097661405801773,0.1697576940059662,0.18761210143566132,0.2112528532743454,0.29846304655075073
capture_pair,altered_fields_unique,dob|doe|face|name,layer3.1,mean_absolute_difference,561,0.014722492109233789,0.0026860525513235007,0.009335472248494625,0.01281794160604477,0.01422140747308731,0.01615872047841549,0.023952532559633255
capture_pair,altered_fields_unique,dob|doe|face|name,layer3.1,channel_diff_top1_share,561,0.011410641177671956,0.0022470287085423835,0.007771763484925032,0.009673431515693665,0.010839186608791351,0.012667876668274403,0.021314071491360664
capture_pair,altered_fields_unique,dob|doe|face|name,layer3.1,channel_diff_top5_share,561,0.046861162844135586,0.004424336138582862,0.03695494681596756,0.04370564967393875,0.04627301171422005,0.04941318556666374,0.06639548391103745
capture_pair,altered_fields_unique,dob|doe|face|name,layer3.1,channel_diff_top10_share,561,0.08539172288515139,0.005597207877588348,0.07124006003141403,0.08156478404998779,0.08480902016162872,0.08864519000053406,0.10836631059646606
capture_pair,altered_fields_unique,dob|doe|face|name,layer3.1,channel_diff_top32_share,561,0.23010505231200268,0.008720166430673366,0.20745475590229034,0.22396978735923767,0.23020653426647186,0.23569059371948242,0.2566089630126953
capture_pair,altered_fields_unique,dob|doe|face|name,layer3.1,channel_diff_effective_channels,561,211.21317687009108,5.222442326498076,193.51779174804688,207.9900360107422,211.15184020996094,214.94534301757812,224.4640655517578
capture_pair,altered_fields_unique,dob|doe|face|name,layer3.1,channel_diff_effective_fraction,561,0.8250514721487933,0.020400165337883108,0.7559288740158081,0.8124610781669617,0.8248118758201599,0.8396302461624146,0.876812756061554
capture_pair,altered_fields_unique,dob|doe|face|name,layer4.0,cosine_similarity,561,0.9698036300307289,0.014492279497943523,0.9093602299690247,0.9643979072570801,0.9729856848716736,0.980358362197876,0.992009699344635
capture_pair,altered_fields_unique,dob|doe|face|name,layer4.0,pearson_correlation,561,0.9660617210860771,0.016331291548607744,0.8978752493858337,0.9599652290344238,0.9697547554969788,0.97795170545578,0.9910044074058533
capture_pair,altered_fields_unique,dob|doe|face|name,layer4.0,relative_l2_distance,561,0.23987222854678855,0.055072319389518315,0.12666063010692596,0.1987328678369522,0.23296645283699036,0.267253041267395,0.4262378513813019
capture_pair,altered_fields_unique,dob|doe|face|name,layer4.0,mean_absolute_difference,561,0.010977128336335568,0.0024100465585541325,0.006444348953664303,0.009294580668210983,0.010488597676157951,0.01223865058273077,0.019225746393203735
capture_pair,altered_fields_unique,dob|doe|face|name,layer4.0,channel_diff_top1_share,561,0.009256126115068713,0.0012572604936769219,0.006751283537596464,0.008305941708385944,0.009087183512747288,0.00992995873093605,0.015406053513288498
capture_pair,altered_fields_unique,dob|doe|face|name,layer4.0,channel_diff_top5_share,561,0.040020044202419953,0.003363238037373859,0.03129236772656441,0.03748476505279541,0.0398310050368309,0.04226181283593178,0.05176094174385071
capture_pair,altered_fields_unique,dob|doe|face|name,layer4.0,channel_diff_top10_share,561,0.07310882796418858,0.005105016064770895,0.0604313462972641,0.06961742043495178,0.07271552830934525,0.07633589953184128,0.08679717779159546
capture_pair,altered_fields_unique,dob|doe|face|name,layer4.0,channel_diff_top32_share,561,0.19208807890002952,0.010257306786013134,0.16724616289138794,0.18507929146289825,0.1914023607969284,0.19817855954170227,0.22793298959732056
capture_pair,altered_fields_unique,dob|doe|face|name,layer4.0,channel_diff_effective_channels,561,305.0794874657072,14.523562048989886,261.8582458496094,296.2537841796875,306.1044921875,315.99658203125,338.3946533203125
capture_pair,altered_fields_unique,dob|doe|face|name,layer4.0,channel_diff_effective_fraction,561,0.5958583739564594,0.02836633212693337,0.5114418864250183,0.5786206722259521,0.5978603363037109,0.6171808242797852,0.6609270572662354
capture_pair,altered_fields_unique,dob|doe|face|name,layer4.1,cosine_similarity,561,0.9608947203333578,0.027740815917275778,0.8387590646743774,0.9508371353149414,0.9700092077255249,0.9804902672767639,0.9925658702850342
capture_pair,altered_fields_unique,dob|doe|face|name,layer4.1,pearson_correlation,561,0.9465629171560155,0.03694200771741442,0.7816084623336792,0.9332029819488525,0.9580112099647522,0.9726436138153076,0.9895727038383484
capture_pair,altered_fields_unique,dob|doe|face|name,layer4.1,relative_l2_distance,561,0.26691642896323703,0.09011970738266624,0.12208247929811478,0.19801847636699677,0.24534477293491364,0.3174189627170563,0.5696657299995422
capture_pair,altered_fields_unique,dob|doe|face|name,layer4.1,mean_absolute_difference,561,0.1465018831206728,0.04132616961805585,0.07467412203550339,0.1159919798374176,0.1391255259513855,0.16683371365070343,0.3015933036804199
capture_pair,altered_fields_unique,dob|doe|face|name,layer4.1,channel_diff_top1_share,561,0.007603827241389828,0.0014898651846218742,0.004945027641952038,0.0065595353953540325,0.007319382391870022,0.008477668277919292,0.014407751150429249
capture_pair,altered_fields_unique,dob|doe|face|name,layer4.1,channel_diff_top5_share,561,0.032010765085511456,0.0041104982270248076,0.023838452994823456,0.02909584529697895,0.03129461035132408,0.034732043743133545,0.046458180993795395
capture_pair,altered_fields_unique,dob|doe|face|name,layer4.1,channel_diff_top10_share,561,0.05824939635002889,0.006376550598838573,0.045386362820863724,0.053597304970026016,0.05732591450214386,0.06285908818244934,0.08232384920120239
capture_pair,altered_fields_unique,dob|doe|face|name,layer4.1,channel_diff_top32_share,561,0.15404178685576733,0.012623356858267674,0.13067054748535156,0.1447848081588745,0.15170663595199585,0.16255047917366028,0.19561833143234253
capture_pair,altered_fields_unique,dob|doe|face|name,layer4.1,channel_diff_effective_channels,561,376.6122789025944,19.45657168501172,320.4901123046875,364.3986511230469,379.836669921875,391.531982421875,414.9653015136719
capture_pair,altered_fields_unique,dob|doe|face|name,layer4.1,channel_diff_effective_fraction,561,0.7355708572316297,0.03800111657228852,0.6259572505950928,0.7117161154747009,0.7418684959411621,0.7647109031677246,0.8104791045188904
capture_pair,altered_fields_unique,dob|doe|face|name,avgpool,cosine_similarity,561,0.99045546095214,0.008131130917017821,0.942990243434906,0.9881614446640015,0.9933980703353882,0.9958407878875732,0.9985593557357788
capture_pair,altered_fields_unique,dob|doe|face|name,avgpool,pearson_correlation,561,0.9786495200877946,0.017640769780478065,0.8748185634613037,0.973751425743103,0.9846108555793762,0.9904049634933472,0.9966533184051514
capture_pair,altered_fields_unique,dob|doe|face|name,avgpool,relative_l2_distance,561,0.13104934465810789,0.05238929291512778,0.05438606068491936,0.09254319220781326,0.11690771579742432,0.15687216818332672,0.3436335325241089
capture_pair,altered_fields_unique,dob|doe|face|name,avgpool,mean_absolute_difference,561,0.0797664479696177,0.028873054621669534,0.03644606098532677,0.057530857622623444,0.07318131625652313,0.09414394199848175,0.1934606432914734
capture_pair,altered_fields_unique,dob|doe|face|name,avgpool,channel_diff_top1_share,561,0.012404120738042018,0.0023361886719938337,0.008072996512055397,0.010671217925846577,0.012066292576491833,0.013614588417112827,0.02259835973381996
capture_pair,altered_fields_unique,dob|doe|face|name,avgpool,channel_diff_top5_share,561,0.0509551746003768,0.005586455672732569,0.03790798410773277,0.04688098654150963,0.0504947230219841,0.05457218736410141,0.06973345577716827
capture_pair,altered_fields_unique,dob|doe|face|name,avgpool,channel_diff_top10_share,561,0.09072568770929666,0.008019924542408173,0.07217896729707718,0.08469208329916,0.09038046002388,0.09610550850629807,0.11536739021539688
capture_pair,altered_fields_unique,dob|doe|face|name,avgpool,channel_diff_top32_share,561,0.22669029860041784,0.014203511642097719,0.1920662522315979,0.21672303974628448,0.2257358431816101,0.2365746647119522,0.2779534161090851
capture_pair,altered_fields_unique,dob|doe|face|name,avgpool,channel_diff_effective_channels,561,264.9448526691838,15.226457847283788,218.4908905029297,253.54896545410156,265.84600830078125,275.7831115722656,304.6799621582031
capture_pair,altered_fields_unique,dob|doe|face|name,avgpool,channel_diff_effective_fraction,561,0.5174704153694996,0.02973917548297615,0.42674002051353455,0.4952128231525421,0.5192304849624634,0.5386388897895813,0.5950780510902405
capture_pair,altered_fields_unique,dob|doe|face|name_en,stem_relu,cosine_similarity,252,0.9903799827609744,0.002334955598840697,0.9840268492698669,0.9888037294149399,0.9904830157756805,0.9921628385782242,0.9960566163063049
capture_pair,altered_fields_unique,dob|doe|face|name_en,stem_relu,pearson_correlation,252,0.9816951281021512,0.004620335539605138,0.9692777991294861,0.9782412350177765,0.9819898009300232,0.9852142035961151,0.9928661584854126
capture_pair,altered_fields_unique,dob|doe|face|name_en,stem_relu,relative_l2_distance,252,0.13765031628547206,0.01717577092402249,0.08880672603845596,0.1252015009522438,0.13796580582857132,0.1496434099972248,0.178822860121727
capture_pair,altered_fields_unique,dob|doe|face|name_en,stem_relu,mean_absolute_difference,252,0.008627685555626475,0.0017015620396783316,0.005145523231476545,0.007512454409152269,0.008397134020924568,0.009469304932281375,0.0168169979006052
capture_pair,altered_fields_unique,dob|doe|face|name_en,stem_relu,channel_diff_top1_share,252,0.035120077933820465,0.002387089602710284,0.02922850102186203,0.033545407466590405,0.03510727360844612,0.03663902077823877,0.04468390718102455
capture_pair,altered_fields_unique,dob|doe|face|name_en,stem_relu,channel_diff_top5_share,252,0.1630548918767581,0.008467666022999927,0.14050400257110596,0.1575792357325554,0.1635887250304222,0.1692848801612854,0.19057755172252655
capture_pair,altered_fields_unique,dob|doe|face|name_en,stem_relu,channel_diff_top10_share,252,0.30905133343878244,0.0132361697023618,0.27410903573036194,0.30037514865398407,0.3107925206422806,0.3192296028137207,0.34355419874191284
capture_pair,altered_fields_unique,dob|doe|face|name_en,stem_relu,channel_diff_top32_share,252,0.8049204458319952,0.011269148415107419,0.7720219492912292,0.7976136654615402,0.8060147166252136,0.8133676648139954,0.8294432163238525
capture_pair,altered_fields_unique,dob|doe|face|name_en,stem_relu,channel_diff_effective_channels,252,42.85982298472571,0.9768584581579365,40.29783248901367,42.15357685089111,42.796918869018555,43.475417137145996,45.42219161987305
capture_pair,altered_fields_unique,dob|doe|face|name_en,stem_relu,channel_diff_effective_fraction,252,0.6696847341363392,0.015263413408717758,0.6296536326408386,0.6586496382951736,0.6687018573284149,0.6793033927679062,0.7097217440605164
capture_pair,altered_fields_unique,dob|doe|face|name_en,maxpool,cosine_similarity,252,0.994895151446736,0.0015116176092925167,0.9903994798660278,0.9936302304267883,0.995140939950943,0.9960654973983765,0.9977369904518127
capture_pair,altered_fields_unique,dob|doe|face|name_en,maxpool,pearson_correlation,252,0.9892409538465833,0.003122768168903593,0.9798982739448547,0.9867189228534698,0.9897574782371521,0.9916867464780807,0.9950982928276062
capture_pair,altered_fields_unique,dob|doe|face|name_en,maxpool,relative_l2_distance,252,0.09997643131230559,0.01496113671058806,0.06728056073188782,0.08872736431658268,0.09865382313728333,0.11291917972266674,0.13917557895183563
capture_pair,altered_fields_unique,dob|doe|face|name_en,maxpool,mean_absolute_difference,252,0.009551328239178964,0.0018491411262099892,0.005743843968957663,0.00827688886784017,0.009443683549761772,0.010450402274727821,0.018480224534869194
capture_pair,altered_fields_unique,dob|doe|face|name_en,maxpool,channel_diff_top1_share,252,0.0396946077530701,0.00337769611335327,0.03050181455910206,0.03733324818313122,0.03942916914820671,0.04198909644037485,0.05061555653810501
capture_pair,altered_fields_unique,dob|doe|face|name_en,maxpool,channel_diff_top5_share,252,0.1736133536176076,0.008948449495020631,0.14973922073841095,0.1673387549817562,0.17357808351516724,0.18019424006342888,0.19853250682353973
capture_pair,altered_fields_unique,dob|doe|face|name_en,maxpool,channel_diff_top10_share,252,0.32106685768517235,0.012978294115940866,0.28638213872909546,0.3133233115077019,0.3221551328897476,0.33043938130140305,0.3515312075614929
capture_pair,altered_fields_unique,dob|doe|face|name_en,maxpool,channel_diff_top32_share,252,0.807566655297128,0.01253486710543284,0.7656124234199524,0.7985720038414001,0.8083251118659973,0.8174765110015869,0.8383944630622864
capture_pair,altered_fields_unique,dob|doe|face|name_en,maxpool,channel_diff_effective_channels,252,42.53903413197351,1.1156004581026764,39.3850212097168,41.75967502593994,42.497703552246094,43.23107433319092,45.74179458618164
capture_pair,altered_fields_unique,dob|doe|face|name_en,maxpool,channel_diff_effective_fraction,252,0.6646724083120861,0.01743125715785432,0.615390956401825,0.6524949222803116,0.6640266180038452,0.6754855364561081,0.7147155404090881
capture_pair,altered_fields_unique,dob|doe|face|name_en,layer1.0,cosine_similarity,252,0.9924011698790959,0.002092654265061745,0.9833410978317261,0.9908552020788193,0.9927113056182861,0.993861585855484,0.9969519972801208
capture_pair,altered_fields_unique,dob|doe|face|name_en,layer1.0,pearson_correlation,252,0.9844952168918791,0.004290605166267946,0.9662554264068604,0.9813477396965027,0.9849626421928406,0.9875953942537308,0.993624746799469
capture_pair,altered_fields_unique,dob|doe|face|name_en,layer1.0,relative_l2_distance,252,0.12213166513376766,0.016895257947686034,0.07807876169681549,0.11081560514867306,0.12073677033185959,0.1352539211511612,0.18266066908836365
capture_pair,altered_fields_unique,dob|doe|face|name_en,layer1.0,mean_absolute_difference,252,0.018928739035295114,0.0035807892449975834,0.01173180527985096,0.016596051864326,0.018482284620404243,0.020750210154801607,0.03788088262081146
capture_pair,altered_fields_unique,dob|doe|face|name_en,layer1.0,channel_diff_top1_share,252,0.035980168582191545,0.0012656448447349558,0.032213397324085236,0.03510393761098385,0.03588668629527092,0.03683881275355816,0.04020589217543602
capture_pair,altered_fields_unique,dob|doe|face|name_en,layer1.0,channel_diff_top5_share,252,0.15823505257093717,0.0037497847231185164,0.148103266954422,0.15570131316781044,0.1579192578792572,0.16075193509459496,0.1712084412574768
capture_pair,altered_fields_unique,dob|doe|face|name_en,layer1.0,channel_diff_top10_share,252,0.27726832469777457,0.006573275923267979,0.25966569781303406,0.27243097871541977,0.2774612307548523,0.2815500646829605,0.2944057285785675
capture_pair,altered_fields_unique,dob|doe|face|name_en,layer1.0,channel_diff_top32_share,252,0.6736611409319772,0.009969510401651466,0.6459323167800903,0.6673224121332169,0.6741668283939362,0.6811778694391251,0.6978338360786438
capture_pair,altered_fields_unique,dob|doe|face|name_en,layer1.0,channel_diff_effective_channels,252,52.937428413875516,0.7717730936787817,51.01520919799805,52.37080764770508,52.90047264099121,53.531803131103516,55.13710403442383
capture_pair,altered_fields_unique,dob|doe|face|name_en,layer1.0,channel_diff_effective_fraction,252,0.8271473189668049,0.012058954588730963,0.7971126437187195,0.8182938694953918,0.8265698850154877,0.8364344239234924,0.8615172505378723
capture_pair,altered_fields_unique,dob|doe|face|name_en,layer1.1,cosine_similarity,252,0.9880287240421961,0.003507914514905154,0.9693936109542847,0.9857967346906662,0.9883302450180054,0.9904525279998779,0.9951176643371582
capture_pair,altered_fields_unique,dob|doe|face|name_en,layer1.1,pearson_correlation,252,0.9771642990055538,0.006957191005400937,0.9411753416061401,0.9723838418722153,0.9777109026908875,0.9822576940059662,0.9909361600875854
capture_pair,altered_fields_unique,dob|doe|face|name_en,layer1.1,relative_l2_distance,252,0.15315962361083144,0.02211521398462454,0.09881677478551865,0.13818443194031715,0.15277859568595886,0.1685456559062004,0.2474427968263626
capture_pair,altered_fields_unique,dob|doe|face|name_en,layer1.1,mean_absolute_difference,252,0.03548991161265543,0.0065965619564600396,0.022228742018342018,0.030863350722938776,0.03501003049314022,0.03878529276698828,0.06988503038883209
capture_pair,altered_fields_unique,dob|doe|face|name_en,layer1.1,channel_diff_top1_share,252,0.031767762850023924,0.001117973801677729,0.0283992737531662,0.030976427718997,0.03175401873886585,0.03249742276966572,0.03562915325164795
capture_pair,altered_fields_unique,dob|doe|face|name_en,layer1.1,channel_diff_top5_share,252,0.1448565735703423,0.003235096814961537,0.13380059599876404,0.14252477884292603,0.14475710690021515,0.14681632071733475,0.1543537974357605
capture_pair,altered_fields_unique,dob|doe|face|name_en,layer1.1,channel_diff_top10_share,252,0.26387913223533405,0.004955867574755908,0.24710562825202942,0.2605215758085251,0.2639533579349518,0.267000213265419,0.27985644340515137
capture_pair,altered_fields_unique,dob|doe|face|name_en,layer1.1,channel_diff_top32_share,252,0.6549433980669294,0.00830979903132507,0.6363908648490906,0.6480262577533722,0.6553201079368591,0.6617974042892456,0.6750507950782776
capture_pair,altered_fields_unique,dob|doe|face|name_en,layer1.1,channel_diff_effective_channels,252,55.25828096601698,0.6597514254221278,53.17952346801758,54.808281898498535,55.258792877197266,55.68150234222412,56.901790618896484
capture_pair,altered_fields_unique,dob|doe|face|name_en,layer1.1,channel_diff_effective_fraction,252,0.8634106400940154,0.010308616022220747,0.8309300541877747,0.8563794046640396,0.8634186387062073,0.8700234740972519,0.8890904784202576
capture_pair,altered_fields_unique,dob|doe|face|name_en,layer2.0,cosine_similarity,252,0.9848037139763908,0.004852591635364474,0.9556034803390503,0.9822467863559723,0.9851622581481934,0.9882695525884628,0.9945665597915649
capture_pair,altered_fields_unique,dob|doe|face|name_en,layer2.0,pearson_correlation,252,0.9784419971799093,0.006989404600321361,0.936557948589325,0.974668487906456,0.9786968231201172,0.9835806339979172,0.9923626184463501
capture_pair,altered_fields_unique,dob|doe|face|name_en,layer2.0,relative_l2_distance,252,0.17231349815570174,0.026616105272179762,0.10424526780843735,0.15317526832222939,0.17227792739868164,0.18844293802976608,0.2979976236820221
capture_pair,altered_fields_unique,dob|doe|face|name_en,layer2.0,mean_absolute_difference,252,0.018031677253366934,0.0034831084450321,0.011288847774267197,0.015558487270027399,0.017951871268451214,0.01970498263835907,0.03633725643157959
capture_pair,altered_fields_unique,dob|doe|face|name_en,layer2.0,channel_diff_top1_share,252,0.015328670190351586,0.0013458466123069518,0.01272218395024538,0.01441378309391439,0.015056909061968327,0.01604433450847864,0.021157674491405487
capture_pair,altered_fields_unique,dob|doe|face|name_en,layer2.0,channel_diff_top5_share,252,0.06979541554455719,0.0031838767211579662,0.06259118765592575,0.06736502796411514,0.06937473267316818,0.07166647166013718,0.08092515170574188
capture_pair,altered_fields_unique,dob|doe|face|name_en,layer2.0,channel_diff_top10_share,252,0.13116360795758072,0.0043390652683833195,0.1216370165348053,0.12800030037760735,0.13094015419483185,0.13364077731966972,0.14713305234909058
capture_pair,altered_fields_unique,dob|doe|face|name_en,layer2.0,channel_diff_top32_share,252,0.35968142251173657,0.00837317102988455,0.34438344836235046,0.3535976782441139,0.35860615968704224,0.3646967113018036,0.3907732367515564
capture_pair,altered_fields_unique,dob|doe|face|name_en,layer2.0,channel_diff_effective_channels,252,115.42778905232747,1.5292395092318873,110.49915313720703,114.41550254821777,115.50590896606445,116.62927436828613,118.36444854736328
capture_pair,altered_fields_unique,dob|doe|face|name_en,layer2.0,channel_diff_effective_fraction,252,0.9017796019713084,0.01194718366587412,0.8632746338844299,0.8938711136579514,0.9023899137973785,0.9111662060022354,0.9247222542762756
capture_pair,altered_fields_unique,dob|doe|face|name_en,layer2.1,cosine_similarity,252,0.981260083024464,0.006207852274398222,0.9453307390213013,0.9781625270843506,0.9819556772708893,0.985568106174469,0.9929077625274658
capture_pair,altered_fields_unique,dob|doe|face|name_en,layer2.1,pearson_correlation,252,0.974505930902466,0.00845418101177733,0.9256193041801453,0.9703063368797302,0.9753639996051788,0.9803409427404404,0.9903790950775146
capture_pair,altered_fields_unique,dob|doe|face|name_en,layer2.1,relative_l2_distance,252,0.19120824502574074,0.03052671842916973,0.11909930408000946,0.16994664072990417,0.18998796492815018,0.20902648195624352,0.3306785225868225
capture_pair,altered_fields_unique,dob|doe|face|name_en,layer2.1,mean_absolute_difference,252,0.020271688936248658,0.003868835635238098,0.012723661959171295,0.01772649958729744,0.020098526030778885,0.022088794503360987,0.04010261595249176
capture_pair,altered_fields_unique,dob|doe|face|name_en,layer2.1,channel_diff_top1_share,252,0.013412276316168053,0.0009243893175443763,0.011833742260932922,0.012770538218319416,0.013270716648548841,0.013872432755306363,0.017695143818855286
capture_pair,altered_fields_unique,dob|doe|face|name_en,layer2.1,channel_diff_top5_share,252,0.061806820850405425,0.002574641748075421,0.0562196746468544,0.06014355644583702,0.06142687052488327,0.06331343948841095,0.07001974433660507
capture_pair,altered_fields_unique,dob|doe|face|name_en,layer2.1,channel_diff_top10_share,252,0.11760855120207582,0.0038598419470099654,0.10880978405475616,0.11496391706168652,0.11717528104782104,0.11996684409677982,0.12978659570217133
capture_pair,altered_fields_unique,dob|doe|face|name_en,layer2.1,channel_diff_top32_share,252,0.3372726136493304,0.007034198000062101,0.3212921619415283,0.3323826268315315,0.3372245132923126,0.34170275181531906,0.35822317004203796
capture_pair,altered_fields_unique,dob|doe|face|name_en,layer2.1,channel_diff_effective_channels,252,119.21509718516516,1.1206745339619153,116.05438995361328,118.50649452209473,119.22430419921875,120.04951286315918,121.72251892089844
capture_pair,altered_fields_unique,dob|doe|face|name_en,layer2.1,channel_diff_effective_fraction,252,0.9313679467591028,0.008755269796577463,0.9066749215126038,0.925831988453865,0.9314398765563965,0.9378868192434311,0.950957179069519
capture_pair,altered_fields_unique,dob|doe|face|name_en,layer3.0,cosine_similarity,252,0.9845365995452517,0.005161321684117667,0.9585692286491394,0.9818422794342041,0.9852141737937927,0.9876128733158112,0.9945698976516724
capture_pair,altered_fields_unique,dob|doe|face|name_en,layer3.0,pearson_correlation,252,0.9789540571352792,0.006978676533684917,0.9437462687492371,0.9754048585891724,0.9798761904239655,0.983067125082016,0.9925745725631714
capture_pair,altered_fields_unique,dob|doe|face|name_en,layer3.0,relative_l2_distance,252,0.1737178543966914,0.02831464598354302,0.10421577095985413,0.15744109451770782,0.17202910035848618,0.19060079008340836,0.2878623902797699
capture_pair,altered_fields_unique,dob|doe|face|name_en,layer3.0,mean_absolute_difference,252,0.012633224744127975,0.0023772308516207246,0.007811561692506075,0.011007169261574745,0.012647089548408985,0.013726815348491073,0.024035030975937843
capture_pair,altered_fields_unique,dob|doe|face|name_en,layer3.0,channel_diff_top1_share,252,0.009870561909684468,0.0013741450455901716,0.0075360131449997425,0.008919332409277558,0.009517938364297152,0.010685291141271591,0.01488439179956913
capture_pair,altered_fields_unique,dob|doe|face|name_en,layer3.0,channel_diff_top5_share,252,0.042406561133998724,0.0028963315782466656,0.03694310784339905,0.04048660211265087,0.04229164868593216,0.044062414206564426,0.05314699187874794
capture_pair,altered_fields_unique,dob|doe|face|name_en,layer3.0,channel_diff_top10_share,252,0.07841289605176638,0.0037501638202591336,0.0707252100110054,0.07573194429278374,0.07820858061313629,0.08041727542877197,0.09125450253486633
capture_pair,altered_fields_unique,dob|doe|face|name_en,layer3.0,channel_diff_top32_share,252,0.21556337272363996,0.0057487094573672876,0.20222961902618408,0.2114112265408039,0.2153519093990326,0.2191745489835739,0.2309366762638092
capture_pair,altered_fields_unique,dob|doe|face|name_en,layer3.0,channel_diff_effective_channels,252,217.86105776590014,3.4042107275899185,208.40231323242188,215.7906265258789,218.11304473876953,220.4262809753418,226.0863494873047
capture_pair,altered_fields_unique,dob|doe|face|name_en,layer3.0,channel_diff_effective_fraction,252,0.8510197568980474,0.013297698154648119,0.814071536064148,0.8429321348667145,0.8520040810108185,0.8610401600599289,0.8831498026847839
capture_pair,altered_fields_unique,dob|doe|face|name_en,layer3.1,cosine_similarity,252,0.983751450975736,0.0056004825129044415,0.9590343832969666,0.9811457544565201,0.984318882226944,0.9871330112218857,0.9941109418869019
capture_pair,altered_fields_unique,dob|doe|face|name_en,layer3.1,pearson_correlation,252,0.9781320350510734,0.007539943715441743,0.9451097249984741,0.9746209233999252,0.9789539873600006,0.9826166033744812,0.9920792579650879
capture_pair,altered_fields_unique,dob|doe|face|name_en,layer3.1,relative_l2_distance,252,0.1779895146037378,0.029880553322831245,0.10852688550949097,0.16061543300747871,0.17729809880256653,0.19426102191209793,0.2865380644798279
capture_pair,altered_fields_unique,dob|doe|face|name_en,layer3.1,mean_absolute_difference,252,0.013650335556280518,0.0025816347887123634,0.008198554627597332,0.012022204231470823,0.013552353251725435,0.015013567404821515,0.025783512741327286
capture_pair,altered_fields_unique,dob|doe|face|name_en,layer3.1,channel_diff_top1_share,252,0.010994584395712803,0.0020330682369852863,0.007944394834339619,0.009513715747743845,0.010532218497246504,0.011964302277192473,0.01965191774070263
capture_pair,altered_fields_unique,dob|doe|face|name_en,layer3.1,channel_diff_top5_share,252,0.04547246125718904,0.0036346980375009125,0.037745676934719086,0.042863949202001095,0.044997334480285645,0.04762614704668522,0.05764766409993172
capture_pair,altered_fields_unique,dob|doe|face|name_en,layer3.1,channel_diff_top10_share,252,0.08310968934425286,0.004704711859615928,0.0730670690536499,0.07978586293756962,0.08245370164513588,0.08603018335998058,0.09679773449897766
capture_pair,altered_fields_unique,dob|doe|face|name_en,layer3.1,channel_diff_top32_share,252,0.22538822877501685,0.007314352427872422,0.20984184741973877,0.22019528970122337,0.2250448763370514,0.23050104081630707,0.24546651542186737
capture_pair,altered_fields_unique,dob|doe|face|name_en,layer3.1,channel_diff_effective_channels,252,213.9412743099152,4.062327677368969,201.37860107421875,211.5111541748047,214.22415161132812,216.63650512695312,223.99905395507812
capture_pair,altered_fields_unique,dob|doe|face|name_en,layer3.1,channel_diff_effective_fraction,252,0.8357081027731063,0.015868467489722534,0.786635160446167,0.8262154459953308,0.8368130922317505,0.8462363481521606,0.8749963045120239
capture_pair,altered_fields_unique,dob|doe|face|name_en,layer4.0,cosine_similarity,252,0.975436245165174,0.011408624913024823,0.9145889282226562,0.9704098999500275,0.9777571260929108,0.9829868376255035,0.9939762353897095
capture_pair,altered_fields_unique,dob|doe|face|name_en,layer4.0,pearson_correlation,252,0.9723370631062795,0.01284203895352733,0.9040470123291016,0.9666102528572083,0.9749009609222412,0.9808268696069717,0.9932152628898621
capture_pair,altered_fields_unique,dob|doe|face|name_en,layer4.0,relative_l2_distance,252,0.21651043228450276,0.04892303361916756,0.10979749262332916,0.1844923160970211,0.2110370323061943,0.24333593621850014,0.4133285880088806
capture_pair,altered_fields_unique,dob|doe|face|name_en,layer4.0,mean_absolute_difference,252,0.009989795319381215,0.0020066510287941757,0.005568704102188349,0.00861756969243288,0.009977926965802908,0.011098245158791542,0.017117885872721672
capture_pair,altered_fields_unique,dob|doe|face|name_en,layer4.0,channel_diff_top1_share,252,0.009705817149508567,0.001367121230055818,0.007514263968914747,0.008713002316653728,0.009455496445298195,0.010351736331358552,0.014486191794276237
capture_pair,altered_fields_unique,dob|doe|face|name_en,layer4.0,channel_diff_top5_share,252,0.041106505245561635,0.003145381930335604,0.03487462177872658,0.03867511171847582,0.04077530279755592,0.043114558793604374,0.050366126000881195
capture_pair,altered_fields_unique,dob|doe|face|name_en,layer4.0,channel_diff_top10_share,252,0.07435562018127669,0.00452252130245856,0.06370509415864944,0.071076774969697,0.07413402199745178,0.07751215808093548,0.08782199770212173
capture_pair,altered_fields_unique,dob|doe|face|name_en,layer4.0,channel_diff_top32_share,252,0.19296640163612744,0.008722877961407235,0.17230288684368134,0.18710821121931076,0.19275923073291779,0.1989039108157158,0.2128867357969284
capture_pair,altered_fields_unique,dob|doe|face|name_en,layer4.0,channel_diff_effective_channels,252,305.7580136495923,11.409138247146561,276.799072265625,298.6149139404297,305.59393310546875,313.5070266723633,331.9007873535156
capture_pair,altered_fields_unique,dob|doe|face|name_en,layer4.0,channel_diff_effective_fraction,252,0.59718362040936,0.022283473138958128,0.5406231880187988,0.5832322537899017,0.5968631505966187,0.6123184114694595,0.6482437252998352
capture_pair,altered_fields_unique,dob|doe|face|name_en,layer4.1,cosine_similarity,252,0.9715017177282818,0.01804774521788816,0.8866997957229614,0.9655150920152664,0.9770562946796417,0.9831919372081757,0.9949601292610168
capture_pair,altered_fields_unique,dob|doe|face|name_en,layer4.1,pearson_correlation,252,0.9601411828919063,0.025355760930404585,0.8410257697105408,0.9522251337766647,0.9678791463375092,0.976627305150032,0.9929127097129822
capture_pair,altered_fields_unique,dob|doe|face|name_en,layer4.1,relative_l2_distance,252,0.23056835539284207,0.06931734457040835,0.10040256381034851,0.18444666638970375,0.21586041897535324,0.2630767300724983,0.4819205105304718
capture_pair,altered_fields_unique,dob|doe|face|name_en,layer4.1,mean_absolute_difference,252,0.1289104734591785,0.03337317826378837,0.05896720662713051,0.1044964212924242,0.1237877793610096,0.14787385985255241,0.24109767377376556
capture_pair,altered_fields_unique,dob|doe|face|name_en,layer4.1,channel_diff_top1_share,252,0.0073664322687638185,0.0013101990950913295,0.005103723146021366,0.00635060272179544,0.0072647519409656525,0.008120102807879448,0.01187560148537159
capture_pair,altered_fields_unique,dob|doe|face|name_en,layer4.1,channel_diff_top5_share,252,0.031073185563501384,0.003918793637840102,0.02353633940219879,0.02878896566107869,0.030283909291028976,0.03277687914669514,0.05031857267022133
capture_pair,altered_fields_unique,dob|doe|face|name_en,layer4.1,channel_diff_top10_share,252,0.056544850284736305,0.006067510626704663,0.04526112973690033,0.05302897095680237,0.05528783053159714,0.05935537535697222,0.08311159163713455
capture_pair,altered_fields_unique,dob|doe|face|name_en,layer4.1,channel_diff_top32_share,252,0.14970542248042804,0.011528164242998556,0.12712913751602173,0.14244413375854492,0.14753596484661102,0.15525728464126587,0.19748243689537048
capture_pair,altered_fields_unique,dob|doe|face|name_en,layer4.1,channel_diff_effective_channels,252,383.4095466250465,17.914756504422574,318.54595947265625,373.5119857788086,385.03216552734375,394.9785461425781,421.5817565917969
capture_pair,altered_fields_unique,dob|doe|face|name_en,layer4.1,channel_diff_effective_fraction,252,0.748846770752044,0.03498975879770034,0.6221600770950317,0.7295155972242355,0.7520159482955933,0.7714424729347229,0.8234018683433533
capture_pair,altered_fields_unique,dob|doe|face|name_en,avgpool,cosine_similarity,252,0.9941965736567028,0.004141400002811336,0.974626898765564,0.9931620359420776,0.9954882264137268,0.9967319071292877,0.9992684721946716
capture_pair,altered_fields_unique,dob|doe|face|name_en,avgpool,pearson_correlation,252,0.9870749976899889,0.009354445212370546,0.9432585835456848,0.9845247715711594,0.98991259932518,0.9931578785181046,0.9982801079750061
capture_pair,altered_fields_unique,dob|doe|face|name_en,avgpool,relative_l2_distance,252,0.10455278802426561,0.03479755953451439,0.03827706351876259,0.0818442739546299,0.09744107350707054,0.11909463442862034,0.23421716690063477
capture_pair,altered_fields_unique,dob|doe|face|name_en,avgpool,mean_absolute_difference,252,0.06672789877842343,0.022077647776128046,0.02335124835371971,0.05193143617361784,0.06254710257053375,0.07803421281278133,0.15677884221076965
capture_pair,altered_fields_unique,dob|doe|face|name_en,avgpool,channel_diff_top1_share,252,0.012054672959955439,0.0022000026228553484,0.0077322376891970634,0.010566813638433814,0.011573666241019964,0.013149754144251347,0.02114030160009861
capture_pair,altered_fields_unique,dob|doe|face|name_en,avgpool,channel_diff_top5_share,252,0.04957558165880896,0.005275173752201717,0.03751394897699356,0.04584152065217495,0.04952151142060757,0.05281267315149307,0.07686753571033478
capture_pair,altered_fields_unique,dob|doe|face|name_en,avgpool,channel_diff_top10_share,252,0.08837219555344847,0.007513610756259747,0.07221318781375885,0.08320031687617302,0.08788037672638893,0.0930748675018549,0.12519146502017975
capture_pair,altered_fields_unique,dob|doe|face|name_en,avgpool,channel_diff_top32_share,252,0.2217140451428436,0.013004696430134712,0.19412007927894592,0.21218601241707802,0.2220812365412712,0.22924058139324188,0.2702905833721161
capture_pair,altered_fields_unique,dob|doe|face|name_en,avgpool,channel_diff_effective_channels,252,270.778750888885,14.635454007224093,218.37811279296875,261.67747497558594,271.1426544189453,281.16902923583984,303.31201171875
capture_pair,altered_fields_unique,dob|doe|face|name_en,avgpool,channel_diff_effective_fraction,252,0.5288647478298535,0.028584871107859556,0.4265197515487671,0.5110888183116913,0.5295754969120026,0.5491582602262497,0.5924062728881836
capture_pair,altered_fields_unique,dob|doe|face|name_other,stem_relu,cosine_similarity,24,0.9926909183462461,0.001302227973674276,0.9901777505874634,0.9919979274272919,0.99247145652771,0.9938305467367172,0.9947451949119568
capture_pair,altered_fields_unique,dob|doe|face|name_other,stem_relu,pearson_correlation,24,0.9863937770326933,0.002573167911791423,0.9813445806503296,0.985038086771965,0.9860647916793823,0.9889494031667709,0.9906875491142273
capture_pair,altered_fields_unique,dob|doe|face|name_other,stem_relu,relative_l2_distance,24,0.12044048588722944,0.010850993526854745,0.10251737385988235,0.11107634007930756,0.1227094940841198,0.1265026442706585,0.1401585042476654
capture_pair,altered_fields_unique,dob|doe|face|name_other,stem_relu,mean_absolute_difference,24,0.007621572236530483,0.0010201985085452625,0.006092703435570002,0.006795025197789073,0.007552273105829954,0.008386600064113736,0.009336432442069054
capture_pair,altered_fields_unique,dob|doe|face|name_other,stem_relu,channel_diff_top1_share,24,0.03757584157089392,0.0025183364271300314,0.03207991644740105,0.036393048241734505,0.03737732954323292,0.038355893455445766,0.04350299388170242
capture_pair,altered_fields_unique,dob|doe|face|name_other,stem_relu,channel_diff_top5_share,24,0.17007012789448103,0.008478381488698518,0.152604341506958,0.1645704135298729,0.16877304017543793,0.17510243877768517,0.18626680970191956
capture_pair,altered_fields_unique,dob|doe|face|name_other,stem_relu,channel_diff_top10_share,24,0.31760543088118237,0.01177761792277625,0.29034072160720825,0.30986160784959793,0.31691524386405945,0.3267151936888695,0.3410494327545166
capture_pair,altered_fields_unique,dob|doe|face|name_other,stem_relu,channel_diff_top32_share,24,0.8167021572589874,0.009788375162818058,0.7948725819587708,0.8099773675203323,0.8167315125465393,0.8241093307733536,0.8349924683570862
capture_pair,altered_fields_unique,dob|doe|face|name_other,stem_relu,channel_diff_effective_channels,24,41.92964871724447,0.8975520104461087,40.109107971191406,41.30007362365723,42.04344940185547,42.50054454803467,43.93947219848633
capture_pair,altered_fields_unique,dob|doe|face|name_other,stem_relu,channel_diff_effective_fraction,24,0.6551507612069448,0.014024250163220448,0.6267048120498657,0.6453136503696442,0.6569288969039917,0.6640710085630417,0.6865542531013489
capture_pair,altered_fields_unique,dob|doe|face|name_other,maxpool,cosine_similarity,24,0.9966111307342848,0.0005191972249396095,0.9956762194633484,0.9963034689426422,0.9965433478355408,0.9970549643039703,0.9975357055664062
capture_pair,altered_fields_unique,dob|doe|face|name_other,maxpool,pearson_correlation,24,0.9930789122978846,0.0010715805079548723,0.9909378886222839,0.9925423562526703,0.9928800463676453,0.9940279573202133,0.9950690865516663
capture_pair,altered_fields_unique,dob|doe|face|name_other,maxpool,relative_l2_distance,24,0.08211184417208035,0.006343820168236285,0.07020670920610428,0.07674891129136086,0.08316388353705406,0.08604510687291622,0.09307287633419037
capture_pair,altered_fields_unique,dob|doe|face|name_other,maxpool,mean_absolute_difference,24,0.008180524649408957,0.0010106874322475046,0.006595561280846596,0.007432424812577665,0.008189825806766748,0.008745190920308232,0.009878039360046387
capture_pair,altered_fields_unique,dob|doe|face|name_other,maxpool,channel_diff_top1_share,24,0.04216323125486573,0.0021547451446612955,0.03849515691399574,0.0403046365827322,0.04231962375342846,0.04402563627809286,0.046073220670223236
capture_pair,altered_fields_unique,dob|doe|face|name_other,maxpool,channel_diff_top5_share,24,0.17877037512759367,0.005519539962298373,0.16467581689357758,0.17476053535938263,0.18009012192487717,0.18270550668239594,0.18694843351840973
capture_pair,altered_fields_unique,dob|doe|face|name_other,maxpool,channel_diff_top10_share,24,0.3288594086964925,0.009534090070491177,0.3044884502887726,0.32203737646341324,0.33185671269893646,0.33536630868911743,0.34472352266311646
capture_pair,altered_fields_unique,dob|doe|face|name_other,maxpool,channel_diff_top32_share,24,0.8165512879689535,0.010170534013881056,0.7939722537994385,0.8116870671510696,0.8165356516838074,0.8241504728794098,0.8360976576805115
capture_pair,altered_fields_unique,dob|doe|face|name_other,maxpool,channel_diff_effective_channels,24,41.71356884638468,0.9007423750512188,40.008506774902344,41.044005393981934,41.67683410644531,42.15764904022217,43.903926849365234
capture_pair,altered_fields_unique,dob|doe|face|name_other,maxpool,channel_diff_effective_fraction,24,0.6517745132247607,0.014074099610175294,0.6251329183578491,0.6413125842809677,0.651200532913208,0.6587132662534714,0.6859988570213318
capture_pair,altered_fields_unique,dob|doe|face|name_other,layer1.0,cosine_similarity,24,0.9946225533882777,0.0008272257797862637,0.9927776455879211,0.994067907333374,0.9945712983608246,0.9952557533979416,0.9962316751480103
capture_pair,altered_fields_unique,dob|doe|face|name_other,layer1.0,pearson_correlation,24,0.9893700579802195,0.0016294213305165868,0.9857419729232788,0.9882771372795105,0.9892853200435638,0.9906906187534332,0.9925419688224792
capture_pair,altered_fields_unique,dob|doe|face|name_other,layer1.0,relative_l2_distance,24,0.10341580926130216,0.008007389956215284,0.08681560307741165,0.09741424955427647,0.1042102612555027,0.10892530716955662,0.12019366770982742
capture_pair,altered_fields_unique,dob|doe|face|name_other,layer1.0,mean_absolute_difference,24,0.0162812153963993,0.0017457652717347144,0.01355647575110197,0.014945590402930975,0.016169073060154915,0.017483870964497328,0.019575143232941628
capture_pair,altered_fields_unique,dob|doe|face|name_other,layer1.0,channel_diff_top1_share,24,0.03599857507894436,0.0010298229381570064,0.03434296324849129,0.03529701568186283,0.03593236766755581,0.03685619216412306,0.038048695772886276
capture_pair,altered_fields_unique,dob|doe|face|name_other,layer1.0,channel_diff_top5_share,24,0.15674292109906673,0.0034434486206704395,0.15192988514900208,0.15429729968309402,0.15568912029266357,0.1595349833369255,0.16459089517593384
capture_pair,altered_fields_unique,dob|doe|face|name_other,layer1.0,channel_diff_top10_share,24,0.2783607294162114,0.006646848491306897,0.26695117354393005,0.2721557095646858,0.27962368726730347,0.28280261158943176,0.29020804166793823
capture_pair,altered_fields_unique,dob|doe|face|name_other,layer1.0,channel_diff_top32_share,24,0.675698402027289,0.009447691923221627,0.6582034230232239,0.6655535250902176,0.67894247174263,0.6822361499071121,0.6909412741661072
capture_pair,altered_fields_unique,dob|doe|face|name_other,layer1.0,channel_diff_effective_channels,24,52.81515089670817,0.7727709551888051,51.68258285522461,52.23433208465576,52.47842788696289,53.657145500183105,53.91136169433594
capture_pair,altered_fields_unique,dob|doe|face|name_other,layer1.0,channel_diff_effective_fraction,24,0.8252367327610651,0.01207454617482508,0.8075403571128845,0.8161614388227463,0.8199754357337952,0.838392898440361,0.842365026473999
capture_pair,altered_fields_unique,dob|doe|face|name_other,layer1.1,cosine_similarity,24,0.9905428191026052,0.001494145399515153,0.9874328970909119,0.9897518903017044,0.9904699623584747,0.9916782826185226,0.9933360815048218
capture_pair,altered_fields_unique,dob|doe|face|name_other,layer1.1,pearson_correlation,24,0.9820015802979469,0.0028401172904854444,0.9760661721229553,0.980504110455513,0.9818727076053619,0.9841632544994354,0.9873335361480713
capture_pair,altered_fields_unique,dob|doe|face|name_other,layer1.1,relative_l2_distance,24,0.1371209022278587,0.010877338712617746,0.11544609069824219,0.1290096528828144,0.13806089013814926,0.14316684380173683,0.15854035317897797
capture_pair,altered_fields_unique,dob|doe|face|name_other,layer1.1,mean_absolute_difference,24,0.03142253674256305,0.0029081671206134694,0.027258483693003654,0.028943087439984083,0.03133598621934652,0.0335378423333168,0.03663788363337517
capture_pair,altered_fields_unique,dob|doe|face|name_other,layer1.1,channel_diff_top1_share,24,0.03145142210026582,0.0021166643590575396,0.02957051247358322,0.03026944026350975,0.030811996199190617,0.03123027179390192,0.038548167794942856
capture_pair,altered_fields_unique,dob|doe|face|name_other,layer1.1,channel_diff_top5_share,24,0.14296937795976797,0.0027051068021787454,0.13907518982887268,0.1409822478890419,0.1425783410668373,0.14551768451929092,0.14870619773864746
capture_pair,altered_fields_unique,dob|doe|face|name_other,layer1.1,channel_diff_top10_share,24,0.2617909361918767,0.002590535807295485,0.25800013542175293,0.2600753605365753,0.2614448666572571,0.26264602690935135,0.26816612482070923
capture_pair,altered_fields_unique,dob|doe|face|name_other,layer1.1,channel_diff_top32_share,24,0.6633020589749018,0.00516465572558373,0.6522982120513916,0.6594569236040115,0.6654784083366394,0.6666170209646225,0.6710328459739685
capture_pair,altered_fields_unique,dob|doe|face|name_other,layer1.1,channel_diff_effective_channels,24,54.90081262588501,0.30441520435565916,54.16489028930664,54.72197341918945,54.90031433105469,55.09682083129883,55.45810317993164
capture_pair,altered_fields_unique,dob|doe|face|name_other,layer1.1,channel_diff_effective_fraction,24,0.8578251972794533,0.004756487568057174,0.8463264107704163,0.8550308346748352,0.8578174114227295,0.8608878254890442,0.8665328621864319
capture_pair,altered_fields_unique,dob|doe|face|name_other,layer2.0,cosine_similarity,24,0.9873809069395065,0.0020206491052772286,0.9833188056945801,0.9864726960659027,0.987664669752121,0.9887347370386124,0.9908109307289124
capture_pair,altered_fields_unique,dob|doe|face|name_other,layer2.0,pearson_correlation,24,0.982114481429259,0.0028745870192700773,0.9762380719184875,0.9809157103300095,0.9825181066989899,0.9839711636304855,0.9870167374610901
capture_pair,altered_fields_unique,dob|doe|face|name_other,layer2.0,relative_l2_distance,24,0.1583960341910521,0.012602220563120149,0.13557924330234528,0.15012572333216667,0.15706852823495865,0.16450350731611252,0.18265393376350403
capture_pair,altered_fields_unique,dob|doe|face|name_other,layer2.0,mean_absolute_difference,24,0.016063449322246015,0.0014277107072981385,0.013550917617976665,0.014857331058010459,0.015943823382258415,0.016716494224965572,0.018890226259827614
capture_pair,altered_fields_unique,dob|doe|face|name_other,layer2.0,channel_diff_top1_share,24,0.019855133568247158,0.0018759238174770572,0.01643252559006214,0.01881743920966983,0.01956908591091633,0.02139579178765416,0.02371618151664734
capture_pair,altered_fields_unique,dob|doe|face|name_other,layer2.0,channel_diff_top5_share,24,0.07736313125739495,0.004489769028666074,0.0718548372387886,0.07342096976935863,0.07647459208965302,0.08107161894440651,0.08573220670223236
capture_pair,altered_fields_unique,dob|doe|face|name_other,layer2.0,channel_diff_top10_share,24,0.14096060333152613,0.0062895095268708495,0.13138671219348907,0.13552306592464447,0.14064361155033112,0.14641978219151497,0.1516018807888031
capture_pair,altered_fields_unique,dob|doe|face|name_other,layer2.0,channel_diff_top32_share,24,0.36963927497466403,0.008256311222990207,0.3547637462615967,0.3642933964729309,0.3701978325843811,0.3753259778022766,0.3831849694252014
capture_pair,altered_fields_unique,dob|doe|face|name_other,layer2.0,channel_diff_effective_channels,24,113.17038949330647,1.721493158787384,109.98664855957031,112.05348014831543,113.3982925415039,114.5406379699707,115.96588897705078
capture_pair,altered_fields_unique,dob|doe|face|name_other,layer2.0,channel_diff_effective_fraction,24,0.8841436679164568,0.013449165303026438,0.8592706918716431,0.8754178136587143,0.8859241604804993,0.8948487341403961,0.9059835076332092
capture_pair,altered_fields_unique,dob|doe|face|name_other,layer2.1,cosine_similarity,24,0.984721635778745,0.002441939632927729,0.9800089597702026,0.9836752563714981,0.9851684868335724,0.9864098578691483,0.989019513130188
capture_pair,altered_fields_unique,dob|doe|face|name_other,layer2.1,pearson_correlation,24,0.9792280669013659,0.0033292851332160935,0.9727606773376465,0.977890819311142,0.9798934161663055,0.9814492911100388,0.9850464463233948
capture_pair,altered_fields_unique,dob|doe|face|name_other,layer2.1,relative_l2_distance,24,0.17429891539116701,0.0138683019384681,0.1482025533914566,0.16491131484508514,0.1722431629896164,0.18078503385186195,0.199955552816391
capture_pair,altered_fields_unique,dob|doe|face|name_other,layer2.1,mean_absolute_difference,24,0.017863218556158245,0.0015903341906465427,0.014931450597941875,0.016776457894593477,0.01767521072179079,0.018609678372740746,0.02113911136984825
capture_pair,altered_fields_unique,dob|doe|face|name_other,layer2.1,channel_diff_top1_share,24,0.016046365723013878,0.0012817325080613823,0.013806873001158237,0.015232212143018842,0.01582305319607258,0.016989265102893114,0.018340807408094406
capture_pair,altered_fields_unique,dob|doe|face|name_other,layer2.1,channel_diff_top5_share,24,0.06896895201255877,0.004498364876311299,0.06283623725175858,0.0653772633522749,0.06734412908554077,0.07210911251604557,0.0773848220705986
capture_pair,altered_fields_unique,dob|doe|face|name_other,layer2.1,channel_diff_top10_share,24,0.1264598894243439,0.005588567504420538,0.11941226571798325,0.1219522450119257,0.1249932125210762,0.13058753684163094,0.13738884031772614
capture_pair,altered_fields_unique,dob|doe|face|name_other,layer2.1,channel_diff_top32_share,24,0.34453394760688144,0.00681486168610509,0.33556073904037476,0.3381716385483742,0.3443233221769333,0.34750597178936005,0.36044496297836304
capture_pair,altered_fields_unique,dob|doe|face|name_other,layer2.1,channel_diff_effective_channels,24,117.22922388712566,1.3653939763984517,114.2320327758789,116.40138816833496,117.4616470336914,118.25452423095703,118.94512939453125
capture_pair,altered_fields_unique,dob|doe|face|name_other,layer2.1,channel_diff_effective_fraction,24,0.9158533116181692,0.010667140440612904,0.892437756061554,0.9093858450651169,0.9176691174507141,0.9238634705543518,0.9292588233947754
capture_pair,altered_fields_unique,dob|doe|face|name_other,layer3.0,cosine_similarity,24,0.9871258984009424,0.0029136925592591336,0.9797393083572388,0.9845489263534546,0.9875645339488983,0.9891990125179291,0.9918856620788574
capture_pair,altered_fields_unique,dob|doe|face|name_other,layer3.0,pearson_correlation,24,0.9824965670704842,0.003945200900400838,0.9725179672241211,0.9790085852146149,0.9831366539001465,0.9852519184350967,0.9889428615570068
capture_pair,altered_fields_unique,dob|doe|face|name_other,layer3.0,relative_l2_distance,24,0.15969254883627096,0.017894133039445485,0.12741626799106598,0.14705690369009972,0.1578654795885086,0.17583011090755463,0.20138870179653168
capture_pair,altered_fields_unique,dob|doe|face|name_other,layer3.0,mean_absolute_difference,24,0.01114239904563874,0.001273830275981267,0.008766925893723965,0.010299340123310685,0.010953891091048717,0.011754733975976706,0.013727682642638683
capture_pair,altered_fields_unique,dob|doe|face|name_other,layer3.0,channel_diff_top1_share,24,0.009458370118712386,0.0012378371569768838,0.00801280327141285,0.008562009548768401,0.009202447719871998,0.010105378925800323,0.013213086873292923
capture_pair,altered_fields_unique,dob|doe|face|name_other,layer3.0,channel_diff_top5_share,24,0.040842538544287287,0.0021608356629293415,0.03749601170420647,0.039789170026779175,0.04074830189347267,0.04172801226377487,0.04792949557304382
capture_pair,altered_fields_unique,dob|doe|face|name_other,layer3.0,channel_diff_top10_share,24,0.07630756062765916,0.002873073924278868,0.07059600949287415,0.07482920959591866,0.07607676088809967,0.07761339657008648,0.08446038514375687
capture_pair,altered_fields_unique,dob|doe|face|name_other,layer3.0,channel_diff_top32_share,24,0.2142231073230505,0.00407339363883178,0.20378489792346954,0.21211843565106392,0.21405424177646637,0.21585103496909142,0.22137700021266937
capture_pair,altered_fields_unique,dob|doe|face|name_other,layer3.0,channel_diff_effective_channels,24,218.42620658874512,2.2429985226548794,214.5877685546875,217.333740234375,218.67381286621094,219.1151351928711,224.73350524902344
capture_pair,altered_fields_unique,dob|doe|face|name_other,layer3.0,channel_diff_effective_fraction,24,0.8532273694872856,0.008761712979120623,0.838233470916748,0.8489599227905273,0.8541945815086365,0.8559184968471527,0.8778652548789978
capture_pair,altered_fields_unique,dob|doe|face|name_other,layer3.1,cosine_similarity,24,0.9859489674369494,0.0040927895009769885,0.9769095778465271,0.9829309284687042,0.98709636926651,0.9887309819459915,0.9918189644813538
capture_pair,altered_fields_unique,dob|doe|face|name_other,layer3.1,pearson_correlation,24,0.9810395861665407,0.005533324650145178,0.9687432050704956,0.9768554717302322,0.9827126860618591,0.9847969561815262,0.9889151453971863
capture_pair,altered_fields_unique,dob|doe|face|name_other,layer3.1,relative_l2_distance,24,0.16626024370392165,0.023840983168344508,0.12794066965579987,0.1502470038831234,0.16083938628435135,0.1847832314670086,0.21489952504634857
capture_pair,altered_fields_unique,dob|doe|face|name_other,layer3.1,mean_absolute_difference,24,0.01203199274217089,0.001520490768411958,0.009477495215833187,0.011157752247527242,0.011922792997211218,0.012928633484989405,0.015772312879562378
capture_pair,altered_fields_unique,dob|doe|face|name_other,layer3.1,channel_diff_top1_share,24,0.011531000258401036,0.002902393654026504,0.008199145086109638,0.00963916745968163,0.010811369866132736,0.01352584850974381,0.021108955144882202
capture_pair,altered_fields_unique,dob|doe|face|name_other,layer3.1,channel_diff_top5_share,24,0.046025604785730444,0.00391729049007442,0.039603203535079956,0.04405067581683397,0.045823462307453156,0.04791146796196699,0.05639775097370148
capture_pair,altered_fields_unique,dob|doe|face|name_other,layer3.1,channel_diff_top10_share,24,0.08402859916289647,0.004780112671280641,0.0750700905919075,0.0815401952713728,0.08452950790524483,0.08556513302028179,0.09614845365285873
capture_pair,altered_fields_unique,dob|doe|face|name_other,layer3.1,channel_diff_top32_share,24,0.22783485800027847,0.006541226017321227,0.21348392963409424,0.22397530823946,0.22842776775360107,0.23148946091532707,0.2432461827993393
capture_pair,altered_fields_unique,dob|doe|face|name_other,layer3.1,channel_diff_effective_channels,24,211.36346371968588,3.8914758503177778,201.16061401367188,209.39265823364258,210.85945892333984,214.08530807495117,220.03582763671875
capture_pair,altered_fields_unique,dob|doe|face|name_other,layer3.1,channel_diff_effective_fraction,24,0.825638530155023,0.01520107754030382,0.7857836484909058,0.8179400712251663,0.8236697614192963,0.836270734667778,0.8595149517059326
capture_pair,altered_fields_unique,dob|doe|face|name_other,layer4.0,cosine_similarity,24,0.9741791437069575,0.011145969229945898,0.9430193305015564,0.97017402946949,0.9795209765434265,0.9812053143978119,0.9868816137313843
capture_pair,altered_fields_unique,dob|doe|face|name_other,layer4.0,pearson_correlation,24,0.9711407398184141,0.012457690777886417,0.9362550377845764,0.9667200297117233,0.9770837426185608,0.9789651930332184,0.9853178262710571
capture_pair,altered_fields_unique,dob|doe|face|name_other,layer4.0,relative_l2_distance,24,0.22297829513748488,0.04596015445086273,0.16200591623783112,0.19409210234880447,0.2025883048772812,0.24435148388147354,0.3377820551395416
capture_pair,altered_fields_unique,dob|doe|face|name_other,layer4.0,mean_absolute_difference,24,0.009264660572322706,0.0017003803596624568,0.006801317911595106,0.008153668604791164,0.00890649063512683,0.009933734778314829,0.012782773934304714
capture_pair,altered_fields_unique,dob|doe|face|name_other,layer4.0,channel_diff_top1_share,24,0.008981968567240983,0.0008042455143022449,0.007667392026633024,0.008306930540129542,0.008913749363273382,0.009454748360440135,0.010713147930800915
capture_pair,altered_fields_unique,dob|doe|face|name_other,layer4.0,channel_diff_top5_share,24,0.039216125228752695,0.00286749460304932,0.03406882286071777,0.037017238326370716,0.03893028572201729,0.04094430059194565,0.044898469001054764
capture_pair,altered_fields_unique,dob|doe|face|name_other,layer4.0,channel_diff_top10_share,24,0.07203067094087601,0.0040533357414341935,0.06415875256061554,0.06887269951403141,0.0712638795375824,0.07534809783101082,0.07956433296203613
capture_pair,altered_fields_unique,dob|doe|face|name_other,layer4.0,channel_diff_top32_share,24,0.19114974389473596,0.008379627342969941,0.17297819256782532,0.18596148118376732,0.19170864671468735,0.19668476656079292,0.20818479359149933
capture_pair,altered_fields_unique,dob|doe|face|name_other,layer4.0,channel_diff_effective_channels,24,308.3492151896159,10.341984726010327,287.81787109375,300.7314758300781,306.9747314453125,314.28807067871094,333.7435607910156
capture_pair,altered_fields_unique,dob|doe|face|name_other,layer4.0,channel_diff_effective_fraction,24,0.6022445609172186,0.02019918891798892,0.5621442794799805,0.5873661637306213,0.599560022354126,0.6138438880443573,0.6518428921699524
capture_pair,altered_fields_unique,dob|doe|face|name_other,layer4.1,cosine_similarity,24,0.9615253483255705,0.024103597929430842,0.8933844566345215,0.9578530341386795,0.9709789454936981,0.976279154419899,0.9851117134094238
capture_pair,altered_fields_unique,dob|doe|face|name_other,layer4.1,pearson_correlation,24,0.9474763224522272,0.03348564043329132,0.8515859246253967,0.9423383623361588,0.9604166448116302,0.9678916186094284,0.9800937175750732
capture_pair,altered_fields_unique,dob|doe|face|name_other,layer4.1,relative_l2_distance,24,0.2697742910434802,0.08162484830549126,0.17522217333316803,0.21793174743652344,0.24127211421728134,0.2936870902776718,0.4746776521205902
capture_pair,altered_fields_unique,dob|doe|face|name_other,layer4.1,mean_absolute_difference,24,0.14196672725180784,0.04685036339864683,0.09278497844934464,0.10970907844603062,0.12417668476700783,0.16456331312656403,0.24243931472301483
capture_pair,altered_fields_unique,dob|doe|face|name_other,layer4.1,channel_diff_top1_share,24,0.007507926823260884,0.0011917516514254687,0.0055073825642466545,0.006844043615274131,0.007311980705708265,0.00812411424703896,0.01014466118067503
capture_pair,altered_fields_unique,dob|doe|face|name_other,layer4.1,channel_diff_top5_share,24,0.03324375619801382,0.003840592792549488,0.026461314409971237,0.030778512824326754,0.033372921869158745,0.034706118516623974,0.04184305667877197
capture_pair,altered_fields_unique,dob|doe|face|name_other,layer4.1,channel_diff_top10_share,24,0.06077140414466461,0.00550268554282685,0.050606757402420044,0.0572885125875473,0.06046607717871666,0.06426568515598774,0.07129540294408798
capture_pair,altered_fields_unique,dob|doe|face|name_other,layer4.1,channel_diff_top32_share,24,0.16074060834944248,0.01067329332541345,0.1403024047613144,0.15432336181402206,0.1597592905163765,0.16762679442763329,0.18180137872695923
capture_pair,altered_fields_unique,dob|doe|face|name_other,layer4.1,channel_diff_effective_channels,24,369.15428797403973,14.196538354753828,344.93524169921875,357.4960479736328,371.8334045410156,378.2029266357422,400.3110046386719
capture_pair,altered_fields_unique,dob|doe|face|name_other,layer4.1,channel_diff_effective_fraction,24,0.7210044686992964,0.02772761397412857,0.6737016439437866,0.6982344686985016,0.7262371182441711,0.738677591085434,0.781857430934906
capture_pair,altered_fields_unique,dob|doe|face|name_other,avgpool,cosine_similarity,24,0.9907002672553062,0.00592883616450151,0.9755083322525024,0.989313006401062,0.9928453862667084,0.9948155879974365,0.9967021346092224
capture_pair,altered_fields_unique,dob|doe|face|name_other,avgpool,pearson_correlation,24,0.9785589476426443,0.014523946479991997,0.9408699870109558,0.9756623059511185,0.9839249551296234,0.9886498153209686,0.9929101467132568
capture_pair,altered_fields_unique,dob|doe|face|name_other,avgpool,relative_l2_distance,24,0.13450097478926182,0.04418352013049315,0.08358054608106613,0.10223421454429626,0.11986048519611359,0.1512792855501175,0.2384311854839325
capture_pair,altered_fields_unique,dob|doe|face|name_other,avgpool,mean_absolute_difference,24,0.08311089066167672,0.030590078821584658,0.05028308182954788,0.05939542222768068,0.07268459722399712,0.09727311879396439,0.14808489382266998
capture_pair,altered_fields_unique,dob|doe|face|name_other,avgpool,channel_diff_top1_share,24,0.011618976209623119,0.002087216580707875,0.008626991882920265,0.010408367263153195,0.011215394828468561,0.012785432394593954,0.016421176493167877
capture_pair,altered_fields_unique,dob|doe|face|name_other,avgpool,channel_diff_top5_share,24,0.050444872273753084,0.0057870339364075605,0.04033863544464111,0.04566096141934395,0.04987508989870548,0.05489780567586422,0.061094868928194046
capture_pair,altered_fields_unique,dob|doe|face|name_other,avgpool,channel_diff_top10_share,24,0.09124096389859915,0.007520106669640256,0.07756376266479492,0.08547047153115273,0.09110819175839424,0.09836121462285519,0.104334756731987
capture_pair,altered_fields_unique,dob|doe|face|name_other,avgpool,channel_diff_top32_share,24,0.23054682649672031,0.010423103017567435,0.2102426290512085,0.2222638912498951,0.2303127497434616,0.23848553746938705,0.24942763149738312
capture_pair,altered_fields_unique,dob|doe|face|name_other,avgpool,channel_diff_effective_channels,24,261.8613026936849,11.864671139092387,245.6640625,252.55178833007812,261.5701599121094,270.2547073364258,288.4381408691406
capture_pair,altered_fields_unique,dob|doe|face|name_other,avgpool,channel_diff_effective_fraction,24,0.5114478568236033,0.023173185818539818,0.4798126220703125,0.49326521158218384,0.5108792185783386,0.5278412252664566,0.5633557438850403
capture_pair,altered_fields_unique,doe|face|name,stem_relu,cosine_similarity,63,0.9882893552855839,0.002087886010991634,0.982296347618103,0.9869979321956635,0.9882806539535522,0.9897397458553314,0.9936901926994324
capture_pair,altered_fields_unique,doe|face|name,stem_relu,pearson_correlation,63,0.9778146024734254,0.003987830852651874,0.9650574922561646,0.9753347039222717,0.9781672358512878,0.9802532494068146,0.9872379302978516
capture_pair,altered_fields_unique,doe|face|name,stem_relu,relative_l2_distance,63,0.1524293673416925,0.013826256918124611,0.11233728379011154,0.1432531476020813,0.15310664474964142,0.1612633392214775,0.18819735944271088
capture_pair,altered_fields_unique,doe|face|name,stem_relu,mean_absolute_difference,63,0.008523411457500761,0.000896411982982095,0.006538774352520704,0.007822568994015455,0.008472967892885208,0.009029276203364134,0.010555155575275421
capture_pair,altered_fields_unique,doe|face|name,stem_relu,channel_diff_top1_share,63,0.03362996435709416,0.0017965823352149865,0.028988609090447426,0.03230642154812813,0.03381520137190819,0.03511475399136543,0.03668592497706413
capture_pair,altered_fields_unique,doe|face|name,stem_relu,channel_diff_top5_share,63,0.15911750992139181,0.006923974486725162,0.1434648334980011,0.1550525575876236,0.1589885801076889,0.1635405197739601,0.17481133341789246
capture_pair,altered_fields_unique,doe|face|name,stem_relu,channel_diff_top10_share,63,0.30397312508689034,0.011361394610579738,0.2799757421016693,0.2972722351551056,0.3008967638015747,0.31219975650310516,0.3330874741077423
capture_pair,altered_fields_unique,doe|face|name,stem_relu,channel_diff_top32_share,63,0.8043179114659628,0.008951579272940177,0.7827956676483154,0.7984720468521118,0.8041196465492249,0.8110862970352173,0.82240891456604
capture_pair,altered_fields_unique,doe|face|name,stem_relu,channel_diff_effective_channels,63,43.16789281935919,0.7379044373229882,41.51272201538086,42.64478874206543,43.242713928222656,43.695051193237305,44.68630599975586
capture_pair,altered_fields_unique,doe|face|name,stem_relu,channel_diff_effective_fraction,63,0.6744983253024873,0.01152975683317169,0.6486362814903259,0.6663248240947723,0.675667405128479,0.6827351748943329,0.6982235312461853
capture_pair,altered_fields_unique,doe|face|name,maxpool,cosine_similarity,63,0.9941535298786466,0.001187635841845692,0.9904628396034241,0.9933825433254242,0.9942731261253357,0.9949369132518768,0.9965604543685913
capture_pair,altered_fields_unique,doe|face|name,maxpool,pearson_correlation,63,0.9881251284054348,0.0024367308797331026,0.980549156665802,0.9867508709430695,0.988043487071991,0.9899537265300751,0.9930444955825806
capture_pair,altered_fields_unique,doe|face|name,maxpool,relative_l2_distance,63,0.10761810969265681,0.011058221446653383,0.08294473588466644,0.10064491629600525,0.10702396184206009,0.11513038724660873,0.13836999237537384
capture_pair,altered_fields_unique,doe|face|name,maxpool,mean_absolute_difference,63,0.00941422028053138,0.0011277768584886582,0.006910054478794336,0.00859543215483427,0.00942402333021164,0.010253698099404573,0.01188039779663086
capture_pair,altered_fields_unique,doe|face|name,maxpool,channel_diff_top1_share,63,0.038140429390801325,0.0024541758533934265,0.03309938311576843,0.03654708154499531,0.037889569997787476,0.039595309644937515,0.044247426092624664
capture_pair,altered_fields_unique,doe|face|name,maxpool,channel_diff_top5_share,63,0.1732458992609902,0.00832652856372284,0.15502530336380005,0.16827408969402313,0.17252399027347565,0.17686431109905243,0.19344578683376312
capture_pair,altered_fields_unique,doe|face|name,maxpool,channel_diff_top10_share,63,0.3223255886918023,0.012046820300865818,0.28880420327186584,0.3150818943977356,0.3228231370449066,0.3286644071340561,0.3495604395866394
capture_pair,altered_fields_unique,doe|face|name,maxpool,channel_diff_top32_share,63,0.8156226551721967,0.009738738169026182,0.788749098777771,0.8079484403133392,0.814655065536499,0.824559897184372,0.8363314867019653
capture_pair,altered_fields_unique,doe|face|name,maxpool,channel_diff_effective_channels,63,42.26279534233941,0.9745424147715436,40.11918640136719,41.5698184967041,42.369564056396484,42.98745346069336,44.66263961791992
capture_pair,altered_fields_unique,doe|face|name,maxpool,channel_diff_effective_fraction,63,0.6603561772240533,0.015227225230805368,0.6268622875213623,0.6495284140110016,0.6620244383811951,0.6716789603233337,0.6978537440299988
capture_pair,altered_fields_unique,doe|face|name,layer1.0,cosine_similarity,63,0.9916076603389922,0.0015551918827275346,0.9865810871124268,0.9905024766921997,0.9916503429412842,0.9927205145359039,0.9944641590118408
capture_pair,altered_fields_unique,doe|face|name,layer1.0,pearson_correlation,63,0.9832133858922928,0.0031279632168938762,0.9727386236190796,0.9812344312667847,0.9834246039390564,0.9854376018047333,0.9888520836830139
capture_pair,altered_fields_unique,doe|face|name,layer1.0,relative_l2_distance,63,0.12902863737609652,0.011890777147845515,0.10522295534610748,0.12066677957773209,0.12925051152706146,0.1378406137228012,0.1638818085193634
capture_pair,altered_fields_unique,doe|face|name,layer1.0,mean_absolute_difference,63,0.01820686311712341,0.00178118161331431,0.015129760839045048,0.016771038994193077,0.01802380010485649,0.019366965629160404,0.022094840183854103
capture_pair,altered_fields_unique,doe|face|name,layer1.0,channel_diff_top1_share,63,0.035368389967415065,0.001547187992553108,0.03210455924272537,0.034294987097382545,0.03533399477601051,0.03634846583008766,0.038807258009910583
capture_pair,altered_fields_unique,doe|face|name,layer1.0,channel_diff_top5_share,63,0.15620583958095974,0.0044710279599544855,0.14767496287822723,0.1532355099916458,0.15619558095932007,0.15879236906766891,0.16849902272224426
capture_pair,altered_fields_unique,doe|face|name,layer1.0,channel_diff_top10_share,63,0.27410961995049127,0.006687027327735992,0.2595463991165161,0.26987022161483765,0.27368438243865967,0.277606263756752,0.291657954454422
capture_pair,altered_fields_unique,doe|face|name,layer1.0,channel_diff_top32_share,63,0.6698697303968763,0.01049932417294679,0.6465750932693481,0.6638533771038055,0.669715940952301,0.6764490008354187,0.6988782286643982
capture_pair,altered_fields_unique,doe|face|name,layer1.0,channel_diff_effective_channels,63,53.36080987112863,0.8669525084975238,50.745975494384766,52.786542892456055,53.400691986083984,53.9576530456543,54.91165542602539
capture_pair,altered_fields_unique,doe|face|name,layer1.0,channel_diff_effective_fraction,63,0.8337626542363848,0.01354613294527381,0.792905867099762,0.8247897326946259,0.8343858122825623,0.8430883288383484,0.8579946160316467
capture_pair,altered_fields_unique,doe|face|name,layer1.1,cosine_similarity,63,0.987709054871211,0.0020506976146949063,0.9815835356712341,0.9863170385360718,0.9881033301353455,0.9893494248390198,0.9911006689071655
capture_pair,altered_fields_unique,doe|face|name,layer1.1,pearson_correlation,63,0.9765516188409593,0.003910469124417333,0.9647960066795349,0.973892092704773,0.9766841530799866,0.979716956615448,0.9831058382987976
capture_pair,altered_fields_unique,doe|face|name,layer1.1,relative_l2_distance,63,0.1562705853628734,0.01293504639864215,0.13341273367404938,0.14595719426870346,0.1542602777481079,0.16543473303318024,0.19194799661636353
capture_pair,altered_fields_unique,doe|face|name,layer1.1,mean_absolute_difference,63,0.03426333664665147,0.002643681655585987,0.02932070568203926,0.032157640904188156,0.034411683678627014,0.035973161458969116,0.04029195010662079
capture_pair,altered_fields_unique,doe|face|name,layer1.1,channel_diff_top1_share,63,0.029997587588334842,0.0007159052158608959,0.02867792919278145,0.02941104769706726,0.030041448771953583,0.030540079809725285,0.03147314488887787
capture_pair,altered_fields_unique,doe|face|name,layer1.1,channel_diff_top5_share,63,0.13942193204448336,0.0020840852205402972,0.13431017100811005,0.1381266489624977,0.13922733068466187,0.14034447073936462,0.14386384189128876
capture_pair,altered_fields_unique,doe|face|name,layer1.1,channel_diff_top10_share,63,0.25564080595024047,0.003037522348496832,0.24725531041622162,0.2534804940223694,0.25584670901298523,0.2575652599334717,0.2641109228134155
capture_pair,altered_fields_unique,doe|face|name,layer1.1,channel_diff_top32_share,63,0.6532009821089487,0.005745167756507804,0.6422834396362305,0.649217963218689,0.653703510761261,0.6564055383205414,0.6648217439651489
capture_pair,altered_fields_unique,doe|face|name,layer1.1,channel_diff_effective_channels,63,55.85946382795061,0.3851269621099865,55.145263671875,55.61050224304199,55.85274887084961,56.11994552612305,56.642494201660156
capture_pair,altered_fields_unique,doe|face|name,layer1.1,channel_diff_effective_fraction,63,0.8728041223117283,0.006017608782968539,0.8616447448730469,0.8689140975475311,0.8726992011070251,0.8768741488456726,0.8850389719009399
capture_pair,altered_fields_unique,doe|face|name,layer2.0,cosine_similarity,63,0.9843543663857475,0.0027418632569828705,0.9783498644828796,0.9823991060256958,0.984187126159668,0.9864439368247986,0.989483118057251
capture_pair,altered_fields_unique,doe|face|name,layer2.0,pearson_correlation,63,0.9778963138186743,0.0038947173119072954,0.9693000316619873,0.9750855565071106,0.9775317907333374,0.9806870222091675,0.9852404594421387
capture_pair,altered_fields_unique,doe|face|name,layer2.0,relative_l2_distance,63,0.1762430542518222,0.015631525825563167,0.14508908987045288,0.1646660417318344,0.17795132100582123,0.18764019012451172,0.2081141471862793
capture_pair,altered_fields_unique,doe|face|name,layer2.0,mean_absolute_difference,63,0.017233440933364725,0.001372269998863463,0.014221508987247944,0.01611366495490074,0.01750168390572071,0.018239756114780903,0.019773287698626518
capture_pair,altered_fields_unique,doe|face|name,layer2.0,channel_diff_top1_share,63,0.0169767691561627,0.0018722243018213134,0.013783812522888184,0.015725710429251194,0.016591636463999748,0.01851157285273075,0.02091781608760357
capture_pair,altered_fields_unique,doe|face|name,layer2.0,channel_diff_top5_share,63,0.07088168911517613,0.0031888022815733177,0.06411050260066986,0.06850789859890938,0.07105618715286255,0.07367660477757454,0.07838034629821777
capture_pair,altered_fields_unique,doe|face|name,layer2.0,channel_diff_top10_share,63,0.13189556272256941,0.004887892390300159,0.12032833695411682,0.12842951714992523,0.1314154416322708,0.1359873190522194,0.1409873515367508
capture_pair,altered_fields_unique,doe|face|name,layer2.0,channel_diff_top32_share,63,0.3616498335013314,0.009090923304400296,0.33866411447525024,0.35554973781108856,0.360360711812973,0.3692283034324646,0.37966516613960266
capture_pair,altered_fields_unique,doe|face|name,layer2.0,channel_diff_effective_channels,63,115.18052709670295,1.5934365690453831,112.47748565673828,113.78202819824219,115.1261215209961,116.32296371459961,119.08320617675781
capture_pair,altered_fields_unique,doe|face|name,layer2.0,channel_diff_effective_fraction,63,0.8998478679429918,0.012448723195667056,0.8787303566932678,0.8889220952987671,0.899422824382782,0.9087731540203094,0.9303375482559204
capture_pair,altered_fields_unique,doe|face|name,layer2.1,cosine_similarity,63,0.9822666749121651,0.00342029838085302,0.975200891494751,0.979455441236496,0.9822390079498291,0.9843431711196899,0.9894615411758423
capture_pair,altered_fields_unique,doe|face|name,layer2.1,pearson_correlation,63,0.9758456008774894,0.004665492759281239,0.9661229848861694,0.9719508588314056,0.9757673740386963,0.9787842929363251,0.985607385635376
capture_pair,altered_fields_unique,doe|face|name,layer2.1,relative_l2_distance,63,0.1874572081225259,0.018590493565884266,0.14520050585269928,0.17696448415517807,0.1885015368461609,0.20272748172283173,0.2227405607700348
capture_pair,altered_fields_unique,doe|face|name,layer2.1,mean_absolute_difference,63,0.018935757644829295,0.0016412957675801412,0.015299031510949135,0.017807612195611,0.019184766337275505,0.02005691919475794,0.022136960178613663
capture_pair,altered_fields_unique,doe|face|name,layer2.1,channel_diff_top1_share,63,0.013956888859707212,0.0008857093651349687,0.012452495284378529,0.013234017882496119,0.013996534049510956,0.014697608072310686,0.015794256702065468
capture_pair,altered_fields_unique,doe|face|name,layer2.1,channel_diff_top5_share,63,0.06350536396106084,0.0027916548838914272,0.0576670840382576,0.06138142570853233,0.06378898024559021,0.06549478694796562,0.0698803961277008
capture_pair,altered_fields_unique,doe|face|name,layer2.1,channel_diff_top10_share,63,0.11980178904911828,0.004400042348213496,0.11028295755386353,0.11621906608343124,0.11995318531990051,0.12324795126914978,0.1286514699459076
capture_pair,altered_fields_unique,doe|face|name,layer2.1,channel_diff_top32_share,63,0.3406810277984256,0.008884108599699632,0.32149025797843933,0.3333382308483124,0.34192487597465515,0.34776538610458374,0.3615163266658783
capture_pair,altered_fields_unique,doe|face|name,layer2.1,channel_diff_effective_channels,63,118.6087164500403,1.352166873860828,115.45690155029297,117.53372955322266,118.48233795166016,119.57965850830078,121.69973754882812
capture_pair,altered_fields_unique,doe|face|name,layer2.1,channel_diff_effective_fraction,63,0.9266305972659399,0.010563803702037718,0.9020070433616638,0.918232262134552,0.925643265247345,0.9342160820960999,0.9507791996002197
capture_pair,altered_fields_unique,doe|face|name,layer3.0,cosine_similarity,63,0.9867421275093442,0.003374109600350073,0.9794187545776367,0.9843405485153198,0.9864082336425781,0.988966703414917,0.9938675165176392
capture_pair,altered_fields_unique,doe|face|name,layer3.0,pearson_correlation,63,0.9819486481802804,0.004578859771314867,0.971872091293335,0.9786524176597595,0.9815542697906494,0.9849259853363037,0.9916632771492004
capture_pair,altered_fields_unique,doe|face|name,layer3.0,relative_l2_distance,63,0.16161465124478416,0.02142285182826025,0.11075740307569504,0.14860522001981735,0.1648940145969391,0.17717080563306808,0.20352445542812347
capture_pair,altered_fields_unique,doe|face|name,layer3.0,mean_absolute_difference,63,0.011307356701720329,0.0011633977190532107,0.008690856397151947,0.010465733241289854,0.011419553309679031,0.012199760414659977,0.013396692462265491
capture_pair,altered_fields_unique,doe|face|name,layer3.0,channel_diff_top1_share,63,0.009685799723402375,0.0012181794757285974,0.007563419174402952,0.008901154156774282,0.009363425895571709,0.010288648772984743,0.014384143054485321
capture_pair,altered_fields_unique,doe|face|name,layer3.0,channel_diff_top5_share,63,0.04167422102320762,0.0021837844330838767,0.03759102150797844,0.039996540173888206,0.041560906916856766,0.043257856741547585,0.046467605978250504
capture_pair,altered_fields_unique,doe|face|name,layer3.0,channel_diff_top10_share,63,0.0772411125519919,0.003010778851640161,0.07218614220619202,0.0751957856118679,0.07702404260635376,0.0793902762234211,0.08447080105543137
capture_pair,altered_fields_unique,doe|face|name,layer3.0,channel_diff_top32_share,63,0.2138172574932613,0.004874544360916212,0.20274709165096283,0.21076752990484238,0.21395663917064667,0.21744710952043533,0.22415263950824738
capture_pair,altered_fields_unique,doe|face|name,layer3.0,channel_diff_effective_channels,63,218.5228998093378,2.5897161205631325,213.18096923828125,216.1636734008789,218.8695068359375,220.45074462890625,223.68954467773438
capture_pair,altered_fields_unique,doe|face|name,layer3.0,channel_diff_effective_fraction,63,0.8536050773802257,0.010116078595949736,0.8327381610870361,0.8443893492221832,0.8549590110778809,0.861135721206665,0.8737872838973999
capture_pair,altered_fields_unique,doe|face|name,layer3.1,cosine_similarity,63,0.9868522967611041,0.0034835181707063892,0.9770049452781677,0.9847177267074585,0.9869140386581421,0.9890933036804199,0.993703305721283
capture_pair,altered_fields_unique,doe|face|name,layer3.1,pearson_correlation,63,0.9822680647411044,0.004697900300920146,0.9687113761901855,0.9794293642044067,0.982383131980896,0.9853296875953674,0.9915451407432556
capture_pair,altered_fields_unique,doe|face|name,layer3.1,relative_l2_distance,63,0.16086523790681173,0.021814370171963044,0.11231057345867157,0.14787151664495468,0.16178187727928162,0.17509330809116364,0.21504133939743042
capture_pair,altered_fields_unique,doe|face|name,layer3.1,mean_absolute_difference,63,0.012127892986413032,0.0012307666791889632,0.009213535115122795,0.011187558062374592,0.012302679941058159,0.012920138891786337,0.014388096518814564
capture_pair,altered_fields_unique,doe|face|name,layer3.1,channel_diff_top1_share,63,0.010890805014660434,0.0015031009218910674,0.007784759625792503,0.009912327863276005,0.010579651221632957,0.01174296485260129,0.016560077667236328
capture_pair,altered_fields_unique,doe|face|name,layer3.1,channel_diff_top5_share,63,0.04565227008055127,0.0029195597849573296,0.038238272070884705,0.043801529332995415,0.04505019634962082,0.04730456322431564,0.05249973386526108
capture_pair,altered_fields_unique,doe|face|name,layer3.1,channel_diff_top10_share,63,0.08409804791685134,0.0035762587538701097,0.07501167058944702,0.08169465139508247,0.08354309946298599,0.08675144985318184,0.09177468717098236
capture_pair,altered_fields_unique,doe|face|name,layer3.1,channel_diff_top32_share,63,0.22945589300185915,0.0060158848752951315,0.2172328382730484,0.22475044429302216,0.22964370250701904,0.23352137207984924,0.24441729485988617
capture_pair,altered_fields_unique,doe|face|name,layer3.1,channel_diff_effective_channels,63,212.12181018647692,3.5379523527008283,203.9346466064453,209.89742279052734,211.77662658691406,214.34619903564453,221.01248168945312
capture_pair,altered_fields_unique,doe|face|name,layer3.1,channel_diff_effective_fraction,63,0.8286008210409255,0.01382012637773761,0.796619713306427,0.8199118077754974,0.8272524476051331,0.8372898399829865,0.8633300065994263
capture_pair,altered_fields_unique,doe|face|name,layer4.0,cosine_similarity,63,0.9830431767872402,0.00564267890408601,0.9637917876243591,0.9799811840057373,0.9837263822555542,0.9862901568412781,0.9934312105178833
capture_pair,altered_fields_unique,doe|face|name,layer4.0,pearson_correlation,63,0.9809111650027926,0.0063492964722105215,0.9591711163520813,0.9774503409862518,0.9817022681236267,0.9845834076404572,0.9926198124885559
capture_pair,altered_fields_unique,doe|face|name,layer4.0,relative_l2_distance,63,0.18203367411144197,0.029857251704819995,0.11461928486824036,0.16578909009695053,0.18062670528888702,0.2002783864736557,0.26955175399780273
capture_pair,altered_fields_unique,doe|face|name,layer4.0,mean_absolute_difference,63,0.008310768420674972,0.001086685956597218,0.005899783689528704,0.007625887170433998,0.00839400477707386,0.008919503074139357,0.011322883889079094
capture_pair,altered_fields_unique,doe|face|name,layer4.0,channel_diff_top1_share,63,0.00985996944031545,0.0014165941669527001,0.007688108365982771,0.008926376234740019,0.009470583871006966,0.010830509010702372,0.013819901272654533
capture_pair,altered_fields_unique,doe|face|name,layer4.0,channel_diff_top5_share,63,0.041780618566369256,0.003066672170063108,0.03526328131556511,0.04008233733475208,0.04140985757112503,0.04316218011081219,0.052660562098026276
capture_pair,altered_fields_unique,doe|face|name,layer4.0,channel_diff_top10_share,63,0.07580824929570394,0.004157388078275807,0.06701599061489105,0.07325464487075806,0.0752347782254219,0.0773741863667965,0.08922572433948517
capture_pair,altered_fields_unique,doe|face|name,layer4.0,channel_diff_top32_share,63,0.19523738513863276,0.00729837098318904,0.18276815116405487,0.18977421522140503,0.19383855164051056,0.1984333172440529,0.21781237423419952
capture_pair,altered_fields_unique,doe|face|name,layer4.0,channel_diff_effective_channels,63,302.9054420107887,9.223036363654291,276.0926513671875,299.18455505371094,303.88604736328125,308.8225555419922,321.6616516113281
capture_pair,altered_fields_unique,doe|face|name,layer4.0,channel_diff_effective_fraction,63,0.5916121914273217,0.018013742897762287,0.5392434597015381,0.5843448340892792,0.5935274362564087,0.6031690537929535,0.6282454133033752
capture_pair,altered_fields_unique,doe|face|name,layer4.1,cosine_similarity,63,0.9810206861723036,0.009699545987825414,0.9388338923454285,0.9787706136703491,0.9836858510971069,0.9873610436916351,0.9921272397041321
capture_pair,altered_fields_unique,doe|face|name,layer4.1,pearson_correlation,63,0.9737074800900051,0.013351914150675881,0.9170013666152954,0.970886617898941,0.9774305820465088,0.982311874628067,0.989126443862915
capture_pair,altered_fields_unique,doe|face|name,layer4.1,relative_l2_distance,63,0.19097125341021826,0.04414075752276464,0.1263657659292221,0.16058900207281113,0.1812565177679062,0.20772244036197662,0.3583807647228241
capture_pair,altered_fields_unique,doe|face|name,layer4.1,mean_absolute_difference,63,0.10349295879640276,0.02039421297608371,0.06928853690624237,0.09036775678396225,0.10066957026720047,0.11655097082257271,0.17326994240283966
capture_pair,altered_fields_unique,doe|face|name,layer4.1,channel_diff_top1_share,63,0.0074595835665980026,0.0012745003477213706,0.005389956757426262,0.006374340504407883,0.007385533303022385,0.008123944513499737,0.011033843271434307
capture_pair,altered_fields_unique,doe|face|name,layer4.1,channel_diff_top5_share,63,0.03181479631790093,0.003492617698046156,0.025890300050377846,0.02867486048489809,0.031855762004852295,0.03393213264644146,0.0427674725651741
capture_pair,altered_fields_unique,doe|face|name,layer4.1,channel_diff_top10_share,63,0.0578077957034111,0.005131062584869811,0.0495678186416626,0.05293720029294491,0.058271754533052444,0.061353953555226326,0.07364802062511444
capture_pair,altered_fields_unique,doe|face|name,layer4.1,channel_diff_top32_share,63,0.15254741788856566,0.009599197237607653,0.1348850578069687,0.1439245194196701,0.15212219953536987,0.15969140827655792,0.17879635095596313
capture_pair,altered_fields_unique,doe|face|name,layer4.1,channel_diff_effective_channels,63,379.630860343812,13.982810558648326,335.4666748046875,369.404541015625,382.6767578125,389.92417907714844,401.37677001953125
capture_pair,altered_fields_unique,doe|face|name,layer4.1,channel_diff_effective_fraction,63,0.7414665241090078,0.027310176872360013,0.6552083492279053,0.7214932441711426,0.7474155426025391,0.7615706622600555,0.783939003944397
capture_pair,altered_fields_unique,doe|face|name,avgpool,cosine_similarity,63,0.9959650720868792,0.0024450084824772958,0.9844475984573364,0.9954125583171844,0.9968745708465576,0.9975283145904541,0.9983803033828735
capture_pair,altered_fields_unique,doe|face|name,avgpool,pearson_correlation,63,0.9910953063813467,0.0055333670402341745,0.9652863144874573,0.9898208677768707,0.9930539727210999,0.9943332076072693,0.9966081380844116
capture_pair,altered_fields_unique,doe|face|name,avgpool,relative_l2_distance,63,0.08856901703845887,0.02380275845627331,0.059151943773031235,0.07172756269574165,0.07974068820476532,0.09899631887674332,0.18563269078731537
capture_pair,altered_fields_unique,doe|face|name,avgpool,mean_absolute_difference,63,0.05452301305910898,0.01469419115624058,0.035838015377521515,0.04457355476915836,0.050123244524002075,0.0620591938495636,0.10947722941637039
capture_pair,altered_fields_unique,doe|face|name,avgpool,channel_diff_top1_share,63,0.012417281770871745,0.0021750002615453724,0.009097815491259098,0.010873186867684126,0.011954639106988907,0.013542946893721819,0.019291698932647705
capture_pair,altered_fields_unique,doe|face|name,avgpool,channel_diff_top5_share,63,0.05143970771441384,0.005647434502922113,0.04063781350851059,0.04795517772436142,0.051629818975925446,0.05497874319553375,0.06728657335042953
capture_pair,altered_fields_unique,doe|face|name,avgpool,channel_diff_top10_share,63,0.09156800227032767,0.008187870001577856,0.07586875557899475,0.08531362190842628,0.09253546595573425,0.09659315645694733,0.11137644946575165
capture_pair,altered_fields_unique,doe|face|name,avgpool,channel_diff_top32_share,63,0.22811885225394415,0.013716672510253268,0.2039150446653366,0.215642511844635,0.22884753346443176,0.23598041385412216,0.2586785554885864
capture_pair,altered_fields_unique,doe|face|name,avgpool,channel_diff_effective_channels,63,263.9808916364397,14.94158446084563,234.30690002441406,253.71636962890625,261.8158264160156,278.0168914794922,291.82171630859375
capture_pair,altered_fields_unique,doe|face|name,avgpool,channel_diff_effective_fraction,63,0.5155876789774213,0.029182782150089123,0.4576306641101837,0.4955397844314575,0.5113590359687805,0.5430017411708832,0.5699642896652222
card_variant,overall,ALL,avgpool,cosine_similarity,320,0.991921483973662,0.006446365532657638,0.9620588223139445,0.9900243630011876,0.9941568970680237,0.9961566726366679,0.9989129106203715
card_variant,overall,ALL,avgpool,pearson_correlation,320,0.9819447552164396,0.014054930717103776,0.9183784524599711,0.9785018016894658,0.9868343075116475,0.9913791616757711,0.9973417917887369
card_variant,overall,ALL,avgpool,relative_l2_distance,320,0.12087077039759606,0.044184732369419256,0.04630893965562185,0.08863741221527259,0.1097626363237699,0.14201679453253746,0.2799786478281021
card_variant,overall,ALL,avgpool,mean_absolute_difference,320,0.0743231594368505,0.02474548893991778,0.030488118529319763,0.056701584719121456,0.06902921075622241,0.08642158346871535,0.16470656295617422
card_variant,overall,ALL,avgpool,channel_diff_top1_share,320,0.012376867710069444,0.001651866575904667,0.008839223844309648,0.011237615098555883,0.01217564397181074,0.013153342840572199,0.020730696618556976
card_variant,overall,ALL,avgpool,channel_diff_top5_share,320,0.050713278430824474,0.003996692343457877,0.04076557233929634,0.047747550842662655,0.05017651617527008,0.05330398802955945,0.06413589790463448
card_variant,overall,ALL,avgpool,channel_diff_top10_share,320,0.09025735878385603,0.005831054502376264,0.07610872636238734,0.08577332956095536,0.08962339287002881,0.094265125071009,0.11206273982922237
card_variant,overall,ALL,avgpool,channel_diff_top32_share,320,0.2255003890953958,0.01040193674795855,0.20096776882807413,0.2178585777680079,0.225033404926459,0.23202912012736004,0.2596362233161926
card_variant,overall,ALL,avgpool,channel_diff_effective_channels,320,266.3112367153168,11.813706023143629,231.16212463378906,258.40658823649085,266.40847524007165,274.78765360514325,295.8446960449219
card_variant,overall,ALL,avgpool,channel_diff_effective_fraction,320,0.5201391342096031,0.0230736445764524,0.45148852467536926,0.5047003676493962,0.520329053203265,0.5366946359475454,0.577821671962738
card_variant,overall,ALL,layer1.0,cosine_similarity,320,0.9919855603327354,0.00196813904987677,0.9854604999224345,0.9907915244499842,0.9920862019062042,0.9934151371320089,0.9963747064272562
card_variant,overall,ALL,layer1.0,pearson_correlation,320,0.983698719056944,0.003990725554078148,0.9703230460484823,0.9812381019194921,0.9837409257888794,0.986587385336558,0.9925662080446879
card_variant,overall,ALL,layer1.0,relative_l2_distance,320,0.1255254046913857,0.015500635839804086,0.08500674863656361,0.11448294917742412,0.12559338410695395,0.13555319420993328,0.17034821708997092
card_variant,overall,ALL,layer1.0,mean_absolute_difference,320,0.019723220966989176,0.0035501450714545183,0.01282149770607551,0.017359040056665737,0.01911062033226093,0.021133252264310915,0.03462412518759569
card_variant,overall,ALL,layer1.0,channel_diff_top1_share,320,0.03579164525920836,0.0009241601840490431,0.03283511226375898,0.03518855695923169,0.03589579773445924,0.03638866792122523,0.038668700804313026
card_variant,overall,ALL,layer1.0,channel_diff_top5_share,320,0.15788405941178402,0.00305307621526387,0.1471810390551885,0.15583877513806027,0.15803835292657215,0.15973876416683197,0.1664020170768102
card_variant,overall,ALL,layer1.0,channel_diff_top10_share,320,0.2775835076967875,0.005753414757052162,0.2593792974948883,0.2738095050056775,0.2770660767952601,0.28108284125725425,0.29315653443336487
card_variant,overall,ALL,layer1.0,channel_diff_top32_share,320,0.676728655025363,0.01019136437717676,0.6553035577138265,0.669764906167984,0.6752922038237255,0.6820821116367977,0.7069563269615173
card_variant,overall,ALL,layer1.0,channel_diff_effective_channels,320,52.702559216817214,0.7900372940784453,50.243237813313804,52.34636529286703,52.79841423034668,53.21778265635172,54.80872090657552
card_variant,overall,ALL,layer1.0,channel_diff_effective_fraction,320,0.823477487762769,0.012344332719975707,0.7850505908330282,0.8179119577010473,0.8249752223491669,0.8315278540054957,0.8563862641652426
card_variant,overall,ALL,layer1.1,cosine_similarity,320,0.9870936333512267,0.003127141819676759,0.9732215404510498,0.9853785037994385,0.9872387250264485,0.9893420537312825,0.9941485722859701
card_variant,overall,ALL,layer1.1,pearson_correlation,320,0.9754638092592358,0.005938044691631169,0.9482587575912476,0.9720455755790075,0.9756694932778676,0.97977843383948,0.9888628919919332
card_variant,overall,ALL,layer1.1,relative_l2_distance,320,0.1594016435633724,0.019179667314279118,0.10813208669424057,0.14588541661699614,0.15966492642958957,0.17092281704147658,0.23101862768332163
card_variant,overall,ALL,layer1.1,mean_absolute_difference,320,0.03689512522541918,0.006189357421820698,0.024588848153750103,0.03283263184130192,0.035921503479282066,0.039973683965702854,0.06505521262685458
card_variant,overall,ALL,layer1.1,channel_diff_top1_share,320,0.031141651747748255,0.0010290930451048804,0.02883780747652054,0.030408095723638933,0.03101156062136094,0.031941847099612154,0.03425212949514389
card_variant,overall,ALL,layer1.1,channel_diff_top5_share,320,0.14307821742258967,0.002841960546627653,0.1351998100678126,0.1409602326651414,0.14328422149022418,0.1449489506582419,0.1498071253299713
card_variant,overall,ALL,layer1.1,channel_diff_top10_share,320,0.26193158236953124,0.004818009279876802,0.2495285818974177,0.25819841275612515,0.2622421234846115,0.2653881957133611,0.27340378363927204
card_variant,overall,ALL,layer1.1,channel_diff_top32_share,320,0.6561234949777524,0.007069038672171635,0.6372265021006266,0.6520196944475174,0.6569788654645283,0.6620187958081564,0.6682567596435547
card_variant,overall,ALL,layer1.1,channel_diff_effective_channels,320,55.298601802190134,0.5856049734498215,54.05504608154297,54.81917413075765,55.25878715515137,55.67564582824707,56.802268981933594
card_variant,overall,ALL,layer1.1,channel_diff_effective_fraction,320,0.8640406531592209,0.009150077710153462,0.8446100950241089,0.8565495957930883,0.8634185492992401,0.8699319660663605,0.8875354528427124
card_variant,overall,ALL,layer2.0,cosine_similarity,320,0.98314177878201,0.0045013977412818144,0.9616362651189169,0.9810604304075241,0.9836027423540752,0.9860866963863373,0.9931427637736002
card_variant,overall,ALL,layer2.0,pearson_correlation,320,0.9760735267773271,0.0064214121229434935,0.9452566901842753,0.9729708135128021,0.9767207503318787,0.9803249090909958,0.9904107848803202
card_variant,overall,ALL,layer2.0,relative_l2_distance,320,0.18196157245741537,0.023776200531293895,0.11658671746651332,0.16678325086832047,0.18102199584245682,0.19457266107201576,0.2765202720959981
card_variant,overall,ALL,layer2.0,mean_absolute_difference,320,0.018761868599297786,0.0031823345583773537,0.01214324589818716,0.016555097807819642,0.018290859957536064,0.020366708437601723,0.03392800688743591
card_variant,overall,ALL,layer2.0,channel_diff_top1_share,320,0.01715341372376618,0.0019666992191969884,0.0137130885074536,0.015565795125439763,0.01708001301934322,0.01854673563502729,0.022937608261903126
card_variant,overall,ALL,layer2.0,channel_diff_top5_share,320,0.07290666194166988,0.004087063407684123,0.06571617225805919,0.06968193935851257,0.07277151197195053,0.07574284759660561,0.08363523334264755
card_variant,overall,ALL,layer2.0,channel_diff_top10_share,320,0.13552667043016603,0.00596411289866443,0.12467045585314433,0.13104332238435745,0.1348547066251437,0.13931018859148026,0.15138815343379974
card_variant,overall,ALL,layer2.0,channel_diff_top32_share,320,0.36615368829419215,0.009479843002282176,0.34644120931625366,0.3597003718217214,0.3653174092372259,0.37235454469919205,0.3899371524651845
card_variant,overall,ALL,layer2.0,channel_diff_effective_channels,320,114.01419231096902,2.025573835288967,108.90530141194661,112.67521158854167,114.38347752888998,115.4047679901123,117.72403717041016
card_variant,overall,ALL,layer2.0,channel_diff_effective_fraction,320,0.8907358774294455,0.015824795588195054,0.8508226672808329,0.8802750905354818,0.893620918194453,0.9015997499227524,0.9197190403938293
card_variant,overall,ALL,layer2.1,cosine_similarity,320,0.9796875051533183,0.005715755253389971,0.9512704610824585,0.977326492468516,0.9804541369279225,0.983250563343366,0.9916722377141317
card_variant,overall,ALL,layer2.1,pearson_correlation,320,0.9722991993029912,0.00783125901518395,0.9337146679560343,0.9690099159876505,0.9734054307142894,0.9770482232173283,0.9886911114056905
card_variant,overall,ALL,layer2.1,relative_l2_distance,320,0.1995954484678805,0.02723588398691933,0.12862226366996765,0.1829560250043869,0.1974087506532669,0.21287763739625612,0.31189284722010296
card_variant,overall,ALL,layer2.1,mean_absolute_difference,320,0.02106741355188812,0.0036069063357305146,0.013822341027359167,0.018667459022253752,0.020423829555511475,0.022861149006833635,0.037611331790685654
card_variant,overall,ALL,layer2.1,channel_diff_top1_share,320,0.014161211832348877,0.0010779846207726793,0.012333637103438377,0.013326465928306181,0.014003613032400608,0.014870864261562625,0.017611799761652946
card_variant,overall,ALL,layer2.1,channel_diff_top5_share,320,0.06400130753948664,0.0029989113120989,0.057942360639572144,0.061679985684653126,0.0637094508856535,0.06593946119149527,0.07255278776089351
card_variant,overall,ALL,layer2.1,channel_diff_top10_share,320,0.12069197512076549,0.004333208332805982,0.11070336153109868,0.1173563115298748,0.12040457129478455,0.12340482200185458,0.1313994824886322
card_variant,overall,ALL,layer2.1,channel_diff_top32_share,320,0.34104333333671094,0.007285724491536113,0.32470229268074036,0.33566658695538837,0.3404855529467265,0.345345102250576,0.36512691775957745
card_variant,overall,ALL,layer2.1,channel_diff_effective_channels,320,118.24261027177174,1.3098244109034867,113.9500732421875,117.40403429667155,118.44051488240561,119.18526522318523,121.21966807047527
card_variant,overall,ALL,layer2.1,channel_diff_effective_fraction,320,0.9237703927482167,0.01023300321018349,0.8902349472045898,0.9172190179427465,0.9253165225187938,0.9311348845561346,0.947028656800588
card_variant,overall,ALL,layer3.0,cosine_similarity,320,0.9830976066490015,0.0055374217079388385,0.9610470136006674,0.9809402426083882,0.9841198424498241,0.9865435560544331,0.9934308131535848
card_variant,overall,ALL,layer3.0,pearson_correlation,320,0.9769907334198555,0.007576539100508373,0.9464452465375265,0.9741051097710927,0.9782865146795908,0.9815858751535416,0.9910587469736735
card_variant,overall,ALL,layer3.0,relative_l2_distance,320,0.18159248273198805,0.028531298071939944,0.11408400287230809,0.16403664648532867,0.1782727564374606,0.19517185290654498,0.28092072407404584
card_variant,overall,ALL,layer3.0,mean_absolute_difference,320,0.013152903418328301,0.002365340847649113,0.00834566339229544,0.01164052231858174,0.012720901208619276,0.0143470314797014,0.022771512468655903
card_variant,overall,ALL,layer3.0,channel_diff_top1_share,320,0.0100692532073784,0.0013780971673282882,0.007905054371803999,0.00909776147454977,0.009793732160081465,0.010639604646712542,0.017158296890556812
card_variant,overall,ALL,layer3.0,channel_diff_top5_share,320,0.04318009054598709,0.003025521633849391,0.036829762160778046,0.040821309201419353,0.04284952705105145,0.044838033306101956,0.05297906075914701
card_variant,overall,ALL,layer3.0,channel_diff_top10_share,320,0.0796222479082644,0.004009729864724489,0.07059972236553828,0.07673310364286104,0.07924738898873329,0.08213928962747255,0.09230561802784602
card_variant,overall,ALL,layer3.0,channel_diff_top32_share,320,0.21794030989209814,0.00638403398334386,0.20093302925427756,0.2131567783653736,0.21759870896736783,0.222475195924441,0.23446900149186453
card_variant,overall,ALL,layer3.0,channel_diff_effective_channels,320,216.39582506815594,4.010617312239617,205.40009562174478,213.29935709635419,216.9934310913086,219.38950475056967,226.03810119628906
card_variant,overall,ALL,layer3.0,channel_diff_effective_fraction,320,0.8452961916724842,0.015666473875936004,0.8023441235224406,0.8332006136576335,0.8476305902004242,0.8569902529319128,0.8829613327980042
card_variant,overall,ALL,layer3.1,cosine_similarity,320,0.9822025328253705,0.006256030655246181,0.9570966362953186,0.9795837054649988,0.9834392964839935,0.986288125316302,0.9933568636576334
card_variant,overall,ALL,layer3.1,pearson_correlation,320,0.9761306794981163,0.008369070192161113,0.9424650073051453,0.9728802492221196,0.9778000017007191,0.9815511703491211,0.9910575151443481
card_variant,overall,ALL,layer3.1,relative_l2_distance,320,0.1860185279355695,0.031293431469791425,0.11503802239894867,0.16544107347726822,0.18182031313578287,0.20198039462169012,0.29410504301389057
card_variant,overall,ALL,layer3.1,mean_absolute_difference,320,0.014132746552058961,0.002520317215650147,0.008793173357844353,0.012418380628029507,0.01366862328723073,0.015393863509719571,0.0242392693956693
card_variant,overall,ALL,layer3.1,channel_diff_top1_share,320,0.011213187376173057,0.001791034494720982,0.008489850908517838,0.009826323871190349,0.010740366609146198,0.012066711050768694,0.0186101080228885
card_variant,overall,ALL,layer3.1,channel_diff_top5_share,320,0.04637463661686828,0.003492236311600709,0.03898302217324575,0.043793783212701484,0.045759303495287895,0.047931122593581676,0.06119005009531975
card_variant,overall,ALL,layer3.1,channel_diff_top10_share,320,0.084753535167935,0.004490336530823115,0.07411010811726253,0.08156062290072441,0.08429227148493132,0.08711680707832177,0.10176852842171986
card_variant,overall,ALL,layer3.1,channel_diff_top32_share,320,0.2290853245028605,0.007410081830442714,0.21175760527451834,0.2242095855375131,0.22859497616688412,0.23407196626067162,0.251408393184344
card_variant,overall,ALL,layer3.1,channel_diff_effective_channels,320,211.8191592852275,4.418619066513996,198.96866861979166,208.64556630452475,211.99671681722003,214.9460334777832,222.07818094889322
card_variant,overall,ALL,layer3.1,channel_diff_effective_fraction,320,0.8274185909579199,0.017260230728570296,0.7772213617960612,0.8150217433770498,0.8281121750672658,0.8396329432725906,0.8674928943316141
card_variant,overall,ALL,layer4.0,cosine_similarity,320,0.9723759929959973,0.012394107836970104,0.9204131364822388,0.9661838014920553,0.9752954840660095,0.9808021386464437,0.993098795413971
card_variant,overall,ALL,layer4.0,pearson_correlation,320,0.968936292019983,0.013952058274504457,0.910178005695343,0.9620071301857631,0.9722236494223278,0.9784585783878963,0.9922147591908773
card_variant,overall,ALL,layer4.0,relative_l2_distance,320,0.2292643423192203,0.04936093462878051,0.1175344189008077,0.1954597383737564,0.2222712313135465,0.2598007184763749,0.39956483244895935
card_variant,overall,ALL,layer4.0,mean_absolute_difference,320,0.010445898481217835,0.002141123390726195,0.00600785684461395,0.008967143250629306,0.010100114780167738,0.011389788861076038,0.01872348164518674
card_variant,overall,ALL,layer4.0,channel_diff_top1_share,320,0.009432665142715754,0.000959554210707742,0.0073530034472544985,0.008773317327722907,0.009302401759972174,0.009926279463494817,0.012918737716972828
card_variant,overall,ALL,layer4.0,channel_diff_top5_share,320,0.040484037902206185,0.0025235594109235516,0.03384693463643392,0.03883173906554778,0.04030220086375873,0.04217080678790808,0.04815483714143435
card_variant,overall,ALL,layer4.0,channel_diff_top10_share,320,0.07376951884943991,0.003825447063183248,0.06397836655378342,0.07103315802911918,0.07347279290358225,0.07646646785239378,0.08376933882633845
card_variant,overall,ALL,layer4.0,channel_diff_top32_share,320,0.19315431696983676,0.008304299510537344,0.17397403717041016,0.18732255945603052,0.19252393643061322,0.19850229596098265,0.21576488514741263
card_variant,overall,ALL,layer4.0,channel_diff_effective_channels,320,304.1769386609395,12.237311887733988,272.80621337890625,296.4032694498698,304.8784586588542,312.97889709472656,330.58388264973956
card_variant,overall,ALL,layer4.0,channel_diff_effective_fraction,320,0.5940955833221475,0.023900999780730445,0.5328246355056763,0.578912635644277,0.5954657395680746,0.6112869083881378,0.6456716458002726
card_variant,overall,ALL,layer4.1,cosine_similarity,320,0.9652772540226578,0.02278868290285431,0.8651860356330872,0.9583911448717117,0.9726672172546387,0.9805850038925806,0.9941338698069254
card_variant,overall,ALL,layer4.1,pearson_correlation,320,0.9522452428936958,0.03051158677465463,0.8219623963038126,0.9410675019025803,0.9619381626447041,0.9731274743874867,0.9917041659355164
card_variant,overall,ALL,layer4.1,relative_l2_distance,320,0.25208142812674245,0.07757607369665429,0.10803008327881496,0.19595079123973846,0.23359142492214838,0.29072821885347366,0.5232700010140737
card_variant,overall,ALL,layer4.1,mean_absolute_difference,320,0.13825063552164163,0.03569712991754136,0.06675697738925616,0.11225100855032602,0.13131941730777422,0.15789143616954485,0.2655099630355835
card_variant,overall,ALL,layer4.1,channel_diff_top1_share,320,0.007568438037318023,0.0011133314673156727,0.0056830427298943205,0.0067333538706103955,0.007428836465502778,0.008148384823774299,0.012587137830754122
card_variant,overall,ALL,layer4.1,channel_diff_top5_share,320,0.03183563247827502,0.003302338693528969,0.025774897386630375,0.029309411998838186,0.03132333792746067,0.03395543030152718,0.04299303516745567
card_variant,overall,ALL,layer4.1,channel_diff_top10_share,320,0.05785792972504471,0.005232695756080682,0.04787336910764376,0.05388087561974923,0.05700493914385637,0.06102282150338093,0.07526424775520961
card_variant,overall,ALL,layer4.1,channel_diff_top32_share,320,0.15285771498456596,0.010498084553454773,0.13178673883279166,0.14509592329462367,0.151361845433712,0.158388069520394,0.1824330339829127
card_variant,overall,ALL,layer4.1,channel_diff_effective_channels,320,378.50871690114343,16.546913955458077,331.5599670410156,369.0365524291992,379.92333984375,390.29871622721356,416.3184102376302
card_variant,overall,ALL,layer4.1,channel_diff_effective_fraction,320,0.7392748376975458,0.03231819131925406,0.6475780606269836,0.7207745164632797,0.7420377731323242,0.7623021801312765,0.8131218949953715
card_variant,overall,ALL,maxpool,cosine_similarity,320,0.9946574671814841,0.0014455179350100684,0.9883508284886678,0.9936530043681463,0.9946725865205128,0.9959195007880528,0.9973767797152201
card_variant,overall,ALL,maxpool,pearson_correlation,320,0.9887200988829136,0.0031541294414574703,0.9752798676490784,0.9864542533953985,0.9885997474193573,0.9914712061484654,0.9943682154019674
card_variant,overall,ALL,maxpool,relative_l2_distance,320,0.10232402738183737,0.014031419023667781,0.0723663866519928,0.09030420084794362,0.10318946341673534,0.11263151342670123,0.15238022804260254
card_variant,overall,ALL,maxpool,mean_absolute_difference,320,0.01012996667996049,0.002066558738333507,0.006443688025077184,0.008748208133814236,0.009813015970091024,0.010953492252156138,0.018369179219007492
card_variant,overall,ALL,maxpool,channel_diff_top1_share,320,0.040448978541341295,0.0029012659687639012,0.033498275404175125,0.03860000272591909,0.03999704495072365,0.041747773376603924,0.05141165480017662
card_variant,overall,ALL,maxpool,channel_diff_top5_share,320,0.1753692212048918,0.007073297059520486,0.1574731320142746,0.17026057094335556,0.17555921773115796,0.18026307970285416,0.20157357553641
card_variant,overall,ALL,maxpool,channel_diff_top10_share,320,0.3238550675101578,0.010600615284055828,0.2959522207578023,0.31557412445545197,0.3246839692195257,0.33087342480818427,0.3569480776786804
card_variant,overall,ALL,maxpool,channel_diff_top32_share,320,0.8116840957974393,0.009593979999955975,0.7757811546325684,0.8052274485429127,0.8127902845541637,0.8187302798032761,0.8343820571899414
card_variant,overall,ALL,maxpool,channel_diff_effective_channels,320,42.22145388523738,0.9079040157526809,39.21105194091797,41.60632133483887,42.14433352152506,42.89085324605306,44.854400634765625
card_variant,overall,ALL,maxpool,channel_diff_effective_fraction,320,0.6597102169568341,0.014186000246135639,0.6126726865768433,0.6500987708568573,0.6585052112738291,0.6701695819695791,0.7008500099182129
card_variant,overall,ALL,stem_relu,cosine_similarity,320,0.9893915940696996,0.0028496247608226924,0.9808322389920553,0.9872687657674153,0.989679475625356,0.9916423708200455,0.995509127775828
card_variant,overall,ALL,stem_relu,pearson_correlation,320,0.9800202888126176,0.005288220434579,0.9655188123385111,0.9760317951440811,0.9801184336344401,0.9842665890852611,0.9914692242940267
card_variant,overall,ALL,stem_relu,relative_l2_distance,320,0.14412522662896662,0.01964245721968606,0.09445938219626744,0.12916874947647253,0.14356137067079544,0.15952424332499504,0.19571932156880698
card_variant,overall,ALL,stem_relu,mean_absolute_difference,320,0.009196271222511617,0.0018302470109840068,0.005667106248438358,0.007919492898508906,0.008935606262336176,0.009988214820623398,0.01618365167329709
card_variant,overall,ALL,stem_relu,channel_diff_top1_share,320,0.03502191429724917,0.0019205027123146712,0.030277750144402187,0.03358907392248511,0.034872756650050483,0.03626327061404785,0.04089497526486715
card_variant,overall,ALL,stem_relu,channel_diff_top5_share,320,0.16283576070951916,0.006412823151483262,0.14424572388331094,0.15801584099729857,0.1628244494398435,0.1674178143342336,0.18052471180756888
card_variant,overall,ALL,stem_relu,channel_diff_top10_share,320,0.30902286088094116,0.010019026351044243,0.2786428431669871,0.3017522816856702,0.3089528729518255,0.3168029859662056,0.3345596094926198
card_variant,overall,ALL,stem_relu,channel_diff_top32_share,320,0.8068236254155636,0.009460297244884942,0.7808582186698914,0.8000935614109039,0.8068002065022786,0.8138609429200491,0.8351597388585409
card_variant,overall,ALL,stem_relu,channel_diff_effective_channels,320,42.75317836602529,0.8175524171092621,40.0471076965332,42.15194225311279,42.79364585876465,43.35258102416992,44.912986755371094
card_variant,overall,ALL,stem_relu,channel_diff_effective_fraction,320,0.6680184119691451,0.01277425651733222,0.6257360577583313,0.6586240977048874,0.6686507165431976,0.677384078502655,0.7017654180526733
card_variant,variant,digital_1,avgpool,cosine_similarity,160,0.991500873118639,0.006613449722782675,0.9620588223139445,0.9894849558671316,0.9938680628935497,0.9958257923523585,0.9981402556101481
card_variant,variant,digital_1,avgpool,pearson_correlation,160,0.9809860194722813,0.014455089277422574,0.9183784524599711,0.976631964246432,0.9860213994979858,0.9900301347176234,0.9954520265261332
card_variant,variant,digital_1,avgpool,relative_l2_distance,160,0.12482523017873366,0.044341403588956496,0.060960245629151665,0.0927746444940567,0.11300118267536163,0.145161638657252,0.2799786478281021
card_variant,variant,digital_1,avgpool,mean_absolute_difference,160,0.07676336522369334,0.024821103336579577,0.03940202668309212,0.05904293308655421,0.07118685978154342,0.08891239017248154,0.16470656295617422
card_variant,variant,digital_1,avgpool,channel_diff_top1_share,160,0.012251230694043139,0.0016032065081558544,0.0091587845236063,0.011167108934993545,0.012041318385551374,0.012785863364115357,0.01900351761529843
card_variant,variant,digital_1,avgpool,channel_diff_top5_share,160,0.05052966579484443,0.0036992904245440844,0.04257454723119736,0.047836800726751484,0.050028370693325996,0.05300100396076838,0.06413589790463448
card_variant,variant,digital_1,avgpool,channel_diff_top10_share,160,0.09004461644217372,0.005554025226303887,0.07922212034463882,0.08617066033184528,0.08953183765212695,0.09383041101197402,0.11206273982922237
card_variant,variant,digital_1,avgpool,channel_diff_top32_share,160,0.22523526645575961,0.010449308878500124,0.20592315991719565,0.21780314296483994,0.22469352930784225,0.23158640414476395,0.2596362233161926
card_variant,variant,digital_1,avgpool,channel_diff_effective_channels,160,266.75384159088134,11.718247956042173,231.16212463378906,259.5813929239909,267.2009506225586,275.0042953491211,289.5968729654948
card_variant,variant,digital_1,avgpool,channel_diff_effective_fraction,160,0.5210035968571901,0.02288720303914487,0.45148852467536926,0.5069949080546697,0.5218768566846848,0.5371177643537521,0.565618892510732
card_variant,variant,digital_1,layer1.0,cosine_similarity,160,0.9916403538237016,0.0018845817752927354,0.9854604999224345,0.9904860903819401,0.9918426871299744,0.9930402388175328,0.9955712954203287
card_variant,variant,digital_1,layer1.0,pearson_correlation,160,0.9830172803252936,0.003759190203185711,0.9703230460484823,0.9805942823489507,0.9834969937801361,0.9856831580400467,0.9909172654151917
card_variant,variant,digital_1,layer1.0,relative_l2_distance,160,0.12838590308092535,0.014368027670471713,0.0941145122051239,0.11771240085363388,0.127457598845164,0.1378391981124878,0.17034821708997092
card_variant,variant,digital_1,layer1.0,mean_absolute_difference,160,0.021421276172623037,0.0037289675926086186,0.014888544256488482,0.01877528413509329,0.02065487795819839,0.02307589895402392,0.03462412518759569
card_variant,variant,digital_1,layer1.0,channel_diff_top1_share,160,0.03584944476218273,0.0007954425808737181,0.033634260296821594,0.03532449839015801,0.03591703623533249,0.036381762474775314,0.037991960843404136
card_variant,variant,digital_1,layer1.0,channel_diff_top5_share,160,0.15760095079119005,0.0027710505978707275,0.1471810390551885,0.15582924336194992,0.15776407221953073,0.1594341273109118,0.16376939912637076
card_variant,variant,digital_1,layer1.0,channel_diff_top10_share,160,0.2769872644916177,0.005857214748917186,0.2593792974948883,0.27341798941294354,0.27657632033030194,0.2796698113282522,0.2930235167344411
card_variant,variant,digital_1,layer1.0,channel_diff_top32_share,160,0.6765878168245157,0.01053772886602064,0.6563017169634501,0.6698665072520573,0.6739100019137064,0.680893138051033,0.7069563269615173
card_variant,variant,digital_1,layer1.0,channel_diff_effective_channels,160,52.71745241483052,0.8445660839259779,50.243237813313804,52.43587239583333,52.85224978129069,53.2314395904541,54.80872090657552
card_variant,variant,digital_1,layer1.0,channel_diff_effective_fraction,160,0.8237101939817268,0.013196345061343404,0.7850505908330282,0.8193105061848958,0.825816402832667,0.8317412436008453,0.8563862641652426
card_variant,variant,digital_1,layer1.1,cosine_similarity,160,0.9860315779844921,0.0032078221492129896,0.9732215404510498,0.9842295000950495,0.9862993160883586,0.9880778392155966,0.9926160375277201
card_variant,variant,digital_1,layer1.1,pearson_correlation,160,0.9734610890348752,0.00600999771807828,0.9482587575912476,0.9701526413361231,0.9738694528738658,0.9772497167189916,0.9859440922737122
card_variant,variant,digital_1,layer1.1,relative_l2_distance,160,0.1659867323624591,0.01871320953985685,0.12151717394590378,0.1543791505197684,0.16535276422897974,0.17758840322494507,0.23101862768332163
card_variant,variant,digital_1,layer1.1,mean_absolute_difference,160,0.04025188785744831,0.006335598274353337,0.02887984241048495,0.03582894802093506,0.039599448442459106,0.04343758802860975,0.06505521262685458
card_variant,variant,digital_1,layer1.1,channel_diff_top1_share,160,0.031003668853857864,0.0009572471630989526,0.02883780747652054,0.030418769146005314,0.030865537313123543,0.03164471810062726,0.034098926931619644
card_variant,variant,digital_1,layer1.1,channel_diff_top5_share,160,0.14294593116889398,0.0025723636178242985,0.1351998100678126,0.14138652756810188,0.1432312453786532,0.144527155905962,0.14977548023064932
card_variant,variant,digital_1,layer1.1,channel_diff_top10_share,160,0.2618222068374355,0.004433016473577634,0.2495285818974177,0.2583586797118187,0.262148509422938,0.2651066556572914,0.27340378363927204
card_variant,variant,digital_1,layer1.1,channel_diff_top32_share,160,0.6572691903760035,0.006806533030441586,0.6390562852223715,0.6535368909438452,0.6582503716150919,0.6630139648914337,0.6676911115646362
card_variant,variant,digital_1,layer1.1,channel_diff_effective_channels,160,55.25701948006948,0.5771403631694912,54.05504608154297,54.785731951395675,55.20397504170735,55.67102336883545,56.61504618326823
card_variant,variant,digital_1,layer1.1,channel_diff_effective_fraction,160,0.8633909293760856,0.0090178181745233,0.8446100950241089,0.8560270617405574,0.8625621100266774,0.8698597401380539,0.884610096613566
card_variant,variant,digital_1,layer2.0,cosine_similarity,160,0.981465261677901,0.0048421056454045295,0.9616362651189169,0.9791009376446406,0.9818695684274037,0.9847167978684107,0.9906683365503947
card_variant,variant,digital_1,layer2.0,pearson_correlation,160,0.9737021065006652,0.006883998298068498,0.9452566901842753,0.970300128062566,0.9744034310181935,0.9783232162396114,0.9868497451146444
card_variant,variant,digital_1,layer2.0,relative_l2_distance,160,0.1909037360611061,0.024263555202692157,0.13659484684467316,0.17474724352359772,0.19021535913149515,0.20444273576140404,0.2765202720959981
card_variant,variant,digital_1,layer2.0,mean_absolute_difference,160,0.020422727030624328,0.003301909505231692,0.014501528503994146,0.018007312746097646,0.019953313594063125,0.022007919071863093,0.03392800688743591
card_variant,variant,digital_1,layer2.0,channel_diff_top1_share,160,0.016631552165684602,0.0018947337826317522,0.0137130885074536,0.014943199465051293,0.016326214031626783,0.018192078064506255,0.02167782684167226
card_variant,variant,digital_1,layer2.0,channel_diff_top5_share,160,0.07168892909151812,0.0036507289571045425,0.06571617225805919,0.06833127265175185,0.07136610895395279,0.07437752435604732,0.08321581284205119
card_variant,variant,digital_1,layer2.0,channel_diff_top10_share,160,0.13402184840912618,0.005279354309840787,0.1251344308257103,0.1296664054195086,0.13319242745637894,0.13760539640982947,0.15138815343379974
card_variant,variant,digital_1,layer2.0,channel_diff_top32_share,160,0.3635019126037756,0.008646371497030434,0.34644120931625366,0.35659952461719513,0.3625894834597906,0.36854348331689835,0.3873398502667745
card_variant,variant,digital_1,layer2.0,channel_diff_effective_channels,160,114.56481466293334,1.8182745484091132,109.8635025024414,113.28799819946289,114.87977981567383,115.96476554870605,117.72403717041016
card_variant,variant,digital_1,layer2.0,channel_diff_effective_fraction,160,0.8950376145541667,0.014205269909446197,0.8583086133003235,0.8850624859333038,0.8974982798099518,0.905974730849266,0.9197190403938293
card_variant,variant,digital_1,layer2.1,cosine_similarity,160,0.9775778238972027,0.006185109641040406,0.9512704610824585,0.9746296505133311,0.9785238802433014,0.9817737738291422,0.9885726372400919
card_variant,variant,digital_1,layer2.1,pearson_correlation,160,0.9694240619738895,0.008472753543419522,0.9337146679560343,0.9654503216346105,0.9707246820131938,0.9751003583272297,0.9844854275385538
card_variant,variant,digital_1,layer2.1,relative_l2_distance,160,0.20984319327399134,0.027905651721037067,0.15114239354928335,0.19083587949474654,0.20721508314212161,0.22517499700188637,0.31189284722010296
card_variant,variant,digital_1,layer2.1,mean_absolute_difference,160,0.022860916486630835,0.003776648604820955,0.016088733449578285,0.020206126229216657,0.022184030463298164,0.02476871091251572,0.037611331790685654
card_variant,variant,digital_1,layer2.1,channel_diff_top1_share,160,0.013940503813015917,0.0010538857923346053,0.012333637103438377,0.013155053912972411,0.013713913969695568,0.01467479959440728,0.016630879913767178
card_variant,variant,digital_1,layer2.1,channel_diff_top5_share,160,0.0632013151810194,0.0027818668704099017,0.057942360639572144,0.06122723997881015,0.06296138962109885,0.06494849578787884,0.0703699787457784
card_variant,variant,digital_1,layer2.1,channel_diff_top10_share,160,0.11944779475840428,0.003927867254993632,0.11070336153109868,0.11691465290884176,0.11912904307246208,0.121948662524422,0.1298053984840711
card_variant,variant,digital_1,layer2.1,channel_diff_top32_share,160,0.3385061885540684,0.006424569754832895,0.32470229268074036,0.3338798309365908,0.33825919032096863,0.342186838388443,0.35843632618586224
card_variant,variant,digital_1,layer2.1,channel_diff_effective_channels,160,118.56449488004048,1.2101990022053872,115.07458241780598,117.8249683380127,118.71817016601562,119.44869867960612,121.21966807047527
card_variant,variant,digital_1,layer2.1,channel_diff_effective_fraction,160,0.9262851162503163,0.009454679704729588,0.8990201751391093,0.9205075651407242,0.9274857044219971,0.9331929584344228,0.947028656800588
card_variant,variant,digital_1,layer3.0,cosine_similarity,160,0.9817569491763909,0.005999810486336717,0.9611734549204508,0.979961708188057,0.9831470052401224,0.9855671723683676,0.9916560649871826
card_variant,variant,digital_1,layer3.0,pearson_correlation,160,0.9751546766608954,0.008235032729881702,0.9464452465375265,0.9728514800469081,0.9769694805145264,0.9803640494743983,0.9885653853416443
card_variant,variant,digital_1,layer3.0,relative_l2_distance,160,0.1887066737127801,0.029395308463877026,0.1290777325630188,0.16974799583355585,0.18363622079292932,0.200201744834582,0.27885470787684125
card_variant,variant,digital_1,layer3.0,mean_absolute_difference,160,0.014150276686996222,0.002520849293876324,0.010034778155386448,0.012310951560114821,0.013551834194610516,0.015409877679000298,0.022771512468655903
card_variant,variant,digital_1,layer3.0,channel_diff_top1_share,160,0.00971319020803397,0.001142869129173644,0.007905054371803999,0.008888086924950283,0.00950818695127964,0.010199657020469507,0.013805641482273737
card_variant,variant,digital_1,layer3.0,channel_diff_top5_share,160,0.04242363546509296,0.002966573852462176,0.036829762160778046,0.04032041132450104,0.04203763045370579,0.04399487717698018,0.05297906075914701
card_variant,variant,digital_1,layer3.0,channel_diff_top10_share,160,0.0785368792867909,0.0038574236334888673,0.07059972236553828,0.0755621207257112,0.07810544843475023,0.0812956312050422,0.08931535979111989
card_variant,variant,digital_1,layer3.0,channel_diff_top32_share,160,0.21594676502669855,0.006083204636233686,0.20093302925427756,0.2118560572465261,0.21520210305849713,0.2206484079360962,0.22955351074536642
card_variant,variant,digital_1,layer3.0,channel_diff_effective_channels,160,217.7550940195719,3.8630418151165515,208.90247599283853,214.48580678304037,218.5000762939453,220.5563252766927,226.03810119628906
card_variant,variant,digital_1,layer3.0,channel_diff_effective_fraction,160,0.8506058360139528,0.01509000709029903,0.8160252968470255,0.8378351827462515,0.8535159230232239,0.8615481456120808,0.8829613327980042
card_variant,variant,digital_1,layer3.1,cosine_similarity,160,0.9808461739371219,0.006631468627394668,0.9570966362953186,0.9788488994042078,0.9822419484456381,0.9852532347043355,0.9918267528216044
card_variant,variant,digital_1,layer3.1,pearson_correlation,160,0.9743083070963621,0.008869405469166536,0.9424650073051453,0.9715456813573837,0.975971778233846,0.9804555227359135,0.9890033602714539
card_variant,variant,digital_1,layer3.1,relative_l2_distance,160,0.19321437917339304,0.031677300525679256,0.12782794485489526,0.17147831991314888,0.18849148104588193,0.20569680134455362,0.29410504301389057
card_variant,variant,digital_1,layer3.1,mean_absolute_difference,160,0.01503597519476898,0.0026386994466201857,0.010282077205677828,0.01328004663810134,0.014593234285712242,0.01625930890440941,0.0242392693956693
card_variant,variant,digital_1,layer3.1,channel_diff_top1_share,160,0.011031968561777223,0.001740151363279014,0.008489850908517838,0.00970403632769982,0.010551550891250372,0.011901169161622724,0.0186101080228885
card_variant,variant,digital_1,layer3.1,channel_diff_top5_share,160,0.0456032729630048,0.0031070804377506585,0.03898302217324575,0.04318901679168145,0.045063848296801254,0.04725911716620127,0.05950078492363294
card_variant,variant,digital_1,layer3.1,channel_diff_top10_share,160,0.08341597911591331,0.003922079196631087,0.07411010811726253,0.0806053876876831,0.08327745646238327,0.08567282805840173,0.1004984974861145
card_variant,variant,digital_1,layer3.1,channel_diff_top32_share,160,0.22615773382907114,0.006614836969107286,0.21175760527451834,0.2212111440797647,0.22670745352904004,0.23090295369426408,0.24565573036670685
card_variant,variant,digital_1,layer3.1,channel_diff_effective_channels,160,213.5232611656189,3.9685635045949894,201.91556803385416,211.02986272176108,213.5210418701172,216.6658503214518,222.07818094889322
card_variant,variant,digital_1,layer3.1,channel_diff_effective_fraction,160,0.8340752389281988,0.015502201189824177,0.7887326876322428,0.8243354012568792,0.8340665698051453,0.8463509778181711,0.8674928943316141
card_variant,variant,digital_1,layer4.0,cosine_similarity,160,0.9704188978920382,0.012404689931614536,0.9241545995076498,0.965492770075798,0.9732829133669536,0.9793326457341512,0.9907573064168295
card_variant,variant,digital_1,layer4.0,pearson_correlation,160,0.9667352707435686,0.01396800364308192,0.9145543773969015,0.9611314088106155,0.9699379801750183,0.9766883055369059,0.9895764787991842
card_variant,variant,digital_1,layer4.0,relative_l2_distance,160,0.23831007067735,0.04767900299756546,0.13596360882123312,0.20299371828635535,0.23068445920944214,0.2630415658156077,0.3894157409667969
card_variant,variant,digital_1,layer4.0,mean_absolute_difference,160,0.010993210870462159,0.0021349941763507334,0.007243017200380564,0.009565488823379079,0.010595046759893496,0.011900294184063872,0.01872348164518674
card_variant,variant,digital_1,layer4.0,channel_diff_top1_share,160,0.009254234959371388,0.000923043813395574,0.0073530034472544985,0.008659800825019676,0.009177514351904392,0.009803186869248748,0.012808778012792269
card_variant,variant,digital_1,layer4.0,channel_diff_top5_share,160,0.03995911305925499,0.0025478815725064868,0.03384693463643392,0.038131107265750565,0.03978191191951434,0.04161985839406649,0.04770410805940628
card_variant,variant,digital_1,layer4.0,channel_diff_top10_share,160,0.07289908093710741,0.003827535979809581,0.06397836655378342,0.07009438425302505,0.07262436548868814,0.07574235337475936,0.08224557340145111
card_variant,variant,digital_1,layer4.0,channel_diff_top32_share,160,0.19132469861457743,0.008092062713659438,0.17397403717041016,0.18483341112732887,0.1905277892947197,0.1963183879852295,0.21034393707911173
card_variant,variant,digital_1,layer4.0,channel_diff_effective_channels,160,306.6596815109253,11.755161263021654,278.5098571777344,299.03743743896484,307.58324178059894,315.0177332560221,330.58388264973956
card_variant,variant,digital_1,layer4.0,channel_diff_effective_fraction,160,0.5989446904510259,0.022959299341839167,0.5439645648002625,0.5840574949979782,0.6007485191027323,0.6152690102656682,0.6456716458002726
card_variant,variant,digital_1,layer4.1,cosine_similarity,160,0.9632896470526855,0.023170814546521805,0.8651860356330872,0.954407791296641,0.969926009575526,0.9787094295024872,0.9913753072420756
card_variant,variant,digital_1,layer4.1,pearson_correlation,160,0.9495234310626983,0.030875681566551558,0.8219623963038126,0.9382148683071136,0.9584550360838572,0.9705764204263687,0.9878083268801371
card_variant,variant,digital_1,layer4.1,relative_l2_distance,160,0.2606929762599369,0.07693058527101636,0.13126388688882193,0.2054299550751845,0.244479904572169,0.2993183235327403,0.5232700010140737
card_variant,variant,digital_1,layer4.1,mean_absolute_difference,160,0.14334960772345465,0.034728258623745886,0.07980052381753922,0.11865999363362789,0.137027354290088,0.16020564114054042,0.2655099630355835
card_variant,variant,digital_1,layer4.1,channel_diff_top1_share,160,0.007443077124965688,0.0010488909251371848,0.0058034939380983514,0.0066786057626207675,0.007278216459477941,0.007978442086217305,0.011584877346952757
card_variant,variant,digital_1,layer4.1,channel_diff_top5_share,160,0.031542771321255714,0.00313399738860253,0.0263817614565293,0.02925493863100807,0.031064861143628757,0.03335578149805466,0.04045190165440241
card_variant,variant,digital_1,layer4.1,channel_diff_top10_share,160,0.05745745959381262,0.005053633979886871,0.048819037775198616,0.05375151305148999,0.05665783273677032,0.06019790781040986,0.0722236434618632
card_variant,variant,digital_1,layer4.1,channel_diff_top32_share,160,0.1522952708726128,0.010374368670588219,0.13465705017248789,0.14480394249161085,0.1506233513355255,0.15770028779904047,0.17995724081993103
card_variant,variant,digital_1,layer4.1,channel_diff_effective_channels,160,379.5024203618367,16.212628404485095,331.5599670410156,370.4660847981771,380.82954915364587,391.1456044514974,409.1407470703125
card_variant,variant,digital_1,layer4.1,channel_diff_effective_fraction,160,0.7412156647692123,0.03166528985250995,0.6475780606269836,0.7235665718714397,0.7438077131907146,0.7639562586943308,0.7991030216217041
card_variant,variant,digital_1,maxpool,cosine_similarity,160,0.9945329713324706,0.001287447797879917,0.9912241498629252,0.9935648689667383,0.994435727596283,0.995715672771136,0.997022807598114
card_variant,variant,digital_1,maxpool,pearson_correlation,160,0.988474054262042,0.0028212860467301593,0.981081227461497,0.9864222804705303,0.9881630937258402,0.9911773304144541,0.9936159253120422
card_variant,variant,digital_1,maxpool,relative_l2_distance,160,0.10376719739288091,0.012372623935423951,0.07718674093484879,0.09232696580390136,0.10544569542010625,0.11335856219132742,0.13241687913735709
card_variant,variant,digital_1,maxpool,mean_absolute_difference,160,0.010914361926067309,0.002204986967675012,0.00723424678047498,0.009481832850724459,0.010421478965630133,0.011539847201978167,0.018369179219007492
card_variant,variant,digital_1,maxpool,channel_diff_top1_share,160,0.04167985772558798,0.0032704933249466947,0.03512100130319595,0.03928234117726485,0.04136919230222702,0.04363096971064806,0.05141165480017662
card_variant,variant,digital_1,maxpool,channel_diff_top5_share,160,0.17716182277848322,0.007560426707864297,0.1628167380889257,0.17147821312149367,0.17716853817303974,0.1811793359617392,0.20157357553641
card_variant,variant,digital_1,maxpool,channel_diff_top10_share,160,0.325792044090728,0.011102386997708507,0.29966039458910626,0.3161178007721901,0.3259206563234329,0.3327532385786374,0.3569480776786804
card_variant,variant,digital_1,maxpool,channel_diff_top32_share,160,0.8109307009726763,0.010199113161229392,0.7757811546325684,0.8034062335888544,0.8122012615203857,0.8184740543365479,0.8343820571899414
card_variant,variant,digital_1,maxpool,channel_diff_effective_channels,160,42.12473837534587,0.9888593838153356,39.21105194091797,41.530156771341964,42.042781829833984,42.906018892923996,44.854400634765625
card_variant,variant,digital_1,maxpool,channel_diff_effective_fraction,160,0.6581990371147792,0.015450927872114618,0.6126726865768433,0.6489086995522182,0.656918466091156,0.6704065452019374,0.7008500099182129
card_variant,variant,digital_1,stem_relu,cosine_similarity,160,0.9889123315612476,0.002604085127964836,0.9808322389920553,0.9871363292137781,0.9889489312966664,0.9911717375119528,0.9938007593154907
card_variant,variant,digital_1,stem_relu,pearson_correlation,160,0.9791275488833587,0.004814913994971051,0.9655188123385111,0.9755695809920629,0.9788730641206106,0.9836325198411942,0.9882758259773254
card_variant,variant,digital_1,stem_relu,relative_l2_distance,160,0.1477129209941874,0.01745869714024604,0.11097296575705211,0.13263202334443727,0.1484059269229571,0.16027983526388806,0.19571932156880698
card_variant,variant,digital_1,stem_relu,mean_absolute_difference,160,0.010068421484902501,0.0018713620115715758,0.006834869117786487,0.008868298260495067,0.009701230563223362,0.010741026761631172,0.01618365167329709
card_variant,variant,digital_1,stem_relu,channel_diff_top1_share,160,0.03571162044924374,0.001875045072872811,0.031619434555371605,0.03428941468397776,0.03571027020613353,0.0371649544686079,0.04089497526486715
card_variant,variant,digital_1,stem_relu,channel_diff_top5_share,160,0.16494798874482514,0.005820229057769778,0.15163144965966543,0.16022216777006787,0.16516589870055517,0.1694631390273571,0.18052471180756888
card_variant,variant,digital_1,stem_relu,channel_diff_top10_share,160,0.31210476799557607,0.008979483667163283,0.2929171125094096,0.305089237789313,0.31239359080791473,0.31868793318669003,0.3345596094926198
card_variant,variant,digital_1,stem_relu,channel_diff_top32_share,160,0.808412017300725,0.009613304393912885,0.7823854088783264,0.80116073290507,0.8088658551375071,0.8149133970340093,0.8351597388585409
card_variant,variant,digital_1,stem_relu,channel_diff_effective_channels,160,42.529870351155594,0.809639518540723,40.0471076965332,41.909891764322914,42.55663172403971,43.178375562032066,44.60314432779948
card_variant,variant,digital_1,stem_relu,channel_diff_effective_fraction,160,0.6645292242368062,0.012650617477198797,0.6257360577583313,0.6548420588175455,0.6649473706881205,0.674662118156751,0.6969241301218668
card_variant,variant,digital_2,avgpool,cosine_similarity,160,0.9923420948286852,0.006267283603797733,0.9663249254226685,0.9904809594154358,0.9945338765780132,0.9965735077857971,0.9989129106203715
card_variant,variant,digital_2,avgpool,pearson_correlation,160,0.982903490960598,0.01362075751293961,0.9272506833076477,0.9791174133618673,0.9874380628267925,0.9920908759037653,0.9973417917887369
card_variant,variant,digital_2,avgpool,relative_l2_distance,160,0.11691631061645844,0.04380898798582392,0.04630893965562185,0.08497824519872665,0.1056476024289926,0.13977621185282865,0.27241186300913495
card_variant,variant,digital_2,avgpool,mean_absolute_difference,160,0.07188295365000764,0.024504251789024815,0.030488118529319763,0.053655302772919335,0.06568659779926142,0.08495279960334301,0.15332449972629547
card_variant,variant,digital_2,avgpool,channel_diff_top1_share,160,0.012502504726095747,0.0016948300198821094,0.008839223844309648,0.01138949153634409,0.012337142291168373,0.013439578004181385,0.020730696618556976
card_variant,variant,digital_2,avgpool,channel_diff_top5_share,160,0.05089689106680453,0.004277260926973859,0.04076557233929634,0.04768451241155466,0.05034234809378783,0.053503734370072685,0.06317860881487529
card_variant,variant,digital_2,avgpool,channel_diff_top10_share,160,0.09047010112553835,0.0061055673857119885,0.07610872636238734,0.08560207982858022,0.08965766305724779,0.09443740546703339,0.10719033579031627
card_variant,variant,digital_2,avgpool,channel_diff_top32_share,160,0.22576551173503198,0.010380344934355572,0.20096776882807413,0.2181428037583828,0.22522074232498807,0.23270694042245546,0.2519380946954091
card_variant,variant,digital_2,avgpool,channel_diff_effective_channels,160,265.8686318397522,11.928682297605494,237.43892415364584,257.1645266215006,265.63006591796875,274.6743520100912,295.8446960449219
card_variant,variant,digital_2,avgpool,channel_diff_effective_fraction,160,0.519274671562016,0.02329820761251073,0.46374789873758954,0.5022744660576184,0.5188087224960327,0.5364733437697093,0.577821671962738
card_variant,variant,digital_2,layer1.0,cosine_similarity,160,0.9923307668417692,0.0019949993044752093,0.9858345985412598,0.9910349597533544,0.9924216667811077,0.9938248644272487,0.9963747064272562
card_variant,variant,digital_2,layer1.0,pearson_correlation,160,0.9843801577885944,0.004109242541482968,0.9705508152643839,0.981731191277504,0.9845639665921528,0.987505758802096,0.9925662080446879
card_variant,variant,digital_2,layer1.0,relative_l2_distance,160,0.12266490630184612,0.016097903839074446,0.08500674863656361,0.11084601407249768,0.12303514530261359,0.13365197864671546,0.16825562715530396
card_variant,variant,digital_2,layer1.0,mean_absolute_difference,160,0.01802516576135531,0.0023617951216135273,0.01282149770607551,0.01635367306880653,0.017931582406163216,0.01940174028277397,0.026522005597750347
card_variant,variant,digital_2,layer1.0,channel_diff_top1_share,160,0.035733845756233985,0.0010363701688520786,0.03283511226375898,0.035100783221423626,0.03585989338656266,0.03639827761799097,0.038668700804313026
card_variant,variant,digital_2,layer1.0,channel_diff_top5_share,160,0.15816716803237796,0.0032956247570406954,0.15023432672023773,0.15585779647032422,0.1582090531786283,0.16018203025062877,0.1664020170768102
card_variant,variant,digital_2,layer1.0,channel_diff_top10_share,160,0.27817975090195735,0.005602615615057891,0.2651376724243164,0.27436482657988864,0.277838205297788,0.2819351976116498,0.29315653443336487
card_variant,variant,digital_2,layer1.0,channel_diff_top32_share,160,0.6768694932262103,0.009863944338268588,0.6553035577138265,0.669697771469752,0.6759541432062786,0.6827429582675297,0.704653779665629
card_variant,variant,digital_2,layer1.0,channel_diff_effective_channels,160,52.68766601880391,0.733829070740979,50.522369384765625,52.3079350789388,52.71576499938965,53.19595114390056,54.4032351175944
card_variant,variant,digital_2,layer1.0,channel_diff_effective_fraction,160,0.8232447815438111,0.011466079230327797,0.7894120216369629,0.8173114856084187,0.8236838281154633,0.8311867366234462,0.8500505487124125
card_variant,variant,digital_2,layer1.1,cosine_similarity,160,0.9881556887179613,0.002656934478778765,0.9804850419362386,0.9864913622538248,0.9882479111353556,0.9900509466727574,0.9941485722859701
card_variant,variant,digital_2,layer1.1,pearson_correlation,160,0.9774665294835965,0.005152689811383455,0.9616745909055074,0.974135493238767,0.9775546689828237,0.981075718998909,0.9888628919919332
card_variant,variant,digital_2,layer1.1,relative_l2_distance,160,0.15281655476428568,0.017337139540138664,0.10813208669424057,0.14099716519316038,0.15323554476102194,0.16424056018392244,0.19750215609868368
card_variant,variant,digital_2,layer1.1,mean_absolute_difference,160,0.03353836259339005,0.0037469950710085744,0.024588848153750103,0.0307463047405084,0.033754381661613785,0.03621454971532027,0.04467404012878736
card_variant,variant,digital_2,layer1.1,channel_diff_top1_share,160,0.031279634641638646,0.001081704856067079,0.028872064004341762,0.03040118810410301,0.031342234152058765,0.03207895361507932,0.03425212949514389
card_variant,variant,digital_2,layer1.1,channel_diff_top5_share,160,0.14321050367628535,0.0030906314230191214,0.13760162393252054,0.14071420455972353,0.1433420404791832,0.14553194120526314,0.1498071253299713
card_variant,variant,digital_2,layer1.1,channel_diff_top10_share,160,0.26204095790162685,0.0051862038474968656,0.2510386606057485,0.2577306106686592,0.26262012124061584,0.26595135033130646,0.2724781930446625
card_variant,variant,digital_2,layer1.1,channel_diff_top32_share,160,0.6549777995795012,0.007161442714182356,0.6372265021006266,0.6508323003848394,0.6551848153273264,0.6604879895846049,0.6682567596435547
card_variant,variant,digital_2,layer1.1,channel_diff_effective_channels,160,55.34018412431082,0.5928340872143198,54.11576461791992,54.882415771484375,55.28462219238281,55.69628079732259,56.802268981933594
card_variant,variant,digital_2,layer1.1,channel_diff_effective_fraction,160,0.8646903769423565,0.009263032612723748,0.8455588221549988,0.8575377464294434,0.8638222217559814,0.8702543874581655,0.8875354528427124
card_variant,variant,digital_2,layer2.0,cosine_similarity,160,0.9848182958861191,0.0033985055172794107,0.9713125228881836,0.9828165769577026,0.9850905934969585,0.9870484123627346,0.9931427637736002
card_variant,variant,digital_2,layer2.0,pearson_correlation,160,0.9784449470539889,0.004901118814502245,0.9587247371673584,0.9754031499226888,0.9787442187468212,0.9816194027662277,0.9904107848803202
card_variant,variant,digital_2,layer2.0,relative_l2_distance,160,0.1730194088537246,0.01960918947712819,0.11658671746651332,0.16085101539889973,0.1725664089123408,0.18526911735534668,0.23959867159525552
card_variant,variant,digital_2,layer2.0,mean_absolute_difference,160,0.017101010167971255,0.0019657045982285214,0.01214324589818716,0.015712229690204065,0.01724105514585972,0.018501384183764458,0.023185808211565018
card_variant,variant,digital_2,layer2.0,channel_diff_top1_share,160,0.017675275281847765,0.0019031598347769988,0.01374459204574426,0.016300010339667402,0.017443125446637474,0.019165513260910906,0.022937608261903126
card_variant,variant,digital_2,layer2.0,channel_diff_top5_share,160,0.07412439479182165,0.0041474101254269456,0.06591348350048065,0.07080935748914877,0.07349914684891701,0.07735398473838966,0.08363523334264755
card_variant,variant,digital_2,layer2.0,channel_diff_top10_share,160,0.13703149245120586,0.006239868217247668,0.12467045585314433,0.132223442196846,0.13619067768255871,0.14226345966259638,0.1508639653523763
card_variant,variant,digital_2,layer2.0,channel_diff_top32_share,160,0.3688054639846087,0.00955970868670589,0.3493557969729106,0.3624401018023491,0.36740020910898846,0.3754218965768814,0.3899371524651845
card_variant,variant,digital_2,layer2.0,channel_diff_effective_channels,160,113.46356995900472,2.0773534864217997,108.90530141194661,111.79685338338216,113.82383728027344,114.9503116607666,117.62200927734375
card_variant,variant,digital_2,layer2.0,channel_diff_effective_fraction,160,0.8864341403047243,0.01622932411267031,0.8508226672808329,0.8734129170576731,0.8892487287521362,0.8980493098497391,0.918921947479248
card_variant,variant,digital_2,layer2.1,cosine_similarity,160,0.9817971864094336,0.00428160150211597,0.9629852771759033,0.9793453812599182,0.9820909301439921,0.9848403334617615,0.9916722377141317
card_variant,variant,digital_2,layer2.1,pearson_correlation,160,0.9751743366320929,0.005883756292911779,0.9492990970611572,0.9719073325395584,0.9754657049973805,0.9793696403503418,0.9886911114056905
card_variant,variant,digital_2,layer2.1,relative_l2_distance,160,0.18934770366176962,0.02231979425602548,0.12862226366996765,0.17391073952118555,0.18929481754700342,0.2031276896595955,0.2724642753601074
card_variant,variant,digital_2,layer2.1,mean_absolute_difference,160,0.019273910617145402,0.0023161450351319992,0.013822341027359167,0.01763473249350985,0.01926890139778455,0.020706232326726116,0.026800278574228287
card_variant,variant,digital_2,layer2.1,channel_diff_top1_share,160,0.014381919851681838,0.00105957450341886,0.012456581306954225,0.013566746298844615,0.014242322805027166,0.015001987495149175,0.017611799761652946
card_variant,variant,digital_2,layer2.1,channel_diff_top5_share,160,0.06480129989795387,0.003002780681564348,0.058952907721201576,0.06262533801297346,0.06436169457932313,0.06705833536883196,0.07255278776089351
card_variant,variant,digital_2,layer2.1,channel_diff_top10_share,160,0.12193615548312664,0.004373545369759375,0.11376452445983887,0.11888421885669231,0.12107987205187479,0.12491545391579469,0.1313994824886322
card_variant,variant,digital_2,layer2.1,channel_diff_top32_share,160,0.3435804781193535,0.007229601422387433,0.32839736342430115,0.33751458674669266,0.3429141491651535,0.3486164982120196,0.36512691775957745
card_variant,variant,digital_2,layer2.1,channel_diff_effective_channels,160,117.920725663503,1.3300247628138424,113.9500732421875,116.99864451090495,118.11610158284505,118.80738703409831,120.7520014444987
card_variant,variant,digital_2,layer2.1,channel_diff_effective_fraction,160,0.9212556692461172,0.010390818459483144,0.8902349472045898,0.9140519102414449,0.9227820436159769,0.9281827112038931,0.9433750112851461
card_variant,variant,digital_2,layer3.0,cosine_similarity,160,0.9844382641216118,0.004680156890913567,0.9610470136006674,0.982221578558286,0.984676311413447,0.9878517935673397,0.9934308131535848
card_variant,variant,digital_2,layer3.0,pearson_correlation,160,0.9788267901788155,0.006369344067201095,0.9469555616378784,0.9758723477522533,0.9793408413728079,0.9835881193478903,0.9910587469736735
card_variant,variant,digital_2,layer3.0,relative_l2_distance,160,0.17447829175119597,0.02583109452765464,0.11408400287230809,0.15581974014639854,0.1749309077858925,0.18842334921161336,0.28092072407404584
card_variant,variant,digital_2,layer3.0,mean_absolute_difference,160,0.012155530149660383,0.0016935647755126717,0.00834566339229544,0.011045067027832072,0.012061879814912876,0.013156853693847856,0.01846381276845932
card_variant,variant,digital_2,layer3.0,channel_diff_top1_share,160,0.01042531620672283,0.0014996471794863392,0.008443804768224558,0.009458093360687295,0.010108383682866892,0.010880957512805859,0.017158296890556812
card_variant,variant,digital_2,layer3.0,channel_diff_top5_share,160,0.04393654562688122,0.0029005045205474805,0.03889140486717224,0.041773975205918155,0.0435907660673062,0.045744351421793304,0.05276986832420031
card_variant,variant,digital_2,layer3.0,channel_diff_top10_share,160,0.0807076165297379,0.003873809643368177,0.07348209867874782,0.07786386087536812,0.08022557944059372,0.08285358299811682,0.09230561802784602
card_variant,variant,digital_2,layer3.0,channel_diff_top32_share,160,0.2199338547574977,0.00606335674710297,0.2052331566810608,0.2148804577688376,0.21897359440724054,0.2246260978281498,0.23446900149186453
card_variant,variant,digital_2,layer3.0,channel_diff_effective_channels,160,215.03655611673994,3.691843666950055,205.40009562174478,212.23818079630533,215.324951171875,218.2432492574056,222.94848124186197
card_variant,variant,digital_2,layer3.0,channel_diff_effective_fraction,160,0.8399865473310154,0.014421264324023653,0.8023441235224406,0.8290553937355677,0.8411130905151367,0.8525126924117407,0.8708925048510233
card_variant,variant,digital_2,layer3.1,cosine_similarity,160,0.9835588917136192,0.005553652269767363,0.9594204425811768,0.9808244804541271,0.9845711886882782,0.9874821354945501,0.9933568636576334
card_variant,variant,digital_2,layer3.1,pearson_correlation,160,0.9779530518998701,0.007427851202632959,0.9453163345654806,0.9741900513569514,0.9791932503382366,0.9831850280364355,0.9910575151443481
card_variant,variant,digital_2,layer3.1,relative_l2_distance,160,0.17882267669774593,0.02927547522969727,0.11503802239894867,0.15827192241946855,0.1754706303278605,0.1957558331390222,0.28560372193654376
card_variant,variant,digital_2,layer3.1,mean_absolute_difference,160,0.013229517909348943,0.002034528635848831,0.008793173357844353,0.01194428411933283,0.013071635893235605,0.014308720439051589,0.021000937869151432
card_variant,variant,digital_2,layer3.1,channel_diff_top1_share,160,0.011394406190568893,0.0018279944268231852,0.00881918054074049,0.010130129599322874,0.010942338034510612,0.012314220735182365,0.017978295373419922
card_variant,variant,digital_2,layer3.1,channel_diff_top5_share,160,0.04714600027073175,0.003690080568043438,0.03953919435540835,0.04480671292791764,0.046597693736354515,0.04892114580919345,0.06119005009531975
card_variant,variant,digital_2,layer3.1,channel_diff_top10_share,160,0.08609109121995669,0.004633544533985244,0.07498911023139954,0.08291338942945004,0.08545926461617151,0.08855110965669155,0.10176852842171986
card_variant,variant,digital_2,layer3.1,channel_diff_top32_share,160,0.2320129151766499,0.007011313427554981,0.215156818429629,0.22683253387610117,0.23090403278668722,0.23694546644886336,0.251408393184344
card_variant,variant,digital_2,layer3.1,channel_diff_effective_channels,160,210.115057404836,4.1925209622611606,198.96866861979166,207.58408991495767,210.49430338541669,213.03061167399088,220.0166473388672
card_variant,variant,digital_2,layer3.1,channel_diff_effective_fraction,160,0.8207619429876406,0.01637703500883266,0.7772213617960612,0.8108753512303034,0.8222433725992839,0.8321508268515269,0.85944002866745
card_variant,variant,digital_2,layer4.0,cosine_similarity,160,0.9743330880999566,0.012108219922359107,0.9204131364822388,0.9675296147664388,0.9776773750782013,0.9835281719764074,0.993098795413971
card_variant,variant,digital_2,layer4.0,pearson_correlation,160,0.9711373132963976,0.013626778208692509,0.910178005695343,0.9635125547647476,0.9748821556568146,0.9815289775530497,0.9922147591908773
card_variant,variant,digital_2,layer4.0,relative_l2_distance,160,0.2202186139610906,0.0495011178485032,0.1175344189008077,0.18077603230873743,0.210761067767938,0.2548600882291794,0.39956483244895935
card_variant,variant,digital_2,layer4.0,mean_absolute_difference,160,0.00989858609197351,0.002009124620539986,0.00600785684461395,0.008567832061089575,0.009551452084754903,0.011006327345967293,0.017929229885339737
card_variant,variant,digital_2,layer4.0,channel_diff_top1_share,160,0.00961109532606012,0.0009649841446648548,0.007817166081319252,0.008936493967970213,0.009432661191870768,0.010036398850691816,0.012918737716972828
card_variant,variant,digital_2,layer4.0,channel_diff_top5_share,160,0.041008962745157376,0.0023938458706190113,0.035665916899840035,0.03919070462385813,0.040694319332639374,0.042444757806758084,0.04815483714143435
card_variant,variant,digital_2,layer4.0,channel_diff_top10_share,160,0.07463995676177244,0.003631148874661494,0.06572084625562032,0.07233748460809389,0.07468301802873611,0.07727238597969215,0.08376933882633845
card_variant,variant,digital_2,layer4.0,channel_diff_top32_share,160,0.19498393532509603,0.008132521600584738,0.17579415440559387,0.18892521411180496,0.19490889956553778,0.2000531479716301,0.21576488514741263
card_variant,variant,digital_2,layer4.0,channel_diff_effective_channels,160,301.69419581095383,12.241571162588253,272.80621337890625,293.7997817993164,302.75382486979163,311.0930633544922,326.6535949707031
card_variant,variant,digital_2,layer4.0,channel_diff_effective_fraction,160,0.5892464761932692,0.02390931867693018,0.5328246355056763,0.5738276988267899,0.5913160641988118,0.6076036393642426,0.6379953026771545
card_variant,variant,digital_2,layer4.1,cosine_similarity,160,0.9672648609926302,0.022295219744853427,0.8779792984326681,0.9602393706639608,0.9742816686630249,0.9829382002353668,0.9941338698069254
card_variant,variant,digital_2,layer4.1,pearson_correlation,160,0.9549670547246933,0.0299925242833715,0.8369931777318319,0.9450653195381165,0.9640091856320698,0.976097027460734,0.9917041659355164
card_variant,variant,digital_2,layer4.1,relative_l2_distance,160,0.24346987999354797,0.07750082894170864,0.10803008327881496,0.18549448624253273,0.22560885548591614,0.28009993334611255,0.4971610903739929
card_variant,variant,digital_2,layer4.1,mean_absolute_difference,160,0.13315166331982858,0.03603063308180516,0.06675697738925616,0.1092556950946649,0.12291409199436507,0.1533093930532535,0.263654092947642
card_variant,variant,digital_2,layer4.1,channel_diff_top1_share,160,0.007693798949670356,0.0011640485326968712,0.0056830427298943205,0.006853765614020328,0.007648037824158867,0.0082678043593963,0.012587137830754122
card_variant,variant,digital_2,layer4.1,channel_diff_top5_share,160,0.03212849363529434,0.0034474505923991895,0.025774897386630375,0.029721607609341543,0.03150852055599292,0.03467760172983011,0.04299303516745567
card_variant,variant,digital_2,layer4.1,channel_diff_top10_share,160,0.05825839985627681,0.00539188571755864,0.04787336910764376,0.054026742465794086,0.05714564956724644,0.06192224472761154,0.07526424775520961
card_variant,variant,digital_2,layer4.1,channel_diff_top32_share,160,0.15342015909651913,0.01062301796174377,0.13178673883279166,0.14544763912757236,0.15189160406589508,0.15915978327393532,0.1824330339829127
card_variant,variant,digital_2,layer4.1,channel_diff_effective_channels,160,377.51501344045005,16.86671586650762,333.2566324869792,366.44355265299475,378.9391123453776,388.5472819010417,416.3184102376302
card_variant,variant,digital_2,layer4.1,channel_diff_effective_fraction,160,0.737334010625879,0.03294280442677269,0.6508918603261312,0.7157100637753804,0.7401154537995657,0.758881409962972,0.8131218949953715
card_variant,variant,digital_2,maxpool,cosine_similarity,160,0.9947819630304972,0.0015822359575916245,0.9883508284886678,0.9937080492575964,0.9948240419228872,0.9961059987545013,0.9973767797152201
card_variant,variant,digital_2,maxpool,pearson_correlation,160,0.9889661435037851,0.0034464680619193558,0.9752798676490784,0.9864884614944458,0.9890882770220439,0.9918760160605113,0.9943682154019674
card_variant,variant,digital_2,maxpool,relative_l2_distance,160,0.10088085737079382,0.015418371598971664,0.0723663866519928,0.08819904675086339,0.10166830321153006,0.11207765278716882,0.15238022804260254
card_variant,variant,digital_2,maxpool,mean_absolute_difference,160,0.009345571433853669,0.0015709649630136129,0.006443688025077184,0.00834752219573905,0.009013663977384567,0.010045970790088177,0.01529318435738484
card_variant,variant,digital_2,maxpool,channel_diff_top1_share,160,0.03921809935709462,0.0017726580579895893,0.033498275404175125,0.038015193926791355,0.039320627848307296,0.04034249515583118,0.04348002870877584
card_variant,variant,digital_2,maxpool,channel_diff_top5_share,160,0.17357661963130036,0.006062211899346474,0.1574731320142746,0.16925669213136038,0.1734187752008438,0.17822414884964624,0.18437228600184122
card_variant,variant,digital_2,maxpool,channel_diff_top10_share,160,0.3219180909295877,0.009728252179934059,0.2959522207578023,0.31470901519060135,0.322278767824173,0.3295647203922272,0.3393877446651459
card_variant,variant,digital_2,maxpool,channel_diff_top32_share,160,0.8124374906222025,0.008916475981892233,0.790791650613149,0.806692823767662,0.8129628996054331,0.8193979064623516,0.8284383614857992
card_variant,variant,digital_2,maxpool,channel_diff_effective_channels,160,42.31816939512888,0.8106141473858915,40.83699162801107,41.69733079274496,42.24044990539551,42.88624095916748,44.396748860677086
card_variant,variant,digital_2,maxpool,channel_diff_effective_fraction,160,0.6612213967988888,0.012665846052904555,0.638077994187673,0.65152079363664,0.6600070297718048,0.6700975149869919,0.6936992009480795
card_variant,variant,digital_2,stem_relu,cosine_similarity,160,0.9898708565781513,0.0030080326356888855,0.981194277604421,0.987479363878568,0.9901070396105449,0.9925418943166733,0.995509127775828
card_variant,variant,digital_2,stem_relu,pearson_correlation,160,0.9809130287418762,0.0055963418462023065,0.9661348859469095,0.9764546851317089,0.9813240865866344,0.9860515693823497,0.9914692242940267
card_variant,variant,digital_2,stem_relu,relative_l2_distance,160,0.14053753226374588,0.02105629874430551,0.09445938219626744,0.12211542824904124,0.14024858176708221,0.15805707375208536,0.19387601812680563
card_variant,variant,digital_2,stem_relu,mean_absolute_difference,160,0.008324120960120734,0.0012991614137307927,0.005667106248438358,0.007436626823619008,0.008085465834786495,0.008977131607631842,0.013415024615824223
card_variant,variant,digital_2,stem_relu,channel_diff_top1_share,160,0.0343322081452546,0.0017107576178892205,0.030277750144402187,0.03308193711563945,0.0341893124083678,0.03541335432479779,0.03952845558524132
card_variant,variant,digital_2,stem_relu,channel_diff_top5_share,160,0.16072353267421324,0.006297066342827327,0.14424572388331094,0.15627281367778778,0.16080736617247265,0.16493698209524155,0.17899427314599356
card_variant,variant,digital_2,stem_relu,channel_diff_top10_share,160,0.3059409537663062,0.010081974059342547,0.2786428431669871,0.29840950171152747,0.3053842782974243,0.3141064718365669,0.33110586802164715
card_variant,variant,digital_2,stem_relu,channel_diff_top32_share,160,0.8052352335304022,0.009058917645386893,0.7808582186698914,0.797698567310969,0.8058445552984874,0.8129727343718212,0.8240163922309875
card_variant,variant,digital_2,stem_relu,channel_diff_effective_channels,160,42.97648638089498,0.7649256775964459,41.098166147867836,42.40336068471273,43.04522387186687,43.588532765706375,44.912986755371094
card_variant,variant,digital_2,stem_relu,channel_diff_effective_fraction,160,0.6715075997014841,0.011951963712444467,0.6421588460604349,0.6625525106986364,0.6725816229979198,0.6810708244641621,0.7017654180526733
card_variant,altered_fields_unique,alternative|dob|doe|face,avgpool,cosine_similarity,20,0.9923161417245863,0.0026121940338035754,0.9867877960205078,0.9914395362138748,0.9926313757896423,0.9940491914749146,0.9961097836494446
card_variant,altered_fields_unique,alternative|dob|doe|face,avgpool,pearson_correlation,20,0.9829544295867283,0.005963290823428335,0.9692579905192057,0.9807540277640026,0.9838188389937084,0.9869782477617264,0.9914628068606058
card_variant,altered_fields_unique,alternative|dob|doe|face,avgpool,relative_l2_distance,20,0.12270138630022605,0.020717796072649907,0.089170607427756,0.10996216908097267,0.12129378815491995,0.13137227545181912,0.16288387775421143
card_variant,altered_fields_unique,alternative|dob|doe|face,avgpool,mean_absolute_difference,20,0.07260356762756903,0.01240008298353905,0.05192451303203901,0.06479179207235575,0.07123908400535583,0.07786992192268372,0.09586289276679356
card_variant,altered_fields_unique,alternative|dob|doe|face,avgpool,channel_diff_top1_share,20,0.013735991685340804,0.002530762027702228,0.010787298592428366,0.011634214626004297,0.012832922395318747,0.01523473400933047,0.01900351761529843
card_variant,altered_fields_unique,alternative|dob|doe|face,avgpool,channel_diff_top5_share,20,0.05257448740303518,0.004253452584374361,0.04571441188454628,0.04939989528308312,0.05231599137187004,0.056588727359970406,0.0597149021923542
card_variant,altered_fields_unique,alternative|dob|doe|face,avgpool,channel_diff_top10_share,20,0.09202655119200547,0.005775067166047798,0.08253558228413264,0.0876302719116211,0.09188127517700195,0.09692887961864471,0.10129364828268687
card_variant,altered_fields_unique,alternative|dob|doe|face,avgpool,channel_diff_top32_share,20,0.22550941854715348,0.0086011003492334,0.21275004744529724,0.21898525953292847,0.226195494333903,0.23323688904444376,0.23871853947639465
card_variant,altered_fields_unique,alternative|dob|doe|face,avgpool,channel_diff_effective_channels,20,264.5502039591471,9.323911934525386,248.68560791015625,257.3177083333333,262.76139068603516,272.9872690836589,281.51417032877606
card_variant,altered_fields_unique,alternative|dob|doe|face,avgpool,channel_diff_effective_fraction,20,0.5166996171077092,0.018210765497119894,0.4857140779495239,0.5025736490885416,0.5132058411836624,0.5331782599290212,0.5498323639233907
card_variant,altered_fields_unique,alternative|dob|doe|face,layer1.0,cosine_similarity,20,0.9917253663142521,0.0011018412218627084,0.9897628227869669,0.9906445493300756,0.9919881820678711,0.9924656450748444,0.9938204685846964
card_variant,altered_fields_unique,alternative|dob|doe|face,layer1.0,pearson_correlation,20,0.9831254829963051,0.0022637079514150654,0.9789798657099406,0.9809253613154094,0.9836999078591664,0.9846930156151453,0.9873683055241903
card_variant,altered_fields_unique,alternative|dob|doe|face,layer1.0,relative_l2_distance,20,0.12824099970360597,0.008531434442408815,0.11111438274383545,0.12273418717086315,0.12647745261589688,0.13669040550788242,0.14249205589294434
card_variant,altered_fields_unique,alternative|dob|doe|face,layer1.0,mean_absolute_difference,20,0.01945343843350808,0.00233232337416565,0.01580768854667743,0.017874465323984623,0.0191728783150514,0.02031132159754634,0.024149922654032707
card_variant,altered_fields_unique,alternative|dob|doe|face,layer1.0,channel_diff_top1_share,20,0.03632056768983603,0.0008985325485909293,0.03388315190871557,0.03603719764699539,0.036505450805028275,0.036934979880849525,0.03734063729643822
card_variant,altered_fields_unique,alternative|dob|doe|face,layer1.0,channel_diff_top5_share,20,0.16141800383726757,0.0026544383901777415,0.15418834487597147,0.15989870081345242,0.16191632797320682,0.16273907820383707,0.1664020170768102
card_variant,altered_fields_unique,alternative|dob|doe|face,layer1.0,channel_diff_top10_share,20,0.287269493440787,0.005080811364220197,0.2714950541655223,0.285306009153525,0.28736771643161774,0.2914880563815435,0.2930235167344411
card_variant,altered_fields_unique,alternative|dob|doe|face,layer1.0,channel_diff_top32_share,20,0.6980731119712194,0.0057565570733879995,0.6827927430470785,0.69493235150973,0.6978442470232646,0.701350341240565,0.7069563269615173
card_variant,altered_fields_unique,alternative|dob|doe|face,layer1.0,channel_diff_effective_channels,20,51.06135005950928,0.5625056554314251,50.243237813313804,50.70552921295166,51.10262552897136,51.29150199890137,52.62407302856445
card_variant,altered_fields_unique,alternative|dob|doe|face,layer1.0,channel_diff_effective_fraction,20,0.7978335946798325,0.008789150866116016,0.7850505908330282,0.7922738939523697,0.7984785238901775,0.8014297187328339,0.8222511410713196
card_variant,altered_fields_unique,alternative|dob|doe|face,layer1.1,cosine_similarity,20,0.9867363860209784,0.0019259312446368968,0.9832327365875244,0.9853029102087021,0.9868452250957489,0.9881211171547571,0.9901357293128967
card_variant,altered_fields_unique,alternative|dob|doe|face,layer1.1,pearson_correlation,20,0.974568815032641,0.0037164128337784535,0.9678022662798563,0.9718343118826549,0.9747873942057292,0.9773138264815012,0.9810553193092346
card_variant,altered_fields_unique,alternative|dob|doe|face,layer1.1,relative_l2_distance,20,0.16234812314311667,0.011880858579853345,0.14041462540626526,0.15409707526365918,0.16216013580560684,0.17129496857523918,0.1830807328224182
card_variant,altered_fields_unique,alternative|dob|doe|face,layer1.1,mean_absolute_difference,20,0.03484478648751974,0.0043635266993580545,0.027912234887480736,0.031459084867189326,0.03439630568027496,0.03596396620074908,0.04421779637535413
card_variant,altered_fields_unique,alternative|dob|doe|face,layer1.1,channel_diff_top1_share,20,0.03084834932039181,0.0008255225992144631,0.029601364706953365,0.03019640703375141,0.030839807353913784,0.03122318101425966,0.032454315572977066
card_variant,altered_fields_unique,alternative|dob|doe|face,layer1.1,channel_diff_top5_share,20,0.14366333186626434,0.0018276448795111978,0.1387940396865209,0.143460214138031,0.14396627992391586,0.14474323764443398,0.1459273248910904
card_variant,altered_fields_unique,alternative|dob|doe|face,layer1.1,channel_diff_top10_share,20,0.26381877809762955,0.0027208147252617138,0.25751031438509625,0.26312344769636786,0.26440200209617615,0.2651856715480487,0.26807503898938495
card_variant,altered_fields_unique,alternative|dob|doe|face,layer1.1,channel_diff_top32_share,20,0.6598687152067819,0.0045576137070425125,0.6511954863866171,0.6572792579730351,0.6613745590051014,0.6636695017417271,0.6661621729532877
card_variant,altered_fields_unique,alternative|dob|doe|face,layer1.1,channel_diff_effective_channels,20,54.92214508056641,0.3560005520760466,54.31799189249674,54.71965980529785,54.84399731953939,55.07953453063965,55.637168884277344
card_variant,altered_fields_unique,alternative|dob|doe|face,layer1.1,channel_diff_effective_fraction,20,0.8581585168838501,0.005562508626188228,0.8487186233202616,0.8549946844577789,0.856937458117803,0.8606177270412445,0.8693307638168335
card_variant,altered_fields_unique,alternative|dob|doe|face,layer2.0,cosine_similarity,20,0.9830288608868918,0.00283337034513527,0.9780360460281372,0.9808813631534576,0.9835369189580281,0.9844457159439722,0.9880862633387247
card_variant,altered_fields_unique,alternative|dob|doe|face,layer2.0,pearson_correlation,20,0.975562185049057,0.0040889123066369226,0.9684010744094849,0.9724986453851064,0.9762286941210429,0.9776457299788793,0.9828555583953857
card_variant,altered_fields_unique,alternative|dob|doe|face,layer2.0,relative_l2_distance,20,0.18350893606742222,0.01549326354862514,0.1538699964682261,0.17627103005846342,0.18141300976276398,0.19548307607571283,0.20955193042755127
card_variant,altered_fields_unique,alternative|dob|doe|face,layer2.0,mean_absolute_difference,20,0.017603191159044705,0.0021609928792855173,0.014018553619583448,0.016055166410903137,0.01730544057985147,0.018377812734494608,0.022113780801494915
card_variant,altered_fields_unique,alternative|dob|doe|face,layer2.0,channel_diff_top1_share,20,0.018354835780337458,0.0008452088908837851,0.01659393186370532,0.017768853964904945,0.018516248712937035,0.018841455690562725,0.02007092721760273
card_variant,altered_fields_unique,alternative|dob|doe|face,layer2.0,channel_diff_top5_share,20,0.07577735967934132,0.0022621477053281326,0.07302579780419667,0.07367466452221076,0.07551143939296404,0.07745297625660896,0.08023711790641148
card_variant,altered_fields_unique,alternative|dob|doe|face,layer2.0,channel_diff_top10_share,20,0.1398017431298892,0.0034104526111645686,0.135024165113767,0.1369674615561962,0.13989107807477313,0.14296566198269528,0.14583135147889456
card_variant,altered_fields_unique,alternative|dob|doe|face,layer2.0,channel_diff_top32_share,20,0.3755969489614168,0.005243805872284489,0.3672496775786082,0.3710296129186948,0.375500425696373,0.3784550651907921,0.38766839106877643
card_variant,altered_fields_unique,alternative|dob|doe|face,layer2.0,channel_diff_effective_channels,20,111.73859507242837,1.1758531651664335,109.13220977783203,110.80862426757812,111.68285497029623,112.63338534037271,113.49035390218098
card_variant,altered_fields_unique,alternative|dob|doe|face,layer2.0,channel_diff_effective_fraction,20,0.8729577740033466,0.009186352852862761,0.8525953888893127,0.8656923770904541,0.8725223044554393,0.8799483229716618,0.8866433898607889
card_variant,altered_fields_unique,alternative|dob|doe|face,layer2.1,cosine_similarity,20,0.9799682438373566,0.003498068309268989,0.9737329681714376,0.9774977018435795,0.9803454279899597,0.982020432750384,0.9859796365102133
card_variant,altered_fields_unique,alternative|dob|doe|face,layer2.1,pearson_correlation,20,0.9723084807395935,0.00483002512452278,0.963727593421936,0.9688868721326191,0.9727992812792461,0.9751654267311096,0.9806172251701355
card_variant,altered_fields_unique,alternative|dob|doe|face,layer2.1,relative_l2_distance,20,0.19932822460929553,0.017572996182395863,0.16652907927831015,0.18970449020465213,0.19823265572388965,0.2121371105313301,0.2291173537572225
card_variant,altered_fields_unique,alternative|dob|doe|face,layer2.1,mean_absolute_difference,20,0.019995930589114627,0.002327078197175748,0.015982086770236492,0.018395034441103537,0.019782759249210358,0.020964333632340036,0.02480442449450493
card_variant,altered_fields_unique,alternative|dob|doe|face,layer2.1,channel_diff_top1_share,20,0.014700696912283701,0.000643727829812842,0.013713817733029524,0.014269427629187703,0.014645873258511227,0.015070714056491852,0.016173621950050194
card_variant,altered_fields_unique,alternative|dob|doe|face,layer2.1,channel_diff_top5_share,20,0.06569036624083915,0.00139094406407893,0.06299414113163948,0.06506562791764736,0.06555771765609582,0.06643832381814718,0.06839834898710251
card_variant,altered_fields_unique,alternative|dob|doe|face,layer2.1,channel_diff_top10_share,20,0.12362810571988422,0.002386416395772603,0.11925250043471654,0.12240987581511338,0.12306786949435869,0.12483581652243933,0.12817896654208502
card_variant,altered_fields_unique,alternative|dob|doe|face,layer2.1,channel_diff_top32_share,20,0.34732554654280345,0.004850330408226513,0.34050358335177106,0.34357034663359326,0.3465367754300436,0.34991489599148434,0.3577807545661926
card_variant,altered_fields_unique,alternative|dob|doe|face,layer2.1,channel_diff_effective_channels,20,116.65996932983396,0.7944029983810058,114.59302520751953,116.31976954142253,116.85981750488281,117.12403615315756,117.74002329508464
card_variant,altered_fields_unique,alternative|dob|doe|face,layer2.1,channel_diff_effective_fraction,20,0.9114060103893278,0.006206273424851608,0.8952580094337463,0.9087481995423635,0.912967324256897,0.9150315324465434,0.9198439319928488
card_variant,altered_fields_unique,alternative|dob|doe|face,layer3.0,cosine_similarity,20,0.9838983734448752,0.003341376355697267,0.9785483280817667,0.9807797769705454,0.9836369355519612,0.9864959816137949,0.9902940591176351
card_variant,altered_fields_unique,alternative|dob|doe|face,layer3.0,pearson_correlation,20,0.978071262439092,0.004544698848981076,0.9707809686660767,0.9738759597142538,0.9776449998219807,0.9816740651925405,0.9867497682571411
card_variant,altered_fields_unique,alternative|dob|doe|face,layer3.0,relative_l2_distance,20,0.1784093587348859,0.019238994152336725,0.13720916459957758,0.16424294312795004,0.1809431289633115,0.19612639149030048,0.2066730558872223
card_variant,altered_fields_unique,alternative|dob|doe|face,layer3.0,mean_absolute_difference,20,0.012233826556863886,0.0013588508898461954,0.009698018586883942,0.011240228700141111,0.012031422617534798,0.01306029533346494,0.014707936284442743
card_variant,altered_fields_unique,alternative|dob|doe|face,layer3.0,channel_diff_top1_share,20,0.010365691051507989,0.0011518314434962986,0.00873877170185248,0.009708419519787032,0.010235033774127562,0.010701298480853438,0.013788817450404167
card_variant,altered_fields_unique,alternative|dob|doe|face,layer3.0,channel_diff_top5_share,20,0.044305279043813546,0.0021615656003047493,0.04057023674249649,0.04286306413511435,0.044472916672627136,0.04544586439927419,0.04951371376713117
card_variant,altered_fields_unique,alternative|dob|doe|face,layer3.0,channel_diff_top10_share,20,0.08185209607084593,0.0025884932635536987,0.07742822915315628,0.08010773360729218,0.08177200828989346,0.08272326985994975,0.08880751579999924
card_variant,altered_fields_unique,alternative|dob|doe|face,layer3.0,channel_diff_top32_share,20,0.22439509257674217,0.0036410288981141505,0.21827209492524466,0.22225968167185783,0.22367963691552478,0.22670418644944826,0.23092577358086905
card_variant,altered_fields_unique,alternative|dob|doe|face,layer3.0,channel_diff_effective_channels,20,211.44921925862633,2.247900611786603,205.40009562174478,210.2878532409668,212.30177815755206,212.839350382487,214.72608439127603
card_variant,altered_fields_unique,alternative|dob|doe|face,layer3.0,channel_diff_effective_fraction,20,0.8259735127290091,0.008780861764791419,0.8023441235224406,0.8214369267225266,0.8293038209279378,0.8314037124315898,0.838773767153422
card_variant,altered_fields_unique,alternative|dob|doe|face,layer3.1,cosine_similarity,20,0.9826303342978159,0.0038275847197508563,0.9759912490844727,0.9798495173454285,0.9820884764194489,0.9855995426575342,0.9901414116223654
card_variant,altered_fields_unique,alternative|dob|doe|face,layer3.1,pearson_correlation,20,0.9765924046436945,0.005160296402809964,0.9676953554153442,0.9728449732065201,0.9758001466592152,0.9806198924779892,0.9866650899251302
card_variant,altered_fields_unique,alternative|dob|doe|face,layer3.1,relative_l2_distance,20,0.18499888988832633,0.021553421234279554,0.13757430762052536,0.16876209899783134,0.18920863668123883,0.20112472400069237,0.2195249249537786
card_variant,altered_fields_unique,alternative|dob|doe|face,layer3.1,mean_absolute_difference,20,0.013590149542627236,0.00148278608826357,0.010497048341979584,0.012376703166713316,0.013773658468077581,0.014559541440879306,0.01579669366280238
card_variant,altered_fields_unique,alternative|dob|doe|face,layer3.1,channel_diff_top1_share,20,0.010496503176788487,0.0008066180192345013,0.009515543157855669,0.009772644533465307,0.01039481908082962,0.011033358673254648,0.012345386669039726
card_variant,altered_fields_unique,alternative|dob|doe|face,layer3.1,channel_diff_top5_share,20,0.04651285049815972,0.0024377984970822358,0.04321896657347679,0.044978400071462,0.04593406617641449,0.047689243530233696,0.05255879461765289
card_variant,altered_fields_unique,alternative|dob|doe|face,layer3.1,channel_diff_top10_share,20,0.08666886848707994,0.0036144692733013992,0.08119129637877147,0.08401700916389625,0.08624885603785515,0.08846290471653144,0.09664727995793025
card_variant,altered_fields_unique,alternative|dob|doe|face,layer3.1,channel_diff_top32_share,20,0.23518976122140883,0.005753309767080985,0.22717532018820444,0.23084345584114394,0.23472642650206882,0.23909712210297585,0.24691379070281982
card_variant,altered_fields_unique,alternative|dob|doe|face,layer3.1,channel_diff_effective_channels,20,208.43670654296875,2.9891754433297204,203.12956746419272,206.20156224568686,208.54877471923828,210.38567225138345,213.71972147623697
card_variant,altered_fields_unique,alternative|dob|doe|face,layer3.1,channel_diff_effective_fraction,20,0.8142058849334717,0.01167646657550672,0.7934748729070028,0.8054748525222143,0.8146436512470245,0.8218190322319666,0.8348426620165507
card_variant,altered_fields_unique,alternative|dob|doe|face,layer4.0,cosine_similarity,20,0.9716527243455252,0.006977531268513188,0.9591657320658366,0.9672548174858093,0.9696986973285675,0.9754151304562887,0.9844739437103271
card_variant,altered_fields_unique,alternative|dob|doe|face,layer4.0,pearson_correlation,20,0.9680748959382374,0.007859244502221066,0.9540292223294576,0.9631149719158809,0.9658664266268413,0.9722850869099299,0.9825610915819804
card_variant,altered_fields_unique,alternative|dob|doe|face,layer4.0,relative_l2_distance,20,0.2357536487281322,0.03125184525035419,0.17551171779632568,0.22128285591801009,0.2459188848733902,0.25565918162465096,0.2857869267463684
card_variant,altered_fields_unique,alternative|dob|doe|face,layer4.0,mean_absolute_difference,20,0.010108914342708887,0.0011390330457008648,0.007830469713856777,0.009412714435408512,0.010528189751009148,0.010863045463338494,0.01165241158256928
card_variant,altered_fields_unique,alternative|dob|doe|face,layer4.0,channel_diff_top1_share,20,0.009667675740395981,0.0008654224615235349,0.008212005564322075,0.009163456968963146,0.009634802738825481,0.009953591817369063,0.011501339885095755
card_variant,altered_fields_unique,alternative|dob|doe|face,layer4.0,channel_diff_top5_share,20,0.04135377152512471,0.002191471281846,0.03643785913785299,0.03999708344539006,0.041370244696736336,0.04269965520749489,0.04594061647852262
card_variant,altered_fields_unique,alternative|dob|doe|face,layer4.0,channel_diff_top10_share,20,0.07604022522767384,0.003332754269192614,0.06977282961209615,0.07322246208786964,0.07640949388345084,0.07861673769851525,0.08186434954404831
card_variant,altered_fields_unique,alternative|dob|doe|face,layer4.0,channel_diff_top32_share,20,0.20252749497691794,0.007477575051627394,0.18846524258454642,0.19806483387947083,0.2030156527956327,0.20781726638476053,0.21576488514741263
card_variant,altered_fields_unique,alternative|dob|doe|face,layer4.0,channel_diff_effective_channels,20,288.76375325520837,8.673971060982574,277.31041463216144,281.22783152262366,287.52577718098956,294.6354039510091,303.88697306315106
card_variant,altered_fields_unique,alternative|dob|doe|face,layer4.0,channel_diff_effective_fraction,20,0.5639917055765789,0.01694134972848159,0.5416219035784403,0.5492731084426243,0.5615737835566202,0.5754597733418146,0.5935292442639669
card_variant,altered_fields_unique,alternative|dob|doe|face,layer4.1,cosine_similarity,20,0.9650813549757006,0.00924484316665857,0.9468057751655579,0.9615480800469716,0.9654656946659088,0.9694251269102097,0.9806715051333109
card_variant,altered_fields_unique,alternative|dob|doe|face,layer4.1,pearson_correlation,20,0.9515842596689861,0.012802643891091467,0.9262673854827881,0.9462994486093521,0.9522747198740641,0.9574126998583475,0.9731226960817972
card_variant,altered_fields_unique,alternative|dob|doe|face,layer4.1,relative_l2_distance,20,0.26081761407355464,0.03621974481657715,0.19491987923781076,0.2479197457432747,0.2627981801827749,0.2736640435953935,0.32606184482574463
card_variant,altered_fields_unique,alternative|dob|doe|face,layer4.1,mean_absolute_difference,20,0.13533927500247955,0.01772381235849097,0.10174231479565303,0.12765586314102012,0.13652069494128227,0.14397613207499185,0.16674779852231345
card_variant,altered_fields_unique,alternative|dob|doe|face,layer4.1,channel_diff_top1_share,20,0.008224474887053171,0.001352656154765294,0.006450321525335312,0.007235409381488958,0.008008482633158565,0.008805562121172747,0.011584877346952757
card_variant,altered_fields_unique,alternative|dob|doe|face,layer4.1,channel_diff_top5_share,20,0.032859048123161,0.0024836981790799543,0.028091566016276676,0.031465647742152214,0.03299825514356296,0.03484137852986654,0.03580626845359802
card_variant,altered_fields_unique,alternative|dob|doe|face,layer4.1,channel_diff_top10_share,20,0.05859990138560535,0.0035561473543393655,0.05189794177810351,0.056578427242736026,0.05881607346236706,0.06154175320019324,0.06406782319148381
card_variant,altered_fields_unique,alternative|dob|doe|face,layer4.1,channel_diff_top32_share,20,0.1521989261110624,0.006236448730061837,0.14089820285638174,0.1478353999555111,0.15246447175741196,0.1559069516758124,0.16308129827181497
card_variant,altered_fields_unique,alternative|dob|doe|face,layer4.1,channel_diff_effective_channels,20,378.22044830322267,8.220257164762378,364.0303141276042,373.304567972819,377.47115071614587,382.1775690714518,395.77406819661456
card_variant,altered_fields_unique,alternative|dob|doe|face,layer4.1,channel_diff_effective_fraction,20,0.7387118130922318,0.01605518977492652,0.7109967072804769,0.7291104843219121,0.7372483412424724,0.7464405645926793,0.7729962269465128
card_variant,altered_fields_unique,alternative|dob|doe|face,maxpool,cosine_similarity,20,0.9942492266496024,0.0007385415608523874,0.9927620689074198,0.9936960488557816,0.994372973839442,0.9946730136871338,0.9956761995951334
card_variant,altered_fields_unique,alternative|dob|doe|face,maxpool,pearson_correlation,20,0.9870573143164318,0.0016653621853057175,0.9836294651031494,0.9858184109131495,0.987310379743576,0.9880858957767487,0.9901649554570516
card_variant,altered_fields_unique,alternative|dob|doe|face,maxpool,relative_l2_distance,20,0.10697973879675071,0.0068671606086403315,0.09292036791642506,0.10311405546963215,0.10605108986298242,0.1122229720155398,0.12004153927167256
card_variant,altered_fields_unique,alternative|dob|doe|face,maxpool,mean_absolute_difference,20,0.010700516790772479,0.0011961310432745038,0.00882591400295496,0.010022622610752782,0.010596732919414837,0.011183872353285551,0.013138949871063232
card_variant,altered_fields_unique,alternative|dob|doe|face,maxpool,channel_diff_top1_share,20,0.043403670253853006,0.003988718499268771,0.03772833198308945,0.0404706650103132,0.042597647135456405,0.04620879236608744,0.05031409362951914
card_variant,altered_fields_unique,alternative|dob|doe|face,maxpool,channel_diff_top5_share,20,0.184306018302838,0.008367226145925768,0.1651787261168162,0.18034977093338966,0.18253189573685327,0.18893867234388986,0.20035170018672943
card_variant,altered_fields_unique,alternative|dob|doe|face,maxpool,channel_diff_top10_share,20,0.337921454012394,0.010752707768404167,0.31049923102060956,0.3332610254486402,0.3377344012260437,0.3443242087960243,0.3569480776786804
card_variant,altered_fields_unique,alternative|dob|doe|face,maxpool,channel_diff_top32_share,20,0.8231473336617153,0.005337109867171774,0.8092220425605774,0.821630671620369,0.8247475723425547,0.8259552071491877,0.833588182926178
card_variant,altered_fields_unique,alternative|dob|doe|face,maxpool,channel_diff_effective_channels,20,41.03329938252767,0.8910178866276135,39.23984146118164,40.5215950012207,41.05239486694336,41.56336307525635,43.01152801513672
card_variant,altered_fields_unique,alternative|dob|doe|face,maxpool,channel_diff_effective_fraction,20,0.6411453028519949,0.013922154478556461,0.6131225228309631,0.6331499218940735,0.64144366979599,0.6494275480508804,0.6720551252365112
card_variant,altered_fields_unique,alternative|dob|doe|face,stem_relu,cosine_similarity,20,0.9870707015196482,0.001510097702448747,0.9845082958539327,0.9862346847852071,0.9872376918792725,0.987921158472697,0.9903893073399862
card_variant,altered_fields_unique,alternative|dob|doe|face,stem_relu,pearson_correlation,20,0.9758951127529144,0.0027947783374443784,0.9712376594543457,0.9742723504702251,0.9762035707632701,0.9773080398639042,0.9819645086924235
card_variant,altered_fields_unique,alternative|dob|doe|face,stem_relu,relative_l2_distance,20,0.16035225987434387,0.009461583280680634,0.13853574295838675,0.1552614321311315,0.15974171459674835,0.16556324064731598,0.1759801059961319
card_variant,altered_fields_unique,alternative|dob|doe|face,stem_relu,mean_absolute_difference,20,0.009783989284187555,0.001323504301032814,0.00784723274409771,0.00882108777295798,0.009728920490791399,0.010065473848953843,0.012361847174664339
card_variant,altered_fields_unique,alternative|dob|doe|face,stem_relu,channel_diff_top1_share,20,0.03561980137601494,0.00248558868465686,0.03196838436027368,0.03395687943945328,0.034808456897735596,0.03708404985566934,0.0404917411506176
card_variant,altered_fields_unique,alternative|dob|doe|face,stem_relu,channel_diff_top5_share,20,0.1666628174483776,0.007125392251922621,0.15149837732315063,0.16205728302399316,0.16585059960683188,0.17128228520353633,0.18052471180756888
card_variant,altered_fields_unique,alternative|dob|doe|face,stem_relu,channel_diff_top10_share,20,0.3175850758949915,0.010520522264307833,0.29053621490796405,0.31062677005926764,0.31864723563194275,0.32468385497728985,0.3345596094926198
card_variant,altered_fields_unique,alternative|dob|doe|face,stem_relu,channel_diff_top32_share,20,0.8183778842290244,0.009069848652729619,0.7971334854761759,0.8133254249890645,0.818571537733078,0.8241535623868307,0.8351597388585409
card_variant,altered_fields_unique,alternative|dob|doe|face,stem_relu,channel_diff_effective_channels,20,41.807879575093594,0.9169542514549852,40.0471076965332,41.186405181884766,41.80536079406738,42.43828805287679,43.71389389038086
card_variant,altered_fields_unique,alternative|dob|doe|face,stem_relu,channel_diff_effective_fraction,20,0.6532481183608374,0.014327410178984144,0.6257360577583313,0.6435375809669495,0.6532087624073029,0.6630982508261999,0.6830295920372009
card_variant,altered_fields_unique,dob|doe|face|name,avgpool,cosine_similarity,187,0.9904554609521398,0.007464570890217173,0.9620588223139445,0.9884317417939503,0.9926708539326986,0.9958376387755077,0.9978923598925272
card_variant,altered_fields_unique,dob|doe|face|name,avgpool,pearson_correlation,187,0.9786495200877945,0.01608337849166177,0.9183784524599711,0.9748157362143199,0.982533315817515,0.9902955094973246,0.9949663082758585
card_variant,altered_fields_unique,dob|doe|face|name,avgpool,relative_l2_distance,187,0.13104934465810789,0.04868567617893747,0.06458021079500516,0.09194763253132501,0.12119257946809132,0.15298597638805705,0.2799786478281021
card_variant,altered_fields_unique,dob|doe|face|name,avgpool,mean_absolute_difference,187,0.0797664479696177,0.026289030261209354,0.043342165648937225,0.058657721926768616,0.07363317410151164,0.0914862317343553,0.16470656295617422
card_variant,altered_fields_unique,dob|doe|face|name,avgpool,channel_diff_top1_share,187,0.012404120738042016,0.0016050983536690297,0.0091587845236063,0.011260054539889097,0.012253802580138048,0.013185935715834301,0.020730696618556976
card_variant,altered_fields_unique,dob|doe|face|name,avgpool,channel_diff_top5_share,187,0.0509551746003768,0.004025411527934565,0.04257454723119736,0.048057545597354576,0.05031043539444605,0.05338962500294049,0.06413589790463448
card_variant,altered_fields_unique,dob|doe|face|name,avgpool,channel_diff_top10_share,187,0.09072568770929665,0.005898092946263008,0.07841107249259949,0.08668874825040498,0.0903492346405983,0.0943181167046229,0.11206273982922237
card_variant,altered_fields_unique,dob|doe|face|name,avgpool,channel_diff_top32_share,187,0.22669029860041784,0.010685277698747223,0.20096776882807413,0.21907599767049152,0.22611490885416666,0.234378586212794,0.2596362233161926
card_variant,altered_fields_unique,dob|doe|face|name,avgpool,channel_diff_effective_channels,187,264.94485266918383,11.999057704868871,231.16212463378906,255.91685740152997,264.72279866536456,273.34023539225257,292.3738505045573
card_variant,altered_fields_unique,dob|doe|face|name,avgpool,channel_diff_effective_fraction,187,0.5174704153694997,0.023435659579822014,0.45148852467536926,0.4998376121123632,0.5170367161432902,0.5338676472504933,0.5710426767667135
card_variant,altered_fields_unique,dob|doe|face|name,layer1.0,cosine_similarity,187,0.9917563230808619,0.002029899283680993,0.9855361779530843,0.9904917379220326,0.9918838342030843,0.9932203590869904,0.9957204262415568
card_variant,altered_fields_unique,dob|doe|face|name,layer1.0,pearson_correlation,187,0.983214121132611,0.004069117343008017,0.9705508152643839,0.9808833003044128,0.9834096431732178,0.9860348999500275,0.991416871547699
card_variant,altered_fields_unique,dob|doe|face|name,layer1.0,relative_l2_distance,187,0.12731188116014108,0.015702376290451805,0.09244581560293834,0.1161632314324379,0.1270379846294721,0.13771345218022663,0.17010138432184854
card_variant,altered_fields_unique,dob|doe|face|name,layer1.0,mean_absolute_difference,187,0.020426492049041706,0.0037616241430996076,0.01393863403548797,0.017931582406163216,0.01988040842115879,0.022255084166924156,0.03280553470055262
card_variant,altered_fields_unique,dob|doe|face|name,layer1.0,channel_diff_top1_share,187,0.03568907047218499,0.0008973448499135165,0.03283511226375898,0.03510907106101513,0.035858685771624245,0.036363684882720314,0.03748638058702151
card_variant,altered_fields_unique,dob|doe|face|name,layer1.0,channel_diff_top5_share,187,0.157585714005744,0.002959581276353086,0.1471810390551885,0.15581075350443524,0.15808053314685822,0.15946895877520245,0.1647209425767263
card_variant,altered_fields_unique,dob|doe|face|name,layer1.0,channel_diff_top10_share,187,0.2770460185307657,0.0054785258059076615,0.2593792974948883,0.2738282332817713,0.2766446073849996,0.28055786093076074,0.29315653443336487
card_variant,altered_fields_unique,dob|doe|face|name,layer1.0,channel_diff_top32_share,187,0.6766380747371815,0.009459175422869701,0.6563017169634501,0.6699895560741425,0.6748152176539103,0.6826887528101603,0.7014885743459066
card_variant,altered_fields_unique,dob|doe|face|name,layer1.0,channel_diff_effective_channels,187,52.69384891421612,0.7071467021731245,50.605326334635414,52.322886149088546,52.79902903238932,53.095834732055664,54.80872090657552
card_variant,altered_fields_unique,dob|doe|face|name,layer1.0,channel_diff_effective_fraction,187,0.8233413892846269,0.01104916722145507,0.7907082239786783,0.8175450960795085,0.8249848286310831,0.8296224176883698,0.8563862641652426
card_variant,altered_fields_unique,dob|doe|face|name,layer1.1,cosine_similarity,187,0.986495130627338,0.003090257756632001,0.9756784836451212,0.9847768247127533,0.986725648244222,0.9885816077391307,0.9925206899642944
card_variant,altered_fields_unique,dob|doe|face|name,layer1.1,pearson_correlation,187,0.9743938230363229,0.005724715791033434,0.9530044198036194,0.9711679716904957,0.9746607542037964,0.9783030649026234,0.9857236742973328
card_variant,altered_fields_unique,dob|doe|face|name,layer1.1,relative_l2_distance,187,0.16319521702494003,0.018441699315667748,0.12221844742695491,0.15098272264003754,0.16274681687355042,0.1743255779147148,0.22017455597718558
card_variant,altered_fields_unique,dob|doe|face|name,layer1.1,mean_absolute_difference,187,0.03827530162246257,0.006260676846454662,0.02721225470304489,0.034120523681243256,0.03713912765185038,0.04177772253751755,0.05877209082245827
card_variant,altered_fields_unique,dob|doe|face|name,layer1.1,channel_diff_top1_share,187,0.031006998809157423,0.0009870498153232337,0.02883780747652054,0.0303389693920811,0.03087316391368707,0.03170469496399164,0.033911265432834625
card_variant,altered_fields_unique,dob|doe|face|name,layer1.1,channel_diff_top5_share,187,0.14263205968653667,0.002721590132591148,0.1351998100678126,0.1407451406121254,0.14283631245295206,0.14449403186639148,0.14957094192504883
card_variant,altered_fields_unique,dob|doe|face|name,layer1.1,channel_diff_top10_share,187,0.26156737579700146,0.004944259764583629,0.2495285818974177,0.2577824592590332,0.26192283630371094,0.2653339157501856,0.2718837757905324
card_variant,altered_fields_unique,dob|doe|face|name,layer1.1,channel_diff_top32_share,187,0.6562741259627589,0.007373267172824438,0.6372265021006266,0.6527187327543895,0.6573664943377177,0.6620461642742157,0.6682567596435547
card_variant,altered_fields_unique,dob|doe|face|name,layer1.1,channel_diff_effective_channels,187,55.31100979973288,0.6124252051788829,54.188307444254555,54.7904790242513,55.267845153808594,55.677960077921554,56.802268981933594
card_variant,altered_fields_unique,dob|doe|face|name,layer1.1,channel_diff_effective_fraction,187,0.8642345281208262,0.009569143830920045,0.8466923038164774,0.8561012347539265,0.8635600805282593,0.8699681262175243,0.8875354528427124
card_variant,altered_fields_unique,dob|doe|face|name,layer2.0,cosine_similarity,187,0.9820897918121486,0.004459972545780968,0.9657270709673563,0.9802573521931965,0.9829187790552775,0.9852247536182404,0.9907411734263102
card_variant,altered_fields_unique,dob|doe|face|name,layer2.0,pearson_correlation,187,0.9746011693209888,0.006330838793406629,0.9506050149599711,0.9718315402666727,0.975715716679891,0.9790527919928234,0.9868203997612
card_variant,altered_fields_unique,dob|doe|face|name,layer2.0,relative_l2_distance,187,0.18778031126806866,0.022688744120298473,0.13598604003588358,0.17175422608852386,0.18444771071275076,0.19849065442879996,0.261353721221288
card_variant,altered_fields_unique,dob|doe|face|name,layer2.0,mean_absolute_difference,187,0.019500873717288498,0.003141440775806512,0.014033866114914417,0.017433181405067444,0.01887093298137188,0.021190103764335316,0.030616986254851025
card_variant,altered_fields_unique,dob|doe|face|name,layer2.0,channel_diff_top1_share,187,0.01774884577103477,0.0019078756973827337,0.0137130885074536,0.016254018836965166,0.01776348768423001,0.019140830729156733,0.022937608261903126
card_variant,altered_fields_unique,dob|doe|face|name,layer2.0,channel_diff_top5_share,187,0.07403395294399398,0.00404784470114899,0.06623735278844833,0.0709053489069144,0.07411997268597285,0.07703198989232381,0.08363523334264755
card_variant,altered_fields_unique,dob|doe|face|name,layer2.0,channel_diff_top10_share,187,0.13720462546947806,0.005969287103170023,0.12527333199977875,0.13255717977881432,0.13658040761947632,0.14113378028074902,0.15138815343379974
card_variant,altered_fields_unique,dob|doe|face|name,layer2.0,channel_diff_top32_share,187,0.36840770631337977,0.009234160663283373,0.34644120931625366,0.3619413475195567,0.36710334817568463,0.37453180054823554,0.3899371524651845
card_variant,altered_fields_unique,dob|doe|face|name,layer2.0,channel_diff_effective_channels,187,113.52770680582249,1.991150620634031,108.90530141194661,112.26705042521158,113.76907857259114,115.03356552124023,117.69710540771484
card_variant,altered_fields_unique,dob|doe|face|name,layer2.0,channel_diff_effective_fraction,187,0.8869352094204882,0.015555864223703367,0.8508226672808329,0.8770863314469655,0.8888209263483683,0.8986997306346893,0.9195086359977722
card_variant,altered_fields_unique,dob|doe|face|name,layer2.1,cosine_similarity,187,0.9784460777479911,0.00570535351603398,0.95834348599116,0.9761863350868225,0.9797255794207255,0.9824975927670797,0.9895771741867065
card_variant,altered_fields_unique,dob|doe|face|name,layer2.1,pearson_correlation,187,0.9706122663781818,0.007838214616820863,0.9423361023267111,0.967616985241572,0.9723843336105347,0.9761255780855815,0.9857096672058105
card_variant,altered_fields_unique,dob|doe|face|name,layer2.1,relative_l2_distance,187,0.20583686492872325,0.02628880728834844,0.1442927122116089,0.18685529381036758,0.2013589839140574,0.21815121173858643,0.2884201904137929
card_variant,altered_fields_unique,dob|doe|face|name,layer2.1,mean_absolute_difference,187,0.02191591013468629,0.0035844480838401306,0.015762966126203537,0.019336068692306675,0.021210666745901108,0.02377054716149966,0.034326291332642235
card_variant,altered_fields_unique,dob|doe|face|name,layer2.1,channel_diff_top1_share,187,0.01438223019096197,0.0011214601385119588,0.012333637103438377,0.0134598674873511,0.014279845791558424,0.015197663723180693,0.017611799761652946
card_variant,altered_fields_unique,dob|doe|face|name,layer2.1,channel_diff_top5_share,187,0.06464959292567987,0.0030249206408899617,0.05900875230630239,0.062387917190790176,0.06445945054292679,0.06706563010811806,0.07177893817424774
card_variant,altered_fields_unique,dob|doe|face|name,layer2.1,channel_diff_top10_share,187,0.12161622961415326,0.004371938053922548,0.11317884425322215,0.11818863078951836,0.12111923346916835,0.12491729234655698,0.1313994824886322
card_variant,altered_fields_unique,dob|doe|face|name,layer2.1,channel_diff_top32_share,187,0.34195659372045817,0.007612299040958204,0.3276723126570384,0.3366276572148005,0.34074164430300397,0.34641718367735547,0.36512691775957745
card_variant,altered_fields_unique,dob|doe|face|name,layer2.1,channel_diff_effective_channels,187,117.97727754154307,1.2520067714932057,113.9500732421875,117.1734848022461,118.14590962727864,118.90690231323242,120.43280029296875
card_variant,altered_fields_unique,dob|doe|face|name,layer2.1,channel_diff_effective_fraction,187,0.9216974807933053,0.00978130290229067,0.8902349472045898,0.9154178500175476,0.9230149189631144,0.9289601743221283,0.9408812522888184
card_variant,altered_fields_unique,dob|doe|face|name,layer3.0,cosine_similarity,187,0.9817839595298292,0.0058546292412397965,0.9610470136006674,0.9795369704564412,0.983051598072052,0.9855412741502125,0.9915539026260376
card_variant,altered_fields_unique,dob|doe|face|name,layer3.0,pearson_correlation,187,0.9752009331436294,0.008050312070902716,0.9464452465375265,0.9721606274445852,0.9769217173258463,0.980225145816803,0.9883900682131449
card_variant,altered_fields_unique,dob|doe|face|name,layer3.0,relative_l2_distance,187,0.18865058536569915,0.02890130121792282,0.1299891620874405,0.16990270217259723,0.18370560805002847,0.2024562507867813,0.28092072407404584
card_variant,altered_fields_unique,dob|doe|face|name,layer3.0,mean_absolute_difference,187,0.013777903749303703,0.002376884404866593,0.00985083356499672,0.012110677547752857,0.013346960147221884,0.015068776905536652,0.021914226313432057
card_variant,altered_fields_unique,dob|doe|face|name,layer3.0,channel_diff_top1_share,187,0.010195995988108471,0.0015430815962758652,0.007905054371803999,0.00909849489107728,0.009857763225833574,0.010772076280166704,0.017158296890556812
card_variant,altered_fields_unique,dob|doe|face|name,layer3.0,channel_diff_top5_share,187,0.043676327854235544,0.003365752341654551,0.036829762160778046,0.0411830780406793,0.043586413065592446,0.04579351035257181,0.05297906075914701
card_variant,altered_fields_unique,dob|doe|face|name,layer3.0,channel_diff_top10_share,187,0.08033620477147706,0.004417535322227575,0.07059972236553828,0.07692620158195496,0.08063257733980815,0.08342431609829268,0.09230561802784602
card_variant,altered_fields_unique,dob|doe|face|name,layer3.0,channel_diff_top32_share,187,0.21893971518292998,0.00684903266348676,0.20093302925427756,0.21361952026685077,0.21954757968584696,0.2244925250609716,0.23446900149186453
card_variant,altered_fields_unique,dob|doe|face|name,layer3.0,channel_diff_effective_channels,187,215.94096382671498,4.25689754002713,206.67223103841147,212.51508839925128,215.9333699544271,219.28655242919922,226.03810119628906
card_variant,altered_fields_unique,dob|doe|face|name,layer3.0,channel_diff_effective_fraction,187,0.8435193899481054,0.016628506015730977,0.8073134024937948,0.8301370640595753,0.8434897263844808,0.8565880954265594,0.8829613327980042
card_variant,altered_fields_unique,dob|doe|face|name,layer3.1,cosine_similarity,187,0.9807785666562656,0.006715363714476566,0.9570966362953186,0.977668970823288,0.9821962912877401,0.9852074384689331,0.991901695728302
card_variant,altered_fields_unique,dob|doe|face|name,layer3.1,pearson_correlation,187,0.9742830607130353,0.008995102849267227,0.9424650073051453,0.9706147015094757,0.9760417143503824,0.9801472127437592,0.9891452193260193
card_variant,altered_fields_unique,dob|doe|face|name,layer3.1,relative_l2_distance,187,0.19340417095843485,0.03226426957231698,0.127293494840463,0.17165958633025488,0.1884621431430181,0.21147938072681427,0.29410504301389057
card_variant,altered_fields_unique,dob|doe|face|name,layer3.1,mean_absolute_difference,187,0.01472249210923379,0.002555146123842929,0.010200688925882181,0.01283240613217155,0.014345617964863777,0.015964373480528593,0.023143316929539044
card_variant,altered_fields_unique,dob|doe|face|name,layer3.1,channel_diff_top1_share,187,0.011410641177671956,0.0019201387053264863,0.008894276029119888,0.009802618995308876,0.011029525349537531,0.012449434647957483,0.0186101080228885
card_variant,altered_fields_unique,dob|doe|face|name,layer3.1,channel_diff_top5_share,187,0.04686116284413558,0.003825557217449305,0.03953919435540835,0.043886786947647735,0.04629438494642576,0.04861230341096719,0.06119005009531975
card_variant,altered_fields_unique,dob|doe|face|name,layer3.1,channel_diff_top10_share,187,0.08539172288515139,0.004813848223003065,0.07498911023139954,0.08225190018614134,0.08505551268657048,0.08835819115241368,0.10176852842171986
card_variant,altered_fields_unique,dob|doe|face|name,layer3.1,channel_diff_top32_share,187,0.23010505231200262,0.0077370462251349125,0.21349367002646127,0.22509826471408206,0.2295206387837728,0.235102117061615,0.251408393184344
card_variant,altered_fields_unique,dob|doe|face|name,layer3.1,channel_diff_effective_channels,187,211.21317687009108,4.714586219352803,198.96866861979166,207.97132110595703,211.58172098795572,214.33089447021484,221.0167032877604
card_variant,altered_fields_unique,dob|doe|face|name,layer3.1,channel_diff_effective_fraction,187,0.8250514721487933,0.018416352419346887,0.7772213617960612,0.8123879730701447,0.826491097609202,0.8372300565242767,0.8633464972178141
card_variant,altered_fields_unique,dob|doe|face|name,layer4.0,cosine_similarity,187,0.9698036300307289,0.0132960307770812,0.9204131364822388,0.9639606674512228,0.9730732440948486,0.9791930218537648,0.9901958703994751
card_variant,altered_fields_unique,dob|doe|face|name,layer4.0,pearson_correlation,187,0.966061721086077,0.014983957268344979,0.910178005695343,0.9593116641044617,0.9697758754094442,0.9766236543655396,0.9890238642692566
card_variant,altered_fields_unique,dob|doe|face|name,layer4.0,relative_l2_distance,187,0.23987222854678858,0.05056644026457107,0.13994139432907104,0.20325243721405667,0.23244682451089224,0.26741115748882294,0.39956483244895935
card_variant,altered_fields_unique,dob|doe|face|name,layer4.0,mean_absolute_difference,187,0.010977128336335568,0.0022453029707302954,0.007154008839279413,0.009346301977833113,0.010504505907495817,0.01219919106612603,0.01872348164518674
card_variant,altered_fields_unique,dob|doe|face|name,layer4.0,channel_diff_top1_share,187,0.009256126115068713,0.0009094793679613214,0.0073530034472544985,0.008707627964516481,0.00917748703310887,0.009792320430278778,0.012869885191321373
card_variant,altered_fields_unique,dob|doe|face|name,layer4.0,channel_diff_top5_share,187,0.04002004420241995,0.0025738590971962033,0.03384693463643392,0.038289573043584824,0.03992068270842234,0.041873227184017495,0.04815483714143435
card_variant,altered_fields_unique,dob|doe|face|name,layer4.0,channel_diff_top10_share,187,0.07310882796418858,0.003976892991709084,0.06397836655378342,0.07031109804908434,0.0728292167186737,0.07585731893777847,0.08376933882633845
card_variant,altered_fields_unique,dob|doe|face|name,layer4.0,channel_diff_top32_share,187,0.19208807890002955,0.008607216723600722,0.17397403717041016,0.18569326897462207,0.19054710368315378,0.19737308472394943,0.215681254863739
card_variant,altered_fields_unique,dob|doe|face|name,layer4.0,channel_diff_effective_channels,187,305.0794874657072,13.0446542920062,272.80621337890625,296.58259073893225,307.23227945963544,314.6751403808594,330.58388264973956
card_variant,altered_fields_unique,dob|doe|face|name,layer4.0,channel_diff_effective_fraction,187,0.5958583739564594,0.02547784041407461,0.5328246355056763,0.5792628725369771,0.6000630458196005,0.614599883556366,0.6456716458002726
card_variant,altered_fields_unique,dob|doe|face|name,layer4.1,cosine_similarity,187,0.9608947203333577,0.025704082919655483,0.8651860356330872,0.9514613548914592,0.9680645068486532,0.9799107909202576,0.9893969694773356
card_variant,altered_fields_unique,dob|doe|face|name,layer4.1,pearson_correlation,187,0.9465629171560155,0.03408205479564947,0.8219623963038126,0.9343465467294056,0.9561284184455872,0.9722361862659454,0.9850230813026428
card_variant,altered_fields_unique,dob|doe|face|name,layer4.1,relative_l2_distance,187,0.26691642896323703,0.08390005226243893,0.1452165792385737,0.19932392984628677,0.25313952068487805,0.3107331916689873,0.5232700010140737
card_variant,altered_fields_unique,dob|doe|face|name,layer4.1,mean_absolute_difference,187,0.1465018831206728,0.03702643066365692,0.08590615540742874,0.11766306186715762,0.1418168693780899,0.16330817838509876,0.2655099630355835
card_variant,altered_fields_unique,dob|doe|face|name,layer4.1,channel_diff_top1_share,187,0.007603827241389828,0.0011508710997748814,0.0056830427298943205,0.006731783971190453,0.007436138112097979,0.008252259809523821,0.012587137830754122
card_variant,altered_fields_unique,dob|doe|face|name,layer4.1,channel_diff_top5_share,187,0.032010765085511456,0.003451275054460409,0.025853116065263748,0.029472671759625278,0.031380405028661094,0.034434415089587375,0.04276065776745478
card_variant,altered_fields_unique,dob|doe|face|name,layer4.1,channel_diff_top10_share,187,0.0582493963500289,0.0054871225684831465,0.04844232648611069,0.054123365630706154,0.05724580710132917,0.06181218226750692,0.07294734319051106
card_variant,altered_fields_unique,dob|doe|face|name,layer4.1,channel_diff_top32_share,187,0.1540417868557673,0.011089654240229587,0.13465705017248789,0.14539890984694165,0.1523747593164444,0.1614294002453486,0.1799240012963613
card_variant,altered_fields_unique,dob|doe|face|name,layer4.1,channel_diff_effective_channels,187,376.6122789025944,17.6348301479058,331.5599670410156,364.98856608072913,379.2577412923177,390.30009969075525,409.1407470703125
card_variant,altered_fields_unique,dob|doe|face|name,layer4.1,channel_diff_effective_fraction,187,0.7355708572316297,0.03444302763262851,0.6475780606269836,0.7128682931264241,0.740737775961558,0.7623048822085063,0.7991030216217041
card_variant,altered_fields_unique,dob|doe|face|name,maxpool,cosine_similarity,187,0.9945673747071184,0.0015004955325269868,0.9883508284886678,0.993563820918401,0.9945058822631836,0.9958358705043793,0.9972008466720581
card_variant,altered_fields_unique,dob|doe|face|name,maxpool,pearson_correlation,187,0.9885443114341899,0.0033337085029867767,0.9752798676490784,0.9861951073010762,0.9883631666501363,0.9913252095381418,0.9943015774091085
card_variant,altered_fields_unique,dob|doe|face|name,maxpool,relative_l2_distance,187,0.10315079518233607,0.014351765547696784,0.07474807898203532,0.09116241584221521,0.10462297995885213,0.11336162686347961,0.15238022804260254
card_variant,altered_fields_unique,dob|doe|face|name,maxpool,mean_absolute_difference,187,0.0104926449550505,0.0023288415626043757,0.006866953335702419,0.008876253385096788,0.009999724725882212,0.011516676439593237,0.018369179219007492
card_variant,altered_fields_unique,dob|doe|face|name,maxpool,channel_diff_top1_share,187,0.04065774229758563,0.002840274357776782,0.034863910327355065,0.038918231924374894,0.04001485432187716,0.041995201259851456,0.05141165480017662
card_variant,altered_fields_unique,dob|doe|face|name,maxpool,channel_diff_top5_share,187,0.1752950900006847,0.006896588063849403,0.1585533320903778,0.1702573349078496,0.17533942560354868,0.1803293029467265,0.20157357553641
card_variant,altered_fields_unique,dob|doe|face|name,maxpool,channel_diff_top10_share,187,0.3235607692264618,0.010111434047816373,0.29861443241437274,0.31512473026911414,0.324139008919398,0.3305584341287613,0.3540905813376109
card_variant,altered_fields_unique,dob|doe|face|name,maxpool,channel_diff_top32_share,187,0.8116571062813892,0.00836196192438749,0.7919938365618387,0.8057279189427693,0.8123741745948792,0.817960649728775,0.8343820571899414
card_variant,altered_fields_unique,dob|doe|face|name,maxpool,channel_diff_effective_channels,187,42.22295794427501,0.8280670299966683,39.21105194091797,41.67079861958822,42.18457285563151,42.8517328898112,44.18748982747396
card_variant,altered_fields_unique,dob|doe|face|name,maxpool,channel_diff_effective_fraction,187,0.659733717879297,0.012938547343697942,0.6126726865768433,0.6511062284310659,0.6591339508692423,0.6695583264033,0.6904295285542806
card_variant,altered_fields_unique,dob|doe|face|name,stem_relu,cosine_similarity,187,0.9891784690493143,0.0031185706383673227,0.9808322389920553,0.9864499866962433,0.9896931052207947,0.9916573862234751,0.9942745367685953
card_variant,altered_fields_unique,dob|doe|face|name,stem_relu,pearson_correlation,187,0.9796841846855353,0.005699863889409664,0.9655188123385111,0.9749754071235657,0.980340858300527,0.9844065109888712,0.9893721143404642
card_variant,altered_fields_unique,dob|doe|face|name,stem_relu,relative_l2_distance,187,0.1453789313076439,0.02120197254950345,0.1067972183227539,0.12884256492058438,0.14354449013868967,0.1645100886623065,0.19571932156880698
card_variant,altered_fields_unique,dob|doe|face|name,stem_relu,mean_absolute_difference,187,0.009531749734479051,0.0020073282122106645,0.006258970436950524,0.008097720332443714,0.009313966458042463,0.01039149969195326,0.01618365167329709
card_variant,altered_fields_unique,dob|doe|face|name,stem_relu,channel_diff_top1_share,187,0.03496093057268656,0.0019013095083519457,0.03117944362262885,0.033587618730962276,0.03485369309782982,0.0362013845394055,0.04089497526486715
card_variant,altered_fields_unique,dob|doe|face|name,stem_relu,channel_diff_top5_share,187,0.16243608250762476,0.006082183208574756,0.1482317994038264,0.15795284509658813,0.16232212881247202,0.16699465860923132,0.17985324561595917
card_variant,altered_fields_unique,dob|doe|face|name,stem_relu,channel_diff_top10_share,187,0.3082942400067885,0.009245597102496941,0.28545959790547687,0.30172187586625415,0.3084411124388377,0.3147548238436381,0.33248138427734375
card_variant,altered_fields_unique,dob|doe|face|name,stem_relu,channel_diff_top32_share,187,0.8063015593564447,0.008579763742001712,0.7837415138880411,0.8000376621882122,0.8059169054031372,0.8134586612383524,0.8300801515579224
card_variant,altered_fields_unique,dob|doe|face|name,stem_relu,channel_diff_effective_channels,187,42.79503430997199,0.7383552345317355,40.420370737711586,42.21818415323893,42.8636474609375,43.32778549194336,44.74428176879883
card_variant,altered_fields_unique,dob|doe|face|name,stem_relu,channel_diff_effective_fraction,187,0.6686724110933123,0.011536800539558367,0.6315682927767435,0.6596591273943583,0.6697444915771484,0.676996648311615,0.6991294026374817
card_variant,altered_fields_unique,dob|doe|face|name_en,avgpool,cosine_similarity,84,0.9941965736567029,0.003893959796071166,0.9787566860516866,0.9933789571126302,0.9955417712529501,0.9963950316111246,0.9989129106203715
card_variant,altered_fields_unique,dob|doe|face|name_en,avgpool,pearson_correlation,84,0.987074997689989,0.008717800702844938,0.9528956413269043,0.9857824047406515,0.9893957277139028,0.9922312945127487,0.9973417917887369
card_variant,altered_fields_unique,dob|doe|face|name_en,avgpool,relative_l2_distance,84,0.10455278802426561,0.03261206155663843,0.04630893965562185,0.08582823785642783,0.0957898882528146,0.11717506684362888,0.21660028398036957
card_variant,altered_fields_unique,dob|doe|face|name_en,avgpool,mean_absolute_difference,84,0.06672789877842342,0.02067945427780821,0.030488118529319763,0.053090038088460766,0.06238366849720478,0.0760826872040828,0.13603443404038748
card_variant,altered_fields_unique,dob|doe|face|name_en,avgpool,channel_diff_top1_share,84,0.01205467295995544,0.0014139161710054072,0.008839223844309648,0.011026169018199047,0.011678678294022877,0.012814496411010623,0.015853992352883022
card_variant,altered_fields_unique,dob|doe|face|name_en,avgpool,channel_diff_top5_share,84,0.049575581658808945,0.0036627914276244804,0.04076557233929634,0.04703754217674335,0.04872966185212135,0.05169721134006977,0.059683253367741905
card_variant,altered_fields_unique,dob|doe|face|name_en,avgpool,channel_diff_top10_share,84,0.08837219555344847,0.005336542071237431,0.07610872636238734,0.08480590954422951,0.0870690643787384,0.0907515212893486,0.10418987522522609
card_variant,altered_fields_unique,dob|doe|face|name_en,avgpool,channel_diff_top32_share,84,0.2217140451428436,0.009665355502259455,0.20494033892949423,0.21503793820738792,0.21934781471888223,0.22767306491732597,0.2550149957338969
card_variant,altered_fields_unique,dob|doe|face|name_en,avgpool,channel_diff_effective_channels,84,270.778750888885,11.281168862600127,235.30692036946616,263.54580815633136,272.43426005045575,278.89503479003906,295.8446960449219
card_variant,altered_fields_unique,dob|doe|face|name_en,avgpool,channel_diff_effective_fraction,84,0.5288647478298535,0.022033532934765874,0.4595838288466136,0.5147379065553347,0.5320981641610464,0.544716864824295,0.577821671962738
card_variant,altered_fields_unique,dob|doe|face|name_en,layer1.0,cosine_similarity,84,0.9924011698790959,0.0019601334493591547,0.9854604999224345,0.9910281201203663,0.992760588725408,0.993836929400762,0.9963747064272562
card_variant,altered_fields_unique,dob|doe|face|name_en,layer1.0,pearson_correlation,84,0.9844952168918792,0.004054152133197632,0.9703230460484823,0.9815773069858551,0.9852918187777201,0.9874175637960434,0.9925662080446879
card_variant,altered_fields_unique,dob|doe|face|name_en,layer1.0,relative_l2_distance,84,0.12213166513376768,0.015847388398760872,0.08500674863656361,0.11058193755646546,0.12024506678183873,0.1338710350294908,0.17034821708997092
card_variant,altered_fields_unique,dob|doe|face|name_en,layer1.0,mean_absolute_difference,84,0.01892873903529511,0.003353810566933247,0.01282149770607551,0.016868681646883488,0.01870033238083124,0.02027664752677083,0.03462412518759569
card_variant,altered_fields_unique,dob|doe|face|name_en,layer1.0,channel_diff_top1_share,84,0.03598016858219154,0.0009523523809096328,0.033868592232465744,0.0353097381691138,0.035970474903782204,0.036519644781947136,0.038668700804313026
card_variant,altered_fields_unique,dob|doe|face|name_en,layer1.0,channel_diff_top5_share,84,0.15823505257093717,0.0029630433369387354,0.15281045933564505,0.15624016771713892,0.15811803936958313,0.16006677597761154,0.16518279910087585
card_variant,altered_fields_unique,dob|doe|face|name_en,layer1.0,channel_diff_top10_share,84,0.2772683246977745,0.00479401495019865,0.2676859299341838,0.2738251139720281,0.2773064275582632,0.27993399153153103,0.28795087337493896
card_variant,altered_fields_unique,dob|doe|face|name_en,layer1.0,channel_diff_top32_share,84,0.6736611409319772,0.006767738629780577,0.6591493288675944,0.6684372623761494,0.6738284031550089,0.6783949732780457,0.687462309996287
card_variant,altered_fields_unique,dob|doe|face|name_en,layer1.0,channel_diff_effective_channels,84,52.93742841387552,0.563738815034803,51.6662712097168,52.5772902170817,52.90607261657715,53.291388511657715,54.10042063395182
card_variant,altered_fields_unique,dob|doe|face|name_en,layer1.0,channel_diff_effective_fraction,84,0.827147318966805,0.008808418984918798,0.807285487651825,0.8215201596419016,0.8266573846340179,0.8326779454946518,0.8453190724054972
card_variant,altered_fields_unique,dob|doe|face|name_en,layer1.1,cosine_similarity,84,0.9880287240421962,0.0033691662332476025,0.9732215404510498,0.9859479814767838,0.9881136119365692,0.990468939145406,0.9941485722859701
card_variant,altered_fields_unique,dob|doe|face|name_en,layer1.1,pearson_correlation,84,0.9771642990055538,0.006715591810819285,0.9482587575912476,0.9726796050866445,0.9771337906519573,0.9820174922545751,0.9888628919919332
card_variant,altered_fields_unique,dob|doe|face|name_en,layer1.1,relative_l2_distance,84,0.15315962361083144,0.021262854383957256,0.10813208669424057,0.13800939545035362,0.15416452536980313,0.16758173952500025,0.23101862768332163
card_variant,altered_fields_unique,dob|doe|face|name_en,layer1.1,mean_absolute_difference,84,0.03548991161265544,0.006410838096736375,0.024588848153750103,0.03105251134062807,0.03556319884955883,0.03814850809673469,0.06505521262685458
card_variant,altered_fields_unique,dob|doe|face|name_en,layer1.1,channel_diff_top1_share,84,0.03176776285002393,0.0008707896082670524,0.029483965287605923,0.03106319795673092,0.031774473997453846,0.03232618902499477,0.03425212949514389
card_variant,altered_fields_unique,dob|doe|face|name_en,layer1.1,channel_diff_top5_share,84,0.14485657357034226,0.0024756698281189577,0.13850023845831552,0.14304756745696068,0.14478254566589993,0.1468908389409383,0.1498071253299713
card_variant,altered_fields_unique,dob|doe|face|name_en,layer1.1,channel_diff_top10_share,84,0.26387913223533405,0.004088349276858533,0.2539612799882889,0.26084302365779877,0.2644378294547399,0.26671139647563297,0.27340378363927204
card_variant,altered_fields_unique,dob|doe|face|name_en,layer1.1,channel_diff_top32_share,84,0.6549433980669294,0.007020547493697953,0.6390562852223715,0.6495146155357361,0.6544648210207622,0.6611352413892746,0.6667045553525289
card_variant,altered_fields_unique,dob|doe|face|name_en,layer1.1,channel_diff_effective_channels,84,55.25828096601698,0.5456702864429761,54.05504608154297,54.856105168660484,55.252683003743485,55.63020483652751,56.61504618326823
card_variant,altered_fields_unique,dob|doe|face|name_en,layer1.1,channel_diff_effective_fraction,84,0.8634106400940154,0.008526098225671502,0.8446100950241089,0.8571266432603201,0.863323171933492,0.8692219505707424,0.884610096613566
card_variant,altered_fields_unique,dob|doe|face|name_en,layer2.0,cosine_similarity,84,0.984803713976391,0.004720799264278852,0.9616362651189169,0.9825301915407181,0.9851679901281993,0.9881292184193928,0.9931427637736002
card_variant,altered_fields_unique,dob|doe|face|name_en,layer2.0,pearson_correlation,84,0.9784419971799093,0.006801367448431642,0.9452566901842753,0.974912017583847,0.9788112739721935,0.9833024094502132,0.9904107848803202
card_variant,altered_fields_unique,dob|doe|face|name_en,layer2.0,relative_l2_distance,84,0.1723134981557017,0.025909734744069515,0.11658671746651332,0.15405960629383725,0.1721675271789233,0.18688850725690523,0.2765202720959981
card_variant,altered_fields_unique,dob|doe|face|name_en,layer2.0,mean_absolute_difference,84,0.01803167725336693,0.0034360849427019,0.01214324589818716,0.015572404100870092,0.017976714919010796,0.019678481699277956,0.03392800688743591
card_variant,altered_fields_unique,dob|doe|face|name_en,layer2.0,channel_diff_top1_share,84,0.015328670190351588,0.0010597631384717861,0.01374459204574426,0.01441920641809702,0.01512388310705622,0.01614201666476826,0.017677213065326214
card_variant,altered_fields_unique,dob|doe|face|name_en,layer2.0,channel_diff_top5_share,84,0.06979541554455719,0.00268249150930251,0.06571617225805919,0.06746477509538333,0.06945541501045227,0.07157072921593985,0.0765953262646993
card_variant,altered_fields_unique,dob|doe|face|name_en,layer2.0,channel_diff_top10_share,84,0.13116360795758072,0.0037946861110793265,0.1251344308257103,0.12826573476195335,0.13079537202914554,0.13312319666147232,0.14354953666528067
card_variant,altered_fields_unique,dob|doe|face|name_en,layer2.0,channel_diff_top32_share,84,0.35968142251173657,0.007579327042827757,0.34690287709236145,0.35359536359707516,0.35911886394023895,0.3645095477501551,0.38436376055081684
card_variant,altered_fields_unique,dob|doe|face|name_en,layer2.0,channel_diff_effective_channels,84,115.42778905232747,1.4042797128279647,111.47039794921875,114.65157254536946,115.38019688924155,116.53430112202963,117.72403717041016
card_variant,altered_fields_unique,dob|doe|face|name_en,layer2.0,channel_diff_effective_fraction,84,0.9017796019713084,0.010970935256468474,0.8708624839782715,0.8957154105106989,0.9014077881971996,0.9104242275158565,0.9197190403938293
card_variant,altered_fields_unique,dob|doe|face|name_en,layer2.1,cosine_similarity,84,0.9812600830244637,0.006070329402338563,0.9512704610824585,0.9781044820944469,0.9816712339719136,0.9855194886525472,0.9916722377141317
card_variant,altered_fields_unique,dob|doe|face|name_en,layer2.1,pearson_correlation,84,0.974505930902466,0.008261273805434245,0.9337146679560343,0.970279852549235,0.9751093089580536,0.9803388764460882,0.9886911114056905
card_variant,altered_fields_unique,dob|doe|face|name_en,layer2.1,relative_l2_distance,84,0.19120824502574077,0.02980744400413381,0.12862226366996765,0.17000512530406314,0.19141271958748501,0.20921383301417032,0.31189284722010296
card_variant,altered_fields_unique,dob|doe|face|name_en,layer2.1,mean_absolute_difference,84,0.020271688936248658,0.0038145788473537175,0.013822341027359167,0.017610153338561457,0.020221120677888393,0.021991465551157795,0.037611331790685654
card_variant,altered_fields_unique,dob|doe|face|name_en,layer2.1,channel_diff_top1_share,84,0.013412276316168053,0.0005945764378116748,0.01237976582099994,0.0129702837827305,0.013322363141924143,0.013736612241094312,0.015272930264472961
card_variant,altered_fields_unique,dob|doe|face|name_en,layer2.1,channel_diff_top5_share,84,0.06180682085040543,0.0018762490235688894,0.057942360639572144,0.06026450047890345,0.061678004140655204,0.06337390746921301,0.0665928249557813
card_variant,altered_fields_unique,dob|doe|face|name_en,layer2.1,channel_diff_top10_share,84,0.11760855120207582,0.0029713234704962154,0.11070336153109868,0.11528166631857553,0.11737296730279922,0.11997591331601143,0.12457956373691559
card_variant,altered_fields_unique,dob|doe|face|name_en,layer2.1,channel_diff_top32_share,84,0.3372726136493305,0.005725238948336571,0.32470229268074036,0.33321498334407806,0.337118923664093,0.3416276201605797,0.3492112656434377
card_variant,altered_fields_unique,dob|doe|face|name_en,layer2.1,channel_diff_effective_channels,84,119.21509718516518,0.9107536609166221,117.00737762451172,118.51079432169597,119.3128153483073,119.8099333445231,121.21966807047527
card_variant,altered_fields_unique,dob|doe|face|name_en,layer2.1,channel_diff_effective_fraction,84,0.931367946759103,0.00711526297591111,0.9141201376914978,0.9258655806382498,0.9321313699086508,0.9360151042540867,0.947028656800588
card_variant,altered_fields_unique,dob|doe|face|name_en,layer3.0,cosine_similarity,84,0.9845365995452517,0.004970858049010881,0.9632667700449625,0.9818571706612905,0.9851870536804199,0.9874662707249324,0.9934308131535848
card_variant,altered_fields_unique,dob|doe|face|name_en,layer3.0,pearson_correlation,84,0.9789540571352792,0.006718512683289467,0.9501760204633077,0.9752692729234695,0.9798526267210643,0.9829243868589401,0.9910587469736735
card_variant,altered_fields_unique,dob|doe|face|name_en,layer3.0,relative_l2_distance,84,0.1737178543966914,0.027208360013004012,0.11408400287230809,0.15824616327881813,0.17218567927678424,0.19040673598647118,0.27084243297576904
card_variant,altered_fields_unique,dob|doe|face|name_en,layer3.0,mean_absolute_difference,84,0.012633224744127975,0.0023355164211368586,0.00834566339229544,0.011017573143665988,0.012521934229880571,0.013662839851652583,0.022771512468655903
card_variant,altered_fields_unique,dob|doe|face|name_en,layer3.0,channel_diff_top1_share,84,0.009870561909684468,0.0011201235743177281,0.008039643367131552,0.00906984197596709,0.009569414736082155,0.010539411877592405,0.013516734975079695
card_variant,altered_fields_unique,dob|doe|face|name_en,layer3.0,channel_diff_top5_share,84,0.04240656113399873,0.002350470626472514,0.038163185119628906,0.040509616335233055,0.042076144367456436,0.043854813712338604,0.04955104490121206
card_variant,altered_fields_unique,dob|doe|face|name_en,layer3.0,channel_diff_top10_share,84,0.07841289605176638,0.002987677867158521,0.07277919600407283,0.07635572428504625,0.07816510771711668,0.0799692136545976,0.08702077468236287
card_variant,altered_fields_unique,dob|doe|face|name_en,layer3.0,channel_diff_top32_share,84,0.21556337272363998,0.004584405162833101,0.20551063617070517,0.21239925424257913,0.21516515811284384,0.21893711263934773,0.22690163552761078
card_variant,altered_fields_unique,dob|doe|face|name_en,layer3.0,channel_diff_effective_channels,84,217.86105776590006,2.945364481682906,209.93294270833334,215.76532491048178,218.50119018554688,219.87662887573242,223.83899434407553
card_variant,altered_fields_unique,dob|doe|face|name_en,layer3.0,channel_diff_effective_fraction,84,0.8510197568980471,0.011505330006573852,0.8200505574544271,0.8428333004315695,0.8535202741622925,0.8588930815458298,0.874371071656545
card_variant,altered_fields_unique,dob|doe|face|name_en,layer3.1,cosine_similarity,84,0.983751450975736,0.005363402924701811,0.9625678658485413,0.9812847524881363,0.9846021433671315,0.9867590814828873,0.9933568636576334
card_variant,altered_fields_unique,dob|doe|face|name_en,layer3.1,pearson_correlation,84,0.9781320350510735,0.007211096536052924,0.9497377276420593,0.9748656700054804,0.9793184200922649,0.9820827096700668,0.9910575151443481
card_variant,altered_fields_unique,dob|doe|face|name_en,layer3.1,relative_l2_distance,84,0.1779895146037378,0.02851949722413663,0.11503802239894867,0.16257253537575403,0.17549844334522885,0.19356882696350416,0.27397165695826214
card_variant,altered_fields_unique,dob|doe|face|name_en,layer3.1,mean_absolute_difference,84,0.01365033555628052,0.002514653414964139,0.008793173357844353,0.012023079519470532,0.013598039125402769,0.01496879329594473,0.0242392693956693
card_variant,altered_fields_unique,dob|doe|face|name_en,layer3.1,channel_diff_top1_share,84,0.010994584395712801,0.0017266444102625477,0.008489850908517838,0.009954687828818958,0.010566398346175749,0.011344288242980838,0.017912565420071285
card_variant,altered_fields_unique,dob|doe|face|name_en,layer3.1,channel_diff_top5_share,84,0.04547246125718903,0.0030616133353803623,0.03898302217324575,0.04328898930301269,0.04490178699294726,0.047217356972396374,0.0549747496843338
card_variant,altered_fields_unique,dob|doe|face|name_en,layer3.1,channel_diff_top10_share,84,0.08310968934425285,0.003932074782173926,0.07411010811726253,0.08051802031695843,0.08259841799736023,0.08484938057760398,0.09457304328680038
card_variant,altered_fields_unique,dob|doe|face|name_en,layer3.1,channel_diff_top32_share,84,0.22538822877501688,0.006195159038299263,0.21175760527451834,0.2222858890891075,0.22486747552951178,0.22859404360254607,0.24165154993534088
card_variant,altered_fields_unique,dob|doe|face|name_en,layer3.1,channel_diff_effective_channels,84,213.94127430991517,3.568771138776272,201.8791249593099,211.64776865641275,213.95335896809897,216.2677205403646,222.07818094889322
card_variant,altered_fields_unique,dob|doe|face|name_en,layer3.1,channel_diff_effective_fraction,84,0.8357081027731061,0.013940512260844813,0.7885903318723043,0.8267490963141123,0.8357553084691366,0.8447957833607992,0.8674928943316141
card_variant,altered_fields_unique,dob|doe|face|name_en,layer4.0,cosine_similarity,84,0.9754362451651739,0.010749824492412914,0.9309918483098348,0.9714241524537404,0.9780324697494507,0.9812800685564677,0.993098795413971
card_variant,altered_fields_unique,dob|doe|face|name_en,layer4.0,pearson_correlation,84,0.9723370631062794,0.012090534598519423,0.9224468469619751,0.9678381284077963,0.9752789239088694,0.9789337664842606,0.9922147591908773
card_variant,altered_fields_unique,dob|doe|face|name_en,layer4.0,relative_l2_distance,84,0.2165104322845027,0.04617356655972745,0.1175344189008077,0.19283935179313022,0.20866659283638,0.2391938629249732,0.36992713809013367
card_variant,altered_fields_unique,dob|doe|face|name_en,layer4.0,mean_absolute_difference,84,0.009989795319381213,0.0018603924789734338,0.00600785684461395,0.008668013693143925,0.009767203902204832,0.011177897763748964,0.015794694734116394
card_variant,altered_fields_unique,dob|doe|face|name_en,layer4.0,channel_diff_top1_share,84,0.009705817149508569,0.001072942955319749,0.007902847292522589,0.008899100202446183,0.009510106251885492,0.010236360520745317,0.012918737716972828
card_variant,altered_fields_unique,dob|doe|face|name_en,layer4.0,channel_diff_top5_share,84,0.04110650524556164,0.002490567376188255,0.035957066963116326,0.039194380864501,0.04084759019315243,0.04274388557920853,0.04770410805940628
card_variant,altered_fields_unique,dob|doe|face|name_en,layer4.0,channel_diff_top10_share,84,0.07435562018127667,0.003573302144105331,0.06649549553791682,0.07205555712183316,0.07415310169259708,0.07718940389653046,0.0822410782178243
card_variant,altered_fields_unique,dob|doe|face|name_en,layer4.0,channel_diff_top32_share,84,0.19296640163612744,0.007265566560046033,0.17579415440559387,0.18899767473340034,0.1926247626543045,0.1981692686676979,0.21157114207744598
card_variant,altered_fields_unique,dob|doe|face|name_en,layer4.0,channel_diff_effective_channels,84,305.7580136495923,9.959424560305695,278.8442789713542,298.3851801554362,304.8784586588542,312.7853190104167,326.32274373372394
card_variant,altered_fields_unique,dob|doe|face|name_en,layer4.0,channel_diff_effective_fraction,84,0.59718362040936,0.01945200109434706,0.5446177323659261,0.5827835549910864,0.5954657395680746,0.6109088261922201,0.6373491088549296
card_variant,altered_fields_unique,dob|doe|face|name_en,layer4.1,cosine_similarity,84,0.9715017177282816,0.017017668844348997,0.9088409543037415,0.9668008089065552,0.9774122337500255,0.9815588643153509,0.9941338698069254
card_variant,altered_fields_unique,dob|doe|face|name_en,layer4.1,pearson_correlation,84,0.960141182891906,0.023848425731078385,0.8719151020050049,0.953176811337471,0.9685314695040386,0.9745216270287831,0.9917041659355164
card_variant,altered_fields_unique,dob|doe|face|name_en,layer4.1,relative_l2_distance,84,0.23056835539284207,0.06532198432607285,0.10803008327881496,0.19146310662229854,0.2125737617413203,0.2580505001048247,0.4413690169652303
card_variant,altered_fields_unique,dob|doe|face|name_en,layer4.1,mean_absolute_difference,84,0.1289104734591785,0.030976460401136857,0.06675697738925616,0.11018743676443896,0.12207566201686859,0.14495797952016193,0.21402831872304282
card_variant,altered_fields_unique,dob|doe|face|name_en,layer4.1,channel_diff_top1_share,84,0.0073664322687638185,0.0009702473298591707,0.005703510095675786,0.006692594926183422,0.007330381699527303,0.007810343483773371,0.010391549207270145
card_variant,altered_fields_unique,dob|doe|face|name_en,layer4.1,channel_diff_top5_share,84,0.03107318556350138,0.0032039065016433144,0.025774897386630375,0.028783871016154688,0.030656829476356506,0.03244449586297075,0.04299303516745567
card_variant,altered_fields_unique,dob|doe|face|name_en,layer4.1,channel_diff_top10_share,84,0.05654485028473631,0.005098052747995831,0.04787336910764376,0.05299529588470857,0.05569774222870667,0.058984640054404736,0.07526424775520961
card_variant,altered_fields_unique,dob|doe|face|name_en,layer4.1,channel_diff_top32_share,84,0.14970542248042804,0.009885781622002406,0.13178673883279166,0.1430353360871474,0.14830117672681808,0.15395399058858553,0.1824330339829127
card_variant,altered_fields_unique,dob|doe|face|name_en,layer4.1,channel_diff_effective_channels,84,383.4095466250465,15.888986841607244,336.8364664713542,374.9630304972331,383.3077290852865,396.172243754069,416.3184102376302
card_variant,altered_fields_unique,dob|doe|face|name_en,layer4.1,channel_diff_effective_fraction,84,0.748846770752044,0.031033177425014147,0.6578837235768636,0.7323496689399084,0.7486479083697002,0.773773913582166,0.8131218949953715
card_variant,altered_fields_unique,dob|doe|face|name_en,maxpool,cosine_similarity,84,0.9948951514467358,0.0014195517428834282,0.9913599491119385,0.9936827470858892,0.9951647222042084,0.9960382580757141,0.9973767797152201
card_variant,altered_fields_unique,dob|doe|face|name_en,maxpool,pearson_correlation,84,0.9892409538465833,0.002921684433818167,0.9819963574409485,0.986766849954923,0.989622990290324,0.9916786352793376,0.9943682154019674
card_variant,altered_fields_unique,dob|doe|face|name_en,maxpool,relative_l2_distance,84,0.09997643131230559,0.014083247828193864,0.0723663866519928,0.08877511012057462,0.0981854759156704,0.11231918384631476,0.13173313438892365
card_variant,altered_fields_unique,dob|doe|face|name_en,maxpool,mean_absolute_difference,84,0.009551328239178966,0.0015768406578746607,0.006443688025077184,0.008614706884448728,0.009358210799594719,0.01021855603903532,0.01654596657802661
card_variant,altered_fields_unique,dob|doe|face|name_en,maxpool,channel_diff_top1_share,84,0.0396946077530701,0.0022973910012581665,0.033498275404175125,0.03800340120991071,0.039413156608740486,0.0410349490121007,0.04566656922300657
card_variant,altered_fields_unique,dob|doe|face|name_en,maxpool,channel_diff_top5_share,84,0.1736133536176076,0.0059755619092712745,0.1574731320142746,0.1682064433892568,0.1744537055492401,0.17839368681112924,0.1849930832783381
card_variant,altered_fields_unique,dob|doe|face|name_en,maxpool,channel_diff_top10_share,84,0.3210668576851724,0.009708935680632864,0.2959522207578023,0.31397393097480136,0.3216873655716578,0.32975289473930997,0.3375937342643738
card_variant,altered_fields_unique,dob|doe|face|name_en,maxpool,channel_diff_top32_share,84,0.8075666552971279,0.011017776500415376,0.7757811546325684,0.8005851060152054,0.8081046144167582,0.8156016767024994,0.8279601732889811
card_variant,altered_fields_unique,dob|doe|face|name_en,maxpool,channel_diff_effective_channels,84,42.53903413197351,0.9101650931212077,40.87555694580078,41.8156099319458,42.477661768595375,43.24041779836019,44.854400634765625
card_variant,altered_fields_unique,dob|doe|face|name_en,maxpool,channel_diff_effective_fraction,84,0.6646724083120861,0.014221329580018871,0.6386805772781372,0.6533689051866531,0.6637134651343027,0.675631528099378,0.7008500099182129
card_variant,altered_fields_unique,dob|doe|face|name_en,stem_relu,cosine_similarity,84,0.9903799827609745,0.0020670103147589322,0.9851359923680624,0.9886998782555263,0.9903137385845184,0.9919935415188471,0.995509127775828
card_variant,altered_fields_unique,dob|doe|face|name_en,stem_relu,pearson_correlation,84,0.9816951281021512,0.004173241250784481,0.9712862571080526,0.9787009408076605,0.9813993573188782,0.985145186384519,0.9914692242940267
card_variant,altered_fields_unique,dob|doe|face|name_en,stem_relu,relative_l2_distance,84,0.13765031628547206,0.015271026506162142,0.09445938219626744,0.12634572014212608,0.13903980205456418,0.1501154862344265,0.1724096139272054
card_variant,altered_fields_unique,dob|doe|face|name_en,stem_relu,mean_absolute_difference,84,0.008627685555626477,0.0014995543554653706,0.005667106248438358,0.007689423548678557,0.008453964333360393,0.009256943827494979,0.015194559469819069
card_variant,altered_fields_unique,dob|doe|face|name_en,stem_relu,channel_diff_top1_share,84,0.03512007793382047,0.0017558002930185533,0.030277750144402187,0.03385501199712356,0.035167887806892395,0.03631548086802165,0.03952845558524132
card_variant,altered_fields_unique,dob|doe|face|name_en,stem_relu,channel_diff_top5_share,84,0.16305489187675812,0.006645883477713267,0.14424572388331094,0.15839317565162978,0.1641808847586314,0.16765500232577324,0.17899427314599356
card_variant,altered_fields_unique,dob|doe|face|name_en,stem_relu,channel_diff_top10_share,84,0.3090513334387825,0.010882844423439243,0.2786428431669871,0.30104194581508636,0.30974246064821875,0.31802835315465927,0.33110586802164715
card_variant,altered_fields_unique,dob|doe|face|name_en,stem_relu,channel_diff_top32_share,84,0.8049204458319951,0.009961743082349598,0.7808582186698914,0.7976994514465332,0.8059817155202229,0.8131960183382034,0.8250009814898173
card_variant,altered_fields_unique,dob|doe|face|name_en,stem_relu,channel_diff_effective_channels,84,42.85982298472571,0.8518203861050726,41.098166147867836,42.160625775655106,42.81261952718099,43.55411624908447,44.912986755371094
card_variant,altered_fields_unique,dob|doe|face|name_en,stem_relu,channel_diff_effective_fraction,84,0.6696847341363392,0.01330969353289176,0.6421588460604349,0.658759777744611,0.668947180112203,0.6805330663919449,0.7017654180526733
card_variant,altered_fields_unique,dob|doe|face|name_other,avgpool,cosine_similarity,8,0.9907002672553062,0.00576196412735181,0.9812819361686707,0.9900307655334473,0.9931887884934743,0.9939847389856974,0.995322565237681
card_variant,altered_fields_unique,dob|doe|face|name_other,avgpool,pearson_correlation,8,0.9785589476426443,0.014214473694013229,0.9549827178319296,0.9769251197576523,0.9850298662980397,0.9866795639197032,0.9897616704305013
card_variant,altered_fields_unique,dob|doe|face|name_other,avgpool,relative_l2_distance,8,0.13450097478926182,0.04308641531456825,0.09814113626877467,0.109368946403265,0.11707591141263644,0.14086374888817468,0.2041956434647242
card_variant,altered_fields_unique,dob|doe|face|name_other,avgpool,mean_absolute_difference,8,0.08311089066167673,0.03031435191657207,0.05927820255359014,0.06569075956940651,0.06965612371762595,0.08644084135691325,0.13412934044996896
card_variant,altered_fields_unique,dob|doe|face|name_other,avgpool,channel_diff_top1_share,8,0.011618976209623117,0.001384509969832393,0.00991102121770382,0.010961651569232345,0.011547801084816456,0.01196896672869722,0.014116014664371809
card_variant,altered_fields_unique,dob|doe|face|name_other,avgpool,channel_diff_top5_share,8,0.050444872273753084,0.004121992099670956,0.04352813959121704,0.04870785679668188,0.05067939683794975,0.05311913571010033,0.055961836129426956
card_variant,altered_fields_unique,dob|doe|face|name_other,avgpool,channel_diff_top10_share,8,0.09124096389859915,0.0060446698787993995,0.0818659911553065,0.08733539779980977,0.09189854065577188,0.09585885455211003,0.09900386383136113
card_variant,altered_fields_unique,dob|doe|face|name_other,avgpool,channel_diff_top32_share,8,0.23054682649672031,0.008143107263022066,0.2213009794553121,0.22435824076334637,0.22745333860317865,0.23894737785061199,0.2413151611884435
card_variant,altered_fields_unique,dob|doe|face|name_other,avgpool,channel_diff_effective_channels,8,261.8613026936849,8.567851309130981,249.8353525797526,253.10122553507486,264.8450495402018,268.72088750203454,270.85594685872394
card_variant,altered_fields_unique,dob|doe|face|name_other,avgpool,channel_diff_effective_fraction,8,0.5114478568236033,0.016734084588146448,0.4879596730073293,0.4943383311231931,0.5172754873832066,0.5248454834024112,0.5290155212084452
card_variant,altered_fields_unique,dob|doe|face|name_other,layer1.0,cosine_similarity,8,0.9946225533882778,0.0007336066387507663,0.9934919079144796,0.9941458453734715,0.9946161210536957,0.9950876832008362,0.9956019123395284
card_variant,altered_fields_unique,dob|doe|face|name_other,layer1.0,pearson_correlation,8,0.9893700579802196,0.0014614157811408057,0.9870797793070475,0.988431120912234,0.9893548289934795,0.9902568161487579,0.9913497964541117
card_variant,altered_fields_unique,dob|doe|face|name_other,layer1.0,relative_l2_distance,8,0.10341580926130216,0.007111116116634492,0.09366519500811894,0.09898010579248269,0.10370395208398502,0.10813998679320018,0.11400806407133739
card_variant,altered_fields_unique,dob|doe|face|name_other,layer1.0,mean_absolute_difference,8,0.0162812153963993,0.0016954805382837492,0.014028004991511503,0.014934319847573835,0.016270479653030634,0.017242052126675844,0.019019053628047306
card_variant,altered_fields_unique,dob|doe|face|name_other,layer1.0,channel_diff_top1_share,8,0.03599857507894437,0.00045999725080888887,0.0354025661945343,0.03563601244240999,0.03604415307442348,0.036271120732029274,0.03672994549075762
card_variant,altered_fields_unique,dob|doe|face|name_other,layer1.0,channel_diff_top5_share,8,0.15674292109906673,0.0014829148222323554,0.15515280763308206,0.15538136785229048,0.15649169435103732,0.15782547245422998,0.15902453164259592
card_variant,altered_fields_unique,dob|doe|face|name_other,layer1.0,channel_diff_top10_share,8,0.2783607294162115,0.002254551859310698,0.27465372284253436,0.27689945449431735,0.2785498400529226,0.28016679733991623,0.28098568320274353
card_variant,altered_fields_unique,dob|doe|face|name_other,layer1.0,channel_diff_top32_share,8,0.6756984020272891,0.0037099541054700356,0.6679902871449789,0.6750095734993616,0.6757380266984303,0.678374653061231,0.6800490220387777
card_variant,altered_fields_unique,dob|doe|face|name_other,layer1.0,channel_diff_effective_channels,8,52.81515089670817,0.23997672803108944,52.521891276041664,52.683682123819985,52.747132619222,52.91630713144938,53.303323109944664
card_variant,altered_fields_unique,dob|doe|face|name_other,layer1.0,channel_diff_effective_fraction,8,0.8252367327610651,0.0037496363754857725,0.820654551188151,0.8231825331846873,0.8241739471753438,0.8268172989288965,0.8328644235928854
card_variant,altered_fields_unique,dob|doe|face|name_other,layer1.1,cosine_similarity,8,0.9905428191026052,0.0014478769962626746,0.9880697329839071,0.9898641258478165,0.9905862013498942,0.9913370758295059,0.9924244085947672
card_variant,altered_fields_unique,dob|doe|face|name_other,layer1.1,pearson_correlation,8,0.9820015802979469,0.0027632676052277384,0.9772448738416036,0.9807300120592117,0.9820583462715149,0.9835158487161001,0.9855703711509705
card_variant,altered_fields_unique,dob|doe|face|name_other,layer1.1,relative_l2_distance,8,0.1371209022278587,0.010515033125132063,0.12306092927853267,0.13147733484705287,0.13718024392922717,0.1423051543533802,0.15444007515907288
card_variant,altered_fields_unique,dob|doe|face|name_other,layer1.1,mean_absolute_difference,8,0.03142253674256305,0.0029626779065435337,0.027569139376282692,0.028973272070288658,0.03149114393939575,0.03296782526498039,0.03618632256984711
card_variant,altered_fields_unique,dob|doe|face|name_other,layer1.1,channel_diff_top1_share,8,0.03145142210026582,0.0011898280427824258,0.03029509757955869,0.030504656489938498,0.031123244514067967,0.032185057643800974,0.033573796351750694
card_variant,altered_fields_unique,dob|doe|face|name_other,layer1.1,channel_diff_top5_share,8,0.142969377959768,0.0010052105939378012,0.14171205957730612,0.14239576210578284,0.14290854086478552,0.14343994483351707,0.14481116831302643
card_variant,altered_fields_unique,dob|doe|face|name_other,layer1.1,channel_diff_top10_share,8,0.2617909361918767,0.0017487374168118086,0.2599059542020162,0.2604915201663971,0.2615363498528799,0.26237972577412927,0.2654295166333516
card_variant,altered_fields_unique,dob|doe|face|name_other,layer1.1,channel_diff_top32_share,8,0.6633020589749018,0.0019102277508804848,0.6605674425760905,0.6624396493037541,0.6629041830698649,0.6641230384508768,0.666473925113678
card_variant,altered_fields_unique,dob|doe|face|name_other,layer1.1,channel_diff_effective_channels,8,54.90081262588501,0.21293092199121696,54.44914627075195,54.85187880198161,54.973940531412765,55.001764615376786,55.14989725748698
card_variant,altered_fields_unique,dob|doe|face|name_other,layer1.1,channel_diff_effective_fraction,8,0.8578251972794533,0.003327045656112765,0.8507679104804993,0.8570606062809627,0.8589678208033245,0.8594025721152623,0.861717144648234
card_variant,altered_fields_unique,dob|doe|face|name_other,layer2.0,cosine_similarity,8,0.9873809069395065,0.0019835221492508544,0.9835522969563802,0.986617922782898,0.9875599145889282,0.9886219501495361,0.9897081057230631
card_variant,altered_fields_unique,dob|doe|face|name_other,layer2.0,pearson_correlation,8,0.9821144814292591,0.0028212410685606324,0.9766555825869242,0.9810226360956827,0.9823648929595947,0.9838768343130748,0.9854106903076172
card_variant,altered_fields_unique,dob|doe|face|name_other,layer2.0,relative_l2_distance,8,0.15839603419105214,0.012284324514622814,0.14336058994134268,0.1507781868179639,0.15766071279843646,0.16354629894097647,0.18137081960837045
card_variant,altered_fields_unique,dob|doe|face|name_other,layer2.0,mean_absolute_difference,8,0.016063449322246015,0.0014236563124483599,0.014227236621081829,0.014877651973317066,0.016197488953669868,0.016609194533278544,0.018554118772347767
card_variant,altered_fields_unique,dob|doe|face|name_other,layer2.0,channel_diff_top1_share,8,0.01985513356824716,0.0007918875315790982,0.018701128661632538,0.0193980874804159,0.01974812150001526,0.02023120519394676,0.021348558366298676
card_variant,altered_fields_unique,dob|doe|face|name_other,layer2.0,channel_diff_top5_share,8,0.07736313125739494,0.0026392058008431365,0.07299612710873286,0.07594412316878636,0.07721340532104173,0.07899440762897332,0.08132306238015492
card_variant,altered_fields_unique,dob|doe|face|name_other,layer2.0,channel_diff_top10_share,8,0.14096060333152613,0.003659390804677955,0.13439059754212698,0.139534213890632,0.14121768126885098,0.14313052097956339,0.14547282457351685
card_variant,altered_fields_unique,dob|doe|face|name_other,layer2.0,channel_diff_top32_share,8,0.3696392749746641,0.005813905384691456,0.36103468139966327,0.3667631323138873,0.3682720263799032,0.37524987260500586,0.3765680988629659
card_variant,altered_fields_unique,dob|doe|face|name_other,layer2.0,channel_diff_effective_channels,8,113.17038949330647,1.175433871500929,111.79739888509114,112.09440485636392,113.3831418355306,113.64138603210449,115.09076690673828
card_variant,altered_fields_unique,dob|doe|face|name_other,layer2.0,channel_diff_effective_fraction,8,0.8841436679164568,0.009183077121101007,0.8734171787897745,0.8757375379403431,0.8858057955900828,0.8878233283758163,0.8991466164588928
card_variant,altered_fields_unique,dob|doe|face|name_other,layer2.1,cosine_similarity,8,0.984721635778745,0.0023732134132433387,0.980372945467631,0.9832430630922318,0.9851977626482646,0.9863249858220419,0.9874223669370016
card_variant,altered_fields_unique,dob|doe|face|name_other,layer2.1,pearson_correlation,8,0.979228066901366,0.003235166075724306,0.9732838074366251,0.9772058178981146,0.9798992574214935,0.9814004451036453,0.982890248298645
card_variant,altered_fields_unique,dob|doe|face|name_other,layer2.1,relative_l2_distance,8,0.17429891539116701,0.013396548810573655,0.1584374060233434,0.1652973865469297,0.17198609560728073,0.1829981779058774,0.19811507562796274
card_variant,altered_fields_unique,dob|doe|face|name_other,layer2.1,mean_absolute_difference,8,0.017863218556158245,0.0015308582402322045,0.01592669604967038,0.016570704523473978,0.018018780586620174,0.01844961072007815,0.020546094203988712
card_variant,altered_fields_unique,dob|doe|face|name_other,layer2.1,channel_diff_top1_share,8,0.016046365723013878,0.00069229254212857,0.014936060644686222,0.015569969080388546,0.016189072746783495,0.016334364966799814,0.017124563455581665
card_variant,altered_fields_unique,dob|doe|face|name_other,layer2.1,channel_diff_top5_share,8,0.06896895201255879,0.002531876923351784,0.06491095821062724,0.06727205154796441,0.06949146091938019,0.07043941381076972,0.07255278776089351
card_variant,altered_fields_unique,dob|doe|face|name_other,layer2.1,channel_diff_top10_share,8,0.12645988942434389,0.0026866344288104618,0.1221847062309583,0.12430466401080291,0.12700685486197472,0.12823230649034184,0.13005139927069345
card_variant,altered_fields_unique,dob|doe|face|name_other,layer2.1,channel_diff_top32_share,8,0.3445339476068815,0.004673183351217038,0.33792757987976074,0.3408241073290507,0.3444052040576935,0.3484258974591891,0.3506937325000763
card_variant,altered_fields_unique,dob|doe|face|name_other,layer2.1,channel_diff_effective_channels,8,117.22922388712566,0.8930491562777068,116.24883524576823,116.3405990600586,117.2246322631836,117.90035629272461,118.55787658691406
card_variant,altered_fields_unique,dob|doe|face|name_other,layer2.1,channel_diff_effective_fraction,8,0.9158533116181692,0.006976946533419584,0.9081940253575643,0.9089109301567078,0.9158174395561218,0.921096533536911,0.9262334108352661
card_variant,altered_fields_unique,dob|doe|face|name_other,layer3.0,cosine_similarity,8,0.9871258984009424,0.002675174495333511,0.9822999040285746,0.985178033510844,0.9882388810316722,0.9886314918597539,0.990432878335317
card_variant,altered_fields_unique,dob|doe|face|name_other,layer3.0,pearson_correlation,8,0.9824965670704842,0.003629088575907565,0.9759447773297628,0.979863906900088,0.9840225676695505,0.9845552643140156,0.9869546890258789
card_variant,altered_fields_unique,dob|doe|face|name_other,layer3.0,relative_l2_distance,8,0.15969254883627096,0.016318204884644322,0.13812232514222464,0.15055313085516292,0.1536997805039088,0.17211929336190224,0.18800625205039978
card_variant,altered_fields_unique,dob|doe|face|name_other,layer3.0,mean_absolute_difference,8,0.01114239904563874,0.0010974069545435722,0.009896470233798027,0.010237916527936855,0.010819274000823498,0.0121501541386048,0.012701873667538166
card_variant,altered_fields_unique,dob|doe|face|name_other,layer3.0,channel_diff_top1_share,8,0.009458370118712384,0.0010059781404242244,0.008145338234802088,0.00904800339291493,0.00939639036854108,0.00961257292268177,0.01161025899151961
card_variant,altered_fields_unique,dob|doe|face|name_other,layer3.0,channel_diff_top5_share,8,0.04084253854428728,0.001568893654597126,0.03894450763861338,0.039589940259853997,0.040974441915750504,0.041489998189111546,0.0435075635711352
card_variant,altered_fields_unique,dob|doe|face|name_other,layer3.0,channel_diff_top10_share,8,0.07630756062765916,0.0021521897558902173,0.07339106996854146,0.07507345887521902,0.07629425078630447,0.07732820324599743,0.07933651407559712
card_variant,altered_fields_unique,dob|doe|face|name_other,layer3.0,channel_diff_top32_share,8,0.2142231073230505,0.0030606935259890953,0.20855233073234558,0.2135215476155281,0.21458581586678824,0.21580510462323824,0.21873024106025696
card_variant,altered_fields_unique,dob|doe|face|name_other,layer3.0,channel_diff_effective_channels,8,218.42620658874512,1.8612639559688564,215.4920654296875,217.77689234415692,218.3517303466797,218.88552220662436,221.92276509602866
card_variant,altered_fields_unique,dob|doe|face|name_other,layer3.0,channel_diff_effective_fraction,8,0.8532273694872856,0.007270562328003345,0.8417658805847168,0.850690985719363,0.8529364466667175,0.8550215711196264,0.8668858011563619
card_variant,altered_fields_unique,dob|doe|face|name_other,layer3.1,cosine_similarity,8,0.9859489674369495,0.003777518210297845,0.9788270990053812,0.9835576216379801,0.9873561561107635,0.9885798146327336,0.9900815486907959
card_variant,altered_fields_unique,dob|doe|face|name_other,layer3.1,pearson_correlation,8,0.9810395861665407,0.005105287907228075,0.9713709950447083,0.9778854350248973,0.9830197890599568,0.9845909575621287,0.9865368207295736
card_variant,altered_fields_unique,dob|doe|face|name_other,layer3.1,relative_l2_distance,8,0.16626024370392162,0.021784862698663497,0.14055399596691132,0.15107921386758486,0.15900976210832596,0.18127677465478578,0.20554320017496744
card_variant,altered_fields_unique,dob|doe|face|name_other,layer3.1,mean_absolute_difference,8,0.012031992742170889,0.0013070908837527334,0.010779113508760929,0.010936254945894083,0.01154527145748337,0.013012944177413981,0.014076968344549337
card_variant,altered_fields_unique,dob|doe|face|name_other,layer3.1,channel_diff_top1_share,8,0.011531000258401036,0.0017979214947464626,0.009002039519449076,0.01042515179142356,0.011599767642716568,0.012230078767364223,0.01491895504295826
card_variant,altered_fields_unique,dob|doe|face|name_other,layer3.1,channel_diff_top5_share,8,0.04602560478573044,0.0022812641817063885,0.04207931458950043,0.04487650468945503,0.04572182334959507,0.04778293240815401,0.04920563971002897
card_variant,altered_fields_unique,dob|doe|face|name_other,layer3.1,channel_diff_top10_share,8,0.08402859916289647,0.002923001802670889,0.07931805650393169,0.08268856008847554,0.08386846880118051,0.08583151983718076,0.08827873319387436
card_variant,altered_fields_unique,dob|doe|face|name_other,layer3.1,channel_diff_top32_share,8,0.22783485800027847,0.004482969964993158,0.22118387122948965,0.22454406817754108,0.22868847350279492,0.2310429041584333,0.23342783749103546
card_variant,altered_fields_unique,dob|doe|face|name_other,layer3.1,channel_diff_effective_channels,8,211.36346371968585,2.7397023068975077,208.41456095377603,209.71417999267578,210.56326802571613,212.43680572509766,216.36377461751303
card_variant,altered_fields_unique,dob|doe|face|name_other,layer3.1,channel_diff_effective_fraction,8,0.8256385301550229,0.01070196213631839,0.8141193787256876,0.8191960155963898,0.8225127657254536,0.8298312723636627,0.8451709945996603
card_variant,altered_fields_unique,dob|doe|face|name_other,layer4.0,cosine_similarity,8,0.9741791437069575,0.010647784826910768,0.9540149569511414,0.9716238031784694,0.97808242837588,0.9810407559076945,0.9839722911516825
card_variant,altered_fields_unique,dob|doe|face|name_other,layer4.0,pearson_correlation,8,0.971140739818414,0.011902061229221154,0.9485831260681152,0.9683204839626948,0.9755151172478994,0.9787973960240681,0.9820635120073954
card_variant,altered_fields_unique,dob|doe|face|name_other,layer4.0,relative_l2_distance,8,0.22297829513748488,0.043767776646217754,0.17844651639461517,0.19475839411218962,0.2081629956761996,0.2367970111469428,0.30225521326065063
card_variant,altered_fields_unique,dob|doe|face|name_other,layer4.0,mean_absolute_difference,8,0.009264660572322708,0.0016260830074436615,0.007939849824955067,0.008008594042621553,0.008644993261744578,0.009870003598431746,0.012253234473367533
card_variant,altered_fields_unique,dob|doe|face|name_other,layer4.0,channel_diff_top1_share,8,0.008981968567240983,0.00042197796270213755,0.008405720504621664,0.008609498424145084,0.009158812618503969,0.009261585383986432,0.009496616199612617
card_variant,altered_fields_unique,dob|doe|face|name_other,layer4.0,channel_diff_top5_share,8,0.03921612522875269,0.0012313504205946498,0.037262177715698876,0.03843023565908273,0.039292059217890106,0.039988819820185505,0.041155132154623665
card_variant,altered_fields_unique,dob|doe|face|name_other,layer4.0,channel_diff_top10_share,8,0.07203067094087601,0.001923773328936409,0.06922112902005513,0.07068379037082195,0.07166145121057829,0.07362796614567439,0.07486741741498311
card_variant,altered_fields_unique,dob|doe|face|name_other,layer4.0,channel_diff_top32_share,8,0.191149743894736,0.00567086629423696,0.1843252182006836,0.18565814942121506,0.19194384912649792,0.19554712250828743,0.19794082144896188
card_variant,altered_fields_unique,dob|doe|face|name_other,layer4.0,channel_diff_effective_channels,8,308.34921518961585,7.1815681984154685,300.0025634765625,302.9530715942383,306.50676472981775,315.3108876546224,317.9596455891927
card_variant,altered_fields_unique,dob|doe|face|name_other,layer4.0,channel_diff_effective_fraction,8,0.6022445609172185,0.014026500387530212,0.5859425067901611,0.5917052179574966,0.5986460248629253,0.6158415774504343,0.621014932791392
card_variant,altered_fields_unique,dob|doe|face|name_other,layer4.1,cosine_similarity,8,0.9615253483255705,0.02311373613509435,0.9216301043828329,0.9590878486633301,0.9722204208374023,0.9743647426366806,0.98015296459198
card_variant,altered_fields_unique,dob|doe|face|name_other,layer4.1,pearson_correlation,8,0.9474763224522273,0.032040468714080464,0.8920163114865621,0.9442152182261149,0.9622295995553334,0.9654574443896612,0.9729678829511007
card_variant,altered_fields_unique,dob|doe|face|name_other,layer4.1,relative_l2_distance,8,0.2697742910434803,0.07923399795194562,0.20003493626912436,0.226191778977712,0.23397411157687503,0.2824256494641304,0.40229737758636475
card_variant,altered_fields_unique,dob|doe|face|name_other,layer4.1,mean_absolute_difference,8,0.14196672725180787,0.04656727227505147,0.10713078329960506,0.11453002256651719,0.11866644769906998,0.15122055262327194,0.22403102616469064
card_variant,altered_fields_unique,dob|doe|face|name_other,layer4.1,channel_diff_top1_share,8,0.007507926823260884,0.0008130499461475354,0.0063126736010114355,0.0069977217353880405,0.007392640846470991,0.008005125525717933,0.008793628153701624
card_variant,altered_fields_unique,dob|doe|face|name_other,layer4.1,channel_diff_top5_share,8,0.03324375619801383,0.0024526091531278087,0.03011946442226569,0.03156075766310096,0.032721399019161865,0.03501183120533824,0.037087627997001014
card_variant,altered_fields_unique,dob|doe|face|name_other,layer4.1,channel_diff_top10_share,8,0.0607714041446646,0.0040241231870789965,0.05599035074313482,0.057903045477966465,0.05969789810478687,0.06351628713309765,0.06723419328530629
card_variant,altered_fields_unique,dob|doe|face|name_other,layer4.1,channel_diff_top32_share,8,0.16074060834944248,0.008233027435473392,0.15285625557104746,0.15478475640217465,0.15686054279406864,0.16634634385506314,0.17507737378279367
card_variant,altered_fields_unique,dob|doe|face|name_other,layer4.1,channel_diff_effective_channels,8,369.1542879740397,10.701484642937675,352.7603759765625,362.79419708251953,373.13941955566406,377.60214487711585,378.71112060546875
card_variant,altered_fields_unique,dob|doe|face|name_other,layer4.1,channel_diff_effective_fraction,8,0.7210044686992962,0.020901337193237647,0.6889851093292236,0.708582416176796,0.7287879288196564,0.7375041892131169,0.7396701574325562
card_variant,altered_fields_unique,dob|doe|face|name_other,maxpool,cosine_similarity,8,0.9966111307342846,0.0004168092465817068,0.9961591362953186,0.9962110221385956,0.996594230333964,0.9969545503457388,0.9971852699915568
card_variant,altered_fields_unique,dob|doe|face|name_other,maxpool,pearson_correlation,8,0.9930789122978847,0.0008504460340526172,0.9921436508496603,0.9922599792480469,0.993057241042455,0.9937392125527064,0.9942747950553894
card_variant,altered_fields_unique,dob|doe|face|name_other,maxpool,relative_l2_distance,8,0.08211184417208037,0.00511460493196308,0.07495991140604019,0.0778914981832107,0.0824385496477286,0.08696621904770534,0.08762233207623164
card_variant,altered_fields_unique,dob|doe|face|name_other,maxpool,mean_absolute_difference,8,0.008180524649408957,0.0008779143405333175,0.007006384742756684,0.007470916180560986,0.008110180497169495,0.008792262524366379,0.009465033809343973
card_variant,altered_fields_unique,dob|doe|face|name_other,maxpool,channel_diff_top1_share,8,0.04216323125486572,0.0013409525352681855,0.04034112145503362,0.0413526197274526,0.0419251707692941,0.04280960404624542,0.04420978824297587
card_variant,altered_fields_unique,dob|doe|face|name_other,maxpool,channel_diff_top5_share,8,0.1787703751275937,0.0020839402299323547,0.17418319483598074,0.1783024470011393,0.1792680149277051,0.17998857672015825,0.1808260679244995
card_variant,altered_fields_unique,dob|doe|face|name_other,maxpool,channel_diff_top10_share,8,0.32885940869649255,0.003982202324649621,0.31975053747495014,0.3288734704256058,0.3290025293827057,0.3313780426979065,0.3327156404654185
card_variant,altered_fields_unique,dob|doe|face|name_other,maxpool,channel_diff_top32_share,8,0.8165512879689535,0.004892828148043118,0.8073314627011617,0.8151366263628006,0.8166752060254415,0.8189128587643305,0.824212372303009
card_variant,altered_fields_unique,dob|doe|face|name_other,maxpool,channel_diff_effective_channels,8,41.71356884638469,0.38744735647750067,41.14755630493164,41.615564028422035,41.67462221781413,41.70899295806885,42.55422592163086
card_variant,altered_fields_unique,dob|doe|face|name_other,maxpool,channel_diff_effective_fraction,8,0.6517745132247608,0.006053864944960948,0.6429305672645569,0.6502431879440943,0.6511659721533458,0.6517030149698257,0.6649097800254822
card_variant,altered_fields_unique,dob|doe|face|name_other,stem_relu,cosine_similarity,8,0.9926909183462461,0.0010926738867297787,0.9913785060246786,0.9917390644550323,0.9926587243874868,0.9936631967624028,0.9940535028775533
card_variant,altered_fields_unique,dob|doe|face|name_other,stem_relu,pearson_correlation,8,0.9863937770326932,0.0020398753758861044,0.9838871757189432,0.9846971581379572,0.9862861831982931,0.9882642130057017,0.9889492392539978
card_variant,altered_fields_unique,dob|doe|face|name_other,stem_relu,relative_l2_distance,8,0.12044048588722944,0.009104442701236842,0.10903618484735489,0.11224571553369363,0.12086435779929161,0.12838619140287238,0.13112440953652063
card_variant,altered_fields_unique,dob|doe|face|name_other,stem_relu,mean_absolute_difference,8,0.007621572236530483,0.0009484406227647186,0.0063436102742950124,0.006871605796429018,0.007532578116903702,0.008284989783229927,0.00902012518296639
card_variant,altered_fields_unique,dob|doe|face|name_other,stem_relu,channel_diff_top1_share,8,0.03757584157089393,0.0009668829331845973,0.035392094403505325,0.03751823430260022,0.03776407490173976,0.03793837409466505,0.038750464717547096
card_variant,altered_fields_unique,dob|doe|face|name_other,stem_relu,channel_diff_top5_share,8,0.170070127894481,0.0036791080791283965,0.1615390827258428,0.17002014691630998,0.17099937796592712,0.1715338627497355,0.1738303303718567
card_variant,altered_fields_unique,dob|doe|face|name_other,stem_relu,channel_diff_top10_share,8,0.31760543088118237,0.005655231724438246,0.3058235744635264,0.31624930600325263,0.31865707536538446,0.32016659528017044,0.32532480359077454
card_variant,altered_fields_unique,dob|doe|face|name_other,stem_relu,channel_diff_top32_share,8,0.8167021572589874,0.004444524532219294,0.807185173034668,0.8161991288264593,0.8170217672983806,0.8190622627735138,0.8221741716066996
card_variant,altered_fields_unique,dob|doe|face|name_other,stem_relu,channel_diff_effective_channels,8,41.92964871724446,0.408789716184881,41.391788482666016,41.77727858225504,41.85052553812663,41.96927356719971,42.82810974121094
card_variant,altered_fields_unique,dob|doe|face|name_other,stem_relu,channel_diff_effective_fraction,8,0.6551507612069447,0.006387339315388766,0.6467466950416565,0.652769977847735,0.6539144615332286,0.6557698994874954,0.6691892147064209
card_variant,altered_fields_unique,doe|face|name,avgpool,cosine_similarity,21,0.995965072086879,0.0019581511913253817,0.9890170296033224,0.9949483871459961,0.9965157906214396,0.9973620772361755,0.9977894822756449
card_variant,altered_fields_unique,doe|face|name,avgpool,pearson_correlation,21,0.9910953063813466,0.004428082594350692,0.9752384424209595,0.989134947458903,0.9921826124191284,0.9941473205884298,0.9953512152036031
card_variant,altered_fields_unique,doe|face|name,avgpool,relative_l2_distance,21,0.08856901703845886,0.019072552966735063,0.06691645955046018,0.07308979332447052,0.0871059646209081,0.09729951495925586,0.14975331475337347
card_variant,altered_fields_unique,doe|face|name,avgpool,mean_absolute_difference,21,0.05452301305910897,0.011498884196012003,0.039662811905145645,0.045821722596883774,0.05325068160891533,0.06071932862202326,0.09189305578668912
card_variant,altered_fields_unique,doe|face|name,avgpool,channel_diff_top1_share,21,0.012417281770871744,0.0014101915169733258,0.009970628656446934,0.011530042315522829,0.012330947754283747,0.013442151248455048,0.01530748667816321
card_variant,altered_fields_unique,doe|face|name,avgpool,channel_diff_top5_share,21,0.05143970771441385,0.003903905900702945,0.04415185128649076,0.048198770731687546,0.05136599267522494,0.053844387332598366,0.057327624410390854
card_variant,altered_fields_unique,doe|face|name,avgpool,channel_diff_top10_share,21,0.09156800227032769,0.005817135847754243,0.08043379088242848,0.08662103613217671,0.09162977337837219,0.09566781918207805,0.10134121527274449
card_variant,altered_fields_unique,doe|face|name,avgpool,channel_diff_top32_share,21,0.22811885225394413,0.009589084736596967,0.2096054951349894,0.2211238145828247,0.22676492730776468,0.23340621093908945,0.24882330497105917
card_variant,altered_fields_unique,doe|face|name,avgpool,channel_diff_effective_channels,21,263.98089163643976,11.515786261652577,242.86915079752603,259.82001241048175,264.4486033121745,270.5486755371094,283.5134989420573
card_variant,altered_fields_unique,doe|face|name,avgpool,channel_diff_effective_fraction,21,0.5155876789774214,0.02249177004229019,0.47435381015141803,0.5074609617392222,0.5165011783440908,0.5284153819084167,0.5537373026212057
card_variant,altered_fields_unique,doe|face|name,layer1.0,cosine_similarity,21,0.9916076603389922,0.001400148689051407,0.9890104134877523,0.9908161163330078,0.9915364980697632,0.9928287665049235,0.993866503238678
card_variant,altered_fields_unique,doe|face|name,layer1.0,pearson_correlation,21,0.9832133858922928,0.002811356649466343,0.9780277013778687,0.98179825146993,0.9829960465431213,0.985620896021525,0.9875661134719849
card_variant,altered_fields_unique,doe|face|name,layer1.0,relative_l2_distance,21,0.12902863737609652,0.010778121606522877,0.11055862655242284,0.11972696582476298,0.12996465464433035,0.1354639083147049,0.14780144890149435
card_variant,altered_fields_unique,doe|face|name,layer1.0,mean_absolute_difference,21,0.018206863117123405,0.001441608082863006,0.016065537308653195,0.016857220480839413,0.018579714000225067,0.01925489803155263,0.020471132670839626
card_variant,altered_fields_unique,doe|face|name,layer1.0,channel_diff_top1_share,21,0.03536838996741507,0.0008922970586196323,0.03358256816864014,0.03507974992195765,0.03525067617495855,0.036191934098800026,0.03678022821744283
card_variant,altered_fields_unique,doe|face|name,layer1.0,channel_diff_top5_share,21,0.15620583958095974,0.0024493049899010485,0.1519038180510203,0.1543702632188797,0.1559150516986847,0.15734270215034485,0.16092443962891897
card_variant,altered_fields_unique,doe|face|name,layer1.0,channel_diff_top10_share,21,0.2741096199504912,0.00416060483302294,0.26609452565511066,0.27175024151802063,0.2731362283229828,0.2745883564154307,0.2837102214495341
card_variant,altered_fields_unique,doe|face|name,layer1.0,channel_diff_top32_share,21,0.6698697303968763,0.007288344381788282,0.6553035577138265,0.6649284362792969,0.6696224013964335,0.6751697262128195,0.6866918603579203
card_variant,altered_fields_unique,doe|face|name,layer1.0,channel_diff_effective_channels,21,53.360809871128616,0.5283867832534295,51.97387440999349,53.02704366048177,53.45459111531576,53.7338981628418,54.4032351175944
card_variant,altered_fields_unique,doe|face|name,layer1.0,channel_diff_effective_fraction,21,0.8337626542363846,0.008256043488334835,0.8120917876561483,0.8285475571950277,0.8352279861768087,0.8395921587944031,0.8500505487124125
card_variant,altered_fields_unique,doe|face|name,layer1.1,cosine_similarity,21,0.987709054871211,0.0018687248198254386,0.9845749338467916,0.9866085648536682,0.9878644347190857,0.9893390933672587,0.9903231660525004
card_variant,altered_fields_unique,doe|face|name,layer1.1,pearson_correlation,21,0.9765516188409594,0.003560157155714734,0.9705432653427124,0.9745250741640726,0.9769291281700134,0.9796071847279867,0.9815659721692404
card_variant,altered_fields_unique,doe|face|name,layer1.1,relative_l2_distance,21,0.1562705853628734,0.011818161919964596,0.1390623301267624,0.14592210948467255,0.15566399693489075,0.16363630692164102,0.17547357082366943
card_variant,altered_fields_unique,doe|face|name,layer1.1,mean_absolute_difference,21,0.03426333664665147,0.002282637609722019,0.030233838285009067,0.032485843946536384,0.0345673623184363,0.035856702675422035,0.03867786998550097
card_variant,altered_fields_unique,doe|face|name,layer1.1,channel_diff_top1_share,21,0.02999758758833484,0.0004758248025308512,0.028872064004341762,0.029716015482942264,0.030111086865266163,0.030236737802624702,0.030899211143453915
card_variant,altered_fields_unique,doe|face|name,layer1.1,channel_diff_top5_share,21,0.13942193204448336,0.0012035528302685391,0.137764573097229,0.13855677843093872,0.1392429620027542,0.14007911582787833,0.14262170096238455
card_variant,altered_fields_unique,doe|face|name,layer1.1,channel_diff_top10_share,21,0.2556408059502405,0.001773266518341706,0.251946563522021,0.25453536709149677,0.2558861970901489,0.2561054527759552,0.25973671674728394
card_variant,altered_fields_unique,doe|face|name,layer1.1,channel_diff_top32_share,21,0.6532009821089486,0.0040277233455533745,0.6462817788124084,0.6503116091092428,0.6538973251978556,0.6565609773000082,0.6593025724093119
card_variant,altered_fields_unique,doe|face|name,layer1.1,channel_diff_effective_channels,21,55.85946382795063,0.2571978229232951,55.356422424316406,55.72383117675781,55.82852554321289,55.994747161865234,56.25053914388021
card_variant,altered_fields_unique,doe|face|name,layer1.1,channel_diff_effective_fraction,21,0.8728041223117285,0.004018715983176486,0.8649441003799438,0.8706848621368408,0.8723207116127014,0.8749179244041443,0.8789146741231283
card_variant,altered_fields_unique,doe|face|name,layer2.0,cosine_similarity,21,0.9843543663857472,0.002452675856552036,0.9803067644437155,0.982226550579071,0.9842336376508077,0.9861447612444559,0.9889496763547262
card_variant,altered_fields_unique,doe|face|name,layer2.0,pearson_correlation,21,0.9778963138186744,0.003483079560720722,0.9721257487932841,0.9748802582422892,0.9777053395907084,0.9804921746253967,0.9844139019648234
card_variant,altered_fields_unique,doe|face|name,layer2.0,relative_l2_distance,21,0.17624305425182224,0.0140003259726799,0.14863302310307822,0.16639302670955658,0.17753179868062338,0.18855497737725577,0.19847293694814047
card_variant,altered_fields_unique,doe|face|name,layer2.0,mean_absolute_difference,21,0.017233440933364725,0.0012466257921735866,0.014976363939543566,0.016200770313541096,0.017462364087502163,0.01807822349170844,0.019622644409537315
card_variant,altered_fields_unique,doe|face|name,layer2.0,channel_diff_top1_share,21,0.016976769156162703,0.0007659422220401987,0.015511220010618368,0.01638460283478101,0.017156393888096016,0.017547718559702236,0.018389972547690075
card_variant,altered_fields_unique,doe|face|name,layer2.0,channel_diff_top5_share,21,0.07088168911517612,0.0019646350592884376,0.0663995270927747,0.0690773402651151,0.07114373644193013,0.07244062672058742,0.07374647756417592
card_variant,altered_fields_unique,doe|face|name,layer2.0,channel_diff_top10_share,21,0.13189556272256944,0.0032040991731882014,0.12467045585314433,0.12958536048730215,0.13264901439348856,0.13401283820470175,0.13812872767448425
card_variant,altered_fields_unique,doe|face|name,layer2.0,channel_diff_top32_share,21,0.3616498335013314,0.00502451364794254,0.3502475321292877,0.3571001390616099,0.3630669414997101,0.36431820193926495,0.370989869038264
card_variant,altered_fields_unique,doe|face|name,layer2.0,channel_diff_effective_channels,21,115.18052709670296,1.045280252513565,113.53797403971355,114.46820068359375,114.99942016601562,116.09353892008464,117.39210510253906
card_variant,altered_fields_unique,doe|face|name,layer2.0,channel_diff_effective_fraction,21,0.8998478679429919,0.008166251972762226,0.8870154221852621,0.8942828178405762,0.8984329700469971,0.9069807728131613,0.9171258211135864
card_variant,altered_fields_unique,doe|face|name,layer2.1,cosine_similarity,21,0.9822666749121651,0.003137474201594866,0.9773013989130656,0.9802088538805643,0.9820970098177592,0.9844478170077006,0.9884112874666849
card_variant,altered_fields_unique,doe|face|name,layer2.1,pearson_correlation,21,0.9758456008774894,0.0042771559806944965,0.9690724611282349,0.9730438788731893,0.975634237130483,0.9788694977760315,0.9842412273089091
card_variant,altered_fields_unique,doe|face|name,layer2.1,relative_l2_distance,21,0.18745720812252592,0.017045471646692754,0.15221824745337167,0.17536188662052155,0.18909768760204315,0.1989182730515798,0.21301968892415366
card_variant,altered_fields_unique,doe|face|name,layer2.1,mean_absolute_difference,21,0.0189357576448293,0.0014995691093198605,0.015981816376248997,0.017784758781393368,0.01929359386364619,0.019971851259469986,0.02162938006222248
card_variant,altered_fields_unique,doe|face|name,layer2.1,channel_diff_top1_share,21,0.013956888859707214,0.0004908066419838206,0.013310828867057959,0.013583332921067873,0.013826850801706314,0.014332198848327002,0.01486456828812758
card_variant,altered_fields_unique,doe|face|name,layer2.1,channel_diff_top5_share,21,0.06350536396106084,0.0015876364520074743,0.060144200921058655,0.062465367217858635,0.06367191299796104,0.06468332186341286,0.06656888375679652
card_variant,altered_fields_unique,doe|face|name,layer2.1,channel_diff_top10_share,21,0.11980178904911824,0.002544498708001869,0.11438662558794022,0.11752169082562129,0.12019190440575282,0.12119932472705841,0.12491250783205032
card_variant,altered_fields_unique,doe|face|name,layer2.1,channel_diff_top32_share,21,0.3406810277984256,0.005452540190776207,0.3298512001832326,0.3362760941187541,0.3412184218565623,0.3444307545820872,0.34988102316856384
card_variant,altered_fields_unique,doe|face|name,layer2.1,channel_diff_effective_channels,21,118.60871645004032,0.8825822465157379,117.31566619873047,117.98175048828125,118.61566925048828,119.25301106770833,120.36591339111328
card_variant,altered_fields_unique,doe|face|name,layer2.1,channel_diff_effective_fraction,21,0.92663059726594,0.0068951738009042024,0.9165286421775818,0.9217324256896973,0.9266849160194397,0.9316641489664713,0.9403586983680725
card_variant,altered_fields_unique,doe|face|name,layer3.0,cosine_similarity,21,0.9867421275093442,0.002955697434506571,0.9815041820208231,0.9845732847849528,0.9864950974782308,0.9884230295817057,0.9922471046447754
card_variant,altered_fields_unique,doe|face|name,layer3.0,pearson_correlation,21,0.9819486481802804,0.004010365160284724,0.9747581481933594,0.9789866209030151,0.9816587766011556,0.9842983285586039,0.9893865982691447
card_variant,altered_fields_unique,doe|face|name,layer3.0,relative_l2_distance,21,0.16161465124478416,0.018745067726265646,0.1245609720547994,0.14955294380585352,0.16427388290564218,0.17591358721256256,0.19247078398863474
card_variant,altered_fields_unique,doe|face|name,layer3.0,mean_absolute_difference,21,0.01130735670172033,0.0010293893754410232,0.009157227041820684,0.010598897002637386,0.01159465437134107,0.012120828032493591,0.01280669899036487
card_variant,altered_fields_unique,doe|face|name,layer3.0,channel_diff_top1_share,21,0.009685799723402375,0.00078626220534391,0.008486580103635788,0.009024194752176603,0.009635016011695067,0.01012401096522808,0.011609553669889769
card_variant,altered_fields_unique,doe|face|name,layer3.0,channel_diff_top5_share,21,0.04167422102320762,0.00133179388325483,0.039784081280231476,0.04055817176898321,0.04209062953790029,0.042700873066981636,0.04373321061333021
card_variant,altered_fields_unique,doe|face|name,layer3.0,channel_diff_top10_share,21,0.0772411125519919,0.001922965535983685,0.07356214026610057,0.0757318784793218,0.07703918218612671,0.07890071719884872,0.08044329782327016
card_variant,altered_fields_unique,doe|face|name,layer3.0,channel_diff_top32_share,21,0.2138172574932613,0.003549491014252603,0.2052331566810608,0.2122991532087326,0.213616152604421,0.21539163092772165,0.2219182699918747
card_variant,altered_fields_unique,doe|face|name,layer3.0,channel_diff_effective_channels,21,218.5228998093378,2.0480917730663566,214.9231974283854,217.57177734375,218.833740234375,219.37471516927084,222.94848124186197
card_variant,altered_fields_unique,doe|face|name,layer3.0,channel_diff_effective_fraction,21,0.8536050773802257,0.008000358488540455,0.8395437399546305,0.8498897552490234,0.8548192977905273,0.8569324811299642,0.8708925048510233
card_variant,altered_fields_unique,doe|face|name,layer3.1,cosine_similarity,21,0.9868522967611041,0.0030050942631952428,0.9803714950879415,0.9851025740305582,0.9870696465174357,0.9883052508036295,0.9924992322921753
card_variant,altered_fields_unique,doe|face|name,layer3.1,pearson_correlation,21,0.9822680647411043,0.004039278933204528,0.9734067916870117,0.979917049407959,0.9825759927431742,0.984214166800181,0.9898231426874796
card_variant,altered_fields_unique,doe|face|name,layer3.1,relative_l2_distance,21,0.16086523790681173,0.018793239271086837,0.12255852669477463,0.1504269242286682,0.16031697889169058,0.173104057709376,0.1979255179564158
card_variant,altered_fields_unique,doe|face|name,layer3.1,mean_absolute_difference,21,0.012127892986413032,0.0010762070612606038,0.009848959743976593,0.011590278086562952,0.012159004186590513,0.01312015950679779,0.013651489901045958
card_variant,altered_fields_unique,doe|face|name,layer3.1,channel_diff_top1_share,21,0.010890805014660434,0.0012351992637081464,0.008941628349324068,0.010169705376029015,0.010939651479323706,0.011059844555954138,0.0139826824888587
card_variant,altered_fields_unique,doe|face|name,layer3.1,channel_diff_top5_share,21,0.04565227008055127,0.00240887200511149,0.040581864615281425,0.044636987149715424,0.04535341386993726,0.04593051721652349,0.05078339700897535
card_variant,altered_fields_unique,doe|face|name,layer3.1,channel_diff_top10_share,21,0.08409804791685135,0.0026530629565229154,0.07772382845481236,0.08286263048648834,0.08368205775817235,0.0859679455558459,0.08919173727432887
card_variant,altered_fields_unique,doe|face|name,layer3.1,channel_diff_top32_share,21,0.22945589300185912,0.004020871853030245,0.22234911719957987,0.2276977151632309,0.22965634862581888,0.23069324096043906,0.23787133892377219
card_variant,altered_fields_unique,doe|face|name,layer3.1,channel_diff_effective_channels,21,212.1218101864769,2.599715077363247,206.40033976236978,210.54034932454428,212.0207773844401,212.97773234049478,216.52854919433594
card_variant,altered_fields_unique,doe|face|name,layer3.1,channel_diff_effective_fraction,21,0.8286008210409254,0.010155137020950184,0.806251327196757,0.8224232395490011,0.8282061616579691,0.8319442669550577,0.8458146452903748
card_variant,altered_fields_unique,doe|face|name,layer4.0,cosine_similarity,21,0.9830431767872402,0.004247345758735284,0.9713532527287801,0.980591893196106,0.9838676850001017,0.9855247338612875,0.9905793070793152
card_variant,altered_fields_unique,doe|face|name,layer4.0,pearson_correlation,21,0.9809111650027927,0.004774964788327262,0.9677454630533854,0.9781935612360636,0.981844981511434,0.9837133884429932,0.9893883466720581
card_variant,altered_fields_unique,doe|face|name,layer4.0,relative_l2_distance,21,0.18203367411144195,0.022379176295822943,0.13739933570226034,0.16969702144463858,0.17706812918186188,0.1959898124138514,0.23711234331130981
card_variant,altered_fields_unique,doe|face|name,layer4.0,mean_absolute_difference,21,0.008310768420674972,0.0008627376232497048,0.006508416185776393,0.007869948322574297,0.00837955872217814,0.008968472791214785,0.010134406698246798
card_variant,altered_fields_unique,doe|face|name,layer4.0,channel_diff_top1_share,21,0.00985996944031545,0.0007134706470100285,0.00891470117494464,0.009456208907067776,0.009784431817630926,0.010080492900063595,0.01193933468312025
card_variant,altered_fields_unique,doe|face|name,layer4.0,channel_diff_top5_share,21,0.041780618566369256,0.0015247366052727205,0.03916139403978983,0.04100323095917702,0.04154776781797409,0.04230444381634394,0.04513856520255407
card_variant,altered_fields_unique,doe|face|name,layer4.0,channel_diff_top10_share,21,0.07580824929570397,0.0022884155664717213,0.07032514115174611,0.0742197260260582,0.07600044459104538,0.07724883655707042,0.07999332497517268
card_variant,altered_fields_unique,doe|face|name,layer4.0,channel_diff_top32_share,21,0.19523738513863279,0.004765220010464898,0.1864378253618876,0.19231174886226654,0.19516280790170035,0.19895314673582712,0.20540650685628256
card_variant,altered_fields_unique,doe|face|name,layer4.0,channel_diff_effective_channels,21,302.9054420107887,6.365259282966055,292.2262674967448,296.5310363769531,303.38841756184894,307.16626993815106,313.14586385091144
card_variant,altered_fields_unique,doe|face|name,layer4.0,channel_diff_effective_fraction,21,0.5916121914273217,0.012432147037043076,0.5707544287045797,0.5791621804237366,0.5925555030504862,0.5999341209729513,0.6116130153338114
card_variant,altered_fields_unique,doe|face|name,layer4.1,cosine_similarity,21,0.9810206861723036,0.007775754644046408,0.9549566706021627,0.977791448434194,0.9829742908477783,0.9865351915359497,0.989605446656545
card_variant,altered_fields_unique,doe|face|name,layer4.1,pearson_correlation,21,0.9737074800900052,0.01066497443702001,0.9383012652397156,0.9689065416653951,0.9761836926142374,0.9812124570210775,0.9857082962989807
card_variant,altered_fields_unique,doe|face|name,layer4.1,relative_l2_distance,21,0.19097125341021828,0.035318493941707683,0.1441956708828608,0.16401618719100952,0.18574856718381247,0.2052562733491262,0.29756246507167816
card_variant,altered_fields_unique,doe|face|name,layer4.1,mean_absolute_difference,21,0.10349295879640277,0.015810441531918115,0.0759468600153923,0.09102462480465572,0.10360441605250041,0.1095847561955452,0.14954752971728644
card_variant,altered_fields_unique,doe|face|name,layer4.1,channel_diff_top1_share,21,0.007459583566598001,0.000973945587538924,0.005842582477877538,0.006501102664818366,0.007581922070433696,0.008039340066413084,0.009327213279902935
card_variant,altered_fields_unique,doe|face|name,layer4.1,channel_diff_top5_share,21,0.031814796317900934,0.0028340608164841167,0.027122420569260914,0.02997077504793803,0.03201871862014135,0.03351103514432907,0.03793738906582197
card_variant,altered_fields_unique,doe|face|name,layer4.1,channel_diff_top10_share,21,0.0578077957034111,0.004307648817536917,0.05154492954413096,0.0539843887090683,0.05752420052886009,0.06097690016031265,0.06670302028457324
card_variant,altered_fields_unique,doe|face|name,layer4.1,channel_diff_top32_share,21,0.15254741788856566,0.008224727139958437,0.14113221069176993,0.14434302846590677,0.15153654416402182,0.1565703103939692,0.16943803429603577
card_variant,altered_fields_unique,doe|face|name,layer4.1,channel_diff_effective_channels,21,379.63086034381195,12.330395589836046,349.6313069661458,373.53399658203125,382.4524739583333,388.4909362792969,396.35853068033856
card_variant,altered_fields_unique,doe|face|name,layer4.1,channel_diff_effective_fraction,21,0.7414665241090077,0.024082803886398527,0.6828736464182535,0.7295585870742798,0.7469774881998698,0.7587713599205017,0.7741377552350363
card_variant,altered_fields_unique,doe|face|name,maxpool,cosine_similarity,21,0.9941535298786467,0.0010835586019261184,0.992135763168335,0.9932426611582438,0.9941598176956177,0.9948675632476807,0.9962042570114136
card_variant,altered_fields_unique,doe|face|name,maxpool,pearson_correlation,21,0.9881251284054348,0.0022010486752225464,0.9839813113212585,0.9863990147908529,0.9881323973337809,0.9896676143010458,0.9923190077145895
card_variant,altered_fields_unique,doe|face|name,maxpool,relative_l2_distance,21,0.10761810969265681,0.010177603320258187,0.08714031428098679,0.10127754757801692,0.10803593198458354,0.11620950202147166,0.12510915100574493
card_variant,altered_fields_unique,doe|face|name,maxpool,mean_absolute_difference,21,0.00941422028053138,0.0008433464324705445,0.00786132039502263,0.008669201284646988,0.009539334413905939,0.010002943376700083,0.01077923427025477
card_variant,altered_fields_unique,doe|face|name,maxpool,channel_diff_top1_share,21,0.038140429390801325,0.0018125841311079707,0.03460340326031049,0.03691795965035757,0.03786787763237953,0.039828156431516014,0.041470671693483986
card_variant,altered_fields_unique,doe|face|name,maxpool,channel_diff_top5_share,21,0.17324589926099015,0.006101198829867147,0.16207508246103922,0.16852137446403503,0.17105058332284293,0.17765279114246368,0.18390836815039316
card_variant,altered_fields_unique,doe|face|name,maxpool,channel_diff_top10_share,21,0.3223255886918023,0.009546028760257416,0.3019621471563975,0.3159260352452596,0.31949150562286377,0.32873719930648804,0.33893101414044696
card_variant,altered_fields_unique,doe|face|name,maxpool,channel_diff_top32_share,21,0.8156226551721967,0.0070877816760722195,0.7993829846382141,0.810519278049469,0.8154998620351156,0.8208477894465128,0.8259665966033936
card_variant,altered_fields_unique,doe|face|name,maxpool,channel_diff_effective_channels,21,42.262795342339416,0.7652002743443345,40.83699162801107,41.64404805501302,42.40218861897787,42.85040791829427,43.779486338297524
card_variant,altered_fields_unique,doe|face|name,maxpool,channel_diff_effective_fraction,21,0.6603561772240534,0.011956254286630226,0.638077994187673,0.6506882508595785,0.6625341971715292,0.669537623723348,0.6840544740358988
card_variant,altered_fields_unique,doe|face|name,stem_relu,cosine_similarity,21,0.988289355285584,0.0017925813513440887,0.9847525755564371,0.9869806170463562,0.9883721272150675,0.9893060326576233,0.9916394948959351
card_variant,altered_fields_unique,doe|face|name,stem_relu,pearson_correlation,21,0.9778146024734256,0.003396949079208821,0.9709336360295614,0.9756094018618265,0.9779944022496542,0.9797279437383016,0.9841575622558594
card_variant,altered_fields_unique,doe|face|name,stem_relu,relative_l2_distance,21,0.15242936734169246,0.011858035245962045,0.12907171497742334,0.14620799819628397,0.15240227182706198,0.16122334202130637,0.17427758872509003
card_variant,altered_fields_unique,doe|face|name,stem_relu,mean_absolute_difference,21,0.00852341145750076,0.0006500878996818824,0.00743960232163469,0.008024423383176327,0.008591114853819212,0.008950486779212952,0.009684709211190542
card_variant,altered_fields_unique,doe|face|name,stem_relu,channel_diff_top1_share,21,0.033629964357094165,0.0010692234565654183,0.031360272939006485,0.0330720953643322,0.033471847573916115,0.03455584868788719,0.03535664454102516
card_variant,altered_fields_unique,doe|face|name,stem_relu,channel_diff_top5_share,21,0.15911750992139181,0.004882518526230207,0.15154731770356497,0.15527467926343283,0.15799573560555777,0.16288667420546213,0.16773383816083273
card_variant,altered_fields_unique,doe|face|name,stem_relu,channel_diff_top10_share,21,0.30397312508689034,0.007983229482296243,0.2926117678483327,0.29761187235514325,0.3019419312477112,0.31057897210121155,0.3176257411638896
card_variant,altered_fields_unique,doe|face|name,stem_relu,channel_diff_top32_share,21,0.8043179114659629,0.00700739144904955,0.7914054989814758,0.7970096866289774,0.8035049041112264,0.8096801439921061,0.8171645402908325
card_variant,altered_fields_unique,doe|face|name,stem_relu,channel_diff_effective_channels,21,43.16789281935919,0.5591917418288223,42.15693791707357,42.81947326660156,43.23622131347656,43.72217559814453,44.05258560180664
card_variant,altered_fields_unique,doe|face|name,stem_relu,channel_diff_effective_fraction,21,0.6744983253024873,0.008737370966075348,0.6587021549542745,0.6690542697906494,0.6755659580230713,0.6831589937210083,0.6883216500282288
capture_pair,overall,ALL,PAIR_DERIVED,layer4_1_cosine,960,0.9652772540226578,0.02453680150072006,0.8387590646743774,0.9569927453994751,0.9726555645465851,0.9819156378507614,0.9949601292610168
capture_pair,overall,ALL,PAIR_DERIVED,avgpool_cosine,960,0.9919214839736621,0.006982541934131716,0.942990243434906,0.9902615696191788,0.9943819344043732,0.9963574409484863,0.9992684721946716
capture_pair,overall,ALL,PAIR_DERIVED,cosine_reconvergence,960,0.026644229951004187,0.017753848866087416,0.00412297248840332,0.01423346996307373,0.02164354920387268,0.033382728695869446,0.125687837600708
capture_pair,overall,ALL,PAIR_DERIVED,layer4_1_relative_l2,960,0.25208142812674245,0.0832922707636598,0.10040256381034851,0.1906452216207981,0.23513932526111603,0.2947118952870369,0.5696657299995422
capture_pair,overall,ALL,PAIR_DERIVED,avgpool_relative_l2,960,0.12087077039759606,0.047441712823109446,0.03827706351876259,0.08677478320896626,0.1077641174197197,0.14207718148827553,0.3436335325241089
capture_pair,overall,ALL,PAIR_DERIVED,relative_l2_reconvergence,960,0.1312106577291464,0.03752670092373967,0.05457385629415512,0.10267911478877068,0.1248001977801323,0.15342769026756287,0.301472932100296
capture_pair,overall,ALL,PAIR_DERIVED,top_k_feature_overlap,960,0.8877604166666667,0.05833639789109871,0.65625,0.84375,0.90625,0.9375,1.0
capture_pair,overall,ALL,PAIR_DERIVED,top1_same_numeric,960,0.8520833333333333,0.35520241014441584,0.0,1.0,1.0,1.0,1.0
capture_pair,variant,digital_1,PAIR_DERIVED,layer4_1_cosine,480,0.9632896470526854,0.024393540562509666,0.8493263721466064,0.9553700089454651,0.9711459279060364,0.9797648340463638,0.9928165078163147
capture_pair,variant,digital_1,PAIR_DERIVED,avgpool_cosine,480,0.991500873118639,0.006964121290239179,0.9561877250671387,0.9894308000802994,0.9940607249736786,0.9958824813365936,0.9984908699989319
capture_pair,variant,digital_1,PAIR_DERIVED,cosine_reconvergence,480,0.02821122606595357,0.017627802232564046,0.005568265914916992,0.015742599964141846,0.022778242826461792,0.03507976233959198,0.10686135292053223
capture_pair,variant,digital_1,PAIR_DERIVED,layer4_1_relative_l2,480,0.26069297625993687,0.08125136608396327,0.1203370988368988,0.2013547532260418,0.2408480942249298,0.29960552603006363,0.5696657299995422
capture_pair,variant,digital_1,PAIR_DERIVED,avgpool_relative_l2,480,0.12482523017873366,0.04680246672556709,0.05497579276561737,0.09250534139573574,0.11098523810505867,0.14697615802288055,0.3183640241622925
capture_pair,variant,digital_1,PAIR_DERIVED,relative_l2_reconvergence,480,0.13586774608120322,0.0362480827426772,0.06341667845845222,0.10918479971587658,0.1295919045805931,0.15535273030400276,0.2679476886987686
capture_pair,variant,digital_1,PAIR_DERIVED,top_k_feature_overlap,480,0.8848958333333333,0.05966062539637136,0.6875,0.84375,0.90625,0.9375,1.0
capture_pair,variant,digital_1,PAIR_DERIVED,top1_same_numeric,480,0.8395833333333333,0.36737492486697565,0.0,1.0,1.0,1.0,1.0
capture_pair,variant,digital_2,PAIR_DERIVED,layer4_1_cosine,480,0.9672648609926303,0.02454391320787973,0.8387590646743774,0.9583956301212311,0.975175678730011,0.9839534610509872,0.9949601292610168
capture_pair,variant,digital_2,PAIR_DERIVED,avgpool_cosine,480,0.9923420948286851,0.006982837499761489,0.942990243434906,0.9904949218034744,0.9947018027305603,0.9968427121639252,0.9992684721946716
capture_pair,variant,digital_2,PAIR_DERIVED,cosine_reconvergence,480,0.025077233836054803,0.01775938391979932,0.00412297248840332,0.012780323624610901,0.01970142126083374,0.032267168164253235,0.125687837600708
capture_pair,variant,digital_2,PAIR_DERIVED,layer4_1_relative_l2,480,0.243469879993548,0.08449424002411998,0.10040256381034851,0.18017110601067543,0.22304270416498184,0.29034850746393204,0.568328857421875
capture_pair,variant,digital_2,PAIR_DERIVED,avgpool_relative_l2,480,0.11691631061645845,0.04779455327720815,0.03827706351876259,0.08139225840568542,0.10483646765351295,0.1396908462047577,0.3436335325241089
capture_pair,variant,digital_2,PAIR_DERIVED,relative_l2_reconvergence,480,0.12655356937708953,0.038236834946989144,0.05457385629415512,0.0969295036047697,0.11998686194419861,0.14857841096818447,0.301472932100296
capture_pair,variant,digital_2,PAIR_DERIVED,top_k_feature_overlap,480,0.890625,0.05689937736082974,0.65625,0.84375,0.90625,0.9375,1.0
capture_pair,variant,digital_2,PAIR_DERIVED,top1_same_numeric,480,0.8645833333333334,0.342525060164421,0.0,1.0,1.0,1.0,1.0
capture_pair,hardware_source,huawei,PAIR_DERIVED,layer4_1_cosine,320,0.9686702862381935,0.024177587595197152,0.8493263721466064,0.9618913233280182,0.9762879908084869,0.9842947721481323,0.9947000741958618
capture_pair,hardware_source,huawei,PAIR_DERIVED,avgpool_cosine,320,0.9926646353676916,0.006964475267569975,0.9561877250671387,0.9914478063583374,0.9949648082256317,0.9967778325080872,0.9988230466842651
capture_pair,hardware_source,huawei,PAIR_DERIVED,cosine_reconvergence,320,0.023994349129498004,0.017357246934622896,0.00412297248840332,0.012434810400009155,0.018392115831375122,0.028760388493537903,0.10686135292053223
capture_pair,hardware_source,huawei,PAIR_DERIVED,layer4_1_relative_l2,320,0.2379995228955522,0.08334932150428336,0.10319327563047409,0.1781303621828556,0.2185533195734024,0.27961698919534683,0.5696657299995422
capture_pair,hardware_source,huawei,PAIR_DERIVED,avgpool_relative_l2,320,0.11422108008991927,0.04757296552644084,0.04861941933631897,0.08132996968924999,0.10191944241523743,0.1327807568013668,0.3183640241622925
capture_pair,hardware_source,huawei,PAIR_DERIVED,relative_l2_reconvergence,320,0.12377844280563295,0.03726740326829243,0.05457385629415512,0.09630351141095161,0.11661458760499954,0.1443010028451681,0.253606915473938
capture_pair,hardware_source,huawei,PAIR_DERIVED,top_k_feature_overlap,320,0.8869140625,0.05916575228654196,0.65625,0.84375,0.90625,0.9375,1.0
capture_pair,hardware_source,huawei,PAIR_DERIVED,top1_same_numeric,320,0.85,0.35763065657235843,0.0,1.0,1.0,1.0,1.0
capture_pair,hardware_source,iphone15pro,PAIR_DERIVED,layer4_1_cosine,320,0.9598472367972135,0.026838772857691606,0.8387590646743774,0.9490257501602173,0.9686207175254822,0.9783076345920563,0.9927414059638977
capture_pair,hardware_source,iphone15pro,PAIR_DERIVED,avgpool_cosine,320,0.9904464546591043,0.007864365943399215,0.942990243434906,0.9877753257751465,0.9933622181415558,0.995665043592453,0.9986472129821777
capture_pair,hardware_source,iphone15pro,PAIR_DERIVED,cosine_reconvergence,320,0.030599217861890793,0.019228363280935634,0.005905807018280029,0.01725439727306366,0.025137096643447876,0.03844575583934784,0.125687837600708
capture_pair,hardware_source,iphone15pro,PAIR_DERIVED,layer4_1_relative_l2,320,0.2721389657817781,0.08698266338181763,0.12049441039562225,0.2089875489473343,0.25076527893543243,0.32204530388116837,0.568328857421875
capture_pair,hardware_source,iphone15pro,PAIR_DERIVED,avgpool_relative_l2,320,0.13180478282738478,0.05073965028150313,0.05203033611178398,0.09513613395392895,0.1177242174744606,0.15887366980314255,0.3436335325241089
capture_pair,hardware_source,iphone15pro,PAIR_DERIVED,relative_l2_reconvergence,320,0.14033418295439332,0.03808331069731402,0.06846407428383827,0.11209824495017529,0.13392402976751328,0.16159943118691444,0.301472932100296
capture_pair,hardware_source,iphone15pro,PAIR_DERIVED,top_k_feature_overlap,320,0.87919921875,0.06262775625567077,0.65625,0.84375,0.875,0.9375,1.0
capture_pair,hardware_source,iphone15pro,PAIR_DERIVED,top1_same_numeric,320,0.840625,0.36659868040745736,0.0,1.0,1.0,1.0,1.0
capture_pair,hardware_source,scan,PAIR_DERIVED,layer4_1_cosine,320,0.9673142390325665,0.02144235203832633,0.8726255893707275,0.9595617949962616,0.9727995991706848,0.9821510314941406,0.9949601292610168
capture_pair,hardware_source,scan,PAIR_DERIVED,avgpool_cosine,320,0.9926533618941903,0.0057399761439385424,0.966185450553894,0.9911895990371704,0.9945320785045624,0.9964240193367004,0.9992684721946716
capture_pair,hardware_source,scan,PAIR_DERIVED,cosine_reconvergence,320,0.025339122861623764,0.015878480882140278,0.004308342933654785,0.014106720685958862,0.02161341905593872,0.030547305941581726,0.09418010711669922
capture_pair,hardware_source,scan,PAIR_DERIVED,layer4_1_relative_l2,320,0.246105795702897,0.07553080269625523,0.10040256381034851,0.18955039978027344,0.2338455244898796,0.2848644256591797,0.5113959908485413
capture_pair,hardware_source,scan,PAIR_DERIVED,avgpool_relative_l2,320,0.11658644827548414,0.04178352433251749,0.03827706351876259,0.08573414385318756,0.10590721666812897,0.13413168862462044,0.2689683437347412
capture_pair,hardware_source,scan,PAIR_DERIVED,relative_l2_reconvergence,320,0.12951934742741286,0.03539224485931467,0.06212550029158592,0.10217371582984924,0.12339185923337936,0.14800849929451942,0.24770334362983704
capture_pair,hardware_source,scan,PAIR_DERIVED,top_k_feature_overlap,320,0.89716796875,0.051428574025230496,0.71875,0.875,0.90625,0.9375,1.0
capture_pair,hardware_source,scan,PAIR_DERIVED,top1_same_numeric,320,0.865625,0.3415889250698967,0.0,1.0,1.0,1.0,1.0
capture_pair,altered_fields_unique,alternative|dob|doe|face,PAIR_DERIVED,layer4_1_cosine,60,0.9650813549757004,0.012334120276812442,0.9352692365646362,0.9570618569850922,0.9669685959815979,0.9736510515213013,0.9931856989860535
capture_pair,altered_fields_unique,alternative|dob|doe|face,PAIR_DERIVED,avgpool_cosine,60,0.9923161417245865,0.0033521352633176854,0.9831099510192871,0.9903244376182556,0.9930649697780609,0.9945184737443924,0.9985236525535583
capture_pair,altered_fields_unique,alternative|dob|doe|face,PAIR_DERIVED,cosine_reconvergence,60,0.02723478674888611,0.009117441381993737,0.005337953567504883,0.021123647689819336,0.026287764310836792,0.033345505595207214,0.04784071445465088
capture_pair,altered_fields_unique,alternative|dob|doe|face,PAIR_DERIVED,layer4_1_relative_l2,60,0.2608176140735547,0.04828614562151321,0.11682429164648056,0.23019949719309807,0.25801753997802734,0.294819638133049,0.36013251543045044
capture_pair,altered_fields_unique,alternative|dob|doe|face,PAIR_DERIVED,avgpool_relative_l2,60,0.12270138630022605,0.026638185351886164,0.05435562506318092,0.10713279619812965,0.12027141079306602,0.13981782644987106,0.18416860699653625
capture_pair,altered_fields_unique,alternative|dob|doe|face,PAIR_DERIVED,relative_l2_reconvergence,60,0.13811622777332863,0.023146554473181404,0.06246866658329964,0.12445763126015663,0.13723690807819366,0.15362124145030975,0.17960502207279205
capture_pair,altered_fields_unique,alternative|dob|doe|face,PAIR_DERIVED,top_k_feature_overlap,60,0.8911458333333333,0.04006568472538719,0.8125,0.84375,0.90625,0.90625,0.96875
capture_pair,altered_fields_unique,alternative|dob|doe|face,PAIR_DERIVED,top1_same_numeric,60,0.9666666666666667,0.1810203347193925,0.0,1.0,1.0,1.0,1.0
capture_pair,altered_fields_unique,dob|doe|face|name,PAIR_DERIVED,layer4_1_cosine,561,0.9608947203333578,0.027740815917275778,0.8387590646743774,0.9508371353149414,0.9700092077255249,0.9804902672767639,0.9925658702850342
capture_pair,altered_fields_unique,dob|doe|face|name,PAIR_DERIVED,avgpool_cosine,561,0.99045546095214,0.008131130917017821,0.942990243434906,0.9881614446640015,0.9933980703353882,0.9958407878875732,0.9985593557357788
capture_pair,altered_fields_unique,dob|doe|face|name,PAIR_DERIVED,cosine_reconvergence,561,0.029560740618782246,0.019799285770806984,0.005993485450744629,0.015345096588134766,0.023187100887298584,0.037120521068573,0.125687837600708
capture_pair,altered_fields_unique,dob|doe|face|name,PAIR_DERIVED,layer4_1_relative_l2,561,0.26691642896323703,0.09011970738266624,0.12208247929811478,0.19801847636699677,0.24534477293491364,0.3174189627170563,0.5696657299995422
capture_pair,altered_fields_unique,dob|doe|face|name,PAIR_DERIVED,avgpool_relative_l2,561,0.13104934465810789,0.05238929291512778,0.05438606068491936,0.09254319220781326,0.11690771579742432,0.15687216818332672,0.3436335325241089
capture_pair,altered_fields_unique,dob|doe|face|name,PAIR_DERIVED,relative_l2_reconvergence,561,0.13586708430512917,0.03918759880979162,0.06769641861319542,0.10540997982025146,0.12870033830404282,0.1582520455121994,0.301472932100296
capture_pair,altered_fields_unique,dob|doe|face|name,PAIR_DERIVED,top_k_feature_overlap,561,0.879400623885918,0.062246629602987345,0.65625,0.84375,0.875,0.9375,1.0
capture_pair,altered_fields_unique,dob|doe|face|name,PAIR_DERIVED,top1_same_numeric,561,0.8163992869875223,0.3875037478153202,0.0,1.0,1.0,1.0,1.0
capture_pair,altered_fields_unique,dob|doe|face|name_en,PAIR_DERIVED,layer4_1_cosine,252,0.9715017177282818,0.01804774521788816,0.8866997957229614,0.9655150920152664,0.9770562946796417,0.9831919372081757,0.9949601292610168
capture_pair,altered_fields_unique,dob|doe|face|name_en,PAIR_DERIVED,avgpool_cosine,252,0.9941965736567028,0.004141400002811336,0.974626898765564,0.9931620359420776,0.9954882264137268,0.9967319071292877,0.9992684721946716
capture_pair,altered_fields_unique,dob|doe|face|name_en,PAIR_DERIVED,cosine_reconvergence,252,0.02269485592842102,0.014030762281249567,0.00412297248840332,0.013594090938568115,0.018803149461746216,0.02703380584716797,0.09182214736938477
capture_pair,altered_fields_unique,dob|doe|face|name_en,PAIR_DERIVED,layer4_1_relative_l2,252,0.23056835539284207,0.06931734457040835,0.10040256381034851,0.18444666638970375,0.21586041897535324,0.2630767300724983,0.4819205105304718
capture_pair,altered_fields_unique,dob|doe|face|name_en,PAIR_DERIVED,avgpool_relative_l2,252,0.10455278802426561,0.03479755953451439,0.03827706351876259,0.0818442739546299,0.09744107350707054,0.11909463442862034,0.23421716690063477
capture_pair,altered_fields_unique,dob|doe|face|name_en,PAIR_DERIVED,relative_l2_reconvergence,252,0.12601556736857644,0.035906817530510934,0.05457385629415512,0.10131693258881569,0.12110892683267593,0.14413671009242535,0.2679476886987686
capture_pair,altered_fields_unique,dob|doe|face|name_en,PAIR_DERIVED,top_k_feature_overlap,252,0.8971974206349206,0.05458658427272582,0.71875,0.875,0.90625,0.9375,1.0
capture_pair,altered_fields_unique,dob|doe|face|name_en,PAIR_DERIVED,top1_same_numeric,252,0.9047619047619048,0.2941276907455157,0.0,1.0,1.0,1.0,1.0
capture_pair,altered_fields_unique,dob|doe|face|name_other,PAIR_DERIVED,layer4_1_cosine,24,0.9615253483255705,0.024103597929430842,0.8933844566345215,0.9578530341386795,0.9709789454936981,0.976279154419899,0.9851117134094238
capture_pair,altered_fields_unique,dob|doe|face|name_other,PAIR_DERIVED,avgpool_cosine,24,0.9907002672553062,0.00592883616450151,0.9755083322525024,0.989313006401062,0.9928453862667084,0.9948155879974365,0.9967021346092224
capture_pair,altered_fields_unique,dob|doe|face|name_other,PAIR_DERIVED,cosine_reconvergence,24,0.02917491892973582,0.01821651051430942,0.011590421199798584,0.018235400319099426,0.02206560969352722,0.032533302903175354,0.08212387561798096
capture_pair,altered_fields_unique,dob|doe|face|name_other,PAIR_DERIVED,layer4_1_relative_l2,24,0.2697742910434802,0.08162484830549126,0.17522217333316803,0.21793174743652344,0.24127211421728134,0.2936870902776718,0.4746776521205902
capture_pair,altered_fields_unique,dob|doe|face|name_other,PAIR_DERIVED,avgpool_relative_l2,24,0.13450097478926182,0.04418352013049315,0.08358054608106613,0.10223421454429626,0.11986048519611359,0.1512792855501175,0.2384311854839325
capture_pair,altered_fields_unique,dob|doe|face|name_other,PAIR_DERIVED,relative_l2_reconvergence,24,0.13527331625421843,0.03785064999938968,0.0916416272521019,0.11075452342629433,0.1212003231048584,0.15227292478084564,0.23624646663665771
capture_pair,altered_fields_unique,dob|doe|face|name_other,PAIR_DERIVED,top_k_feature_overlap,24,0.8984375,0.0335435513468166,0.8125,0.875,0.90625,0.9375,0.9375
capture_pair,altered_fields_unique,dob|doe|face|name_other,PAIR_DERIVED,top1_same_numeric,24,0.7916666666666666,0.4148511169990534,0.0,1.0,1.0,1.0,1.0
capture_pair,altered_fields_unique,doe|face|name,PAIR_DERIVED,layer4_1_cosine,63,0.9810206861723036,0.009699545987825414,0.9388338923454285,0.9787706136703491,0.9836858510971069,0.9873610436916351,0.9921272397041321
capture_pair,altered_fields_unique,doe|face|name,PAIR_DERIVED,avgpool_cosine,63,0.9959650720868792,0.0024450084824772958,0.9844475984573364,0.9954125583171844,0.9968745708465576,0.9975283145904541,0.9983803033828735
capture_pair,altered_fields_unique,doe|face|name,PAIR_DERIVED,cosine_reconvergence,63,0.014944385914575486,0.007294676173779522,0.006253063678741455,0.01026695966720581,0.012986481189727783,0.016647785902023315,0.04561370611190796
capture_pair,altered_fields_unique,doe|face|name,PAIR_DERIVED,layer4_1_relative_l2,63,0.19097125341021826,0.04414075752276464,0.1263657659292221,0.16058900207281113,0.1812565177679062,0.20772244036197662,0.3583807647228241
capture_pair,altered_fields_unique,doe|face|name,PAIR_DERIVED,avgpool_relative_l2,63,0.08856901703845887,0.02380275845627331,0.059151943773031235,0.07172756269574165,0.07974068820476532,0.09899631887674332,0.18563269078731537
capture_pair,altered_fields_unique,doe|face|name,PAIR_DERIVED,relative_l2_reconvergence,63,0.10240223637175938,0.02119708056544737,0.0667959563434124,0.08786665089428425,0.09641902148723602,0.1107453778386116,0.17274807393550873
capture_pair,altered_fields_unique,doe|face|name,PAIR_DERIVED,top_k_feature_overlap,63,0.9171626984126984,0.041305074639664104,0.8125,0.875,0.90625,0.9375,1.0
capture_pair,altered_fields_unique,doe|face|name,PAIR_DERIVED,top1_same_numeric,63,0.873015873015873,0.33562957173259184,0.0,1.0,1.0,1.0,1.0
card_variant,overall,ALL,PAIR_DERIVED,layer4_1_cosine,320,0.9652772540226578,0.02278868290285431,0.8651860356330872,0.9583911448717117,0.9726672172546387,0.9805850038925806,0.9941338698069254
card_variant,overall,ALL,PAIR_DERIVED,avgpool_cosine,320,0.991921483973662,0.006446365532657638,0.9620588223139445,0.9900243630011876,0.9941568970680237,0.9961566726366679,0.9989129106203715
card_variant,overall,ALL,PAIR_DERIVED,cosine_reconvergence,320,0.026644229951004184,0.016485295465716934,0.004779040813446045,0.015343387921651205,0.02151845892270406,0.03296208381652832,0.09687278668085735
card_variant,overall,ALL,PAIR_DERIVED,layer4_1_relative_l2,320,0.25208142812674245,0.07757607369665429,0.10803008327881496,0.19595079123973846,0.23359142492214838,0.29072821885347366,0.5232700010140737
card_variant,overall,ALL,PAIR_DERIVED,avgpool_relative_l2,320,0.12087077039759606,0.044184732369419256,0.04630893965562185,0.08863741221527259,0.1097626363237699,0.14201679453253746,0.2799786478281021
card_variant,overall,ALL,PAIR_DERIVED,relative_l2_reconvergence,320,0.13121065772914636,0.034668094952701914,0.06172114362319311,0.10604443587362766,0.1258151854077975,0.1514479387551546,0.2432913531859716
card_variant,overall,ALL,PAIR_DERIVED,top_k_feature_overlap,320,0.8877604166666668,0.04546808129615482,0.7291666666666666,0.8541666666666666,0.8958333333333334,0.9166666666666666,0.96875
card_variant,overall,ALL,PAIR_DERIVED,top1_same_numeric,320,0.8520833333333334,0.2052833163851061,0.3333333333333333,0.6666666666666666,1.0,1.0,1.0
card_variant,variant,digital_1,PAIR_DERIVED,layer4_1_cosine,160,0.9632896470526855,0.023170814546521805,0.8651860356330872,0.954407791296641,0.969926009575526,0.9787094295024872,0.9913753072420756
card_variant,variant,digital_1,PAIR_DERIVED,avgpool_cosine,160,0.991500873118639,0.006613449722782675,0.9620588223139445,0.9894849558671316,0.9938680628935497,0.9958257923523585,0.9981402556101481
card_variant,variant,digital_1,PAIR_DERIVED,cosine_reconvergence,160,0.02821122606595357,0.016716368466946054,0.00676494836807251,0.016796494523684185,0.023219972848892212,0.03465905288855235,0.09687278668085735
card_variant,variant,digital_1,PAIR_DERIVED,layer4_1_relative_l2,160,0.2606929762599369,0.07693058527101636,0.13126388688882193,0.2054299550751845,0.244479904572169,0.2993183235327403,0.5232700010140737
card_variant,variant,digital_1,PAIR_DERIVED,avgpool_relative_l2,160,0.12482523017873366,0.044341403588956496,0.060960245629151665,0.0927746444940567,0.11300118267536163,0.145161638657252,0.2799786478281021
card_variant,variant,digital_1,PAIR_DERIVED,relative_l2_reconvergence,160,0.13586774608120322,0.03398026155391837,0.07030364125967026,0.11226414454480012,0.1292654151717822,0.15732864663004875,0.2432913531859716
card_variant,variant,digital_1,PAIR_DERIVED,top_k_feature_overlap,160,0.8848958333333332,0.04681563618125045,0.7395833333333334,0.8541666666666666,0.8958333333333334,0.9192708333333333,0.9583333333333334
card_variant,variant,digital_1,PAIR_DERIVED,top1_same_numeric,160,0.8395833333333332,0.20466903282593477,0.3333333333333333,0.6666666666666666,1.0,1.0,1.0
card_variant,variant,digital_2,PAIR_DERIVED,layer4_1_cosine,160,0.9672648609926302,0.022295219744853427,0.8779792984326681,0.9602393706639608,0.9742816686630249,0.9829382002353668,0.9941338698069254
card_variant,variant,digital_2,PAIR_DERIVED,avgpool_cosine,160,0.9923420948286852,0.006267283603797733,0.9663249254226685,0.9904809594154358,0.9945338765780132,0.9965735077857971,0.9989129106203715
card_variant,variant,digital_2,PAIR_DERIVED,cosine_reconvergence,160,0.025077233836054803,0.016151171224965816,0.004779040813446045,0.013340761264165241,0.02024942636489868,0.03071346382300059,0.08834562699000041
card_variant,variant,digital_2,PAIR_DERIVED,layer4_1_relative_l2,160,0.24346987999354797,0.07750082894170864,0.10803008327881496,0.18549448624253273,0.22560885548591614,0.28009993334611255,0.4971610903739929
card_variant,variant,digital_2,PAIR_DERIVED,avgpool_relative_l2,160,0.11691631061645844,0.04380898798582392,0.04630893965562185,0.08497824519872665,0.1056476024289926,0.13977621185282865,0.27241186300913495
card_variant,variant,digital_2,PAIR_DERIVED,relative_l2_reconvergence,160,0.12655356937708953,0.03482821641792994,0.06172114362319311,0.09933006825546423,0.11966384326418242,0.14789783830444017,0.23372899989287058
card_variant,variant,digital_2,PAIR_DERIVED,top_k_feature_overlap,160,0.890625,0.04403948600679664,0.7291666666666666,0.8645833333333334,0.90625,0.9166666666666666,0.96875
card_variant,variant,digital_2,PAIR_DERIVED,top1_same_numeric,160,0.8645833333333334,0.20577570510296386,0.3333333333333333,0.6666666666666666,1.0,1.0,1.0
card_variant,altered_fields_unique,alternative|dob|doe|face,PAIR_DERIVED,layer4_1_cosine,20,0.9650813549757006,0.00924484316665857,0.9468057751655579,0.9615480800469716,0.9654656946659088,0.9694251269102097,0.9806715051333109
card_variant,altered_fields_unique,alternative|dob|doe|face,PAIR_DERIVED,avgpool_cosine,20,0.9923161417245863,0.0026121940338035754,0.9867877960205078,0.9914395362138748,0.9926313757896423,0.9940491914749146,0.9961097836494446
card_variant,altered_fields_unique,alternative|dob|doe|face,PAIR_DERIVED,cosine_reconvergence,20,0.02723478674888611,0.0067464269153740975,0.015400628248850504,0.024604856967926025,0.02676340937614441,0.03032865623633067,0.04015920559565226
card_variant,altered_fields_unique,alternative|dob|doe|face,PAIR_DERIVED,layer4_1_relative_l2,20,0.26081761407355464,0.03621974481657715,0.19491987923781076,0.2479197457432747,0.2627981801827749,0.2736640435953935,0.32606184482574463
card_variant,altered_fields_unique,alternative|dob|doe|face,PAIR_DERIVED,avgpool_relative_l2,20,0.12270138630022605,0.020717796072649907,0.089170607427756,0.10996216908097267,0.12129378815491995,0.13137227545181912,0.16288387775421143
card_variant,altered_fields_unique,alternative|dob|doe|face,PAIR_DERIVED,relative_l2_reconvergence,20,0.1381162277733286,0.016644773847685566,0.10574927181005478,0.1327472353974978,0.13988339776794118,0.14745629765093327,0.1631779670715332
card_variant,altered_fields_unique,alternative|dob|doe|face,PAIR_DERIVED,top_k_feature_overlap,20,0.8911458333333334,0.021233815215964635,0.8541666666666666,0.875,0.8958333333333334,0.90625,0.9270833333333334
card_variant,altered_fields_unique,alternative|dob|doe|face,PAIR_DERIVED,top1_same_numeric,20,0.9666666666666666,0.10259783520851541,0.6666666666666666,1.0,1.0,1.0,1.0
card_variant,altered_fields_unique,dob|doe|face|name,PAIR_DERIVED,layer4_1_cosine,187,0.9608947203333577,0.025704082919655483,0.8651860356330872,0.9514613548914592,0.9680645068486532,0.9799107909202576,0.9893969694773356
card_variant,altered_fields_unique,dob|doe|face|name,PAIR_DERIVED,avgpool_cosine,187,0.9904554609521398,0.007464570890217173,0.9620588223139445,0.9884317417939503,0.9926708539326986,0.9958376387755077,0.9978923598925272
card_variant,altered_fields_unique,dob|doe|face|name,PAIR_DERIVED,cosine_reconvergence,187,0.029560740618782246,0.018356896533998888,0.008280396461486816,0.015854547421137493,0.02510690689086914,0.037782003482182816,0.09687278668085735
card_variant,altered_fields_unique,dob|doe|face|name,PAIR_DERIVED,layer4_1_relative_l2,187,0.26691642896323703,0.08390005226243893,0.1452165792385737,0.19932392984628677,0.25313952068487805,0.3107331916689873,0.5232700010140737
card_variant,altered_fields_unique,dob|doe|face|name,PAIR_DERIVED,avgpool_relative_l2,187,0.13104934465810789,0.04868567617893747,0.06458021079500516,0.09194763253132501,0.12119257946809132,0.15298597638805705,0.2799786478281021
card_variant,altered_fields_unique,dob|doe|face|name,PAIR_DERIVED,relative_l2_reconvergence,187,0.13586708430512914,0.03619412107885384,0.07733549177646637,0.10709311813116074,0.12971830864747366,0.16126819203297296,0.2432913531859716
card_variant,altered_fields_unique,dob|doe|face|name,PAIR_DERIVED,top_k_feature_overlap,187,0.8794006238859181,0.049426086108045504,0.7291666666666666,0.8541666666666666,0.8854166666666666,0.9166666666666666,0.9583333333333334
card_variant,altered_fields_unique,dob|doe|face|name,PAIR_DERIVED,top1_same_numeric,187,0.8163992869875222,0.21063053158506978,0.3333333333333333,0.6666666666666666,1.0,1.0,1.0
card_variant,altered_fields_unique,dob|doe|face|name_en,PAIR_DERIVED,layer4_1_cosine,84,0.9715017177282816,0.017017668844348997,0.9088409543037415,0.9668008089065552,0.9774122337500255,0.9815588643153509,0.9941338698069254
card_variant,altered_fields_unique,dob|doe|face|name_en,PAIR_DERIVED,avgpool_cosine,84,0.9941965736567029,0.003893959796071166,0.9787566860516866,0.9933789571126302,0.9955417712529501,0.9963950316111246,0.9989129106203715
card_variant,altered_fields_unique,dob|doe|face|name_en,PAIR_DERIVED,cosine_reconvergence,84,0.022694855928421017,0.013227854663493802,0.004779040813446045,0.014701426029205322,0.018206804990768433,0.02666512131690979,0.0700202186902364
card_variant,altered_fields_unique,dob|doe|face|name_en,PAIR_DERIVED,layer4_1_relative_l2,84,0.23056835539284207,0.06532198432607285,0.10803008327881496,0.19146310662229854,0.2125737617413203,0.2580505001048247,0.4413690169652303
card_variant,altered_fields_unique,dob|doe|face|name_en,PAIR_DERIVED,avgpool_relative_l2,84,0.10455278802426561,0.03261206155663843,0.04630893965562185,0.08582823785642783,0.0957898882528146,0.11717506684362888,0.21660028398036957
card_variant,altered_fields_unique,dob|doe|face|name_en,PAIR_DERIVED,relative_l2_reconvergence,84,0.12601556736857647,0.033790459732524356,0.06172114362319311,0.10463650959233443,0.120241096864144,0.14205706616242728,0.236758753657341
card_variant,altered_fields_unique,dob|doe|face|name_en,PAIR_DERIVED,top_k_feature_overlap,84,0.8971974206349207,0.040320230827915436,0.7708333333333334,0.875,0.90625,0.9270833333333334,0.96875
card_variant,altered_fields_unique,dob|doe|face|name_en,PAIR_DERIVED,top1_same_numeric,84,0.9047619047619048,0.18346237569866342,0.3333333333333333,1.0,1.0,1.0,1.0
card_variant,altered_fields_unique,dob|doe|face|name_other,PAIR_DERIVED,layer4_1_cosine,8,0.9615253483255705,0.02311373613509435,0.9216301043828329,0.9590878486633301,0.9722204208374023,0.9743647426366806,0.98015296459198
card_variant,altered_fields_unique,dob|doe|face|name_other,PAIR_DERIVED,avgpool_cosine,8,0.9907002672553062,0.00576196412735181,0.9812819361686707,0.9900307655334473,0.9931887884934743,0.9939847389856974,0.995322565237681
card_variant,altered_fields_unique,dob|doe|face|name_other,PAIR_DERIVED,cosine_reconvergence,8,0.029174918929735817,0.017371024125260932,0.01516960064570109,0.019251341621081035,0.021329611539840698,0.030959248542785645,0.05965183178583781
card_variant,altered_fields_unique,dob|doe|face|name_other,PAIR_DERIVED,layer4_1_relative_l2,8,0.2697742910434803,0.07923399795194562,0.20003493626912436,0.226191778977712,0.23397411157687503,0.2824256494641304,0.40229737758636475
card_variant,altered_fields_unique,dob|doe|face|name_other,PAIR_DERIVED,avgpool_relative_l2,8,0.13450097478926182,0.04308641531456825,0.09814113626877467,0.109368946403265,0.11707591141263644,0.14086374888817468,0.2041956434647242
card_variant,altered_fields_unique,dob|doe|face|name_other,PAIR_DERIVED,relative_l2_reconvergence,8,0.13527331625421843,0.03638013055022802,0.10189380000034969,0.11380815443893275,0.12062589575846991,0.1418571037550767,0.19810173412164053
card_variant,altered_fields_unique,dob|doe|face|name_other,PAIR_DERIVED,top_k_feature_overlap,8,0.8984375,0.025967155307463023,0.8541666666666666,0.8828125,0.90625,0.9088541666666666,0.9375
card_variant,altered_fields_unique,dob|doe|face|name_other,PAIR_DERIVED,top1_same_numeric,8,0.7916666666666666,0.3053751271043014,0.3333333333333333,0.5833333333333333,1.0,1.0,1.0
card_variant,altered_fields_unique,doe|face|name,PAIR_DERIVED,layer4_1_cosine,21,0.9810206861723036,0.007775754644046408,0.9549566706021627,0.977791448434194,0.9829742908477783,0.9865351915359497,0.989605446656545
card_variant,altered_fields_unique,doe|face|name,PAIR_DERIVED,avgpool_cosine,21,0.995965072086879,0.0019581511913253817,0.9890170296033224,0.9949483871459961,0.9965157906214396,0.9973620772361755,0.9977894822756449
card_variant,altered_fields_unique,doe|face|name,PAIR_DERIVED,cosine_reconvergence,21,0.014944385914575484,0.005838872138759956,0.008184035619099935,0.010649005572001139,0.013598918914794922,0.017156938711802166,0.03406035900115967
card_variant,altered_fields_unique,doe|face|name,PAIR_DERIVED,layer4_1_relative_l2,21,0.19097125341021828,0.035318493941707683,0.1441956708828608,0.16401618719100952,0.18574856718381247,0.2052562733491262,0.29756246507167816
card_variant,altered_fields_unique,doe|face|name,PAIR_DERIVED,avgpool_relative_l2,21,0.08856901703845886,0.019072552966735063,0.06691645955046018,0.07308979332447052,0.0871059646209081,0.09729951495925586,0.14975331475337347
card_variant,altered_fields_unique,doe|face|name,PAIR_DERIVED,relative_l2_reconvergence,21,0.1024022363717594,0.016737134243830047,0.07727921133240064,0.08954160412152608,0.09765889247258504,0.10894925892353058,0.1478091503183047
card_variant,altered_fields_unique,doe|face|name,PAIR_DERIVED,top_k_feature_overlap,21,0.9171626984126985,0.02918083556070943,0.8333333333333334,0.90625,0.9270833333333334,0.9375,0.9583333333333334
card_variant,altered_fields_unique,doe|face|name,PAIR_DERIVED,top1_same_numeric,21,0.8730158730158729,0.1965307574511904,0.3333333333333333,0.6666666666666666,1.0,1.0,1.0
